SERIALNO,SPORDER,POVPIP,TEN,TYPEHUGQ
2023GQ0000241,1,,,3
2023GQ0000392,1,,,2
2023GQ0000588,1,,,3
2023GQ0000609,1,,,2
2023GQ0000622,1,,,2
2023GQ0000703,1,,,2
2023GQ0000872,1,71,,3
2023GQ0000889,1,189,,3
2023GQ0000900,1,,,2
2023GQ0000940,1,,,3
2023GQ0001047,1,,,3
2023GQ0001132,1,0,,3
2023GQ0001151,1,,,3
2023GQ0001412,1,55,,3
2023GQ0001563,1,,,2
2023GQ0001597,1,,,2
2023GQ0001646,1,6,,3
2023GQ0001918,1,383,,3
2023GQ0002029,1,,,2
2023GQ0002310,1,,,2
2023GQ0002372,1,,,2
2023GQ0002452,1,,,2
2023GQ0002564,1,,,3
2023GQ0002837,1,0,,3
2023GQ0002902,1,,,3
2023GQ0002944,1,,,2
2023GQ0002950,1,,,2
2023GQ0003193,1,85,,3
2023GQ0003320,1,,,3
2023GQ0003573,1,,,3
2023GQ0003608,1,,,2
2023GQ0003656,1,,,3
2023GQ0003825,1,,,2
2023GQ0004000,1,0,,3
2023GQ0004023,1,,,3
2023GQ0004207,1,,,2
2023GQ0004491,1,,,2
2023GQ0004688,1,,,3
2023GQ0004856,1,71,,3
2023GQ0005078,1,,,2
2023GQ0005089,1,72,,3
2023GQ0005137,1,,,3
2023GQ0005286,1,20,,3
2023GQ0005373,1,,,2
2023GQ0005386,1,,,2
2023GQ0005475,1,72,,3
2023GQ0005543,1,0,,3
2023GQ0005812,1,,,2
2023GQ0005904,1,,,2
2023GQ0006161,1,,,2
2023GQ0006165,1,,,2
2023GQ0006217,1,,,2
2023GQ0006233,1,,,3
2023GQ0006429,1,,,2
2023GQ0006527,1,,,2
2023GQ0006589,1,,,2
2023GQ0006731,1,,,2
2023GQ0006749,1,,,3
2023GQ0006827,1,0,,3
2023GQ0006828,1,,,2
2023GQ0006837,1,,,3
2023GQ0006916,1,,,2
2023GQ0006947,1,222,,3
2023GQ0007015,1,27,,3
2023GQ0007300,1,,,3
2023GQ0007377,1,,,2
2023GQ0007402,1,,,2
2023GQ0007615,1,,,2
2023GQ0007636,1,38,,3
2023GQ0007813,1,,,3
2023GQ0007871,1,,,2
2023GQ0007906,1,,,2
2023GQ0008110,1,,,3
2023GQ0008143,1,,,2
2023GQ0008472,1,,,2
2023GQ0008527,1,,,2
2023GQ0008560,1,,,2
2023GQ0008610,1,,,2
2023GQ0008720,1,,,2
2023GQ0008768,1,,,3
2023GQ0009087,1,,,2
2023GQ0009132,1,,,3
2023GQ0009226,1,,,3
2023GQ0009250,1,,,2
2023GQ0009288,1,,,2
2023GQ0009292,1,,,2
2023GQ0009306,1,,,3
2023GQ0009350,1,,,3
2023GQ0009386,1,,,2
2023GQ0009688,1,,,2
2023GQ0009821,1,,,3
2023GQ0010271,1,,,3
2023GQ0010347,1,,,3
2023GQ0010379,1,,,2
2023GQ0010506,1,,,2
2023GQ0010658,1,,,3
2023GQ0010954,1,,,3
2023GQ0010974,1,,,2
2023GQ0011034,1,46,,3
2023GQ0011041,1,,,2
2023GQ0011335,1,,,2
2023GQ0011407,1,0,,3
2023GQ0011423,1,22,,3
2023GQ0011480,1,,,2
2023GQ0011508,1,0,,3
2023GQ0011525,1,,,3
2023GQ0011748,1,,,2
2023GQ0011858,1,,,2
2023GQ0011885,1,,,2
2023GQ0011998,1,,,2
2023GQ0012059,1,,,3
2023GQ0012255,1,,,3
2023GQ0012436,1,0,,3
2023GQ0012475,1,67,,3
2023GQ0012543,1,,,2
2023GQ0012550,1,,,2
2023GQ0012805,1,0,,3
2023GQ0012895,1,,,2
2023GQ0013047,1,,,2
2023GQ0013109,1,,,3
2023GQ0013348,1,,,2
2023GQ0013361,1,,,2
2023GQ0013569,1,,,3
2023GQ0013796,1,,,2
2023GQ0013863,1,,,2
2023GQ0013878,1,,,2
2023GQ0014289,1,79,,3
2023GQ0014355,1,,,2
2023GQ0014408,1,,,3
2023GQ0014540,1,153,,3
2023GQ0014545,1,,,2
2023GQ0014664,1,,,2
2023GQ0014964,1,,,2
2023GQ0015151,1,,,2
2023GQ0015335,1,13,,3
2023GQ0015530,1,,,3
2023GQ0015616,1,,,2
2023GQ0015917,1,,,2
2023GQ0015940,1,,,2
2023GQ0015956,1,170,,3
2023GQ0016090,1,0,,3
2023GQ0016442,1,,,3
2023GQ0016515,1,,,2
2023GQ0016565,1,,,2
2023GQ0016573,1,,,2
2023GQ0016590,1,,,3
2023GQ0016629,1,,,3
2023GQ0016662,1,80,,3
2023GQ0016697,1,,,3
2023GQ0016822,1,,,2
2023GQ0017146,1,,,2
2023GQ0017386,1,55,,3
2023GQ0017433,1,,,2
2023GQ0017486,1,,,3
2023GQ0017533,1,,,2
2023GQ0017598,1,56,,3
2023GQ0017736,1,,,2
2023GQ0018055,1,,,2
2023GQ0018075,1,,,3
2023GQ0018187,1,,,2
2023GQ0018217,1,,,2
2023GQ0018454,1,,,2
2023GQ0018583,1,,,3
2023GQ0018675,1,,,2
2023GQ0018701,1,,,3
2023GQ0018832,1,,,3
2023GQ0018885,1,,,2
2023GQ0019002,1,,,2
2023GQ0019183,1,,,2
2023GQ0019443,1,,,3
2023GQ0019607,1,,,3
2023GQ0019777,1,,,2
2023GQ0019778,1,,,3
2023GQ0019967,1,,,2
2023GQ0020022,1,,,2
2023GQ0020160,1,,,2
2023GQ0020405,1,,,2
2023GQ0020468,1,,,3
2023GQ0020665,1,,,3
2023GQ0020711,1,,,2
2023GQ0021009,1,,,3
2023GQ0021055,1,,,2
2023GQ0021063,1,,,3
2023GQ0021170,1,,,2
2023GQ0021385,1,,,2
2023GQ0021422,1,,,3
2023GQ0021429,1,,,2
2023GQ0021449,1,,,3
2023GQ0021486,1,,,3
2023GQ0021618,1,,,2
2023GQ0021686,1,,,2
2023GQ0021741,1,55,,3
2023GQ0021755,1,,,3
2023GQ0021788,1,,,2
2023GQ0021949,1,,,3
2023GQ0022172,1,,,2
2023GQ0022388,1,,,3
2023GQ0022459,1,,,3
2023GQ0022542,1,,,3
2023GQ0022580,1,98,,3
2023GQ0022737,1,,,2
2023GQ0022757,1,,,2
2023GQ0022799,1,,,3
2023GQ0022836,1,,,2
2023GQ0022842,1,,,3
2023GQ0022866,1,,,2
2023GQ0022907,1,70,,3
2023GQ0023059,1,0,,3
2023GQ0023146,1,,,3
2023GQ0023192,1,,,2
2023GQ0023351,1,,,2
2023GQ0023466,1,83,,3
2023GQ0023674,1,,,3
2023GQ0023733,1,,,2
2023GQ0024400,1,,,3
2023GQ0024485,1,,,2
2023GQ0024524,1,,,2
2023GQ0024693,1,,,2
2023GQ0024779,1,,,2
2023GQ0024871,1,,,2
2023GQ0024916,1,,,3
2023GQ0024921,1,,,2
2023GQ0025061,1,32,,3
2023GQ0025093,1,,,2
2023GQ0025098,1,,,2
2023GQ0025628,1,0,,3
2023GQ0025805,1,,,2
2023GQ0025830,1,59,,3
2023GQ0025876,1,,,2
2023GQ0026054,1,,,2
2023GQ0026082,1,52,,3
2023GQ0026088,1,,,2
2023GQ0026178,1,,,3
2023GQ0026266,1,16,,3
2023GQ0026405,1,,,2
2023GQ0026410,1,,,3
2023GQ0026452,1,54,,3
2023GQ0026555,1,,,3
2023GQ0026743,1,,,3
2023GQ0026764,1,,,2
2023GQ0026774,1,,,2
2023GQ0026860,1,,,3
2023GQ0026890,1,,,2
2023GQ0027155,1,,,2
2023GQ0027182,1,,,3
2023GQ0027206,1,,,2
2023GQ0027305,1,,,3
2023GQ0027314,1,,,3
2023GQ0027370,1,,,2
2023GQ0027433,1,,,3
2023GQ0027461,1,,,3
2023GQ0027643,1,,,3
2023GQ0027777,1,,,3
2023GQ0028072,1,,,2
2023GQ0028143,1,,,3
2023GQ0028203,1,,,2
2023GQ0028741,1,,,3
2023GQ0028762,1,16,,3
2023GQ0029001,1,,,3
2023GQ0029254,1,,,2
2023GQ0029618,1,,,2
2023GQ0029822,1,,,2
2023GQ0029936,1,,,2
2023GQ0030224,1,,,2
2023GQ0030225,1,,,2
2023GQ0030322,1,,,3
2023GQ0030345,1,,,3
2023GQ0030540,1,,,3
2023GQ0030548,1,,,2
2023GQ0030586,1,455,,3
2023GQ0030835,1,,,3
2023GQ0031116,1,70,,3
2023GQ0031432,1,,,2
2023GQ0031491,1,,,3
2023GQ0031556,1,,,2
2023GQ0031569,1,,,3
2023GQ0031676,1,170,,3
2023GQ0031795,1,,,3
2023GQ0031820,1,,,2
2023GQ0031948,1,,,3
2023GQ0031982,1,,,3
2023GQ0032124,1,,,3
2023GQ0032372,1,,,2
2023GQ0032482,1,,,3
2023GQ0032662,1,,,2
2023GQ0032701,1,,,3
2023GQ0032798,1,,,2
2023GQ0032799,1,,,2
2023GQ0032996,1,,,2
2023GQ0033115,1,173,,3
2023GQ0033276,1,,,3
2023GQ0033394,1,82,,3
2023GQ0033679,1,,,3
2023GQ0033983,1,6,,3
2023GQ0033989,1,38,,3
2023GQ0034075,1,,,2
2023GQ0034076,1,,,3
2023GQ0034542,1,,,2
2023GQ0034641,1,,,2
2023GQ0034880,1,,,2
2023GQ0034966,1,,,2
2023GQ0034996,1,,,3
2023GQ0035145,1,,,3
2023GQ0035254,1,,,3
2023GQ0035404,1,,,2
2023GQ0035545,1,,,2
2023GQ0035549,1,92,,3
2023GQ0035951,1,,,3
2023GQ0036087,1,57,,3
2023GQ0036131,1,,,2
2023GQ0036515,1,57,,3
2023GQ0036602,1,,,3
2023GQ0036889,1,,,2
2023GQ0036899,1,,,2
2023GQ0036910,1,,,3
2023GQ0037063,1,170,,3
2023GQ0037193,1,,,2
2023GQ0037197,1,,,2
2023GQ0037269,1,,,3
2023GQ0037279,1,,,3
2023GQ0037492,1,,,3
2023GQ0037721,1,22,,3
2023GQ0037738,1,,,2
2023GQ0037761,1,,,3
2023GQ0037802,1,261,,3
2023GQ0037982,1,,,3
2023GQ0038042,1,56,,3
2023GQ0038237,1,6,,3
2023GQ0038345,1,,,3
2023GQ0038363,1,,,3
2023GQ0038509,1,,,2
2023GQ0038656,1,,,3
2023GQ0038739,1,,,2
2023GQ0038773,1,,,3
2023GQ0038834,1,,,3
2023GQ0038981,1,,,2
2023GQ0039022,1,119,,3
2023GQ0039091,1,,,2
2023GQ0039150,1,,,2
2023GQ0039270,1,,,2
2023GQ0039302,1,,,3
2023GQ0039336,1,,,3
2023GQ0039393,1,,,2
2023GQ0039636,1,,,3
2023GQ0039638,1,15,,3
2023GQ0039659,1,,,3
2023GQ0039807,1,,,2
2023GQ0039846,1,,,2
2023GQ0039897,1,,,3
2023GQ0039904,1,,,3
2023GQ0039916,1,,,3
2023GQ0039978,1,,,2
2023GQ0040091,1,,,3
2023GQ0040164,1,67,,3
2023GQ0040185,1,,,2
2023GQ0040191,1,,,2
2023GQ0040316,1,0,,3
2023GQ0040828,1,,,2
2023GQ0041088,1,,,3
2023GQ0041113,1,,,2
2023GQ0041188,1,,,2
2023GQ0041231,1,,,2
2023GQ0041325,1,,,3
2023GQ0041542,1,,,3
2023GQ0042167,1,,,2
2023GQ0042404,1,,,2
2023GQ0042460,1,333,,3
2023GQ0042493,1,,,3
2023GQ0042589,1,,,3
2023GQ0042628,1,,,2
2023GQ0042635,1,,,2
2023GQ0042690,1,,,3
2023GQ0042739,1,,,2
2023GQ0042747,1,,,3
2023GQ0042771,1,78,,3
2023GQ0042990,1,,,3
2023GQ0043119,1,,,3
2023GQ0043149,1,339,,3
2023GQ0043357,1,13,,3
2023GQ0043488,1,56,,3
2023GQ0043756,1,,,2
2023GQ0043767,1,,,2
2023GQ0043844,1,,,2
2023GQ0043878,1,,,3
2023GQ0044083,1,219,,3
2023GQ0044202,1,,,3
2023GQ0044360,1,,,2
2023GQ0044644,1,,,2
2023GQ0044654,1,27,,3
2023GQ0044770,1,,,3
2023GQ0044842,1,,,2
2023GQ0044967,1,,,3
2023GQ0045057,1,501,,3
2023GQ0045176,1,,,2
2023GQ0045238,1,,,3
2023GQ0045249,1,,,3
2023GQ0045345,1,,,3
2023GQ0045348,1,,,2
2023GQ0045352,1,,,2
2023GQ0045482,1,,,3
2023GQ0045485,1,,,2
2023GQ0045576,1,,,3
2023GQ0045581,1,,,2
2023GQ0045606,1,22,,3
2023GQ0045722,1,,,2
2023GQ0045764,1,,,2
2023GQ0046074,1,,,2
2023GQ0046105,1,,,3
2023GQ0046106,1,,,3
2023GQ0046227,1,,,2
2023GQ0046625,1,,,3
2023GQ0046664,1,32,,3
2023GQ0046722,1,,,2
2023GQ0047001,1,,,2
2023GQ0047106,1,,,2
2023GQ0047257,1,56,,3
2023GQ0047533,1,,,3
2023GQ0047583,1,,,2
2023GQ0047598,1,27,,3
2023GQ0047627,1,,,3
2023GQ0047737,1,,,3
2023GQ0047956,1,,,3
2023GQ0047968,1,,,3
2023GQ0048257,1,0,,3
2023GQ0048484,1,,,3
2023GQ0048565,1,,,3
2023GQ0048639,1,,,2
2023GQ0048802,1,,,2
2023GQ0049034,1,16,,3
2023GQ0049053,1,,,2
2023GQ0049187,1,,,2
2023GQ0049201,1,,,2
2023GQ0049226,1,,,2
2023GQ0049268,1,22,,3
2023GQ0049385,1,,,2
2023GQ0049451,1,56,,3
2023GQ0049636,1,,,2
2023GQ0049775,1,,,3
2023GQ0050638,1,,,2
2023GQ0050639,1,0,,3
2023GQ0050648,1,,,3
2023GQ0050758,1,,,3
2023GQ0051082,1,,,2
2023GQ0051090,1,,,2
2023GQ0051331,1,0,,3
2023GQ0051397,1,56,,3
2023GQ0051607,1,,,2
2023GQ0051888,1,,,3
2023GQ0052236,1,16,,3
2023GQ0052240,1,27,,3
2023GQ0052248,1,,,2
2023GQ0052256,1,,,2
2023GQ0052265,1,,,2
2023GQ0052466,1,,,2
2023GQ0052494,1,0,,3
2023GQ0052539,1,,,2
2023GQ0052754,1,55,,3
2023GQ0052840,1,59,,3
2023GQ0052871,1,,,3
2023GQ0052916,1,,,2
2023GQ0052976,1,,,2
2023GQ0053016,1,,,2
2023GQ0053118,1,,,2
2023GQ0053186,1,,,2
2023GQ0053244,1,,,3
2023GQ0053459,1,,,2
2023GQ0053534,1,,,3
2023GQ0053650,1,,,2
2023GQ0053670,1,119,,3
2023GQ0053862,1,0,,3
2023GQ0053868,1,339,,3
2023GQ0053871,1,0,,3
2023GQ0053875,1,,,3
2023GQ0054080,1,,,2
2023GQ0054123,1,,,3
2023GQ0054169,1,,,2
2023GQ0054263,1,,,2
2023GQ0054281,1,,,2
2023GQ0054364,1,58,,3
2023GQ0054398,1,,,2
2023GQ0054400,1,,,2
2023GQ0054642,1,,,2
2023GQ0054649,1,,,3
2023GQ0054703,1,0,,3
2023GQ0054935,1,,,3
2023GQ0055028,1,,,2
2023GQ0055083,1,,,3
2023GQ0055172,1,,,2
2023GQ0055321,1,,,3
2023GQ0055587,1,,,2
2023GQ0055621,1,84,,3
2023GQ0055811,1,,,2
2023GQ0055838,1,,,3
2023GQ0055841,1,,,2
2023GQ0055921,1,,,2
2023GQ0056078,1,,,2
2023GQ0056135,1,,,3
2023GQ0056187,1,,,3
2023GQ0056388,1,,,3
2023GQ0056649,1,,,2
2023GQ0056957,1,,,2
2023GQ0057009,1,,,2
2023GQ0057019,1,,,3
2023GQ0057055,1,,,2
2023GQ0057118,1,,,2
2023GQ0057339,1,,,2
2023GQ0057400,1,,,2
2023GQ0057452,1,54,,3
2023GQ0057655,1,,,2
2023GQ0057735,1,32,,3
2023GQ0058167,1,,,2
2023GQ0058330,1,,,2
2023GQ0058346,1,,,2
2023GQ0058605,1,,,2
2023GQ0058760,1,,,3
2023GQ0058924,1,0,,3
2023GQ0059023,1,,,3
2023GQ0059169,1,,,3
2023GQ0059507,1,0,,3
2023GQ0059547,1,32,,3
2023GQ0059587,1,55,,3
2023GQ0059705,1,,,2
2023GQ0059764,1,,,3
2023GQ0059767,1,,,2
2023GQ0059773,1,0,,3
2023GQ0059906,1,,,3
2023GQ0059938,1,,,3
2023GQ0060044,1,,,3
2023GQ0060203,1,49,,3
2023GQ0060654,1,,,3
2023GQ0060678,1,,,2
2023GQ0060709,1,,,2
2023GQ0060741,1,,,3
2023GQ0060812,1,0,,3
2023GQ0061004,1,,,2
2023GQ0061118,1,32,,3
2023GQ0061129,1,,,3
2023GQ0061365,1,,,2
2023GQ0061419,1,,,2
2023GQ0061439,1,6,,3
2023GQ0061474,1,,,2
2023GQ0061904,1,,,3
2023GQ0062188,1,,,2
2023GQ0062210,1,,,2
2023GQ0062253,1,,,2
2023GQ0062348,1,,,2
2023GQ0062563,1,,,3
2023GQ0062654,1,,,2
2023GQ0062714,1,,,3
2023GQ0062733,1,455,,3
2023GQ0062788,1,,,2
2023GQ0062814,1,,,2
2023GQ0063159,1,,,2
2023GQ0063164,1,,,3
2023GQ0063383,1,,,2
2023GQ0063585,1,,,3
2023GQ0063608,1,,,2
2023GQ0063913,1,,,3
2023GQ0063962,1,,,2
2023GQ0064114,1,,,2
2023GQ0064209,1,,,2
2023GQ0064261,1,23,,3
2023GQ0064290,1,259,,3
2023GQ0064312,1,,,3
2023GQ0064329,1,,,2
2023GQ0064397,1,,,2
2023GQ0064439,1,,,2
2023GQ0064508,1,,,2
2023GQ0064555,1,0,,3
2023GQ0064814,1,,,3
2023GQ0064817,1,,,2
2023GQ0064873,1,,,3
2023GQ0064962,1,,,2
2023GQ0065041,1,85,,3
2023GQ0065127,1,,,3
2023GQ0065272,1,,,2
2023GQ0065529,1,281,,3
2023GQ0066190,1,,,2
2023GQ0066600,1,,,2
2023GQ0066644,1,15,,3
2023GQ0066728,1,,,2
2023GQ0066767,1,6,,3
2023GQ0066854,1,,,2
2023GQ0066930,1,383,,3
2023GQ0067076,1,,,2
2023GQ0067083,1,,,3
2023GQ0067265,1,15,,3
2023GQ0067418,1,56,,3
2023GQ0067471,1,,,2
2023GQ0067486,1,,,2
2023GQ0067621,1,,,2
2023GQ0067798,1,,,2
2023GQ0067818,1,,,2
2023GQ0067886,1,,,2
2023GQ0068185,1,,,2
2023GQ0068345,1,,,2
2023GQ0068370,1,,,3
2023GQ0068414,1,,,3
2023GQ0068575,1,,,3
2023GQ0068947,1,,,2
2023GQ0068967,1,,,3
2023GQ0068981,1,,,2
2023GQ0069050,1,16,,3
2023GQ0069051,1,,,2
2023GQ0069160,1,,,3
2023GQ0069166,1,,,3
2023GQ0069518,1,,,2
2023GQ0069652,1,,,3
2023GQ0069678,1,,,3
2023GQ0069763,1,,,2
2023GQ0069795,1,0,,3
2023GQ0070178,1,,,2
2023GQ0070432,1,,,2
2023GQ0070614,1,219,,3
2023GQ0070796,1,,,2
2023GQ0070943,1,,,2
2023GQ0071035,1,,,2
2023GQ0071064,1,,,2
2023GQ0071281,1,,,2
2023GQ0071376,1,64,,3
2023GQ0071443,1,148,,3
2023GQ0071869,1,,,2
2023GQ0071895,1,,,2
2023GQ0072248,1,82,,3
2023GQ0072249,1,,,3
2023GQ0072720,1,,,3
2023GQ0072873,1,,,2
2023GQ0072908,1,,,2
2023GQ0073023,1,,,3
2023GQ0073046,1,,,3
2023GQ0073056,1,,,2
2023GQ0073150,1,,,2
2023GQ0073191,1,,,3
2023GQ0073229,1,,,3
2023GQ0073281,1,,,2
2023GQ0073325,1,,,3
2023GQ0073963,1,,,3
2023GQ0074124,1,,,3
2023GQ0074295,1,,,3
2023GQ0074354,1,0,,3
2023GQ0074387,1,,,2
2023GQ0074453,1,,,2
2023GQ0074479,1,,,3
2023GQ0074514,1,,,2
2023GQ0074893,1,,,2
2023GQ0074986,1,,,2
2023GQ0075051,1,,,2
2023GQ0075310,1,,,2
2023GQ0075552,1,0,,3
2023GQ0075840,1,70,,3
2023GQ0075874,1,,,2
2023GQ0076186,1,32,,3
2023GQ0076229,1,,,3
2023GQ0076258,1,,,2
2023GQ0076345,1,,,3
2023GQ0076393,1,,,2
2023GQ0076616,1,,,2
2023GQ0076692,1,,,2
2023GQ0076811,1,,,3
2023GQ0076872,1,,,2
2023GQ0076903,1,,,2
2023GQ0077037,1,,,3
2023GQ0077245,1,,,2
2023GQ0077266,1,77,,3
2023GQ0077518,1,,,3
2023GQ0077626,1,,,2
2023GQ0077711,1,,,3
2023GQ0078436,1,,,2
2023GQ0078511,1,,,2
2023GQ0078714,1,,,2
2023GQ0078791,1,,,2
2023GQ0078901,1,83,,3
2023GQ0079161,1,,,2
2023GQ0079327,1,,,3
2023GQ0079477,1,,,2
2023GQ0079689,1,16,,3
2023GQ0079703,1,,,2
2023GQ0080000,1,,,2
2023GQ0080002,1,55,,3
2023GQ0080335,1,189,,3
2023GQ0080696,1,,,2
2023GQ0080871,1,0,,3
2023GQ0080939,1,43,,3
2023GQ0081067,1,,,3
2023GQ0081119,1,,,3
2023GQ0081128,1,,,2
2023GQ0081226,1,,,3
2023GQ0081246,1,,,2
2023GQ0081260,1,,,2
2023GQ0081539,1,,,2
2023GQ0081592,1,,,3
2023GQ0081638,1,,,2
2023GQ0081650,1,,,2
2023GQ0081801,1,,,3
2023GQ0081902,1,67,,3
2023GQ0082460,1,,,2
2023GQ0082554,1,109,,3
2023GQ0082568,1,0,,3
2023GQ0082751,1,0,,3
2023GQ0082985,1,0,,3
2023GQ0083031,1,,,2
2023GQ0083126,1,,,2
2023GQ0083136,1,,,2
2023GQ0083215,1,,,2
2023GQ0083270,1,157,,3
2023GQ0083629,1,0,,3
2023GQ0083633,1,,,2
2023GQ0083848,1,,,2
2023GQ0083852,1,56,,3
2023GQ0083922,1,57,,3
2023GQ0084000,1,,,2
2023GQ0084059,1,,,3
2023GQ0084164,1,,,2
2023GQ0084181,1,,,2
2023GQ0084277,1,0,,3
2023GQ0084345,1,,,3
2023GQ0084419,1,,,3
2023GQ0084450,1,,,2
2023GQ0084455,1,,,3
2023GQ0084641,1,23,,3
2023GQ0084773,1,6,,3
2023GQ0084842,1,,,3
2023GQ0084944,1,,,2
2023GQ0085057,1,281,,3
2023GQ0085086,1,261,,3
2023GQ0085202,1,170,,3
2023GQ0085204,1,,,3
2023GQ0085256,1,,,2
2023GQ0085291,1,,,2
2023GQ0085354,1,,,3
2023GQ0085446,1,,,2
2023GQ0085491,1,55,,3
2023GQ0085660,1,,,2
2023GQ0085712,1,0,,3
2023GQ0085724,1,,,3
2023GQ0085739,1,,,2
2023GQ0086162,1,,,3
2023GQ0086270,1,,,3
2023GQ0086321,1,157,,3
2023GQ0086397,1,,,2
2023GQ0086539,1,,,2
2023GQ0086549,1,,,3
2023GQ0086648,1,,,2
2023GQ0086825,1,0,,3
2023GQ0086921,1,,,3
2023GQ0087067,1,,,3
2023GQ0087124,1,,,3
2023GQ0087185,1,,,2
2023GQ0087217,1,,,3
2023GQ0087307,1,16,,3
2023GQ0087488,1,222,,3
2023GQ0087634,1,,,3
2023GQ0087711,1,,,3
2023GQ0087714,1,,,3
2023GQ0087757,1,,,2
2023GQ0087774,1,6,,3
2023GQ0088063,1,67,,3
2023GQ0088180,1,,,2
2023GQ0088245,1,383,,3
2023GQ0088384,1,,,3
2023GQ0088431,1,145,,3
2023GQ0088505,1,,,3
2023GQ0088532,1,,,3
2023GQ0088671,1,,,3
2023GQ0088716,1,,,3
2023GQ0088718,1,,,2
2023GQ0088723,1,27,,3
2023GQ0088795,1,,,2
2023GQ0088997,1,,,3
2023GQ0089126,1,0,,3
2023GQ0089130,1,,,3
2023GQ0089158,1,,,2
2023GQ0089306,1,,,2
2023GQ0089365,1,,,2
2023GQ0089366,1,,,2
2023GQ0089435,1,,,2
2023GQ0089438,1,,,2
2023GQ0089824,1,,,2
2023GQ0090037,1,,,2
2023GQ0090054,1,,,2
2023GQ0090379,1,,,3
2023GQ0090405,1,,,2
2023GQ0090527,1,,,3
2023GQ0090775,1,0,,3
2023GQ0090822,1,,,3
2023GQ0090823,1,261,,3
2023GQ0091242,1,0,,3
2023GQ0091398,1,,,2
2023GQ0091434,1,,,3
2023GQ0091717,1,,,3
2023GQ0091905,1,,,2
2023GQ0091992,1,,,2
2023GQ0092079,1,,,2
2023GQ0092175,1,,,2
2023GQ0092257,1,,,2
2023GQ0092289,1,,,2
2023GQ0092490,1,,,3
2023GQ0092641,1,,,3
2023GQ0092664,1,38,,3
2023GQ0092670,1,,,3
2023GQ0092672,1,,,3
2023GQ0092767,1,,,2
2023GQ0092815,1,,,3
2023GQ0092953,1,,,2
2023GQ0093021,1,,,3
2023GQ0093108,1,,,3
2023GQ0093219,1,,,2
2023GQ0093442,1,41,,3
2023GQ0093483,1,127,,3
2023GQ0093664,1,195,,3
2023GQ0093772,1,0,,3
2023GQ0093825,1,,,2
2023GQ0093969,1,,,3
2023GQ0094079,1,,,3
2023GQ0094196,1,,,2
2023GQ0094232,1,,,3
2023GQ0094289,1,,,3
2023GQ0094445,1,,,2
2023GQ0094529,1,70,,3
2023GQ0094559,1,,,2
2023GQ0094728,1,56,,3
2023GQ0094920,1,,,2
2023GQ0095012,1,3,,3
2023GQ0095124,1,,,2
2023GQ0095260,1,,,2
2023GQ0095289,1,,,2
2023GQ0095391,1,,,2
2023GQ0095482,1,,,3
2023GQ0095671,1,,,2
2023GQ0095823,1,,,3
2023GQ0095850,1,,,2
2023GQ0096245,1,,,3
2023GQ0096309,1,455,,3
2023GQ0096414,1,56,,3
2023GQ0096416,1,,,3
2023GQ0096425,1,,,2
2023GQ0096431,1,,,2
2023GQ0096535,1,27,,3
2023GQ0096545,1,,,2
2023GQ0096576,1,,,2
2023GQ0096630,1,,,3
2023GQ0096876,1,,,3
2023GQ0097026,1,,,3
2023GQ0097477,1,70,,3
2023GQ0097479,1,,,3
2023GQ0097648,1,455,,3
2023GQ0097746,1,,,2
2023GQ0097812,1,,,2
2023GQ0098057,1,80,,3
2023GQ0098066,1,,,3
2023GQ0098691,1,,,3
2023GQ0098866,1,6,,3
2023GQ0098923,1,,,3
2023GQ0098982,1,16,,3
2023GQ0099046,1,,,2
2023GQ0099108,1,153,,3
2023GQ0099124,1,,,3
2023GQ0099180,1,339,,3
2023GQ0099263,1,,,2
2023GQ0099465,1,,,2
2023GQ0099485,1,,,2
2023GQ0099553,1,,,3
2023GQ0099608,1,127,,3
2023GQ0099626,1,,,3
2023GQ0099637,1,,,2
2023GQ0099784,1,,,3
2023GQ0099840,1,,,3
2023GQ0100032,1,,,2
2023GQ0100118,1,339,,3
2023GQ0100186,1,,,3
2023GQ0100285,1,,,2
2023GQ0100335,1,,,3
2023GQ0100398,1,,,2
2023GQ0100460,1,,,2
2023GQ0100525,1,,,2
2023GQ0100565,1,,,3
2023GQ0100618,1,,,2
2023GQ0100648,1,,,2
2023GQ0100917,1,,,3
2023GQ0101287,1,,,3
2023GQ0101510,1,70,,3
2023GQ0101613,1,333,,3
2023GQ0101695,1,,,2
2023GQ0101741,1,,,3
2023GQ0101751,1,283,,3
2023GQ0101788,1,15,,3
2023GQ0101792,1,,,3
2023GQ0101901,1,68,,3
2023GQ0101922,1,55,,3
2023GQ0102107,1,,,3
2023GQ0102271,1,,,2
2023GQ0102276,1,,,2
2023GQ0102464,1,,,3
2023GQ0102518,1,261,,3
2023GQ0102846,1,,,3
2023GQ0103057,1,,,3
2023GQ0103127,1,158,,3
2023GQ0103166,1,46,,3
2023GQ0103768,1,,,2
2023GQ0103815,1,281,,3
2023GQ0104161,1,,,3
2023GQ0104363,1,,,2
2023GQ0104805,1,,,3
2023GQ0104920,1,,,2
2023GQ0104929,1,153,,3
2023GQ0105049,1,,,2
2023GQ0105183,1,,,3
2023GQ0105260,1,0,,3
2023GQ0105416,1,64,,3
2023GQ0105460,1,22,,3
2023GQ0105486,1,,,3
2023GQ0105517,1,,,2
2023GQ0105582,1,55,,3
2023GQ0105658,1,56,,3
2023GQ0105948,1,,,3
2023GQ0106021,1,,,3
2023GQ0106055,1,,,3
2023GQ0106072,1,,,3
2023GQ0106456,1,,,2
2023GQ0106525,1,,,3
2023GQ0106574,1,,,2
2023GQ0106611,1,,,2
2023GQ0106629,1,,,2
2023GQ0106976,1,,,3
2023GQ0107063,1,6,,3
2023GQ0107625,1,,,2
2023GQ0107676,1,158,,3
2023GQ0107708,1,6,,3
2023GQ0107928,1,,,2
2023GQ0108145,1,,,3
2023GQ0108183,1,,,3
2023GQ0108316,1,,,2
2023GQ0108377,1,,,2
2023GQ0108428,1,,,2
2023GQ0108791,1,0,,3
2023GQ0108852,1,,,2
2023GQ0108868,1,,,2
2023GQ0108883,1,,,2
2023GQ0108954,1,,,3
2023GQ0109074,1,,,3
2023GQ0109082,1,,,2
2023GQ0109130,1,,,3
2023GQ0109236,1,,,2
2023GQ0109425,1,,,2
2023GQ0109636,1,,,2
2023GQ0109646,1,,,2
2023GQ0109648,1,,,2
2023GQ0109660,1,,,2
2023GQ0109690,1,0,,3
2023GQ0109697,1,,,2
2023GQ0109747,1,119,,3
2023GQ0109783,1,,,3
2023GQ0109823,1,,,2
2023GQ0109938,1,132,,3
2023GQ0109997,1,0,,3
2023GQ0110029,1,,,2
2023GQ0110091,1,,,2
2023GQ0110127,1,,,3
2023GQ0110384,1,,,3
2023GQ0110500,1,,,3
2023GQ0110596,1,43,,3
2023GQ0110652,1,,,2
2023GQ0110858,1,,,2
2023GQ0110993,1,,,3
2023GQ0111007,1,,,3
2023GQ0111034,1,,,3
2023GQ0111187,1,55,,3
2023GQ0111285,1,,,2
2023GQ0111305,1,,,2
2023GQ0111543,1,,,2
2023GQ0111558,1,,,3
2023GQ0111607,1,,,3
2023GQ0111613,1,,,3
2023GQ0111641,1,,,2
2023GQ0111648,1,,,2
2023GQ0111661,1,,,2
2023GQ0111857,1,,,2
2023GQ0111936,1,,,2
2023GQ0111961,1,145,,3
2023GQ0112291,1,,,2
2023GQ0112400,1,,,3
2023GQ0112478,1,6,,3
2023GQ0112561,1,,,3
2023GQ0112685,1,,,3
2023GQ0112817,1,,,2
2023GQ0112873,1,,,3
2023GQ0112902,1,195,,3
2023GQ0113383,1,,,2
2023GQ0113428,1,68,,3
2023GQ0113752,1,41,,3
2023GQ0113765,1,,,3
2023GQ0113837,1,,,3
2023GQ0113887,1,,,3
2023GQ0114050,1,0,,3
2023GQ0114263,1,,,3
2023GQ0114280,1,,,2
2023GQ0114459,1,,,3
2023GQ0114566,1,,,3
2023GQ0114677,1,,,2
2023GQ0114822,1,32,,3
2023GQ0114867,1,,,2
2023GQ0115123,1,,,2
2023GQ0115195,1,,,3
2023GQ0115290,1,,,2
2023GQ0115349,1,,,3
2023GQ0115483,1,,,2
2023GQ0115619,1,,,3
2023GQ0115690,1,13,,3
2023GQ0116078,1,,,3
2023GQ0116352,1,,,2
2023GQ0116426,1,158,,3
2023GQ0116447,1,,,2
2023GQ0116492,1,,,2
2023GQ0116554,1,,,2
2023GQ0116573,1,,,2
2023GQ0116624,1,16,,3
2023GQ0116795,1,,,3
2023GQ0116818,1,261,,3
2023GQ0116819,1,153,,3
2023GQ0116842,1,,,2
2023GQ0116896,1,,,3
2023GQ0116936,1,,,3
2023GQ0117083,1,,,3
2023GQ0117138,1,,,2
2023GQ0117174,1,,,3
2023GQ0117237,1,388,,3
2023GQ0117255,1,,,2
2023GQ0117351,1,,,2
2023GQ0117480,1,,,3
2023GQ0117957,1,,,3
2023GQ0118182,1,,,2
2023GQ0118334,1,70,,3
2023GQ0118349,1,,,3
2023GQ0118362,1,,,3
2023GQ0118451,1,,,2
2023GQ0118490,1,,,2
2023GQ0118820,1,0,,3
2023GQ0118957,1,,,2
2023GQ0119432,1,,,2
2023GQ0119482,1,0,,3
2023GQ0119584,1,,,2
2023GQ0119601,1,,,2
2023GQ0119698,1,152,,3
2023GQ0119714,1,54,,3
2023GQ0119860,1,55,,3
2023GQ0119921,1,,,2
2023GQ0119934,1,,,2
2023GQ0120010,1,,,3
2023GQ0120067,1,281,,3
2023GQ0120142,1,,,2
2023GQ0120296,1,72,,3
2023GQ0120428,1,,,3
2023GQ0120554,1,,,3
2023GQ0120582,1,0,,3
2023GQ0120634,1,0,,3
2023GQ0120869,1,55,,3
2023GQ0120870,1,,,2
2023GQ0120916,1,,,2
2023GQ0121047,1,,,3
2023GQ0121135,1,83,,3
2023GQ0121184,1,,,2
2023GQ0121215,1,,,2
2023GQ0121258,1,,,2
2023GQ0121511,1,339,,3
2023GQ0121613,1,,,3
2023GQ0121719,1,189,,3
2023GQ0121823,1,,,2
2023GQ0122043,1,41,,3
2023GQ0122252,1,0,,3
2023GQ0122299,1,,,3
2023GQ0122566,1,,,3
2023GQ0122686,1,,,2
2023GQ0122722,1,,,3
2023GQ0122813,1,,,2
2023GQ0122819,1,,,3
2023GQ0122837,1,,,3
2023GQ0122979,1,,,2
2023GQ0123031,1,,,3
2023GQ0123138,1,,,3
2023GQ0123175,1,27,,3
2023GQ0123225,1,38,,3
2023GQ0123376,1,70,,3
2023GQ0123524,1,,,3
2023GQ0123785,1,,,2
2023GQ0123972,1,,,3
2023GQ0123982,1,,,3
2023GQ0124178,1,,,2
2023GQ0124242,1,,,3
2023GQ0124628,1,,,2
2023GQ0124723,1,,,2
2023GQ0124770,1,83,,3
2023GQ0124832,1,,,2
2023GQ0124900,1,,,2
2023GQ0125172,1,,,3
2023GQ0125358,1,333,,3
2023GQ0125360,1,,,2
2023GQ0125375,1,,,2
2023GQ0125705,1,,,2
2023GQ0125871,1,,,2
2023GQ0125894,1,,,3
2023GQ0125986,1,,,2
2023GQ0126005,1,,,2
2023GQ0126022,1,,,2
2023GQ0126255,1,,,2
2023GQ0126497,1,,,3
2023GQ0126583,1,,,2
2023GQ0126791,1,13,,3
2023GQ0126797,1,,,2
2023GQ0127026,1,,,2
2023GQ0127354,1,,,3
2023GQ0127536,1,,,2
2023GQ0127703,1,16,,3
2023GQ0127712,1,,,2
2023GQ0127766,1,,,2
2023GQ0127961,1,,,3
2023GQ0128127,1,,,3
2023GQ0128348,1,,,2
2023GQ0128434,1,,,2
2023GQ0128626,1,,,2
2023GQ0128636,1,,,2
2023GQ0128675,1,,,2
2023GQ0128926,1,,,2
2023GQ0128976,1,,,3
2023GQ0129206,1,55,,3
2023GQ0129238,1,,,3
2023GQ0129451,1,,,2
2023GQ0129501,1,,,3
2023GQ0129580,1,56,,3
2023GQ0129762,1,132,,3
2023GQ0129930,1,,,2
2023GQ0129988,1,0,,3
2023GQ0130243,1,,,2
2023GQ0130493,1,,,3
2023GQ0130917,1,,,3
2023GQ0130924,1,,,2
2023GQ0131020,1,,,2
2023GQ0131198,1,,,2
2023GQ0131276,1,,,2
2023GQ0131430,1,19,,3
2023GQ0131431,1,,,3
2023GQ0131932,1,,,2
2023GQ0132002,1,,,2
2023GQ0132219,1,0,,3
2023GQ0132265,1,71,,3
2023GQ0132401,1,,,3
2023GQ0132426,1,,,2
2023GQ0132519,1,,,2
2023GQ0132521,1,152,,3
2023GQ0132531,1,,,3
2023GQ0132536,1,173,,3
2023GQ0132884,1,,,2
2023GQ0133092,1,,,2
2023GQ0133151,1,,,2
2023GQ0133219,1,,,2
2023GQ0133231,1,,,2
2023GQ0133254,1,195,,3
2023GQ0133456,1,41,,3
2023GQ0133492,1,,,2
2023GQ0133516,1,,,3
2023GQ0133753,1,,,2
2023GQ0133777,1,148,,3
2023GQ0133811,1,,,3
2023GQ0134091,1,,,2
2023GQ0134349,1,,,2
2023GQ0134548,1,,,2
2023GQ0134576,1,,,2
2023GQ0134600,1,0,,3
2023GQ0134740,1,6,,3
2023GQ0134741,1,339,,3
2023GQ0134756,1,,,2
2023GQ0134783,1,,,3
2023GQ0135432,1,,,3
2023GQ0135455,1,49,,3
2023GQ0135603,1,,,3
2023GQ0135767,1,,,2
2023GQ0135865,1,,,2
2023GQ0136127,1,,,3
2023GQ0136230,1,,,3
2023GQ0136286,1,,,3
2023GQ0136295,1,79,,3
2023GQ0136442,1,,,2
2023GQ0136582,1,,,2
2023GQ0136700,1,,,2
2023GQ0137117,1,,,2
2023GQ0137279,1,,,2
2023GQ0137322,1,,,2
2023GQ0137324,1,,,3
2023GQ0137521,1,70,,3
2023GQ0137912,1,,,3
2023GQ0137949,1,,,2
2023GQ0137963,1,173,,3
2023GQ0138070,1,82,,3
2023GQ0138120,1,,,3
2023GQ0138462,1,,,2
2023GQ0138650,1,,,2
2023GQ0138905,1,,,2
2023GQ0138931,1,,,3
2023GQ0139012,1,0,,3
2023GQ0139103,1,,,3
2023GQ0139130,1,,,2
2023GQ0139434,1,,,2
2023GQ0139663,1,,,2
2023GQ0139976,1,,,2
2023GQ0140213,1,283,,3
2023GQ0140263,1,,,2
2023GQ0140275,1,,,3
2023GQ0140409,1,96,,3
2023GQ0140610,1,,,3
2023GQ0140689,1,,,2
2023GQ0140783,1,,,2
2023GQ0140865,1,,,2
2023GQ0141031,1,,,2
2023GQ0141166,1,,,2
2023GQ0141311,1,,,3
2023GQ0141341,1,,,2
2023GQ0141641,1,96,,3
2023GQ0141754,1,,,3
2023GQ0141983,1,,,3
2023GQ0142025,1,,,3
2023GQ0142184,1,,,3
2023GQ0142252,1,,,2
2023GQ0142364,1,,,3
2023GQ0142398,1,,,2
2023GQ0142459,1,0,,3
2023GQ0142482,1,,,2
2023GQ0142646,1,,,3
2023GQ0142701,1,,,3
2023GQ0142723,1,,,2
2023GQ0142830,1,,,2
2023GQ0142868,1,,,3
2023GQ0142963,1,,,3
2023GQ0143075,1,,,2
2023GQ0143208,1,383,,3
2023GQ0143332,1,,,2
2023GQ0143451,1,,,2
2023GQ0143538,1,,,3
2023GQ0143606,1,,,2
2023GQ0143753,1,43,,3
2023GQ0144074,1,,,2
2023GQ0144120,1,,,2
2023GQ0144239,1,,,3
2023GQ0144352,1,,,2
2023GQ0144374,1,,,3
2023GQ0144386,1,0,,3
2023GQ0144410,1,,,2
2023GQ0144487,1,32,,3
2023GQ0144675,1,54,,3
2023GQ0144730,1,,,3
2023GQ0144822,1,64,,3
2023GQ0144861,1,,,2
2023GQ0145038,1,49,,3
2023GQ0145044,1,,,2
2023GQ0145106,1,,,2
2023GQ0145180,1,,,3
2023GQ0145327,1,,,2
2023GQ0145340,1,,,3
2023GQ0145374,1,19,,3
2023GQ0145384,1,,,2
2023GQ0145504,1,,,2
2023GQ0145571,1,,,3
2023GQ0145762,1,,,2
2023GQ0145841,1,,,3
2023GQ0145987,1,,,3
2023GQ0146371,1,,,3
2023GQ0146460,1,,,3
2023GQ0146588,1,64,,3
2023GQ0146658,1,0,,3
2023GQ0146821,1,,,2
2023GQ0146911,1,,,2
2023GQ0147052,1,,,3
2023GQ0147168,1,64,,3
2023GQ0147319,1,,,2
2023GQ0147333,1,,,3
2023GQ0147368,1,,,3
2023GQ0147386,1,,,3
2023GQ0147646,1,,,2
2023GQ0147953,1,,,3
2023GQ0148172,1,,,2
2023GQ0148360,1,57,,3
2023GQ0148364,1,0,,3
2023GQ0148496,1,,,3
2023GQ0148563,1,,,2
2023GQ0148612,1,,,2
2023GQ0148646,1,67,,3
2023GQ0148774,1,,,2
2023GQ0149084,1,127,,3
2023GQ0149127,1,157,,3
2023GQ0149234,1,,,2
2023GQ0149321,1,,,2
2023GQ0149574,1,55,,3
2023GQ0149664,1,,,2
2023GQ0149828,1,,,2
2023GQ0149942,1,55,,3
2023GQ0150006,1,46,,3
2023GQ0150059,1,0,,3
2023GQ0150231,1,,,3
2023GQ0150411,1,,,2
2023GQ0150469,1,67,,3
2023GQ0150540,1,16,,3
2023GQ0150657,1,,,2
2023GQ0150694,1,,,3
2023GQ0150763,1,,,3
2023GQ0150968,1,,,3
2023GQ0151217,1,,,2
2023GQ0151243,1,,,3
2023GQ0151429,1,,,2
2023GQ0151461,1,170,,3
2023GQ0151522,1,,,3
2023GQ0151546,1,,,2
2023GQ0151561,1,,,2
2023GQ0151615,1,,,3
2023GQ0151638,1,,,3
2023GQ0151673,1,,,2
2023GQ0151795,1,,,2
2023GQ0151807,1,,,2
2023GQ0151813,1,0,,3
2023GQ0151963,1,,,2
2023GQ0152016,1,55,,3
2023GQ0152106,1,,,3
2023GQ0152124,1,,,2
2023GQ0152385,1,41,,3
2023GQ0152610,1,,,2
2023GQ0152636,1,20,,3
2023GQ0152657,1,,,2
2023GQ0153039,1,,,3
2023GQ0153142,1,,,2
2023GQ0153150,1,27,,3
2023GQ0153166,1,,,3
2023GQ0153189,1,,,3
2023GQ0153211,1,,,2
2023GQ0153363,1,,,2
2023GQ0153418,1,,,3
2023GQ0153433,1,,,2
2023GQ0153468,1,,,3
2023GQ0153635,1,,,3
2023GQ0153821,1,60,,3
2023GQ0153906,1,,,3
2023GQ0153954,1,,,2
2023GQ0154037,1,,,3
2023GQ0154110,1,27,,3
2023GQ0154114,1,,,3
2023GQ0154419,1,,,3
2023GQ0154422,1,56,,3
2023GQ0154482,1,,,2
2023GQ0154670,1,,,3
2023GQ0154774,1,,,2
2023GQ0154871,1,,,3
2023GQ0154916,1,,,3
2023GQ0155345,1,,,2
2023GQ0155386,1,,,2
2023GQ0155583,1,,,2
2023GQ0155592,1,,,2
2023GQ0155907,1,,,2
2023GQ0155912,1,0,,3
2023GQ0156015,1,,,2
2023GQ0156163,1,,,3
2023GQ0156599,1,,,2
2023GQ0156799,1,,,3
2023GQ0157013,1,,,2
2023GQ0157033,1,153,,3
2023GQ0157065,1,,,2
2023GQ0157122,1,222,,3
2023GQ0157162,1,,,3
2023GQ0157207,1,0,,3
2023GQ0157360,1,0,,3
2023GQ0157539,1,0,,3
2023GQ0157815,1,170,,3
2023GQ0157873,1,0,,3
2023GQ0157913,1,,,2
2023GQ0157915,1,,,2
2023GQ0157919,1,,,3
2023GQ0157945,1,0,,3
2023GQ0158024,1,,,3
2023GQ0158076,1,,,2
2023GQ0158210,1,,,3
2023GQ0158410,1,10,,3
2023GQ0158481,1,0,,3
2023GQ0158613,1,,,2
2023GQ0158660,1,,,2
2023GQ0158678,1,,,2
2023GQ0158747,1,,,2
2023GQ0158896,1,,,3
2023GQ0158923,1,56,,3
2023GQ0159019,1,333,,3
2023GQ0159069,1,,,2
2023GQ0159341,1,,,2
2023GQ0159452,1,,,2
2023GQ0159469,1,,,2
2023GQ0159489,1,,,2
2023GQ0159570,1,98,,3
2023GQ0159590,1,46,,3
2023GQ0160232,1,,,3
2023GQ0160240,1,,,3
2023GQ0160347,1,222,,3
2023GQ0160558,1,,,3
2023GQ0160690,1,,,2
2023GQ0160871,1,,,3
2023GQ0161305,1,,,3
2023GQ0161374,1,,,2
2023GQ0161454,1,,,3
2023GQ0161457,1,27,,3
2023GQ0161495,1,,,2
2023GQ0161514,1,,,2
2023GQ0161520,1,,,2
2023GQ0161541,1,,,3
2023GQ0161594,1,,,3
2023GQ0161682,1,,,3
2023GQ0161757,1,,,2
2023GQ0161811,1,,,2
2023GQ0161882,1,,,2
2023GQ0161925,1,55,,3
2023GQ0161989,1,,,3
2023GQ0162245,1,,,2
2023GQ0162330,1,,,2
2023GQ0162364,1,55,,3
2023GQ0162401,1,,,2
2023GQ0162805,1,0,,3
2023GQ0163034,1,,,3
2023GQ0163218,1,,,2
2023GQ0163233,1,,,3
2023GQ0163289,1,82,,3
2023GQ0163371,1,,,3
2023GQ0163418,1,145,,3
2023GQ0163473,1,,,2
2023GQ0163526,1,,,2
2023GQ0163763,1,,,3
2023GQ0163772,1,,,3
2023GQ0163776,1,,,2
2023GQ0163968,1,,,3
2023GQ0164023,1,,,2
2023GQ0164119,1,0,,3
2023GQ0164161,1,,,2
2023GQ0164416,1,,,2
2023GQ0164613,1,,,3
2023GQ0164680,1,,,3
2023GQ0164690,1,,,3
2023GQ0164724,1,,,3
2023GQ0164816,1,,,2
2023GQ0164834,1,,,3
2023GQ0165020,1,,,3
2023GQ0165133,1,,,2
2023GQ0165387,1,,,2
2023GQ0165422,1,,,2
2023GQ0165427,1,,,3
2023GQ0165794,1,,,2
2023GQ0165841,1,383,,3
2023GQ0165912,1,55,,3
2023GQ0165947,1,,,3
2023GQ0166030,1,,,2
2023GQ0166051,1,,,2
2023GQ0166391,1,,,3
2023GQ0166413,1,,,2
2023GQ0166689,1,,,3
2023GQ0166947,1,,,2
2023GQ0166950,1,0,,3
2023GQ0167232,1,,,2
2023GQ0167274,1,27,,3
2023GQ0167356,1,,,3
2023GQ0167358,1,,,3
2023GQ0167436,1,,,3
2023GQ0167467,1,455,,3
2023GQ0167507,1,20,,3
2023GQ0167581,1,,,3
2023GQ0167590,1,,,2
2023GQ0167651,1,,,3
2023GQ0167800,1,,,3
2023GQ0167830,1,,,2
2023GQ0167985,1,,,2
2023GQ0168009,1,,,2
2023GQ0168034,1,,,2
2023GQ0168067,1,,,2
2023GQ0168700,1,56,,3
2023GQ0168711,1,,,3
2023GQ0168721,1,71,,3
2023GQ0168753,1,,,2
2023GQ0168755,1,,,2
2023GQ0168873,1,,,3
2023GQ0169014,1,,,2
2023GQ0169076,1,,,2
2023GQ0169102,1,,,3
2023GQ0169154,1,,,3
2023GQ0169246,1,,,2
2023GQ0169380,1,,,2
2023GQ0169465,1,,,2
2023GQ0169517,1,,,2
2023GQ0169994,1,,,2
2023GQ0170110,1,,,2
2023GQ0170225,1,,,2
2023GQ0170231,1,,,2
2023GQ0170244,1,,,2
2023GQ0170285,1,70,,3
2023GQ0170298,1,,,2
2023GQ0170304,1,,,2
2023GQ0170513,1,,,2
2023GQ0170809,1,,,2
2023GQ0170835,1,109,,3
2023GQ0170883,1,,,2
2023GQ0170908,1,,,2
2023GQ0171148,1,,,2
2023GQ0171534,1,189,,3
2023GQ0171561,1,,,2
2023GQ0171568,1,501,,3
2023GQ0171726,1,27,,3
2023GQ0171935,1,,,2
2023GQ0172048,1,,,2
2023GQ0172228,1,68,,3
2023GQ0172231,1,,,2
2023GQ0172329,1,,,2
2023GQ0172353,1,,,2
2023GQ0172386,1,,,3
2023GQ0172494,1,,,3
2023GQ0173054,1,,,2
2023GQ0173303,1,,,2
2023GQ0173332,1,,,3
2023GQ0173441,1,32,,3
2023GQ0173518,1,,,2
2023GQ0173547,1,,,2
2023GQ0173573,1,,,2
2023GQ0173598,1,,,2
2023GQ0174025,1,,,2
2023GQ0174073,1,,,2
2023GQ0174249,1,,,3
2023GQ0174416,1,,,2
2023GQ0174424,1,,,2
2023GQ0174631,1,,,2
2023GQ0174691,1,56,,3
2023GQ0174830,1,,,2
2023GQ0174964,1,,,2
2023GQ0175027,1,,,3
2023GQ0175046,1,,,2
2023GQ0175162,1,,,2
2023GQ0175205,1,55,,3
2023GQ0175271,1,,,3
2023GQ0175321,1,,,2
2023GQ0175578,1,283,,3
2023GQ0175755,1,92,,3
2023GQ0175850,1,,,2
2023GQ0176021,1,,,2
2023GQ0176366,1,0,,3
2023GQ0176814,1,,,2
2023GQ0176856,1,,,2
2023GQ0176999,1,22,,3
2023HU0000086,1,444,3,1
2023HU0000118,1,178,1,1
2023HU0000224,1,129,1,1
2023HU0000282,1,501,2,1
2023HU0000282,2,501,2,1
2023HU0000314,1,501,2,1
2023HU0000314,2,501,2,1
2023HU0000331,1,501,3,1
2023HU0000338,1,501,1,1
2023HU0000338,2,501,1,1
2023HU0000338,3,501,1,1
2023HU0000338,4,501,1,1
2023HU0000513,1,109,3,1
2023HU0000513,2,109,3,1
2023HU0000513,3,109,3,1
2023HU0000561,1,423,2,1
2023HU0000561,2,423,2,1
2023HU0000561,3,423,2,1
2023HU0000561,4,423,2,1
2023HU0001003,1,101,3,1
2023HU0001016,1,115,2,1
2023HU0001016,2,115,2,1
2023HU0001074,1,132,1,1
2023HU0001074,2,132,1,1
2023HU0001074,3,132,1,1
2023HU0001074,4,132,1,1
2023HU0001074,5,132,1,1
2023HU0001074,6,132,1,1
2023HU0001076,1,487,3,1
2023HU0001367,1,501,1,1
2023HU0001367,2,0,1,1
2023HU0001590,1,234,2,1
2023HU0001599,1,501,2,1
2023HU0001599,2,501,2,1
2023HU0001611,1,501,1,1
2023HU0001611,2,501,1,1
2023HU0001611,3,501,1,1
2023HU0001611,4,182,1,1
2023HU0001632,1,501,3,1
2023HU0001632,2,501,3,1
2023HU0001779,1,226,3,1
2023HU0001779,2,226,3,1
2023HU0001779,3,226,3,1
2023HU0001779,4,226,3,1
2023HU0001779,5,226,3,1
2023HU0002036,1,54,3,1
2023HU0002049,1,501,1,1
2023HU0002049,2,501,1,1
2023HU0002127,1,355,2,1
2023HU0002127,2,355,2,1
2023HU0002143,1,501,3,1
2023HU0002217,1,0,2,1
2023HU0002217,2,0,2,1
2023HU0002217,3,0,2,1
2023HU0002217,4,0,2,1
2023HU0002230,1,93,1,1
2023HU0002283,1,501,1,1
2023HU0002283,2,501,1,1
2023HU0002478,1,441,1,1
2023HU0002595,1,501,3,1
2023HU0002595,2,501,3,1
2023HU0002595,3,0,3,1
2023HU0002647,1,128,1,1
2023HU0002647,2,128,1,1
2023HU0002666,1,196,1,1
2023HU0002841,1,55,3,1
2023HU0002883,1,359,1,1
2023HU0002883,2,359,1,1
2023HU0002901,1,315,1,1
2023HU0002901,2,315,1,1
2023HU0002901,3,315,1,1
2023HU0002901,4,315,1,1
2023HU0003050,1,186,1,1
2023HU0003050,2,186,1,1
2023HU0003091,1,423,1,1
2023HU0003091,2,423,1,1
2023HU0003091,3,423,1,1
2023HU0003151,1,188,2,1
2023HU0003151,2,188,2,1
2023HU0003151,3,188,2,1
2023HU0003151,4,188,2,1
2023HU0003151,5,188,2,1
2023HU0003159,1,501,2,1
2023HU0003159,2,408,2,1
2023HU0003170,1,501,3,1
2023HU0003170,2,501,3,1
2023HU0003183,1,258,3,1
2023HU0003261,1,229,3,1
2023HU0003261,2,229,3,1
2023HU0003261,3,229,3,1
2023HU0003261,4,229,3,1
2023HU0003261,5,229,3,1
2023HU0003261,6,229,3,1
2023HU0003310,1,501,2,1
2023HU0003310,2,501,2,1
2023HU0003333,1,250,2,1
2023HU0003333,2,250,2,1
2023HU0003398,1,501,2,1
2023HU0003398,2,501,2,1
2023HU0003565,1,403,1,1
2023HU0003565,2,403,1,1
2023HU0003565,3,403,1,1
2023HU0003670,1,417,1,1
2023HU0003670,2,100,1,1
2023HU0003901,1,501,1,1
2023HU0003901,2,501,1,1
2023HU0003937,1,222,2,1
2023HU0003999,1,501,2,1
2023HU0004305,1,140,3,1
2023HU0004330,1,410,1,1
2023HU0004330,2,410,1,1
2023HU0004495,1,501,1,1
2023HU0004495,2,501,1,1
2023HU0004871,1,365,2,1
2023HU0004912,1,358,2,1
2023HU0004912,2,358,2,1
2023HU0004928,1,338,3,1
2023HU0005023,1,335,2,1
2023HU0005038,1,62,3,1
2023HU0005083,1,501,1,1
2023HU0005105,1,106,3,1
2023HU0005105,2,32,3,1
2023HU0005105,3,38,3,1
2023HU0005105,4,19,3,1
2023HU0005105,5,77,3,1
2023HU0005205,1,349,3,1
2023HU0005205,2,501,3,1
2023HU0005241,1,501,2,1
2023HU0005316,1,226,2,1
2023HU0005316,2,226,2,1
2023HU0005316,3,226,2,1
2023HU0005316,4,226,2,1
2023HU0005477,1,501,2,1
2023HU0005510,1,287,1,1
2023HU0005529,1,501,1,1
2023HU0005529,2,501,1,1
2023HU0005529,3,501,1,1
2023HU0005588,1,501,1,1
2023HU0005679,1,481,2,1
2023HU0005679,2,481,2,1
2023HU0005679,3,481,2,1
2023HU0005679,4,481,2,1
2023HU0005679,5,481,2,1
2023HU0005683,1,190,2,1
2023HU0005683,2,190,2,1
2023HU0005733,1,222,1,1
2023HU0005733,2,0,1,1
2023HU0005795,1,398,2,1
2023HU0005795,2,398,2,1
2023HU0005865,1,114,3,1
2023HU0005865,2,114,3,1
2023HU0005865,3,114,3,1
2023HU0005977,1,228,3,1
2023HU0005989,1,501,1,1
2023HU0006004,1,501,2,1
2023HU0006004,2,501,2,1
2023HU0006074,1,153,3,1
2023HU0006139,1,494,2,1
2023HU0006395,1,501,2,1
2023HU0006395,2,501,2,1
2023HU0006395,3,501,2,1
2023HU0006434,1,407,3,1
2023HU0006434,2,407,3,1
2023HU0006749,1,393,3,1
2023HU0006754,1,350,3,1
2023HU0006879,1,390,3,1
2023HU0006879,2,501,3,1
2023HU0007015,1,501,1,1
2023HU0007015,2,501,1,1
2023HU0007015,3,501,1,1
2023HU0007015,4,501,1,1
2023HU0007015,5,501,1,1
2023HU0007273,1,463,3,1
2023HU0007278,1,501,1,1
2023HU0007278,2,501,1,1
2023HU0007338,1,501,1,1
2023HU0007338,2,501,1,1
2023HU0007338,3,501,1,1
2023HU0007360,1,258,2,1
2023HU0007393,1,0,1,1
2023HU0007666,1,501,3,1
2023HU0007666,2,501,3,1
2023HU0007747,1,501,2,1
2023HU0007747,2,501,2,1
2023HU0007752,1,53,2,1
2023HU0007752,2,53,2,1
2023HU0007772,1,209,2,1
2023HU0007772,2,0,2,1
2023HU0007772,3,209,2,1
2023HU0007772,4,209,2,1
2023HU0007772,5,209,2,1
2023HU0007905,1,197,3,1
2023HU0007957,1,78,3,1
2023HU0007957,2,78,3,1
2023HU0008155,1,501,1,1
2023HU0008305,1,501,1,1
2023HU0008305,2,501,1,1
2023HU0008537,1,345,1,1
2023HU0008537,2,345,1,1
2023HU0008537,3,345,1,1
2023HU0008658,1,501,1,1
2023HU0008658,2,501,1,1
2023HU0008658,3,501,1,1
2023HU0008661,1,501,3,1
2023HU0008661,2,501,3,1
2023HU0008756,1,425,2,1
2023HU0008756,2,48,2,1
2023HU0008964,1,501,1,1
2023HU0008964,2,501,1,1
2023HU0009175,1,501,2,1
2023HU0009175,2,501,2,1
2023HU0009195,1,501,2,1
2023HU0009195,2,501,2,1
2023HU0009195,3,501,2,1
2023HU0009204,1,80,3,1
2023HU0009204,2,0,3,1
2023HU0009204,3,80,3,1
2023HU0009204,4,80,3,1
2023HU0009204,5,80,3,1
2023HU0009213,1,326,3,1
2023HU0009350,1,501,2,1
2023HU0009522,1,501,1,1
2023HU0009522,2,501,1,1
2023HU0009581,1,501,3,1
2023HU0009581,2,501,3,1
2023HU0009629,1,501,1,1
2023HU0009629,2,501,1,1
2023HU0009684,1,501,2,1
2023HU0009684,2,501,2,1
2023HU0009684,3,501,2,1
2023HU0009684,4,501,2,1
2023HU0009753,1,304,1,1
2023HU0009753,2,304,1,1
2023HU0009753,3,304,1,1
2023HU0009753,4,304,1,1
2023HU0009916,1,145,1,1
2023HU0010036,1,501,2,1
2023HU0010036,2,501,2,1
2023HU0010042,1,291,3,1
2023HU0010042,2,291,3,1
2023HU0010060,1,82,3,1
2023HU0010219,1,501,1,1
2023HU0010219,2,501,1,1
2023HU0010261,1,397,2,1
2023HU0010506,1,380,3,1
2023HU0010506,2,279,3,1
2023HU0010506,3,380,3,1
2023HU0010506,4,,3,1
2023HU0010587,1,501,2,1
2023HU0010587,2,501,2,1
2023HU0010587,3,501,2,1
2023HU0010587,4,501,2,1
2023HU0010941,1,501,3,1
2023HU0010993,1,68,3,1
2023HU0011040,1,416,2,1
2023HU0011109,1,323,3,1
2023HU0011142,1,445,3,1
2023HU0011280,1,402,3,1
2023HU0011280,2,402,3,1
2023HU0011324,1,93,1,1
2023HU0011324,2,93,1,1
2023HU0011328,1,223,3,1
2023HU0011328,2,223,3,1
2023HU0011419,1,501,2,1
2023HU0011419,2,501,2,1
2023HU0011541,1,501,1,1
2023HU0011541,2,501,1,1
2023HU0011541,3,501,1,1
2023HU0011648,1,242,2,1
2023HU0011648,2,242,2,1
2023HU0011648,3,242,2,1
2023HU0011648,4,242,2,1
2023HU0011796,1,479,1,1
2023HU0011902,1,270,2,1
2023HU0011951,1,493,1,1
2023HU0011951,2,493,1,1
2023HU0011951,3,493,1,1
2023HU0011951,4,493,1,1
2023HU0011995,1,264,1,1
2023HU0011995,2,264,1,1
2023HU0012065,1,501,3,1
2023HU0012065,2,180,3,1
2023HU0012342,1,501,3,1
2023HU0012342,2,383,3,1
2023HU0012684,1,454,3,1
2023HU0012684,2,454,3,1
2023HU0012684,3,197,3,1
2023HU0012695,1,501,1,1
2023HU0012695,2,501,1,1
2023HU0012757,1,247,3,1
2023HU0012757,2,501,3,1
2023HU0012757,3,247,3,1
2023HU0012762,1,0,3,1
2023HU0012762,2,0,3,1
2023HU0012762,3,0,3,1
2023HU0012762,4,0,3,1
2023HU0012784,1,186,2,1
2023HU0012784,2,186,2,1
2023HU0012784,3,186,2,1
2023HU0012937,1,144,3,1
2023HU0012937,2,144,3,1
2023HU0012937,3,144,3,1
2023HU0012937,4,144,3,1
2023HU0012937,5,144,3,1
2023HU0013075,1,246,1,1
2023HU0013075,2,246,1,1
2023HU0013075,3,246,1,1
2023HU0013075,4,246,1,1
2023HU0013075,5,246,1,1
2023HU0013115,1,501,3,1
2023HU0013153,1,195,2,1
2023HU0013153,2,195,2,1
2023HU0013295,1,118,3,1
2023HU0013295,2,118,3,1
2023HU0013364,1,200,2,1
2023HU0013364,2,200,2,1
2023HU0013364,3,200,2,1
2023HU0013364,4,200,2,1
2023HU0013525,1,88,3,1
2023HU0013525,2,90,3,1
2023HU0013551,1,100,2,1
2023HU0013551,2,45,2,1
2023HU0013669,1,501,2,1
2023HU0013669,2,501,2,1
2023HU0013674,1,101,2,1
2023HU0013691,1,381,1,1
2023HU0013696,1,151,3,1
2023HU0013696,2,0,3,1
2023HU0013696,3,151,3,1
2023HU0013696,4,151,3,1
2023HU0013825,1,247,3,1
2023HU0013825,2,247,3,1
2023HU0013953,1,414,1,1
2023HU0013953,2,414,1,1
2023HU0013984,1,133,1,1
2023HU0014240,1,225,3,1
2023HU0014301,1,0,3,1
2023HU0014349,1,260,2,1
2023HU0014450,1,501,2,1
2023HU0014450,2,501,2,1
2023HU0014450,3,501,2,1
2023HU0014450,4,501,2,1
2023HU0014470,1,501,1,1
2023HU0014470,2,501,1,1
2023HU0014475,1,88,2,1
2023HU0014475,2,88,2,1
2023HU0014515,1,109,3,1
2023HU0014591,1,500,3,1
2023HU0014635,1,312,2,1
2023HU0014635,2,312,2,1
2023HU0014641,1,501,1,1
2023HU0014844,1,242,3,1
2023HU0014844,2,242,3,1
2023HU0014844,3,242,3,1
2023HU0014844,4,242,3,1
2023HU0014844,5,242,3,1
2023HU0014871,1,9,1,1
2023HU0014965,1,263,2,1
2023HU0014965,2,263,2,1
2023HU0015072,1,364,1,1
2023HU0015072,2,364,1,1
2023HU0015072,3,364,1,1
2023HU0015072,4,364,1,1
2023HU0015072,5,364,1,1
2023HU0015072,6,364,1,1
2023HU0015087,1,102,1,1
2023HU0015145,1,342,1,1
2023HU0015146,1,501,3,1
2023HU0015153,1,137,3,1
2023HU0015207,1,149,3,1
2023HU0015207,2,149,3,1
2023HU0015245,1,501,2,1
2023HU0015530,1,501,1,1
2023HU0015530,2,501,1,1
2023HU0015560,1,262,1,1
2023HU0015560,2,262,1,1
2023HU0015560,3,262,1,1
2023HU0015560,4,262,1,1
2023HU0015560,5,262,1,1
2023HU0015560,6,0,1,1
2023HU0015560,7,0,1,1
2023HU0015560,8,192,1,1
2023HU0015566,1,501,2,1
2023HU0015566,2,501,2,1
2023HU0015628,1,418,3,1
2023HU0015676,1,253,1,1
2023HU0015676,2,501,1,1
2023HU0015676,3,253,1,1
2023HU0015676,4,253,1,1
2023HU0015849,1,501,3,1
2023HU0015870,1,269,2,1
2023HU0015870,2,269,2,1
2023HU0015969,1,501,1,1
2023HU0015969,2,501,1,1
2023HU0015969,3,501,1,1
2023HU0015969,4,501,1,1
2023HU0015969,5,501,1,1
2023HU0016004,1,418,1,1
2023HU0016237,1,501,1,1
2023HU0016237,2,501,1,1
2023HU0016282,1,444,1,1
2023HU0016468,1,89,3,1
2023HU0016708,1,65,3,1
2023HU0016708,2,65,3,1
2023HU0016708,3,65,3,1
2023HU0016794,1,501,1,1
2023HU0016794,2,501,1,1
2023HU0016794,3,501,1,1
2023HU0016799,1,186,1,1
2023HU0016908,1,501,1,1
2023HU0016908,2,501,1,1
2023HU0016913,1,396,1,1
2023HU0016913,2,319,1,1
2023HU0016931,1,501,2,1
2023HU0016931,2,501,2,1
2023HU0016931,3,501,2,1
2023HU0016983,1,418,1,1
2023HU0016983,2,418,1,1
2023HU0016983,3,418,1,1
2023HU0016983,4,418,1,1
2023HU0016983,5,418,1,1
2023HU0016983,6,418,1,1
2023HU0016983,7,418,1,1
2023HU0017180,1,235,2,1
2023HU0017180,2,235,2,1
2023HU0017180,3,235,2,1
2023HU0017180,4,235,2,1
2023HU0017180,5,235,2,1
2023HU0017180,6,235,2,1
2023HU0017226,1,501,1,1
2023HU0017281,1,254,1,1
2023HU0017281,2,285,1,1
2023HU0017281,3,254,1,1
2023HU0017281,4,254,1,1
2023HU0017314,1,501,1,1
2023HU0017314,2,501,1,1
2023HU0017662,1,245,3,1
2023HU0017662,2,245,3,1
2023HU0017662,3,245,3,1
2023HU0017738,1,501,3,1
2023HU0017738,2,451,3,1
2023HU0017754,1,501,2,1
2023HU0018069,1,244,1,1
2023HU0018069,2,244,1,1
2023HU0018069,3,244,1,1
2023HU0018069,4,244,1,1
2023HU0018086,1,501,1,1
2023HU0018086,2,501,1,1
2023HU0018101,1,501,2,1
2023HU0018101,2,501,2,1
2023HU0018101,3,501,2,1
2023HU0018101,4,501,2,1
2023HU0018101,5,501,2,1
2023HU0018162,1,153,2,1
2023HU0018162,2,153,2,1
2023HU0018162,3,153,2,1
2023HU0018162,4,153,2,1
2023HU0018162,5,153,2,1
2023HU0018162,6,153,2,1
2023HU0018162,7,153,2,1
2023HU0018342,1,386,3,1
2023HU0018342,2,386,3,1
2023HU0018383,1,409,1,1
2023HU0018389,1,196,1,1
2023HU0018389,2,196,1,1
2023HU0018389,3,196,1,1
2023HU0018420,1,501,1,1
2023HU0018420,2,501,1,1
2023HU0018478,1,413,1,1
2023HU0018478,2,245,1,1
2023HU0018490,1,166,1,1
2023HU0018589,1,443,1,1
2023HU0018589,2,443,1,1
2023HU0018614,1,501,1,1
2023HU0018724,1,348,3,1
2023HU0018724,2,285,3,1
2023HU0018773,1,501,3,1
2023HU0018773,2,501,3,1
2023HU0018864,1,501,1,1
2023HU0018864,2,501,1,1
2023HU0018864,3,501,1,1
2023HU0018885,1,62,3,1
2023HU0018885,2,126,3,1
2023HU0018895,1,83,1,1
2023HU0018895,2,83,1,1
2023HU0018895,3,83,1,1
2023HU0018895,4,83,1,1
2023HU0018895,5,83,1,1
2023HU0018940,1,501,1,1
2023HU0018940,2,501,1,1
2023HU0018940,3,501,1,1
2023HU0018940,4,501,1,1
2023HU0018940,5,501,1,1
2023HU0018989,1,501,2,1
2023HU0018989,2,501,2,1
2023HU0019068,1,501,3,1
2023HU0019068,2,501,3,1
2023HU0019070,1,150,3,1
2023HU0019247,1,105,2,1
2023HU0019315,1,62,3,1
2023HU0019315,2,0,3,1
2023HU0019351,1,364,2,1
2023HU0019434,1,72,3,1
2023HU0019476,1,304,3,1
2023HU0019476,2,304,3,1
2023HU0019476,3,304,3,1
2023HU0019939,1,337,1,1
2023HU0019939,2,337,1,1
2023HU0020065,1,501,1,1
2023HU0020065,2,235,1,1
2023HU0020065,3,501,1,1
2023HU0020116,1,163,3,1
2023HU0020154,1,239,3,1
2023HU0020351,1,467,1,1
2023HU0020351,2,467,1,1
2023HU0020401,1,277,1,1
2023HU0020401,2,277,1,1
2023HU0020587,1,276,1,1
2023HU0020587,2,57,1,1
2023HU0020890,1,257,3,1
2023HU0020890,2,257,3,1
2023HU0021170,1,252,1,1
2023HU0021170,2,252,1,1
2023HU0021191,1,477,3,1
2023HU0021191,2,477,3,1
2023HU0021236,1,326,1,1
2023HU0021236,2,326,1,1
2023HU0021348,1,501,1,1
2023HU0021348,2,501,1,1
2023HU0021348,3,501,1,1
2023HU0021348,4,501,1,1
2023HU0021348,5,501,1,1
2023HU0021372,1,392,2,1
2023HU0021372,2,392,2,1
2023HU0021372,3,392,2,1
2023HU0021372,4,392,2,1
2023HU0021372,5,392,2,1
2023HU0021422,1,501,1,1
2023HU0021422,2,501,1,1
2023HU0021422,3,501,1,1
2023HU0021545,1,468,2,1
2023HU0021625,1,501,3,1
2023HU0021625,2,501,3,1
2023HU0021631,1,1,2,1
2023HU0021631,2,1,2,1
2023HU0021631,3,1,2,1
2023HU0021631,4,1,2,1
2023HU0021714,1,501,3,1
2023HU0021772,1,236,1,1
2023HU0021772,2,236,1,1
2023HU0021772,3,236,1,1
2023HU0021772,4,236,1,1
2023HU0021772,5,236,1,1
2023HU0021772,6,236,1,1
2023HU0021772,7,236,1,1
2023HU0021772,8,236,1,1
2023HU0021846,1,99,2,1
2023HU0021873,1,96,1,1
2023HU0022043,1,81,1,1
2023HU0022043,2,81,1,1
2023HU0022043,3,81,1,1
2023HU0022043,4,81,1,1
2023HU0022120,1,152,3,1
2023HU0022224,1,320,2,1
2023HU0022224,2,320,2,1
2023HU0022224,3,320,2,1
2023HU0022224,4,320,2,1
2023HU0022224,5,320,2,1
2023HU0022434,1,501,3,1
2023HU0022459,1,501,2,1
2023HU0022459,2,501,2,1
2023HU0022459,3,501,2,1
2023HU0022492,1,201,3,1
2023HU0022492,2,201,3,1
2023HU0022538,1,501,1,1
2023HU0022538,2,501,1,1
2023HU0022598,1,379,1,1
2023HU0022598,2,379,1,1
2023HU0022598,3,379,1,1
2023HU0022598,4,379,1,1
2023HU0022598,5,379,1,1
2023HU0022598,6,379,1,1
2023HU0022665,1,501,1,1
2023HU0022665,2,501,1,1
2023HU0022665,3,501,1,1
2023HU0022708,1,501,1,1
2023HU0022708,2,501,1,1
2023HU0022708,3,501,1,1
2023HU0022924,1,501,1,1
2023HU0022924,2,501,1,1
2023HU0022930,1,268,2,1
2023HU0023150,1,501,1,1
2023HU0023150,2,501,1,1
2023HU0023182,1,440,3,1
2023HU0023182,2,440,3,1
2023HU0023184,1,380,3,1
2023HU0023224,1,380,2,1
2023HU0023224,2,380,2,1
2023HU0023442,1,501,1,1
2023HU0023442,2,210,1,1
2023HU0023562,1,501,2,1
2023HU0023562,2,501,2,1
2023HU0023562,3,501,2,1
2023HU0023562,4,501,2,1
2023HU0023588,1,501,1,1
2023HU0023642,1,501,1,1
2023HU0023642,2,501,1,1
2023HU0023642,3,501,1,1
2023HU0023642,4,501,1,1
2023HU0024218,1,30,2,1
2023HU0024356,1,501,2,1
2023HU0024356,2,501,2,1
2023HU0024394,1,501,3,1
2023HU0024394,2,501,3,1
2023HU0024657,1,501,1,1
2023HU0024657,2,196,1,1
2023HU0024657,3,501,1,1
2023HU0024711,1,501,1,1
2023HU0024711,2,501,1,1
2023HU0024711,3,501,1,1
2023HU0024711,4,501,1,1
2023HU0024754,1,406,1,1
2023HU0024798,1,233,2,1
2023HU0024798,2,233,2,1
2023HU0024798,3,233,2,1
2023HU0024798,4,233,2,1
2023HU0024798,5,233,2,1
2023HU0024841,1,190,1,1
2023HU0024841,2,190,1,1
2023HU0024841,3,190,1,1
2023HU0024841,4,190,1,1
2023HU0024841,5,190,1,1
2023HU0024841,6,190,1,1
2023HU0024854,1,476,1,1
2023HU0024854,2,476,1,1
2023HU0025007,1,501,1,1
2023HU0025007,2,501,1,1
2023HU0025010,1,51,3,1
2023HU0025031,1,349,1,1
2023HU0025046,1,411,3,1
2023HU0025103,1,112,2,1
2023HU0025114,1,315,3,1
2023HU0025424,1,220,3,1
2023HU0025424,2,220,3,1
2023HU0025424,3,220,3,1
2023HU0025424,4,220,3,1
2023HU0025424,5,220,3,1
2023HU0025469,1,155,3,1
2023HU0025552,1,501,2,1
2023HU0025552,2,501,2,1
2023HU0025552,3,10,2,1
2023HU0025552,4,159,2,1
2023HU0025552,5,59,2,1
2023HU0025552,6,0,2,1
2023HU0025552,7,,2,1
2023HU0025607,1,501,2,1
2023HU0025730,1,64,2,1
2023HU0025836,1,501,1,1
2023HU0025836,2,501,1,1
2023HU0025836,3,501,1,1
2023HU0025852,1,44,3,1
2023HU0025852,2,0,3,1
2023HU0025931,1,277,2,1
2023HU0025931,2,277,2,1
2023HU0025931,3,277,2,1
2023HU0025963,1,501,2,1
2023HU0026074,1,501,1,1
2023HU0026330,1,501,1,1
2023HU0026330,2,501,1,1
2023HU0026501,1,183,2,1
2023HU0026672,1,447,2,1
2023HU0026672,2,447,2,1
2023HU0026818,1,501,1,1
2023HU0026818,2,501,1,1
2023HU0026818,3,501,1,1
2023HU0026986,1,471,1,1
2023HU0027059,1,81,3,1
2023HU0027127,1,367,1,1
2023HU0027127,2,367,1,1
2023HU0027127,3,367,1,1
2023HU0027127,4,367,1,1
2023HU0027574,1,501,2,1
2023HU0027574,2,501,2,1
2023HU0027574,3,501,2,1
2023HU0027645,1,501,3,1
2023HU0027645,2,468,3,1
2023HU0027655,1,501,1,1
2023HU0027655,2,501,1,1
2023HU0027740,1,78,3,1
2023HU0027763,1,419,1,1
2023HU0027763,2,419,1,1
2023HU0027763,3,419,1,1
2023HU0027770,1,75,1,1
2023HU0027770,2,75,1,1
2023HU0027842,1,256,3,1
2023HU0027855,1,288,2,1
2023HU0027855,2,288,2,1
2023HU0027866,1,501,1,1
2023HU0027866,2,501,1,1
2023HU0027866,3,501,1,1
2023HU0027986,1,501,1,1
2023HU0027986,2,501,1,1
2023HU0027986,3,501,1,1
2023HU0027986,4,501,1,1
2023HU0027986,5,501,1,1
2023HU0028041,1,501,3,1
2023HU0028051,1,363,3,1
2023HU0028051,2,363,3,1
2023HU0028137,1,132,2,1
2023HU0028157,1,381,3,1
2023HU0028157,2,381,3,1
2023HU0028157,3,381,3,1
2023HU0028185,1,36,3,1
2023HU0028311,1,222,1,1
2023HU0028311,2,222,1,1
2023HU0028311,3,222,1,1
2023HU0028404,1,501,1,1
2023HU0028404,2,501,1,1
2023HU0028404,3,501,1,1
2023HU0028404,4,501,1,1
2023HU0028449,1,501,1,1
2023HU0028449,2,449,1,1
2023HU0028492,1,325,3,1
2023HU0028492,2,325,3,1
2023HU0028615,1,501,2,1
2023HU0028615,2,501,2,1
2023HU0028789,1,421,3,1
2023HU0028789,2,356,3,1
2023HU0028996,1,501,1,1
2023HU0028996,2,501,1,1
2023HU0028996,3,501,1,1
2023HU0028996,4,501,1,1
2023HU0029009,1,0,2,1
2023HU0029151,1,245,3,1
2023HU0029284,1,294,3,1
2023HU0029485,1,271,3,1
2023HU0029485,2,271,3,1
2023HU0029502,1,501,1,1
2023HU0029502,2,501,1,1
2023HU0029502,3,501,1,1
2023HU0029576,1,78,3,1
2023HU0029697,1,242,1,1
2023HU0029697,2,242,1,1
2023HU0029697,3,242,1,1
2023HU0029940,1,501,2,1
2023HU0029940,2,501,2,1
2023HU0029966,1,501,3,1
2023HU0030056,1,438,2,1
2023HU0030139,1,501,2,1
2023HU0030174,1,0,1,1
2023HU0030433,1,501,3,1
2023HU0030433,2,501,3,1
2023HU0030434,1,501,1,1
2023HU0030434,2,209,1,1
2023HU0030434,3,501,1,1
2023HU0030525,1,501,1,1
2023HU0030525,2,501,1,1
2023HU0030525,3,501,1,1
2023HU0030525,4,501,1,1
2023HU0030525,5,501,1,1
2023HU0030525,6,501,1,1
2023HU0030722,1,0,2,1
2023HU0030758,1,501,2,1
2023HU0030758,2,501,2,1
2023HU0030965,1,501,1,1
2023HU0030965,2,501,1,1
2023HU0030990,1,501,1,1
2023HU0031018,1,483,3,1
2023HU0031123,1,417,3,1
2023HU0031123,2,461,3,1
2023HU0031222,1,467,3,1
2023HU0031222,2,467,3,1
2023HU0031239,1,501,2,1
2023HU0031239,2,501,2,1
2023HU0031267,1,501,2,1
2023HU0031267,2,215,2,1
2023HU0031300,1,283,3,1
2023HU0031300,2,283,3,1
2023HU0031300,3,283,3,1
2023HU0031300,4,283,3,1
2023HU0031351,1,501,1,1
2023HU0031351,2,501,1,1
2023HU0031351,3,501,1,1
2023HU0031351,4,501,1,1
2023HU0031351,5,501,1,1
2023HU0031432,1,501,1,1
2023HU0031495,1,501,1,1
2023HU0031495,2,501,1,1
2023HU0031539,1,501,1,1
2023HU0031539,2,501,1,1
2023HU0031539,3,501,1,1
2023HU0031560,1,84,2,1
2023HU0031560,2,84,2,1
2023HU0031560,3,84,2,1
2023HU0031729,1,501,1,1
2023HU0031729,2,501,1,1
2023HU0031729,3,501,1,1
2023HU0031729,4,501,1,1
2023HU0031729,5,501,1,1
2023HU0031729,6,501,1,1
2023HU0031773,1,501,1,1
2023HU0031773,2,501,1,1
2023HU0031780,1,70,3,1
2023HU0031788,1,0,3,1
2023HU0031882,1,501,2,1
2023HU0031882,2,501,2,1
2023HU0031882,3,501,2,1
2023HU0031882,4,501,2,1
2023HU0031882,5,501,2,1
2023HU0032086,1,501,1,1
2023HU0032086,2,501,1,1
2023HU0032102,1,263,2,1
2023HU0032131,1,249,3,1
2023HU0032131,2,249,3,1
2023HU0032131,3,249,3,1
2023HU0032131,4,249,3,1
2023HU0032263,1,501,2,1
2023HU0032263,2,501,2,1
2023HU0032263,3,501,2,1
2023HU0032263,4,501,2,1
2023HU0032311,1,501,2,1
2023HU0032311,2,501,2,1
2023HU0032338,1,501,3,1
2023HU0032521,1,163,2,1
2023HU0032521,2,163,2,1
2023HU0032521,3,163,2,1
2023HU0032521,4,163,2,1
2023HU0032521,5,163,2,1
2023HU0032521,6,163,2,1
2023HU0032521,7,501,2,1
2023HU0032521,8,0,2,1
2023HU0032521,9,383,2,1
2023HU0032521,10,166,2,1
2023HU0032521,11,166,2,1
2023HU0032521,12,501,2,1
2023HU0032700,1,46,3,1
2023HU0032825,1,279,2,1
2023HU0032825,2,279,2,1
2023HU0032825,3,279,2,1
2023HU0033039,1,373,1,1
2023HU0033039,2,373,1,1
2023HU0033083,1,501,2,1
2023HU0033083,2,501,2,1
2023HU0033083,3,501,2,1
2023HU0033083,4,501,2,1
2023HU0033267,1,223,1,1
2023HU0033320,1,336,1,1
2023HU0033320,2,336,1,1
2023HU0033320,3,336,1,1
2023HU0033320,4,336,1,1
2023HU0033320,5,336,1,1
2023HU0033362,1,168,2,1
2023HU0033446,1,501,1,1
2023HU0033446,2,501,1,1
2023HU0033446,3,501,1,1
2023HU0033597,1,12,1,1
2023HU0033597,2,501,1,1
2023HU0033597,3,12,1,1
2023HU0033597,4,12,1,1
2023HU0033617,1,501,1,1
2023HU0033689,1,501,1,1
2023HU0033689,2,501,1,1
2023HU0033689,3,501,1,1
2023HU0033734,1,501,2,1
2023HU0033734,2,501,2,1
2023HU0033765,1,441,2,1
2023HU0033765,2,441,2,1
2023HU0033848,1,362,2,1
2023HU0033911,1,146,3,1
2023HU0033911,2,146,3,1
2023HU0034120,1,83,3,1
2023HU0034334,1,96,3,1
2023HU0034334,2,96,3,1
2023HU0034482,1,420,1,1
2023HU0034482,2,420,1,1
2023HU0034482,3,420,1,1
2023HU0034495,1,501,2,1
2023HU0034495,2,501,2,1
2023HU0034614,1,501,2,1
2023HU0034692,1,278,1,1
2023HU0034692,2,278,1,1
2023HU0034692,3,278,1,1
2023HU0034692,4,278,1,1
2023HU0034692,5,278,1,1
2023HU0034744,1,501,2,1
2023HU0034808,1,501,3,1
2023HU0034808,2,501,3,1
2023HU0034808,3,501,3,1
2023HU0034836,1,39,3,1
2023HU0034836,2,39,3,1
2023HU0034836,3,39,3,1
2023HU0034836,4,39,3,1
2023HU0034879,1,198,2,1
2023HU0034879,2,198,2,1
2023HU0035199,1,306,2,1
2023HU0035226,1,501,1,1
2023HU0035226,2,501,1,1
2023HU0035226,3,501,1,1
2023HU0035547,1,239,2,1
2023HU0035547,2,239,2,1
2023HU0035547,3,239,2,1
2023HU0035638,1,499,3,1
2023HU0035638,2,501,3,1
2023HU0035819,1,501,3,1
2023HU0035860,1,429,2,1
2023HU0035860,2,429,2,1
2023HU0035909,1,98,2,1
2023HU0036108,1,193,3,1
2023HU0036139,1,501,3,1
2023HU0036139,2,501,3,1
2023HU0036139,3,501,3,1
2023HU0036139,4,0,3,1
2023HU0036220,1,501,2,1
2023HU0036220,2,501,2,1
2023HU0036243,1,501,2,1
2023HU0036527,1,464,3,1
2023HU0036527,2,464,3,1
2023HU0036527,3,464,3,1
2023HU0036573,1,320,3,1
2023HU0036573,2,320,3,1
2023HU0036603,1,501,2,1
2023HU0036603,2,501,2,1
2023HU0036784,1,163,3,1
2023HU0036844,1,501,3,1
2023HU0036844,2,501,3,1
2023HU0036862,1,303,3,1
2023HU0036928,1,501,1,1
2023HU0036928,2,501,1,1
2023HU0036928,3,501,1,1
2023HU0037720,1,258,3,1
2023HU0037831,1,501,1,1
2023HU0037831,2,501,1,1
2023HU0037882,1,501,1,1
2023HU0037882,2,501,1,1
2023HU0037882,3,501,1,1
2023HU0037882,4,501,1,1
2023HU0037904,1,480,2,1
2023HU0037904,2,480,2,1
2023HU0037988,1,50,3,1
2023HU0037988,2,50,3,1
2023HU0037988,3,50,3,1
2023HU0038038,1,501,3,1
2023HU0038075,1,501,1,1
2023HU0038075,2,501,1,1
2023HU0038075,3,501,1,1
2023HU0038075,4,501,1,1
2023HU0038077,1,501,1,1
2023HU0038077,2,501,1,1
2023HU0038077,3,501,1,1
2023HU0038077,4,501,1,1
2023HU0038098,1,501,2,1
2023HU0038098,2,501,2,1
2023HU0038239,1,501,1,1
2023HU0038239,2,501,1,1
2023HU0038274,1,499,4,1
2023HU0038319,1,501,3,1
2023HU0038361,1,501,1,1
2023HU0038361,2,501,1,1
2023HU0038361,3,320,1,1
2023HU0038361,4,256,1,1
2023HU0038361,5,232,1,1
2023HU0038361,6,,1,1
2023HU0038361,7,115,1,1
2023HU0038361,8,461,1,1
2023HU0038361,9,0,1,1
2023HU0038361,10,,1,1
2023HU0038563,1,26,3,1
2023HU0038593,1,81,3,1
2023HU0038626,1,294,2,1
2023HU0038626,2,294,2,1
2023HU0038626,3,294,2,1
2023HU0038701,1,232,2,1
2023HU0038701,2,232,2,1
2023HU0038701,3,232,2,1
2023HU0038775,1,501,1,1
2023HU0038775,2,501,1,1
2023HU0038775,3,501,1,1
2023HU0038775,4,501,1,1
2023HU0038818,1,141,3,1
2023HU0038845,1,501,1,1
2023HU0038845,2,501,1,1
2023HU0038845,3,501,1,1
2023HU0038845,4,501,1,1
2023HU0038845,5,501,1,1
2023HU0038879,1,501,1,1
2023HU0038879,2,501,1,1
2023HU0038879,3,501,1,1
2023HU0039117,1,425,1,1
2023HU0039117,2,425,1,1
2023HU0039117,3,425,1,1
2023HU0039117,4,425,1,1
2023HU0039117,5,425,1,1
2023HU0039117,6,425,1,1
2023HU0039127,1,501,1,1
2023HU0039127,2,501,1,1
2023HU0039135,1,501,2,1
2023HU0039135,2,501,2,1
2023HU0039171,1,379,3,1
2023HU0039461,1,396,2,1
2023HU0039461,2,396,2,1
2023HU0039461,3,396,2,1
2023HU0039485,1,501,2,1
2023HU0039485,2,501,2,1
2023HU0039559,1,350,1,1
2023HU0039559,2,350,1,1
2023HU0039559,3,350,1,1
2023HU0039559,4,350,1,1
2023HU0039559,5,350,1,1
2023HU0039559,6,350,1,1
2023HU0039559,7,350,1,1
2023HU0039559,8,350,1,1
2023HU0039559,9,350,1,1
2023HU0039559,10,344,1,1
2023HU0039680,1,108,3,1
2023HU0039776,1,209,3,1
2023HU0039776,2,0,3,1
2023HU0039776,3,209,3,1
2023HU0039776,4,209,3,1
2023HU0039787,1,501,1,1
2023HU0039787,2,501,1,1
2023HU0039787,3,501,1,1
2023HU0039787,4,501,1,1
2023HU0039991,1,501,2,1
2023HU0039991,2,501,2,1
2023HU0040073,1,63,1,1
2023HU0040107,1,337,2,1
2023HU0040107,2,337,2,1
2023HU0040160,1,501,1,1
2023HU0040160,2,501,1,1
2023HU0040233,1,333,1,1
2023HU0040309,1,90,4,1
2023HU0040382,1,501,1,1
2023HU0040382,2,501,1,1
2023HU0040382,3,501,1,1
2023HU0040393,1,501,3,1
2023HU0040606,1,193,1,1
2023HU0040606,2,193,1,1
2023HU0040606,3,193,1,1
2023HU0040606,4,193,1,1
2023HU0040606,5,193,1,1
2023HU0040606,6,193,1,1
2023HU0040622,1,501,3,1
2023HU0040705,1,265,2,1
2023HU0040705,2,265,2,1
2023HU0040705,3,265,2,1
2023HU0040801,1,91,1,1
2023HU0040801,2,91,1,1
2023HU0040824,1,501,1,1
2023HU0040824,2,501,1,1
2023HU0040834,1,180,3,1
2023HU0040834,2,180,3,1
2023HU0040834,3,180,3,1
2023HU0040834,4,180,3,1
2023HU0040834,5,180,3,1
2023HU0040991,1,501,3,1
2023HU0040991,2,501,3,1
2023HU0041064,1,306,2,1
2023HU0041064,2,306,2,1
2023HU0041273,1,418,3,1
2023HU0041378,1,384,3,1
2023HU0041378,2,384,3,1
2023HU0041469,1,226,1,1
2023HU0042158,1,501,2,1
2023HU0042158,2,501,2,1
2023HU0042173,1,501,1,1
2023HU0042217,1,439,2,1
2023HU0042217,2,439,2,1
2023HU0042246,1,130,1,1
2023HU0042246,2,295,1,1
2023HU0042246,3,130,1,1
2023HU0042246,4,130,1,1
2023HU0042246,5,130,1,1
2023HU0042302,1,501,1,1
2023HU0042384,1,0,3,1
2023HU0042447,1,501,1,1
2023HU0042447,2,501,1,1
2023HU0042747,1,164,1,1
2023HU0042956,1,501,2,1
2023HU0042956,2,501,2,1
2023HU0042956,3,501,2,1
2023HU0042956,4,501,2,1
2023HU0043424,1,129,3,1
2023HU0043424,2,161,3,1
2023HU0043424,3,258,3,1
2023HU0043488,1,501,3,1
2023HU0043488,2,501,3,1
2023HU0043541,1,501,1,1
2023HU0043541,2,501,1,1
2023HU0043621,1,234,3,1
2023HU0043638,1,246,1,1
2023HU0043638,2,246,1,1
2023HU0043638,3,246,1,1
2023HU0043741,1,61,3,1
2023HU0043759,1,501,2,1
2023HU0043759,2,501,2,1
2023HU0043784,1,475,3,1
2023HU0043824,1,501,1,1
2023HU0043824,2,501,1,1
2023HU0043851,1,263,2,1
2023HU0043930,1,218,3,1
2023HU0043930,2,177,3,1
2023HU0043930,3,218,3,1
2023HU0043930,4,218,3,1
2023HU0043952,1,501,2,1
2023HU0043952,2,501,2,1
2023HU0044058,1,373,2,1
2023HU0044058,2,373,2,1
2023HU0044058,3,373,2,1
2023HU0044139,1,100,2,1
2023HU0044144,1,501,3,1
2023HU0044144,2,501,3,1
2023HU0044144,3,501,3,1
2023HU0044179,1,93,3,1
2023HU0044225,1,501,3,1
2023HU0044225,2,501,3,1
2023HU0044334,1,482,1,1
2023HU0044334,2,482,1,1
2023HU0044433,1,501,1,1
2023HU0044433,2,501,1,1
2023HU0044603,1,464,3,1
2023HU0044621,1,501,1,1
2023HU0044621,2,501,1,1
2023HU0044654,1,301,2,1
2023HU0044654,2,301,2,1
2023HU0044687,1,201,1,1
2023HU0044687,2,201,1,1
2023HU0044687,3,201,1,1
2023HU0044687,4,201,1,1
2023HU0044782,1,382,3,1
2023HU0044782,2,96,3,1
2023HU0044782,3,382,3,1
2023HU0044876,1,29,3,1
2023HU0044876,2,29,3,1
2023HU0044876,3,29,3,1
2023HU0045305,1,415,2,1
2023HU0045305,2,415,2,1
2023HU0045322,1,501,1,1
2023HU0045368,1,501,3,1
2023HU0045368,2,501,3,1
2023HU0045368,3,0,3,1
2023HU0045368,4,0,3,1
2023HU0045428,1,247,3,1
2023HU0045428,2,247,3,1
2023HU0045507,1,501,1,1
2023HU0045507,2,501,1,1
2023HU0045507,3,501,1,1
2023HU0045507,4,501,1,1
2023HU0045507,5,501,1,1
2023HU0045609,1,142,3,1
2023HU0045609,2,142,3,1
2023HU0045609,3,142,3,1
2023HU0045609,4,142,3,1
2023HU0045614,1,293,1,1
2023HU0045614,2,293,1,1
2023HU0045614,3,293,1,1
2023HU0045614,4,293,1,1
2023HU0045614,5,293,1,1
2023HU0045648,1,501,1,1
2023HU0045648,2,501,1,1
2023HU0045648,3,501,1,1
2023HU0045648,4,501,1,1
2023HU0045648,5,501,1,1
2023HU0045703,1,260,3,1
2023HU0045703,2,260,3,1
2023HU0045735,1,408,2,1
2023HU0045735,2,408,2,1
2023HU0046038,1,83,1,1
2023HU0046093,1,501,1,1
2023HU0046242,1,501,2,1
2023HU0046397,1,501,1,1
2023HU0046397,2,501,1,1
2023HU0046397,3,501,1,1
2023HU0046397,4,501,1,1
2023HU0046479,1,405,2,1
2023HU0046479,2,405,2,1
2023HU0046479,3,405,2,1
2023HU0046479,4,405,2,1
2023HU0046479,5,405,2,1
2023HU0046479,6,405,2,1
2023HU0046663,1,316,2,1
2023HU0046668,1,501,1,1
2023HU0046668,2,501,1,1
2023HU0046787,1,204,2,1
2023HU0046787,2,204,2,1
2023HU0046846,1,412,3,1
2023HU0046846,2,501,3,1
2023HU0046899,1,501,2,1
2023HU0046899,2,501,2,1
2023HU0046899,3,501,2,1
2023HU0046903,1,384,2,1
2023HU0047082,1,501,3,1
2023HU0047126,1,501,2,1
2023HU0047126,2,501,2,1
2023HU0047130,1,501,2,1
2023HU0047130,2,501,2,1
2023HU0047341,1,501,1,1
2023HU0047794,1,325,1,1
2023HU0047883,1,496,1,1
2023HU0047929,1,146,3,1
2023HU0047995,1,385,3,1
2023HU0047995,2,205,3,1
2023HU0047995,3,257,3,1
2023HU0048520,1,501,1,1
2023HU0048520,2,501,1,1
2023HU0048520,3,501,1,1
2023HU0048520,4,501,1,1
2023HU0048520,5,501,1,1
2023HU0048520,6,501,1,1
2023HU0049090,1,201,2,1
2023HU0049090,2,201,2,1
2023HU0049090,3,201,2,1
2023HU0049090,4,201,2,1
2023HU0049115,1,344,2,1
2023HU0049115,2,344,2,1
2023HU0049220,1,501,2,1
2023HU0049220,2,501,2,1
2023HU0049222,1,270,2,1
2023HU0049222,2,270,2,1
2023HU0049222,3,270,2,1
2023HU0049222,4,270,2,1
2023HU0049222,5,5,2,1
2023HU0049299,1,253,3,1
2023HU0049299,2,0,3,1
2023HU0049299,3,0,3,1
2023HU0049299,4,0,3,1
2023HU0049486,1,501,1,1
2023HU0049486,2,501,1,1
2023HU0049486,3,501,1,1
2023HU0049486,4,501,1,1
2023HU0049490,1,175,1,1
2023HU0049490,2,175,1,1
2023HU0049490,3,175,1,1
2023HU0049490,4,175,1,1
2023HU0049807,1,501,1,1
2023HU0049807,2,501,1,1
2023HU0049807,3,501,1,1
2023HU0049807,4,501,1,1
2023HU0049810,1,501,1,1
2023HU0049810,2,501,1,1
2023HU0049810,3,501,1,1
2023HU0049871,1,84,2,1
2023HU0049949,1,274,1,1
2023HU0049949,2,274,1,1
2023HU0049949,3,274,1,1
2023HU0049949,4,274,1,1
2023HU0049949,5,274,1,1
2023HU0050065,1,501,1,1
2023HU0050065,2,100,1,1
2023HU0050270,1,501,1,1
2023HU0050270,2,501,1,1
2023HU0050296,1,98,3,1
2023HU0050296,2,98,3,1
2023HU0050296,3,98,3,1
2023HU0050296,4,98,3,1
2023HU0050456,1,474,3,1
2023HU0050456,2,474,3,1
2023HU0050456,3,474,3,1
2023HU0050456,4,474,3,1
2023HU0050507,1,229,1,1
2023HU0050507,2,229,1,1
2023HU0050507,3,229,1,1
2023HU0050507,4,229,1,1
2023HU0050512,1,86,3,1
2023HU0050560,1,54,2,1
2023HU0050560,2,54,2,1
2023HU0050647,1,97,4,1
2023HU0050647,2,97,4,1
2023HU0050647,3,97,4,1
2023HU0050945,1,501,1,1
2023HU0050945,2,501,1,1
2023HU0050954,1,501,3,1
2023HU0050954,2,501,3,1
2023HU0050954,3,501,3,1
2023HU0051049,1,123,1,1
2023HU0051049,2,123,1,1
2023HU0051049,3,123,1,1
2023HU0051057,1,99,3,1
2023HU0051089,1,501,3,1
2023HU0051142,1,501,2,1
2023HU0051142,2,501,2,1
2023HU0051160,1,465,3,1
2023HU0051160,2,465,3,1
2023HU0051160,3,130,3,1
2023HU0051276,1,501,3,1
2023HU0051276,2,501,3,1
2023HU0051276,3,501,3,1
2023HU0051276,4,501,3,1
2023HU0051517,1,501,1,1
2023HU0051517,2,501,1,1
2023HU0051517,3,501,1,1
2023HU0051517,4,501,1,1
2023HU0051696,1,501,1,1
2023HU0051732,1,326,3,1
2023HU0051781,1,38,3,1
2023HU0051934,1,317,2,1
2023HU0051976,1,501,1,1
2023HU0051976,2,501,1,1
2023HU0051976,3,501,1,1
2023HU0052002,1,28,4,1
2023HU0052004,1,40,3,1
2023HU0052022,1,171,3,1
2023HU0052026,1,501,3,1
2023HU0052066,1,226,2,1
2023HU0052066,2,226,2,1
2023HU0052077,1,243,3,1
2023HU0052231,1,99,3,1
2023HU0052235,1,501,1,1
2023HU0052235,2,501,1,1
2023HU0052239,1,501,2,1
2023HU0052239,2,501,2,1
2023HU0052269,1,501,1,1
2023HU0052269,2,317,1,1
2023HU0052269,3,0,1,1
2023HU0052269,4,501,1,1
2023HU0052269,5,388,1,1
2023HU0052506,1,501,1,1
2023HU0052506,2,501,1,1
2023HU0052506,3,501,1,1
2023HU0052506,4,501,1,1
2023HU0052638,1,501,1,1
2023HU0052638,2,501,1,1
2023HU0052638,3,501,1,1
2023HU0052638,4,501,1,1
2023HU0052813,1,95,2,1
2023HU0052813,2,95,2,1
2023HU0053055,1,501,2,1
2023HU0053055,2,501,2,1
2023HU0053129,1,324,1,1
2023HU0053129,2,324,1,1
2023HU0053129,3,324,1,1
2023HU0053129,4,324,1,1
2023HU0053129,5,324,1,1
2023HU0053238,1,77,3,1
2023HU0053252,1,501,2,1
2023HU0053252,2,501,2,1
2023HU0053257,1,59,2,1
2023HU0053257,2,59,2,1
2023HU0053292,1,116,2,1
2023HU0053292,2,319,2,1
2023HU0053292,3,501,2,1
2023HU0053367,1,264,2,1
2023HU0053367,2,264,2,1
2023HU0053367,3,264,2,1
2023HU0053367,4,264,2,1
2023HU0053497,1,0,2,1
2023HU0053497,2,0,2,1
2023HU0053517,1,501,1,1
2023HU0053567,1,501,1,1
2023HU0053567,2,501,1,1
2023HU0053622,1,24,3,1
2023HU0053647,1,134,2,1
2023HU0053647,2,66,2,1
2023HU0053740,1,96,1,1
2023HU0053740,2,96,1,1
2023HU0053740,3,96,1,1
2023HU0053740,4,96,1,1
2023HU0053740,5,96,1,1
2023HU0053740,6,96,1,1
2023HU0053753,1,167,2,1
2023HU0053828,1,501,1,1
2023HU0053828,2,501,1,1
2023HU0053828,3,501,1,1
2023HU0053828,4,501,1,1
2023HU0053828,5,501,1,1
2023HU0053995,1,84,3,1
2023HU0054015,1,501,1,1
2023HU0054098,1,410,1,1
2023HU0054098,2,410,1,1
2023HU0054098,3,410,1,1
2023HU0054098,4,410,1,1
2023HU0054166,1,69,3,1
2023HU0054218,1,50,2,1
2023HU0054218,2,50,2,1
2023HU0054297,1,501,1,1
2023HU0054321,1,501,1,1
2023HU0054321,2,501,1,1
2023HU0054321,3,501,1,1
2023HU0054541,1,501,1,1
2023HU0054544,1,501,2,1
2023HU0054544,2,501,2,1
2023HU0054599,1,501,2,1
2023HU0054599,2,501,2,1
2023HU0054630,1,501,1,1
2023HU0054630,2,501,1,1
2023HU0054824,1,501,1,1
2023HU0054824,2,501,1,1
2023HU0054824,3,501,1,1
2023HU0054843,1,501,2,1
2023HU0054843,2,501,2,1
2023HU0054900,1,39,3,1
2023HU0054900,2,39,3,1
2023HU0054900,3,39,3,1
2023HU0054900,4,39,3,1
2023HU0054975,1,379,3,1
2023HU0055322,1,501,1,1
2023HU0055322,2,501,1,1
2023HU0055322,3,501,1,1
2023HU0055384,1,501,2,1
2023HU0055384,2,501,2,1
2023HU0055450,1,501,3,1
2023HU0055450,2,501,3,1
2023HU0055472,1,180,2,1
2023HU0055496,1,11,3,1
2023HU0055710,1,356,1,1
2023HU0055710,2,356,1,1
2023HU0055710,3,356,1,1
2023HU0055710,4,356,1,1
2023HU0055710,5,356,1,1
2023HU0055869,1,140,3,1
2023HU0055869,2,160,3,1
2023HU0055869,3,140,3,1
2023HU0055955,1,306,1,1
2023HU0055955,2,306,1,1
2023HU0055979,1,352,2,1
2023HU0055993,1,328,3,1
2023HU0055993,2,328,3,1
2023HU0056014,1,501,1,1
2023HU0056136,1,362,3,1
2023HU0056187,1,339,2,1
2023HU0056187,2,339,2,1
2023HU0056221,1,229,3,1
2023HU0056221,2,429,3,1
2023HU0056289,1,501,2,1
2023HU0056289,2,501,2,1
2023HU0056289,3,501,2,1
2023HU0056429,1,301,1,1
2023HU0056429,2,301,1,1
2023HU0056434,1,94,1,1
2023HU0056434,2,94,1,1
2023HU0056460,1,187,3,1
2023HU0056460,2,187,3,1
2023HU0056460,3,187,3,1
2023HU0056460,4,187,3,1
2023HU0056460,5,187,3,1
2023HU0056460,6,,3,1
2023HU0056460,7,,3,1
2023HU0056833,1,70,3,1
2023HU0057058,1,41,3,1
2023HU0057058,2,41,3,1
2023HU0057058,3,41,3,1
2023HU0057058,4,41,3,1
2023HU0057152,1,501,1,1
2023HU0057152,2,501,1,1
2023HU0057152,3,501,1,1
2023HU0057152,4,501,1,1
2023HU0057261,1,269,3,1
2023HU0057268,1,422,2,1
2023HU0057268,2,422,2,1
2023HU0057494,1,181,2,1
2023HU0057507,1,95,3,1
2023HU0057521,1,501,1,1
2023HU0057521,2,501,1,1
2023HU0057521,3,501,1,1
2023HU0057521,4,501,1,1
2023HU0057723,1,62,2,1
2023HU0057896,1,159,3,1
2023HU0057896,2,159,3,1
2023HU0057896,3,159,3,1
2023HU0057966,1,413,1,1
2023HU0057966,2,413,1,1
2023HU0057966,3,413,1,1
2023HU0058148,1,501,4,1
2023HU0058148,2,501,4,1
2023HU0058148,3,501,4,1
2023HU0058148,4,501,4,1
2023HU0058268,1,501,1,1
2023HU0058268,2,501,1,1
2023HU0058268,3,501,1,1
2023HU0058268,4,501,1,1
2023HU0058514,1,332,1,1
2023HU0058574,1,318,1,1
2023HU0058574,2,82,1,1
2023HU0059015,1,272,1,1
2023HU0059015,2,272,1,1
2023HU0059015,3,272,1,1
2023HU0059015,4,272,1,1
2023HU0059015,5,272,1,1
2023HU0059015,6,272,1,1
2023HU0059015,7,272,1,1
2023HU0059255,1,501,1,1
2023HU0059255,2,501,1,1
2023HU0059255,3,501,1,1
2023HU0059269,1,177,3,1
2023HU0059269,2,367,3,1
2023HU0059269,3,190,3,1
2023HU0059650,1,307,2,1
2023HU0059779,1,501,2,1
2023HU0059869,1,501,1,1
2023HU0060137,1,501,1,1
2023HU0060137,2,501,1,1
2023HU0060317,1,68,2,1
2023HU0060317,2,68,2,1
2023HU0060345,1,501,1,1
2023HU0060347,1,22,3,1
2023HU0060347,2,0,3,1
2023HU0060364,1,104,3,1
2023HU0060652,1,443,2,1
2023HU0060652,2,443,2,1
2023HU0060652,3,443,2,1
2023HU0060726,1,501,1,1
2023HU0060842,1,179,3,1
2023HU0060842,2,179,3,1
2023HU0060842,3,179,3,1
2023HU0060842,4,179,3,1
2023HU0060842,5,179,3,1
2023HU0060850,1,359,2,1
2023HU0060912,1,501,1,1
2023HU0060912,2,501,1,1
2023HU0061040,1,501,1,1
2023HU0061040,2,501,1,1
2023HU0061060,1,501,2,1
2023HU0061060,2,501,2,1
2023HU0061060,3,501,2,1
2023HU0061084,1,0,4,1
2023HU0061084,2,0,4,1
2023HU0061084,3,0,4,1
2023HU0061251,1,501,1,1
2023HU0061251,2,501,1,1
2023HU0061419,1,501,3,1
2023HU0061419,2,501,3,1
2023HU0061419,3,501,3,1
2023HU0061460,1,402,1,1
2023HU0061460,2,427,1,1
2023HU0061460,3,402,1,1
2023HU0061480,1,395,2,1
2023HU0061480,2,395,2,1
2023HU0061641,1,289,2,1
2023HU0061712,1,348,2,1
2023HU0061815,1,501,1,1
2023HU0061815,2,501,1,1
2023HU0061827,1,222,3,1
2023HU0061859,1,0,2,1
2023HU0061895,1,417,3,1
2023HU0062000,1,111,3,1
2023HU0062206,1,70,3,1
2023HU0062338,1,372,3,1
2023HU0062430,1,206,3,1
2023HU0062430,2,206,3,1
2023HU0062430,3,206,3,1
2023HU0062430,4,206,3,1
2023HU0062430,5,206,3,1
2023HU0062430,6,206,3,1
2023HU0062596,1,501,1,1
2023HU0062641,1,356,2,1
2023HU0062641,2,349,2,1
2023HU0062908,1,13,2,1
2023HU0062964,1,158,2,1
2023HU0063087,1,82,3,1
2023HU0063277,1,266,1,1
2023HU0063277,2,266,1,1
2023HU0063277,3,266,1,1
2023HU0063277,4,266,1,1
2023HU0063339,1,397,1,1
2023HU0063339,2,397,1,1
2023HU0063373,1,84,3,1
2023HU0063383,1,13,3,1
2023HU0063411,1,211,3,1
2023HU0063411,2,211,3,1
2023HU0063411,3,211,3,1
2023HU0063833,1,501,1,1
2023HU0063833,2,501,1,1
2023HU0063996,1,277,3,1
2023HU0063996,2,277,3,1
2023HU0063996,3,277,3,1
2023HU0064015,1,501,2,1
2023HU0064060,1,501,1,1
2023HU0064060,2,501,1,1
2023HU0064145,1,365,4,1
2023HU0064145,2,365,4,1
2023HU0064278,1,323,3,1
2023HU0064278,2,323,3,1
2023HU0064278,3,323,3,1
2023HU0064278,4,323,3,1
2023HU0064315,1,501,1,1
2023HU0064315,2,501,1,1
2023HU0064315,3,501,1,1
2023HU0064363,1,428,3,1
2023HU0064363,2,428,3,1
2023HU0064439,1,116,2,1
2023HU0064441,1,146,1,1
2023HU0064441,2,0,1,1
2023HU0064441,3,146,1,1
2023HU0064441,4,146,1,1
2023HU0064441,5,146,1,1
2023HU0064680,1,239,1,1
2023HU0064680,2,239,1,1
2023HU0064680,3,239,1,1
2023HU0064708,1,501,3,1
2023HU0064708,2,501,3,1
2023HU0064710,1,15,2,1
2023HU0064710,2,15,2,1
2023HU0064710,3,15,2,1
2023HU0064858,1,501,2,1
2023HU0064858,2,501,2,1
2023HU0064858,3,501,2,1
2023HU0064858,4,501,2,1
2023HU0064897,1,243,3,1
2023HU0065164,1,501,3,1
2023HU0065164,2,501,3,1
2023HU0065164,3,501,3,1
2023HU0065164,4,501,3,1
2023HU0065279,1,501,2,1
2023HU0065279,2,501,2,1
2023HU0065362,1,337,1,1
2023HU0065362,2,337,1,1
2023HU0065362,3,337,1,1
2023HU0065362,4,337,1,1
2023HU0065362,5,337,1,1
2023HU0065362,6,337,1,1
2023HU0065362,7,337,1,1
2023HU0065536,1,501,3,1
2023HU0065536,2,501,3,1
2023HU0065557,1,0,3,1
2023HU0065604,1,262,1,1
2023HU0065635,1,501,1,1
2023HU0065635,2,501,1,1
2023HU0065761,1,144,1,1
2023HU0065761,2,144,1,1
2023HU0065787,1,324,1,1
2023HU0065787,2,324,1,1
2023HU0065787,3,324,1,1
2023HU0065787,4,324,1,1
2023HU0066044,1,501,1,1
2023HU0066044,2,501,1,1
2023HU0066048,1,285,3,1
2023HU0066090,1,501,2,1
2023HU0066090,2,501,2,1
2023HU0066112,1,501,1,1
2023HU0066112,2,501,1,1
2023HU0066112,3,501,1,1
2023HU0066112,4,501,1,1
2023HU0066187,1,0,3,1
2023HU0066187,2,0,3,1
2023HU0066337,1,8,4,1
2023HU0066513,1,439,2,1
2023HU0066535,1,501,2,1
2023HU0066925,1,501,3,1
2023HU0066925,2,501,3,1
2023HU0066936,1,79,3,1
2023HU0066936,2,79,3,1
2023HU0066936,3,79,3,1
2023HU0066936,4,79,3,1
2023HU0066936,5,79,3,1
2023HU0067192,1,501,1,1
2023HU0067192,2,501,1,1
2023HU0067199,1,229,3,1
2023HU0067199,2,501,3,1
2023HU0067250,1,102,3,1
2023HU0067273,1,501,1,1
2023HU0067273,2,501,1,1
2023HU0067477,1,63,3,1
2023HU0067480,1,501,1,1
2023HU0067480,2,501,1,1
2023HU0067480,3,501,1,1
2023HU0067480,4,501,1,1
2023HU0067516,1,320,3,1
2023HU0067530,1,0,3,1
2023HU0067530,2,0,3,1
2023HU0067706,1,501,2,1
2023HU0067706,2,501,2,1
2023HU0067710,1,100,3,1
2023HU0067723,1,501,1,1
2023HU0067723,2,501,1,1
2023HU0067820,1,288,1,1
2023HU0067834,1,501,3,1
2023HU0067834,2,501,3,1
2023HU0067834,3,394,3,1
2023HU0067865,1,19,3,1
2023HU0067884,1,501,2,1
2023HU0067884,2,501,2,1
2023HU0068020,1,501,3,1
2023HU0068020,2,466,3,1
2023HU0068387,1,501,1,1
2023HU0068387,2,501,1,1
2023HU0068387,3,501,1,1
2023HU0068421,1,11,2,1
2023HU0068421,2,11,2,1
2023HU0068421,3,11,2,1
2023HU0068421,4,6,2,1
2023HU0068583,1,501,1,1
2023HU0068583,2,501,1,1
2023HU0068659,1,501,3,1
2023HU0068659,2,501,3,1
2023HU0068659,3,501,3,1
2023HU0068805,1,501,1,1
2023HU0068805,2,501,1,1
2023HU0068946,1,501,1,1
2023HU0069020,1,0,2,1
2023HU0069077,1,346,3,1
2023HU0069077,2,346,3,1
2023HU0069077,3,346,3,1
2023HU0069077,4,346,3,1
2023HU0069077,5,346,3,1
2023HU0069077,6,346,3,1
2023HU0069077,7,346,3,1
2023HU0069077,8,346,3,1
2023HU0069077,9,346,3,1
2023HU0069077,10,346,3,1
2023HU0069129,1,403,3,1
2023HU0069356,1,501,1,1
2023HU0069356,2,501,1,1
2023HU0069356,3,501,1,1
2023HU0069361,1,501,3,1
2023HU0069361,2,501,3,1
2023HU0069361,3,501,3,1
2023HU0069364,1,130,3,1
2023HU0069390,1,338,1,1
2023HU0069518,1,334,1,1
2023HU0069518,2,334,1,1
2023HU0069518,3,334,1,1
2023HU0069518,4,334,1,1
2023HU0069518,5,334,1,1
2023HU0069518,6,334,1,1
2023HU0069545,1,383,2,1
2023HU0069608,1,2,4,1
2023HU0069608,2,2,4,1
2023HU0069788,1,253,3,1
2023HU0070028,1,501,3,1
2023HU0070028,2,501,3,1
2023HU0070028,3,501,3,1
2023HU0070028,4,501,3,1
2023HU0070028,5,501,3,1
2023HU0070108,1,161,3,1
2023HU0070108,2,161,3,1
2023HU0070128,1,501,1,1
2023HU0070128,2,501,1,1
2023HU0070128,3,501,1,1
2023HU0070128,4,501,1,1
2023HU0070128,5,501,1,1
2023HU0070387,1,367,1,1
2023HU0070485,1,203,2,1
2023HU0070485,2,203,2,1
2023HU0070485,3,203,2,1
2023HU0070485,4,203,2,1
2023HU0070506,1,501,2,1
2023HU0070695,1,501,3,1
2023HU0070695,2,501,3,1
2023HU0070728,1,501,1,1
2023HU0070728,2,501,1,1
2023HU0070808,1,221,1,1
2023HU0070863,1,312,1,1
2023HU0070863,2,501,1,1
2023HU0070899,1,250,2,1
2023HU0070899,2,250,2,1
2023HU0070899,3,250,2,1
2023HU0071004,1,501,1,1
2023HU0071004,2,501,1,1
2023HU0071004,3,501,1,1
2023HU0071106,1,433,1,1
2023HU0071106,2,433,1,1
2023HU0071229,1,501,3,1
2023HU0071462,1,501,1,1
2023HU0071462,2,501,1,1
2023HU0071462,3,501,1,1
2023HU0071543,1,501,1,1
2023HU0071543,2,501,1,1
2023HU0071633,1,501,3,1
2023HU0071768,1,41,3,1
2023HU0071893,1,501,1,1
2023HU0071915,1,501,1,1
2023HU0071915,2,501,1,1
2023HU0071955,1,411,2,1
2023HU0071955,2,411,2,1
2023HU0072038,1,424,3,1
2023HU0072229,1,377,3,1
2023HU0072229,2,377,3,1
2023HU0072229,3,377,3,1
2023HU0072229,4,377,3,1
2023HU0072283,1,501,2,1
2023HU0072374,1,270,1,1
2023HU0072648,1,501,1,1
2023HU0072648,2,501,1,1
2023HU0072656,1,501,3,1
2023HU0072849,1,313,2,1
2023HU0072849,2,313,2,1
2023HU0072896,1,501,1,1
2023HU0072896,2,501,1,1
2023HU0072988,1,343,1,1
2023HU0072988,2,343,1,1
2023HU0073000,1,105,3,1
2023HU0073000,2,105,3,1
2023HU0073000,3,105,3,1
2023HU0073000,4,105,3,1
2023HU0073000,5,105,3,1
2023HU0073000,6,105,3,1
2023HU0073020,1,70,2,1
2023HU0073057,1,501,3,1
2023HU0073057,2,501,3,1
2023HU0073057,3,501,3,1
2023HU0073203,1,303,1,1
2023HU0073203,2,303,1,1
2023HU0073299,1,99,2,1
2023HU0073468,1,501,1,1
2023HU0073621,1,501,1,1
2023HU0073621,2,501,1,1
2023HU0073768,1,169,3,1
2023HU0073768,2,169,3,1
2023HU0073964,1,95,3,1
2023HU0073970,1,223,2,1
2023HU0073970,2,223,2,1
2023HU0073970,3,223,2,1
2023HU0073970,4,223,2,1
2023HU0074082,1,501,1,1
2023HU0074082,2,501,1,1
2023HU0074193,1,143,3,1
2023HU0074193,2,77,3,1
2023HU0074210,1,501,1,1
2023HU0074210,2,501,1,1
2023HU0074270,1,111,3,1
2023HU0074270,2,111,3,1
2023HU0074270,3,111,3,1
2023HU0074610,1,384,2,1
2023HU0074629,1,501,1,1
2023HU0074629,2,501,1,1
2023HU0074719,1,487,2,1
2023HU0074719,2,487,2,1
2023HU0074719,3,487,2,1
2023HU0074741,1,501,2,1
2023HU0074741,2,501,2,1
2023HU0074877,1,296,3,1
2023HU0074877,2,296,3,1
2023HU0074991,1,501,2,1
2023HU0074991,2,501,2,1
2023HU0074991,3,501,2,1
2023HU0075085,1,450,3,1
2023HU0075085,2,450,3,1
2023HU0075154,1,306,2,1
2023HU0075154,2,306,2,1
2023HU0075154,3,306,2,1
2023HU0075154,4,306,2,1
2023HU0075154,5,306,2,1
2023HU0075154,6,306,2,1
2023HU0075154,7,306,2,1
2023HU0075158,1,208,1,1
2023HU0075158,2,208,1,1
2023HU0075220,1,241,2,1
2023HU0075220,2,241,2,1
2023HU0075220,3,241,2,1
2023HU0075324,1,374,3,1
2023HU0075324,2,494,3,1
2023HU0075374,1,448,3,1
2023HU0075379,1,501,1,1
2023HU0075379,2,501,1,1
2023HU0075379,3,501,1,1
2023HU0075388,1,382,1,1
2023HU0075388,2,382,1,1
2023HU0075424,1,329,2,1
2023HU0075424,2,329,2,1
2023HU0075424,3,329,2,1
2023HU0075424,4,329,2,1
2023HU0075734,1,259,3,1
2023HU0075836,1,299,2,1
2023HU0075948,1,501,1,1
2023HU0075948,2,501,1,1
2023HU0075948,3,501,1,1
2023HU0076030,1,280,2,1
2023HU0076112,1,125,3,1
2023HU0076112,2,0,3,1
2023HU0076166,1,250,3,1
2023HU0076228,1,241,2,1
2023HU0076315,1,501,1,1
2023HU0076479,1,464,1,1
2023HU0076561,1,115,3,1
2023HU0076561,2,115,3,1
2023HU0076561,3,115,3,1
2023HU0076561,4,115,3,1
2023HU0076586,1,96,2,1
2023HU0076586,2,96,2,1
2023HU0076614,1,501,2,1
2023HU0076614,2,501,2,1
2023HU0076739,1,444,3,1
2023HU0076739,2,444,3,1
2023HU0076818,1,457,3,1
2023HU0076883,1,224,1,1
2023HU0076883,2,224,1,1
2023HU0077027,1,122,1,1
2023HU0077027,2,122,1,1
2023HU0077140,1,376,1,1
2023HU0077140,2,376,1,1
2023HU0077140,3,376,1,1
2023HU0077140,4,376,1,1
2023HU0077183,1,277,3,1
2023HU0077183,2,277,3,1
2023HU0077183,3,277,3,1
2023HU0077183,4,277,3,1
2023HU0077183,5,277,3,1
2023HU0077274,1,496,1,1
2023HU0077460,1,69,1,1
2023HU0077460,2,69,1,1
2023HU0077460,3,69,1,1
2023HU0077460,4,69,1,1
2023HU0077544,1,241,1,1
2023HU0077544,2,501,1,1
2023HU0077544,3,241,1,1
2023HU0077613,1,501,1,1
2023HU0077613,2,501,1,1
2023HU0077613,3,501,1,1
2023HU0077613,4,501,1,1
2023HU0077650,1,314,1,1
2023HU0077650,2,501,1,1
2023HU0077815,1,101,2,1
2023HU0077970,1,398,1,1
2023HU0077970,2,398,1,1
2023HU0078102,1,13,3,1
2023HU0078137,1,321,1,1
2023HU0078137,2,321,1,1
2023HU0078137,3,321,1,1
2023HU0078137,4,321,1,1
2023HU0078137,5,321,1,1
2023HU0078293,1,501,2,1
2023HU0078293,2,501,2,1
2023HU0078349,1,501,2,1
2023HU0078481,1,0,1,1
2023HU0078758,1,424,2,1
2023HU0078758,2,424,2,1
2023HU0078822,1,430,1,1
2023HU0078822,2,430,1,1
2023HU0078822,3,430,1,1
2023HU0078822,4,430,1,1
2023HU0078943,1,133,2,1
2023HU0078943,2,133,2,1
2023HU0078943,3,133,2,1
2023HU0078943,4,133,2,1
2023HU0078943,5,133,2,1
2023HU0078943,6,133,2,1
2023HU0078943,7,133,2,1
2023HU0079032,1,0,3,1
2023HU0079053,1,501,1,1
2023HU0079113,1,501,2,1
2023HU0079446,1,261,3,1
2023HU0079550,1,501,2,1
2023HU0079550,2,501,2,1
2023HU0079550,3,501,2,1
2023HU0079550,4,501,2,1
2023HU0079568,1,501,1,1
2023HU0079568,2,501,1,1
2023HU0079762,1,81,3,1
2023HU0079762,2,81,3,1
2023HU0079762,3,81,3,1
2023HU0079820,1,209,2,1
2023HU0079820,2,209,2,1
2023HU0079820,3,209,2,1
2023HU0079820,4,209,2,1
2023HU0079820,5,209,2,1
2023HU0080139,1,313,3,1
2023HU0080149,1,84,3,1
2023HU0080149,2,448,3,1
2023HU0080149,3,84,3,1
2023HU0080149,4,84,3,1
2023HU0080363,1,171,1,1
2023HU0080363,2,171,1,1
2023HU0080401,1,501,1,1
2023HU0080401,2,0,1,1
2023HU0080560,1,501,1,1
2023HU0080560,2,501,1,1
2023HU0080560,3,501,1,1
2023HU0080560,4,501,1,1
2023HU0080702,1,340,2,1
2023HU0080702,2,204,2,1
2023HU0080702,3,340,2,1
2023HU0080702,4,340,2,1
2023HU0080702,5,340,2,1
2023HU0080810,1,501,1,1
2023HU0080810,2,501,1,1
2023HU0080914,1,183,1,1
2023HU0080914,2,183,1,1
2023HU0080914,3,183,1,1
2023HU0080914,4,183,1,1
2023HU0080914,5,183,1,1
2023HU0080914,6,183,1,1
2023HU0080914,7,183,1,1
2023HU0080914,8,183,1,1
2023HU0080914,9,183,1,1
2023HU0080915,1,501,3,1
2023HU0080938,1,334,2,1
2023HU0080948,1,501,2,1
2023HU0080948,2,501,2,1
2023HU0081008,1,501,1,1
2023HU0081008,2,501,1,1
2023HU0081208,1,313,1,1
2023HU0081236,1,37,2,1
2023HU0081385,1,256,3,1
2023HU0081618,1,281,1,1
2023HU0081618,2,422,1,1
2023HU0081813,1,222,3,1
2023HU0081814,1,14,3,1
2023HU0081816,1,501,1,1
2023HU0081816,2,501,1,1
2023HU0081816,3,501,1,1
2023HU0081816,4,501,1,1
2023HU0081816,5,501,1,1
2023HU0081816,6,501,1,1
2023HU0081816,7,501,1,1
2023HU0081860,1,360,1,1
2023HU0081860,2,360,1,1
2023HU0081860,3,360,1,1
2023HU0081860,4,360,1,1
2023HU0081872,1,501,1,1
2023HU0081872,2,0,1,1
2023HU0082072,1,297,2,1
2023HU0082072,2,297,2,1
2023HU0082108,1,281,3,1
2023HU0082166,1,290,3,1
2023HU0082166,2,290,3,1
2023HU0082166,3,290,3,1
2023HU0082868,1,501,3,1
2023HU0082868,2,501,3,1
2023HU0082875,1,155,2,1
2023HU0082875,2,155,2,1
2023HU0082944,1,445,2,1
2023HU0082944,2,445,2,1
2023HU0083067,1,501,1,1
2023HU0083067,2,501,1,1
2023HU0083102,1,501,1,1
2023HU0083102,2,501,1,1
2023HU0083102,3,501,1,1
2023HU0083136,1,497,2,1
2023HU0083139,1,195,2,1
2023HU0083139,2,190,2,1
2023HU0083139,3,195,2,1
2023HU0083139,4,195,2,1
2023HU0083139,5,195,2,1
2023HU0083139,6,0,2,1
2023HU0083141,1,166,3,1
2023HU0083141,2,166,3,1
2023HU0083141,3,166,3,1
2023HU0083141,4,166,3,1
2023HU0083141,5,166,3,1
2023HU0083209,1,65,2,1
2023HU0083209,2,65,2,1
2023HU0083331,1,501,2,1
2023HU0083497,1,103,3,1
2023HU0083645,1,454,1,1
2023HU0083645,2,454,1,1
2023HU0083645,3,454,1,1
2023HU0083869,1,487,1,1
2023HU0083869,2,487,1,1
2023HU0083869,3,487,1,1
2023HU0083869,4,487,1,1
2023HU0083893,1,501,2,1
2023HU0083893,2,501,2,1
2023HU0083893,3,501,2,1
2023HU0084024,1,501,3,1
2023HU0084139,1,501,1,1
2023HU0084139,2,501,1,1
2023HU0084139,3,501,1,1
2023HU0084139,4,501,1,1
2023HU0084143,1,256,2,1
2023HU0084143,2,256,2,1
2023HU0084143,3,256,2,1
2023HU0084143,4,256,2,1
2023HU0084143,5,256,2,1
2023HU0084279,1,314,2,1
2023HU0084279,2,314,2,1
2023HU0084279,3,314,2,1
2023HU0084279,4,314,2,1
2023HU0084279,5,314,2,1
2023HU0084280,1,67,3,1
2023HU0084293,1,297,3,1
2023HU0084293,2,297,3,1
2023HU0084293,3,297,3,1
2023HU0084398,1,203,3,1
2023HU0084398,2,203,3,1
2023HU0084398,3,203,3,1
2023HU0084398,4,203,3,1
2023HU0084482,1,271,3,1
2023HU0084496,1,424,3,1
2023HU0084496,2,424,3,1
2023HU0084496,3,501,3,1
2023HU0085254,1,302,3,1
2023HU0085308,1,468,2,1
2023HU0085308,2,468,2,1
2023HU0085308,3,468,2,1
2023HU0085308,4,468,2,1
2023HU0085308,5,468,2,1
2023HU0085308,6,468,2,1
2023HU0085308,7,468,2,1
2023HU0085308,8,468,2,1
2023HU0085308,9,468,2,1
2023HU0085308,10,468,2,1
2023HU0085308,11,468,2,1
2023HU0085447,1,501,2,1
2023HU0085447,2,501,2,1
2023HU0085459,1,265,3,1
2023HU0085459,2,265,3,1
2023HU0085459,3,265,3,1
2023HU0085501,1,419,2,1
2023HU0085501,2,419,2,1
2023HU0085501,3,419,2,1
2023HU0085565,1,32,3,1
2023HU0085565,2,32,3,1
2023HU0085565,3,32,3,1
2023HU0085732,1,501,1,1
2023HU0085732,2,501,1,1
2023HU0085830,1,158,3,1
2023HU0085830,2,158,3,1
2023HU0085830,3,158,3,1
2023HU0085927,1,501,3,1
2023HU0086025,1,70,3,1
2023HU0086028,1,360,2,1
2023HU0086028,2,360,2,1
2023HU0086067,1,501,1,1
2023HU0086067,2,501,1,1
2023HU0086067,3,501,1,1
2023HU0086067,4,501,1,1
2023HU0086067,5,501,1,1
2023HU0086483,1,394,3,1
2023HU0086483,2,394,3,1
2023HU0086483,3,380,3,1
2023HU0086586,1,501,3,1
2023HU0086586,2,195,3,1
2023HU0086590,1,501,2,1
2023HU0086922,1,191,3,1
2023HU0086922,2,191,3,1
2023HU0086922,3,191,3,1
2023HU0086922,4,191,3,1
2023HU0087089,1,390,3,1
2023HU0087147,1,501,1,1
2023HU0087147,2,501,1,1
2023HU0087171,1,380,2,1
2023HU0087222,1,501,2,1
2023HU0087222,2,501,2,1
2023HU0087222,3,501,2,1
2023HU0087231,1,501,1,1
2023HU0087231,2,501,1,1
2023HU0087231,3,501,1,1
2023HU0087305,1,440,1,1
2023HU0087487,1,408,2,1
2023HU0087487,2,408,2,1
2023HU0087487,3,408,2,1
2023HU0087496,1,501,1,1
2023HU0087579,1,467,1,1
2023HU0087579,2,467,1,1
2023HU0087579,3,467,1,1
2023HU0087616,1,229,1,1
2023HU0087616,2,229,1,1
2023HU0087753,1,501,3,1
2023HU0087753,2,501,3,1
2023HU0087753,3,501,3,1
2023HU0087753,4,501,3,1
2023HU0087923,1,202,3,1
2023HU0087923,2,390,3,1
2023HU0087923,3,202,3,1
2023HU0087923,4,202,3,1
2023HU0088034,1,501,1,1
2023HU0088034,2,501,1,1
2023HU0088105,1,412,1,1
2023HU0088172,1,98,3,1
2023HU0088272,1,501,2,1
2023HU0088274,1,501,1,1
2023HU0088274,2,501,1,1
2023HU0088274,3,501,1,1
2023HU0088332,1,501,1,1
2023HU0088470,1,501,2,1
2023HU0088696,1,32,3,1
2023HU0088696,2,19,3,1
2023HU0088885,1,501,1,1
2023HU0088885,2,501,1,1
2023HU0088885,3,501,1,1
2023HU0088982,1,118,3,1
2023HU0088982,2,164,3,1
2023HU0089043,1,184,3,1
2023HU0089043,2,184,3,1
2023HU0089230,1,501,1,1
2023HU0089230,2,501,1,1
2023HU0089269,1,211,2,1
2023HU0089269,2,211,2,1
2023HU0089319,1,298,2,1
2023HU0089344,1,501,2,1
2023HU0089344,2,501,2,1
2023HU0089393,1,319,3,1
2023HU0089399,1,501,1,1
2023HU0089399,2,501,1,1
2023HU0089399,3,501,1,1
2023HU0089399,4,501,1,1
2023HU0089745,1,50,3,1
2023HU0089745,2,0,3,1
2023HU0089745,3,0,3,1
2023HU0089773,1,501,1,1
2023HU0089773,2,51,1,1
2023HU0089773,3,0,1,1
2023HU0089773,4,281,1,1
2023HU0089983,1,51,3,1
2023HU0089997,1,501,1,1
2023HU0089997,2,501,1,1
2023HU0090056,1,501,1,1
2023HU0090056,2,292,1,1
2023HU0090056,3,501,1,1
2023HU0090059,1,9,3,1
2023HU0090059,2,184,3,1
2023HU0090112,1,501,2,1
2023HU0090112,2,501,2,1
2023HU0090112,3,227,2,1
2023HU0090112,4,229,2,1
2023HU0090230,1,281,2,1
2023HU0090267,1,501,2,1
2023HU0090267,2,501,2,1
2023HU0090267,3,501,2,1
2023HU0090301,1,0,3,1
2023HU0090535,1,501,1,1
2023HU0090535,2,501,1,1
2023HU0090545,1,501,2,1
2023HU0090545,2,501,2,1
2023HU0090545,3,501,2,1
2023HU0090572,1,501,2,1
2023HU0090572,2,501,2,1
2023HU0090573,1,14,1,1
2023HU0090679,1,49,3,1
2023HU0090679,2,49,3,1
2023HU0090679,3,49,3,1
2023HU0090764,1,113,2,1
2023HU0090930,1,501,1,1
2023HU0090930,2,501,1,1
2023HU0091012,1,501,1,1
2023HU0091012,2,501,1,1
2023HU0091074,1,501,1,1
2023HU0091074,2,501,1,1
2023HU0091074,3,501,1,1
2023HU0091209,1,501,1,1
2023HU0091209,2,501,1,1
2023HU0091319,1,501,1,1
2023HU0091319,2,501,1,1
2023HU0091319,3,501,1,1
2023HU0091468,1,0,2,1
2023HU0091489,1,380,3,1
2023HU0091532,1,501,1,1
2023HU0091532,2,501,1,1
2023HU0091582,1,484,3,1
2023HU0091582,2,484,3,1
2023HU0091582,3,484,3,1
2023HU0091582,4,484,3,1
2023HU0091718,1,124,1,1
2023HU0091792,1,501,1,1
2023HU0091792,2,501,1,1
2023HU0091795,1,497,1,1
2023HU0091795,2,497,1,1
2023HU0091795,3,497,1,1
2023HU0091795,4,497,1,1
2023HU0091795,5,497,1,1
2023HU0091798,1,179,3,1
2023HU0091798,2,179,3,1
2023HU0091798,3,179,3,1
2023HU0091981,1,0,3,1
2023HU0091981,2,0,3,1
2023HU0091981,3,0,3,1
2023HU0091983,1,501,3,1
2023HU0092073,1,348,3,1
2023HU0092073,2,366,3,1
2023HU0092073,3,348,3,1
2023HU0092073,4,348,3,1
2023HU0092136,1,501,1,1
2023HU0092136,2,501,1,1
2023HU0092161,1,501,1,1
2023HU0092161,2,501,1,1
2023HU0092161,3,501,1,1
2023HU0092161,4,501,1,1
2023HU0092196,1,314,1,1
2023HU0092196,2,314,1,1
2023HU0092196,3,314,1,1
2023HU0092196,4,314,1,1
2023HU0092196,5,314,1,1
2023HU0092196,6,314,1,1
2023HU0092219,1,345,1,1
2023HU0092219,2,345,1,1
2023HU0092219,3,345,1,1
2023HU0092300,1,501,1,1
2023HU0092300,2,501,1,1
2023HU0092300,3,501,1,1
2023HU0092300,4,501,1,1
2023HU0092300,5,501,1,1
2023HU0092490,1,501,1,1
2023HU0092490,2,501,1,1
2023HU0092490,3,501,1,1
2023HU0092490,4,501,1,1
2023HU0092562,1,71,3,1
2023HU0092615,1,170,2,1
2023HU0092616,1,240,3,1
2023HU0092616,2,240,3,1
2023HU0092725,1,24,3,1
2023HU0092725,2,24,3,1
2023HU0092775,1,501,3,1
2023HU0092866,1,264,3,1
2023HU0092866,2,264,3,1
2023HU0092879,1,501,1,1
2023HU0092879,2,501,1,1
2023HU0092896,1,501,1,1
2023HU0092896,2,501,1,1
2023HU0092902,1,153,3,1
2023HU0092902,2,153,3,1
2023HU0092902,3,153,3,1
2023HU0092902,4,153,3,1
2023HU0092919,1,501,3,1
2023HU0092919,2,501,3,1
2023HU0092919,3,501,3,1
2023HU0093066,1,49,3,1
2023HU0093089,1,0,3,1
2023HU0093089,2,501,3,1
2023HU0093238,1,501,1,1
2023HU0093238,2,501,1,1
2023HU0093294,1,247,3,1
2023HU0093509,1,501,1,1
2023HU0093509,2,501,1,1
2023HU0093583,1,223,1,1
2023HU0093583,2,287,1,1
2023HU0093583,3,223,1,1
2023HU0093583,4,223,1,1
2023HU0093616,1,501,3,1
2023HU0093616,2,501,3,1
2023HU0093638,1,237,2,1
2023HU0093638,2,237,2,1
2023HU0093638,3,237,2,1
2023HU0093679,1,501,1,1
2023HU0093722,1,279,2,1
2023HU0093863,1,501,3,1
2023HU0093863,2,501,3,1
2023HU0094570,1,230,3,1
2023HU0094570,2,190,3,1
2023HU0094626,1,205,2,1
2023HU0094626,2,205,2,1
2023HU0094626,3,55,2,1
2023HU0094626,4,164,2,1
2023HU0094712,1,452,3,1
2023HU0094712,2,452,3,1
2023HU0094851,1,20,3,1
2023HU0094851,2,20,3,1
2023HU0094851,3,20,3,1
2023HU0095036,1,0,3,1
2023HU0095036,2,0,3,1
2023HU0095036,3,0,3,1
2023HU0095036,4,0,3,1
2023HU0095075,1,501,2,1
2023HU0095075,2,501,2,1
2023HU0095338,1,501,3,1
2023HU0095387,1,412,2,1
2023HU0095393,1,501,1,1
2023HU0095393,2,501,1,1
2023HU0095441,1,174,3,1
2023HU0095644,1,501,1,1
2023HU0095812,1,501,1,1
2023HU0095812,2,501,1,1
2023HU0095812,3,501,1,1
2023HU0095812,4,501,1,1
2023HU0095812,5,501,1,1
2023HU0095930,1,425,1,1
2023HU0095930,2,425,1,1
2023HU0095983,1,282,1,1
2023HU0095983,2,282,1,1
2023HU0095983,3,282,1,1
2023HU0095983,4,282,1,1
2023HU0096154,1,77,2,1
2023HU0096154,2,279,2,1
2023HU0096274,1,31,3,1
2023HU0096368,1,501,1,1
2023HU0096368,2,501,1,1
2023HU0096368,3,501,1,1
2023HU0096368,4,501,1,1
2023HU0096368,5,501,1,1
2023HU0096442,1,17,1,1
2023HU0096494,1,501,1,1
2023HU0096494,2,501,1,1
2023HU0096494,3,501,1,1
2023HU0096994,1,501,1,1
2023HU0096994,2,501,1,1
2023HU0097026,1,413,1,1
2023HU0097026,2,501,1,1
2023HU0097047,1,501,1,1
2023HU0097116,1,501,2,1
2023HU0097186,1,501,1,1
2023HU0097186,2,501,1,1
2023HU0097260,1,250,2,1
2023HU0097260,2,250,2,1
2023HU0097260,3,250,2,1
2023HU0097484,1,234,1,1
2023HU0097484,2,234,1,1
2023HU0097572,1,138,1,1
2023HU0097572,2,138,1,1
2023HU0097572,3,138,1,1
2023HU0097735,1,501,1,1
2023HU0097735,2,290,1,1
2023HU0097813,1,501,1,1
2023HU0097830,1,458,2,1
2023HU0097830,2,458,2,1
2023HU0097830,3,458,2,1
2023HU0097830,4,458,2,1
2023HU0097850,1,130,3,1
2023HU0097850,2,130,3,1
2023HU0097850,3,130,3,1
2023HU0097850,4,130,3,1
2023HU0097850,5,343,3,1
2023HU0098030,1,501,2,1
2023HU0098113,1,501,2,1
2023HU0098113,2,501,2,1
2023HU0098129,1,501,3,1
2023HU0098147,1,0,3,1
2023HU0098305,1,41,2,1
2023HU0098372,1,501,2,1
2023HU0098372,2,501,2,1
2023HU0098441,1,501,2,1
2023HU0098441,2,501,2,1
2023HU0098528,1,501,2,1
2023HU0098528,2,501,2,1
2023HU0098568,1,331,1,1
2023HU0098583,1,501,2,1
2023HU0098583,2,501,2,1
2023HU0098583,3,501,2,1
2023HU0098589,1,166,2,1
2023HU0098589,2,166,2,1
2023HU0098589,3,166,2,1
2023HU0098728,1,501,1,1
2023HU0098728,2,501,1,1
2023HU0098728,3,501,1,1
2023HU0098814,1,501,3,1
2023HU0098814,2,501,3,1
2023HU0099033,1,191,3,1
2023HU0099033,2,0,3,1
2023HU0099230,1,501,2,1
2023HU0099230,2,501,2,1
2023HU0099245,1,501,3,1
2023HU0099416,1,264,1,1
2023HU0099416,2,264,1,1
2023HU0099453,1,501,3,1
2023HU0099497,1,501,3,1
2023HU0099607,1,448,3,1
2023HU0099607,2,448,3,1
2023HU0099607,3,448,3,1
2023HU0099995,1,130,4,1
2023HU0100069,1,501,2,1
2023HU0100069,2,501,2,1
2023HU0100134,1,501,1,1
2023HU0100134,2,432,1,1
2023HU0100400,1,501,2,1
2023HU0100576,1,385,1,1
2023HU0100808,1,483,3,1
2023HU0100818,1,401,1,1
2023HU0100818,2,349,1,1
2023HU0100818,3,401,1,1
2023HU0100818,4,401,1,1
2023HU0100991,1,99,4,1
2023HU0101090,1,501,2,1
2023HU0101090,2,501,2,1
2023HU0101205,1,158,1,1
2023HU0101205,2,158,1,1
2023HU0101205,3,158,1,1
2023HU0101205,4,158,1,1
2023HU0101224,1,431,1,1
2023HU0101224,2,431,1,1
2023HU0101323,1,140,1,1
2023HU0101471,1,250,2,1
2023HU0101471,2,250,2,1
2023HU0101492,1,263,1,1
2023HU0101492,2,263,1,1
2023HU0101492,3,263,1,1
2023HU0101492,4,263,1,1
2023HU0101493,1,501,1,1
2023HU0101493,2,501,1,1
2023HU0101623,1,501,1,1
2023HU0101623,2,501,1,1
2023HU0101623,3,501,1,1
2023HU0101703,1,202,3,1
2023HU0101703,2,202,3,1
2023HU0101703,3,202,3,1
2023HU0101703,4,202,3,1
2023HU0101703,5,202,3,1
2023HU0101710,1,399,2,1
2023HU0102005,1,501,3,1
2023HU0102005,2,501,3,1
2023HU0102015,1,501,1,1
2023HU0102015,2,501,1,1
2023HU0102015,3,501,1,1
2023HU0102029,1,109,1,1
2023HU0102029,2,109,1,1
2023HU0102029,3,109,1,1
2023HU0102137,1,501,2,1
2023HU0102137,2,501,2,1
2023HU0102204,1,501,2,1
2023HU0102312,1,493,1,1
2023HU0102312,2,493,1,1
2023HU0102312,3,493,1,1
2023HU0102562,1,501,2,1
2023HU0102577,1,447,3,1
2023HU0102577,2,447,3,1
2023HU0102586,1,501,2,1
2023HU0102624,1,470,3,1
2023HU0102624,2,470,3,1
2023HU0102624,3,470,3,1
2023HU0102665,1,321,3,1
2023HU0102782,1,461,1,1
2023HU0102976,1,378,1,1
2023HU0102976,2,378,1,1
2023HU0102976,3,378,1,1
2023HU0103195,1,284,2,1
2023HU0103195,2,284,2,1
2023HU0103199,1,87,3,1
2023HU0103199,2,87,3,1
2023HU0103301,1,328,1,1
2023HU0103301,2,328,1,1
2023HU0103368,1,406,3,1
2023HU0103368,2,406,3,1
2023HU0103368,3,406,3,1
2023HU0103395,1,15,2,1
2023HU0103395,2,15,2,1
2023HU0103395,3,15,2,1
2023HU0103395,4,15,2,1
2023HU0103395,5,15,2,1
2023HU0103493,1,187,3,1
2023HU0103597,1,501,3,1
2023HU0103597,2,501,3,1
2023HU0103713,1,501,1,1
2023HU0103713,2,501,1,1
2023HU0103920,1,136,1,1
2023HU0103920,2,136,1,1
2023HU0103920,3,136,1,1
2023HU0103920,4,136,1,1
2023HU0103943,1,501,3,1
2023HU0103951,1,215,1,1
2023HU0103951,2,215,1,1
2023HU0104007,1,450,3,1
2023HU0104007,2,450,3,1
2023HU0104007,3,450,3,1
2023HU0104007,4,450,3,1
2023HU0104014,1,501,3,1
2023HU0104256,1,199,3,1
2023HU0104256,2,199,3,1
2023HU0104256,3,199,3,1
2023HU0104256,4,199,3,1
2023HU0104430,1,501,1,1
2023HU0104430,2,501,1,1
2023HU0104444,1,501,1,1
2023HU0104444,2,501,1,1
2023HU0104444,3,501,1,1
2023HU0104444,4,501,1,1
2023HU0104548,1,207,1,1
2023HU0104587,1,268,2,1
2023HU0104818,1,501,1,1
2023HU0104818,2,501,1,1
2023HU0104818,3,501,1,1
2023HU0104818,4,501,1,1
2023HU0104892,1,501,1,1
2023HU0104892,2,501,1,1
2023HU0104892,3,501,1,1
2023HU0104892,4,501,1,1
2023HU0104923,1,275,3,1
2023HU0105162,1,501,1,1
2023HU0105162,2,501,1,1
2023HU0105213,1,362,1,1
2023HU0105213,2,254,1,1
2023HU0105373,1,501,1,1
2023HU0105373,2,501,1,1
2023HU0105401,1,501,2,1
2023HU0105431,1,269,2,1
2023HU0105431,2,269,2,1
2023HU0105431,3,269,2,1
2023HU0105431,4,269,2,1
2023HU0105431,5,269,2,1
2023HU0105437,1,230,1,1
2023HU0105437,2,230,1,1
2023HU0105589,1,327,3,1
2023HU0105637,1,501,2,1
2023HU0105637,2,248,2,1
2023HU0105645,1,351,1,1
2023HU0105645,2,351,1,1
2023HU0105645,3,351,1,1
2023HU0105645,4,351,1,1
2023HU0105645,5,351,1,1
2023HU0105645,6,501,1,1
2023HU0105739,1,226,1,1
2023HU0105739,2,366,1,1
2023HU0105814,1,394,1,1
2023HU0105986,1,50,3,1
2023HU0105986,2,254,3,1
2023HU0105986,3,413,3,1
2023HU0105990,1,501,2,1
2023HU0105990,2,501,2,1
2023HU0106063,1,501,2,1
2023HU0106063,2,501,2,1
2023HU0106063,3,501,2,1
2023HU0106078,1,241,2,1
2023HU0106078,2,325,2,1
2023HU0106223,1,321,3,1
2023HU0106237,1,247,2,1
2023HU0106237,2,247,2,1
2023HU0106237,3,247,2,1
2023HU0106252,1,77,1,1
2023HU0106335,1,501,1,1
2023HU0106335,2,501,1,1
2023HU0106335,3,501,1,1
2023HU0106417,1,321,3,1
2023HU0106478,1,501,1,1
2023HU0106478,2,501,1,1
2023HU0106565,1,305,3,1
2023HU0106625,1,501,2,1
2023HU0106780,1,146,1,1
2023HU0106780,2,253,1,1
2023HU0106780,3,146,1,1
2023HU0106921,1,501,1,1
2023HU0106921,2,501,1,1
2023HU0106921,3,501,1,1
2023HU0106921,4,501,1,1
2023HU0106995,1,499,3,1
2023HU0106995,2,409,3,1
2023HU0107022,1,297,3,1
2023HU0107022,2,297,3,1
2023HU0107049,1,0,3,1
2023HU0107082,1,0,2,1
2023HU0107104,1,501,2,1
2023HU0107161,1,100,1,1
2023HU0107161,2,100,1,1
2023HU0107161,3,100,1,1
2023HU0107161,4,100,1,1
2023HU0107161,5,100,1,1
2023HU0107161,6,100,1,1
2023HU0107161,7,100,1,1
2023HU0107161,8,100,1,1
2023HU0107171,1,501,2,1
2023HU0107171,2,501,2,1
2023HU0107281,1,76,3,1
2023HU0107281,2,475,3,1
2023HU0107310,1,501,2,1
2023HU0107310,2,501,2,1
2023HU0107310,3,501,2,1
2023HU0107392,1,501,3,1
2023HU0107394,1,501,2,1
2023HU0107394,2,501,2,1
2023HU0107504,1,501,1,1
2023HU0107504,2,501,1,1
2023HU0107504,3,501,1,1
2023HU0107504,4,501,1,1
2023HU0107512,1,501,1,1
2023HU0107512,2,501,1,1
2023HU0107515,1,501,1,1
2023HU0107515,2,382,1,1
2023HU0107515,3,501,1,1
2023HU0107515,4,501,1,1
2023HU0107543,1,20,3,1
2023HU0107543,2,78,3,1
2023HU0107548,1,501,2,1
2023HU0107549,1,125,2,1
2023HU0107549,2,125,2,1
2023HU0107549,3,125,2,1
2023HU0107629,1,501,3,1
2023HU0107686,1,154,3,1
2023HU0107694,1,162,1,1
2023HU0107875,1,501,2,1
2023HU0107875,2,501,2,1
2023HU0107945,1,416,1,1
2023HU0107945,2,383,1,1
2023HU0107969,1,362,3,1
2023HU0107969,2,362,3,1
2023HU0108058,1,501,1,1
2023HU0108058,2,501,1,1
2023HU0108058,3,501,1,1
2023HU0108058,4,501,1,1
2023HU0108105,1,501,3,1
2023HU0108105,2,501,3,1
2023HU0108110,1,33,2,1
2023HU0108124,1,501,3,1
2023HU0108221,1,501,1,1
2023HU0108221,2,501,1,1
2023HU0108221,3,501,1,1
2023HU0108259,1,422,4,1
2023HU0108259,2,422,4,1
2023HU0108259,3,422,4,1
2023HU0108259,4,422,4,1
2023HU0108352,1,345,3,1
2023HU0108352,2,345,3,1
2023HU0108389,1,501,1,1
2023HU0108389,2,501,1,1
2023HU0108389,3,501,1,1
2023HU0108389,4,501,1,1
2023HU0108437,1,9,3,1
2023HU0108487,1,0,3,1
2023HU0108487,2,0,3,1
2023HU0108487,3,0,3,1
2023HU0108487,4,0,3,1
2023HU0108487,5,0,3,1
2023HU0108601,1,501,1,1
2023HU0108601,2,501,1,1
2023HU0108601,3,501,1,1
2023HU0108650,1,493,1,1
2023HU0108682,1,501,1,1
2023HU0108682,2,501,1,1
2023HU0108682,3,501,1,1
2023HU0108724,1,501,3,1
2023HU0108928,1,205,2,1
2023HU0108928,2,205,2,1
2023HU0108928,3,205,2,1
2023HU0108928,4,205,2,1
2023HU0109145,1,13,1,1
2023HU0109279,1,407,2,1
2023HU0109411,1,501,1,1
2023HU0109639,1,501,1,1
2023HU0109639,2,501,1,1
2023HU0109660,1,501,1,1
2023HU0109660,2,501,1,1
2023HU0109660,3,501,1,1
2023HU0109660,4,501,1,1
2023HU0109889,1,477,1,1
2023HU0109889,2,477,1,1
2023HU0109907,1,501,1,1
2023HU0109907,2,501,1,1
2023HU0109907,3,501,1,1
2023HU0110148,1,501,1,1
2023HU0110149,1,501,2,1
2023HU0110149,2,254,2,1
2023HU0110149,3,31,2,1
2023HU0110419,1,255,4,1
2023HU0110463,1,384,3,1
2023HU0110463,2,384,3,1
2023HU0110929,1,313,1,1
2023HU0110929,2,313,1,1
2023HU0110929,3,313,1,1
2023HU0110929,4,313,1,1
2023HU0110979,1,205,2,1
2023HU0110979,2,205,2,1
2023HU0110979,3,205,2,1
2023HU0110979,4,205,2,1
2023HU0110979,5,205,2,1
2023HU0110979,6,205,2,1
2023HU0111101,1,501,1,1
2023HU0111101,2,501,1,1
2023HU0111269,1,501,1,1
2023HU0111269,2,501,1,1
2023HU0111269,3,501,1,1
2023HU0111280,1,501,3,1
2023HU0111375,1,368,3,1
2023HU0111375,2,368,3,1
2023HU0111659,1,501,1,1
2023HU0111659,2,501,1,1
2023HU0111659,3,501,1,1
2023HU0111659,4,501,1,1
2023HU0111790,1,501,3,1
2023HU0111790,2,501,3,1
2023HU0111850,1,501,1,1
2023HU0111850,2,501,1,1
2023HU0111850,3,501,1,1
2023HU0111850,4,501,1,1
2023HU0111850,5,501,1,1
2023HU0111873,1,279,2,1
2023HU0111873,2,279,2,1
2023HU0111873,3,279,2,1
2023HU0111873,4,279,2,1
2023HU0112060,1,390,4,1
2023HU0112112,1,501,2,1
2023HU0112112,2,501,2,1
2023HU0112112,3,501,2,1
2023HU0112200,1,427,1,1
2023HU0112200,2,427,1,1
2023HU0112200,3,427,1,1
2023HU0112200,4,427,1,1
2023HU0112200,5,427,1,1
2023HU0112200,6,427,1,1
2023HU0112200,7,427,1,1
2023HU0112200,8,427,1,1
2023HU0112200,9,427,1,1
2023HU0112200,10,427,1,1
2023HU0112200,11,427,1,1
2023HU0112200,12,427,1,1
2023HU0112200,13,427,1,1
2023HU0112274,1,501,2,1
2023HU0112274,2,501,2,1
2023HU0112286,1,331,3,1
2023HU0112508,1,501,2,1
2023HU0112508,2,501,2,1
2023HU0112549,1,413,1,1
2023HU0112549,2,413,1,1
2023HU0112549,3,413,1,1
2023HU0112662,1,454,1,1
2023HU0112662,2,454,1,1
2023HU0112691,1,501,2,1
2023HU0112691,2,501,2,1
2023HU0112704,1,501,1,1
2023HU0112704,2,501,1,1
2023HU0112704,3,501,1,1
2023HU0112704,4,501,1,1
2023HU0112717,1,501,1,1
2023HU0112717,2,501,1,1
2023HU0112777,1,253,3,1
2023HU0112777,2,0,3,1
2023HU0112862,1,279,3,1
2023HU0112862,2,279,3,1
2023HU0112939,1,501,1,1
2023HU0112939,2,501,1,1
2023HU0112939,3,501,1,1
2023HU0112939,4,501,1,1
2023HU0112991,1,417,1,1
2023HU0113053,1,213,2,1
2023HU0113053,2,213,2,1
2023HU0113053,3,213,2,1
2023HU0113173,1,163,1,1
2023HU0113173,2,163,1,1
2023HU0113173,3,163,1,1
2023HU0113173,4,163,1,1
2023HU0113173,5,163,1,1
2023HU0113210,1,501,1,1
2023HU0113210,2,501,1,1
2023HU0113210,3,501,1,1
2023HU0113210,4,501,1,1
2023HU0113319,1,426,3,1
2023HU0113319,2,426,3,1
2023HU0113419,1,228,3,1
2023HU0113485,1,394,3,1
2023HU0113485,2,226,3,1
2023HU0113544,1,0,3,1
2023HU0113657,1,501,1,1
2023HU0113657,2,501,1,1
2023HU0113809,1,501,2,1
2023HU0113809,2,501,2,1
2023HU0113809,3,501,2,1
2023HU0113809,4,501,2,1
2023HU0113915,1,378,3,1
2023HU0113915,2,378,3,1
2023HU0113915,3,378,3,1
2023HU0113915,4,378,3,1
2023HU0113915,5,378,3,1
2023HU0113915,6,378,3,1
2023HU0114120,1,501,1,1
2023HU0114299,1,297,2,1
2023HU0114299,2,297,2,1
2023HU0114366,1,501,1,1
2023HU0114366,2,501,1,1
2023HU0114376,1,501,1,1
2023HU0114376,2,501,1,1
2023HU0114376,3,501,1,1
2023HU0114412,1,58,3,1
2023HU0114412,2,58,3,1
2023HU0114412,3,58,3,1
2023HU0114412,4,58,3,1
2023HU0114666,1,238,1,1
2023HU0114666,2,238,1,1
2023HU0114706,1,186,2,1
2023HU0114716,1,393,1,1
2023HU0114716,2,393,1,1
2023HU0114716,3,393,1,1
2023HU0114716,4,393,1,1
2023HU0114716,5,393,1,1
2023HU0114716,6,393,1,1
2023HU0114727,1,269,3,1
2023HU0114727,2,329,3,1
2023HU0114761,1,324,1,1
2023HU0114761,2,324,1,1
2023HU0114840,1,260,3,1
2023HU0114855,1,385,3,1
2023HU0114855,2,385,3,1
2023HU0114855,3,385,3,1
2023HU0114855,4,385,3,1
2023HU0114895,1,259,3,1
2023HU0114895,2,0,3,1
2023HU0115043,1,348,3,1
2023HU0115043,2,348,3,1
2023HU0115089,1,137,2,1
2023HU0115109,1,501,1,1
2023HU0115109,2,501,1,1
2023HU0115109,3,501,1,1
2023HU0115109,4,501,1,1
2023HU0115109,5,501,1,1
2023HU0115225,1,501,1,1
2023HU0115225,2,501,1,1
2023HU0115225,3,501,1,1
2023HU0115279,1,237,3,1
2023HU0115279,2,237,3,1
2023HU0115279,3,237,3,1
2023HU0115279,4,237,3,1
2023HU0115279,5,237,3,1
2023HU0115279,6,237,3,1
2023HU0115282,1,135,2,1
2023HU0115282,2,135,2,1
2023HU0115450,1,501,1,1
2023HU0115573,1,501,1,1
2023HU0115573,2,501,1,1
2023HU0115574,1,501,3,1
2023HU0115594,1,130,2,1
2023HU0115594,2,130,2,1
2023HU0115677,1,501,1,1
2023HU0115677,2,501,1,1
2023HU0115677,3,501,1,1
2023HU0115677,4,501,1,1
2023HU0115677,5,501,1,1
2023HU0115845,1,501,1,1
2023HU0115845,2,501,1,1
2023HU0115845,3,501,1,1
2023HU0116080,1,501,1,1
2023HU0116080,2,501,1,1
2023HU0116080,3,501,1,1
2023HU0116080,4,77,1,1
2023HU0116156,1,501,2,1
2023HU0116156,2,501,2,1
2023HU0116246,1,110,1,1
2023HU0116246,2,110,1,1
2023HU0116246,3,110,1,1
2023HU0116246,4,110,1,1
2023HU0116250,1,251,1,1
2023HU0116250,2,251,1,1
2023HU0116250,3,251,1,1
2023HU0116250,4,251,1,1
2023HU0116250,5,251,1,1
2023HU0116377,1,312,2,1
2023HU0116541,1,501,2,1
2023HU0116541,2,501,2,1
2023HU0116704,1,501,3,1
2023HU0116826,1,149,1,1
2023HU0116929,1,501,3,1
2023HU0116929,2,231,3,1
2023HU0116935,1,501,2,1
2023HU0116935,2,501,2,1
2023HU0117079,1,501,3,1
2023HU0117079,2,501,3,1
2023HU0117122,1,357,3,1
2023HU0117169,1,35,3,1
2023HU0117169,2,35,3,1
2023HU0117169,3,35,3,1
2023HU0117169,4,35,3,1
2023HU0117213,1,453,1,1
2023HU0117464,1,501,1,1
2023HU0117464,2,501,1,1
2023HU0117464,3,501,1,1
2023HU0117505,1,387,3,1
2023HU0117589,1,501,2,1
2023HU0117747,1,149,3,1
2023HU0117766,1,501,1,1
2023HU0117792,1,501,1,1
2023HU0117792,2,501,1,1
2023HU0117792,3,501,1,1
2023HU0117792,4,501,1,1
2023HU0117852,1,501,1,1
2023HU0117852,2,501,1,1
2023HU0117852,3,501,1,1
2023HU0117852,4,501,1,1
2023HU0117933,1,124,3,1
2023HU0117970,1,435,2,1
2023HU0117970,2,140,2,1
2023HU0117970,3,191,2,1
2023HU0117970,4,421,2,1
2023HU0117970,5,46,2,1
2023HU0117970,6,12,2,1
2023HU0117970,7,259,2,1
2023HU0117970,8,259,2,1
2023HU0117970,9,51,2,1
2023HU0118008,1,256,3,1
2023HU0118008,2,256,3,1
2023HU0118008,3,256,3,1
2023HU0118008,4,256,3,1
2023HU0118008,5,256,3,1
2023HU0118011,1,501,2,1
2023HU0118263,1,348,2,1
2023HU0118280,1,44,3,1
2023HU0118280,2,58,3,1
2023HU0118385,1,7,2,1
2023HU0118385,2,7,2,1
2023HU0118410,1,501,2,1
2023HU0118470,1,65,3,1
2023HU0118501,1,501,1,1
2023HU0118501,2,501,1,1
2023HU0118528,1,8,3,1
2023HU0118528,2,8,3,1
2023HU0118548,1,82,2,1
2023HU0118548,2,82,2,1
2023HU0118548,3,82,2,1
2023HU0118613,1,160,2,1
2023HU0118620,1,493,1,1
2023HU0118620,2,493,1,1
2023HU0118620,3,493,1,1
2023HU0118760,1,90,3,1
2023HU0118899,1,367,3,1
2023HU0118899,2,367,3,1
2023HU0118944,1,489,2,1
2023HU0118944,2,489,2,1
2023HU0118944,3,489,2,1
2023HU0118944,4,489,2,1
2023HU0118944,5,277,2,1
2023HU0118984,1,252,1,1
2023HU0119023,1,501,1,1
2023HU0119023,2,501,1,1
2023HU0119235,1,491,1,1
2023HU0119235,2,491,1,1
2023HU0119235,3,491,1,1
2023HU0119235,4,491,1,1
2023HU0119235,5,491,1,1
2023HU0119363,1,192,1,1
2023HU0119363,2,192,1,1
2023HU0119680,1,501,1,1
2023HU0119680,2,501,1,1
2023HU0119680,3,501,1,1
2023HU0119715,1,501,1,1
2023HU0119715,2,501,1,1
2023HU0119715,3,501,1,1
2023HU0119786,1,134,2,1
2023HU0119786,2,134,2,1
2023HU0119824,1,49,3,1
2023HU0119824,2,49,3,1
2023HU0119824,3,49,3,1
2023HU0119883,1,212,3,1
2023HU0119883,2,212,3,1
2023HU0119883,3,212,3,1
2023HU0119883,4,212,3,1
2023HU0119977,1,186,3,1
2023HU0119977,2,186,3,1
2023HU0119977,3,186,3,1
2023HU0119977,4,186,3,1
2023HU0120219,1,501,2,1
2023HU0120219,2,501,2,1
2023HU0120301,1,501,1,1
2023HU0120301,2,501,1,1
2023HU0120305,1,29,3,1
2023HU0120383,1,395,1,1
2023HU0120383,2,395,1,1
2023HU0120383,3,395,1,1
2023HU0120383,4,395,1,1
2023HU0120416,1,477,3,1
2023HU0120446,1,375,1,1
2023HU0120446,2,375,1,1
2023HU0120446,3,375,1,1
2023HU0120446,4,375,1,1
2023HU0120455,1,501,1,1
2023HU0120456,1,283,3,1
2023HU0120581,1,145,2,1
2023HU0120581,2,145,2,1
2023HU0120682,1,56,3,1
2023HU0120682,2,0,3,1
2023HU0120682,3,56,3,1
2023HU0120918,1,192,2,1
2023HU0120987,1,501,2,1
2023HU0120987,2,501,2,1
2023HU0120987,3,501,2,1
2023HU0121032,1,388,2,1
2023HU0121032,2,388,2,1
2023HU0121032,3,388,2,1
2023HU0121091,1,406,3,1
2023HU0121091,2,406,3,1
2023HU0121096,1,331,2,1
2023HU0121152,1,501,2,1
2023HU0121152,2,501,2,1
2023HU0121152,3,501,2,1
2023HU0121152,4,501,2,1
2023HU0121246,1,354,1,1
2023HU0121288,1,53,3,1
2023HU0121288,2,53,3,1
2023HU0121288,3,,3,1
2023HU0121517,1,51,3,1
2023HU0121570,1,501,1,1
2023HU0121570,2,501,1,1
2023HU0121570,3,501,1,1
2023HU0121638,1,299,3,1
2023HU0121638,2,299,3,1
2023HU0122011,1,501,2,1
2023HU0122011,2,501,2,1
2023HU0122107,1,501,3,1
2023HU0122107,2,501,3,1
2023HU0122233,1,412,3,1
2023HU0122379,1,501,1,1
2023HU0122379,2,501,1,1
2023HU0122492,1,227,1,1
2023HU0122492,2,108,1,1
2023HU0122539,1,501,2,1
2023HU0122539,2,501,2,1
2023HU0122587,1,201,2,1
2023HU0122587,2,201,2,1
2023HU0122619,1,478,1,1
2023HU0122619,2,478,1,1
2023HU0122619,3,478,1,1
2023HU0122619,4,478,1,1
2023HU0122910,1,292,1,1
2023HU0122910,2,228,1,1
2023HU0122910,3,292,1,1
2023HU0122910,4,292,1,1
2023HU0122936,1,213,1,1
2023HU0122944,1,501,1,1
2023HU0122944,2,501,1,1
2023HU0123456,1,123,2,1
2023HU0123456,2,123,2,1
2023HU0123459,1,501,1,1
2023HU0123459,2,501,1,1
2023HU0123587,1,260,3,1
2023HU0123683,1,501,2,1
2023HU0123683,2,501,2,1
2023HU0123718,1,382,3,1
2023HU0123742,1,501,1,1
2023HU0123742,2,501,1,1
2023HU0123775,1,36,3,1
2023HU0123804,1,501,1,1
2023HU0123804,2,501,1,1
2023HU0123804,3,501,1,1
2023HU0123804,4,501,1,1
2023HU0124092,1,122,4,1
2023HU0124092,2,501,4,1
2023HU0124092,3,122,4,1
2023HU0124092,4,122,4,1
2023HU0124092,5,122,4,1
2023HU0124270,1,339,3,1
2023HU0124344,1,88,2,1
2023HU0124344,2,155,2,1
2023HU0124344,3,88,2,1
2023HU0124344,4,88,2,1
2023HU0124344,5,88,2,1
2023HU0124344,6,88,2,1
2023HU0124344,7,88,2,1
2023HU0124523,1,0,2,1
2023HU0124629,1,361,2,1
2023HU0124629,2,361,2,1
2023HU0124694,1,348,3,1
2023HU0125014,1,501,1,1
2023HU0125014,2,501,1,1
2023HU0125089,1,356,3,1
2023HU0125111,1,427,1,1
2023HU0125112,1,188,2,1
2023HU0125112,2,188,2,1
2023HU0125329,1,386,1,1
2023HU0125329,2,386,1,1
2023HU0125329,3,386,1,1
2023HU0125541,1,501,3,1
2023HU0125602,1,501,2,1
2023HU0125602,2,501,2,1
2023HU0125658,1,422,1,1
2023HU0125658,2,422,1,1
2023HU0125658,3,422,1,1
2023HU0125658,4,422,1,1
2023HU0125666,1,169,2,1
2023HU0125804,1,501,1,1
2023HU0125804,2,501,1,1
2023HU0125804,3,501,1,1
2023HU0126018,1,501,1,1
2023HU0126018,2,501,1,1
2023HU0126069,1,501,2,1
2023HU0126069,2,501,2,1
2023HU0126093,1,434,3,1
2023HU0126189,1,194,3,1
2023HU0126189,2,194,3,1
2023HU0126189,3,194,3,1
2023HU0126295,1,422,1,1
2023HU0126691,1,501,2,1
2023HU0126691,2,501,2,1
2023HU0126691,3,501,2,1
2023HU0126710,1,325,3,1
2023HU0126710,2,325,3,1
2023HU0126710,3,325,3,1
2023HU0126710,4,325,3,1
2023HU0126710,5,325,3,1
2023HU0126710,6,325,3,1
2023HU0126710,7,325,3,1
2023HU0127053,1,360,3,1
2023HU0127094,1,384,2,1
2023HU0127094,2,384,2,1
2023HU0127094,3,384,2,1
2023HU0127268,1,501,2,1
2023HU0127268,2,501,2,1
2023HU0127268,3,501,2,1
2023HU0127268,4,501,2,1
2023HU0127354,1,501,2,1
2023HU0127354,2,501,2,1
2023HU0127361,1,501,1,1
2023HU0127361,2,501,1,1
2023HU0127361,3,501,1,1
2023HU0127361,4,501,1,1
2023HU0127389,1,419,1,1
2023HU0127389,2,419,1,1
2023HU0127446,1,501,2,1
2023HU0127481,1,501,1,1
2023HU0127551,1,390,1,1
2023HU0127551,2,390,1,1
2023HU0127551,3,390,1,1
2023HU0127551,4,390,1,1
2023HU0127909,1,501,1,1
2023HU0127909,2,501,1,1
2023HU0127909,3,501,1,1
2023HU0127909,4,501,1,1
2023HU0128173,1,227,1,1
2023HU0128173,2,227,1,1
2023HU0128320,1,133,3,1
2023HU0128327,1,492,1,1
2023HU0128327,2,492,1,1
2023HU0128359,1,392,1,1
2023HU0128359,2,451,1,1
2023HU0128397,1,116,3,1
2023HU0128505,1,305,2,1
2023HU0128505,2,305,2,1
2023HU0128505,3,305,2,1
2023HU0128505,4,305,2,1
2023HU0128546,1,11,1,1
2023HU0128612,1,501,2,1
2023HU0128612,2,501,2,1
2023HU0128612,3,501,2,1
2023HU0128612,4,501,2,1
2023HU0128774,1,189,1,1
2023HU0128888,1,0,3,1
2023HU0128924,1,133,3,1
2023HU0128924,2,133,3,1
2023HU0128924,3,133,3,1
2023HU0128924,4,133,3,1
2023HU0129210,1,363,1,1
2023HU0129210,2,363,1,1
2023HU0129210,3,363,1,1
2023HU0129210,4,363,1,1
2023HU0129210,5,363,1,1
2023HU0129210,6,363,1,1
2023HU0129285,1,501,1,1
2023HU0129285,2,501,1,1
2023HU0129358,1,318,3,1
2023HU0129358,2,318,3,1
2023HU0129358,3,318,3,1
2023HU0129358,4,318,3,1
2023HU0129358,5,318,3,1
2023HU0129383,1,50,1,1
2023HU0129383,2,50,1,1
2023HU0129383,3,50,1,1
2023HU0129383,4,50,1,1
2023HU0129383,5,50,1,1
2023HU0129383,6,50,1,1
2023HU0129623,1,501,2,1
2023HU0129797,1,317,3,1
2023HU0129797,2,317,3,1
2023HU0130048,1,501,1,1
2023HU0130048,2,501,1,1
2023HU0130048,3,501,1,1
2023HU0130067,1,501,1,1
2023HU0130067,2,501,1,1
2023HU0130113,1,501,1,1
2023HU0130113,2,501,1,1
2023HU0130113,3,501,1,1
2023HU0130166,1,501,2,1
2023HU0130166,2,501,2,1
2023HU0130205,1,501,1,1
2023HU0130205,2,501,1,1
2023HU0130426,1,464,1,1
2023HU0130426,2,464,1,1
2023HU0130506,1,501,1,1
2023HU0130506,2,501,1,1
2023HU0130662,1,114,2,1
2023HU0130662,2,114,2,1
2023HU0130662,3,114,2,1
2023HU0130662,4,114,2,1
2023HU0130662,5,114,2,1
2023HU0130662,6,114,2,1
2023HU0130662,7,190,2,1
2023HU0130882,1,501,2,1
2023HU0130882,2,501,2,1
2023HU0130897,1,501,3,1
2023HU0130897,2,501,3,1
2023HU0130953,1,501,1,1
2023HU0130953,2,501,1,1
2023HU0130953,3,501,1,1
2023HU0130953,4,501,1,1
2023HU0131087,1,501,1,1
2023HU0131087,2,501,1,1
2023HU0131087,3,501,1,1
2023HU0131087,4,501,1,1
2023HU0131087,5,501,1,1
2023HU0131194,1,501,2,1
2023HU0131194,2,501,2,1
2023HU0131205,1,501,3,1
2023HU0131205,2,501,3,1
2023HU0131205,3,501,3,1
2023HU0131205,4,501,3,1
2023HU0131321,1,501,2,1
2023HU0131360,1,127,4,1
2023HU0131532,1,17,2,1
2023HU0131532,2,17,2,1
2023HU0131670,1,226,3,1
2023HU0131670,2,25,3,1
2023HU0131675,1,501,1,1
2023HU0131675,2,501,1,1
2023HU0131911,1,0,3,1
2023HU0131999,1,0,4,1
2023HU0131999,2,0,4,1
2023HU0131999,3,0,4,1
2023HU0132015,1,501,2,1
2023HU0132015,2,501,2,1
2023HU0132015,3,501,2,1
2023HU0132048,1,221,3,1
2023HU0132048,2,221,3,1
2023HU0132048,3,221,3,1
2023HU0132048,4,221,3,1
2023HU0132093,1,501,1,1
2023HU0132093,2,501,1,1
2023HU0132093,3,501,1,1
2023HU0132093,4,,1,1
2023HU0132331,1,501,2,1
2023HU0132331,2,501,2,1
2023HU0132367,1,501,1,1
2023HU0132494,1,403,3,1
2023HU0132646,1,501,3,1
2023HU0132679,1,285,3,1
2023HU0132679,2,285,3,1
2023HU0132679,3,285,3,1
2023HU0132679,4,285,3,1
2023HU0132787,1,501,1,1
2023HU0132787,2,501,1,1
2023HU0132787,3,501,1,1
2023HU0132787,4,501,1,1
2023HU0132803,1,501,1,1
2023HU0132803,2,501,1,1
2023HU0132830,1,470,3,1
2023HU0132856,1,20,3,1
2023HU0133092,1,501,2,1
2023HU0133092,2,501,2,1
2023HU0133092,3,501,2,1
2023HU0133092,4,501,2,1
2023HU0133200,1,240,3,1
2023HU0133234,1,314,3,1
2023HU0133234,2,314,3,1
2023HU0133234,3,314,3,1
2023HU0133234,4,314,3,1
2023HU0133288,1,431,1,1
2023HU0133288,2,431,1,1
2023HU0133288,3,431,1,1
2023HU0133288,4,431,1,1
2023HU0133305,1,405,2,1
2023HU0133323,1,501,2,1
2023HU0133323,2,501,2,1
2023HU0133394,1,226,3,1
2023HU0133394,2,226,3,1
2023HU0133420,1,430,1,1
2023HU0133524,1,497,1,1
2023HU0133524,2,497,1,1
2023HU0133524,3,497,1,1
2023HU0133524,4,497,1,1
2023HU0133524,5,283,1,1
2023HU0133524,6,501,1,1
2023HU0133524,7,96,1,1
2023HU0133573,1,302,3,1
2023HU0133574,1,501,1,1
2023HU0133574,2,501,1,1
2023HU0133574,3,501,1,1
2023HU0133574,4,501,1,1
2023HU0133600,1,501,1,1
2023HU0133600,2,501,1,1
2023HU0133726,1,328,3,1
2023HU0133760,1,98,3,1
2023HU0133760,2,98,3,1
2023HU0133760,3,98,3,1
2023HU0133760,4,98,3,1
2023HU0133800,1,64,2,1
2023HU0133883,1,501,1,1
2023HU0133883,2,501,1,1
2023HU0134031,1,95,3,1
2023HU0134036,1,501,1,1
2023HU0134036,2,501,1,1
2023HU0134036,3,501,1,1
2023HU0134053,1,411,3,1
2023HU0134053,2,411,3,1
2023HU0134057,1,501,1,1
2023HU0134057,2,501,1,1
2023HU0134057,3,501,1,1
2023HU0134057,4,501,1,1
2023HU0134057,5,501,1,1
2023HU0134057,6,501,1,1
2023HU0134069,1,36,3,1
2023HU0134091,1,474,1,1
2023HU0134091,2,474,1,1
2023HU0134108,1,387,1,1
2023HU0134108,2,387,1,1
2023HU0134108,3,387,1,1
2023HU0134108,4,387,1,1
2023HU0134108,5,387,1,1
2023HU0134221,1,136,3,1
2023HU0134221,2,0,3,1
2023HU0134221,3,136,3,1
2023HU0134315,1,280,2,1
2023HU0134328,1,13,2,1
2023HU0134356,1,335,3,1
2023HU0134356,2,335,3,1
2023HU0134356,3,335,3,1
2023HU0134356,4,335,3,1
2023HU0134375,1,58,2,1
2023HU0134375,2,58,2,1
2023HU0134558,1,29,3,1
2023HU0134558,2,442,3,1
2023HU0134572,1,179,2,1
2023HU0134691,1,309,1,1
2023HU0134720,1,501,1,1
2023HU0134839,1,193,1,1
2023HU0135124,1,180,1,1
2023HU0135124,2,180,1,1
2023HU0135124,3,180,1,1
2023HU0135124,4,180,1,1
2023HU0135124,5,180,1,1
2023HU0135124,6,180,1,1
2023HU0135124,7,180,1,1
2023HU0135180,1,501,2,1
2023HU0135180,2,501,2,1
2023HU0135180,3,501,2,1
2023HU0135403,1,490,2,1
2023HU0135559,1,285,1,1
2023HU0135723,1,107,2,1
2023HU0135723,2,107,2,1
2023HU0135723,3,147,2,1
2023HU0135801,1,300,2,1
2023HU0135801,2,300,2,1
2023HU0135801,3,300,2,1
2023HU0135801,4,300,2,1
2023HU0135801,5,300,2,1
2023HU0135885,1,156,2,1
2023HU0135958,1,304,3,1
2023HU0136085,1,501,1,1
2023HU0136085,2,501,1,1
2023HU0136085,3,501,1,1
2023HU0136085,4,501,1,1
2023HU0136085,5,501,1,1
2023HU0136117,1,501,3,1
2023HU0136210,1,83,2,1
2023HU0136272,1,501,2,1
2023HU0136272,2,501,2,1
2023HU0136279,1,470,1,1
2023HU0136279,2,470,1,1
2023HU0136279,3,470,1,1
2023HU0136339,1,495,3,1
2023HU0136339,2,495,3,1
2023HU0136339,3,495,3,1
2023HU0136470,1,158,3,1
2023HU0136708,1,362,3,1
2023HU0136708,2,362,3,1
2023HU0136708,3,362,3,1
2023HU0136708,4,362,3,1
2023HU0136736,1,501,2,1
2023HU0136736,2,501,2,1
2023HU0136736,3,501,2,1
2023HU0136738,1,501,1,1
2023HU0136738,2,501,1,1
2023HU0136939,1,37,3,1
2023HU0137067,1,97,3,1
2023HU0137114,1,501,1,1
2023HU0137114,2,501,1,1
2023HU0137114,3,501,1,1
2023HU0137127,1,494,1,1
2023HU0137127,2,494,1,1
2023HU0137127,3,494,1,1
2023HU0137127,4,494,1,1
2023HU0137152,1,501,2,1
2023HU0137205,1,501,1,1
2023HU0137205,2,501,1,1
2023HU0137618,1,256,2,1
2023HU0137633,1,501,2,1
2023HU0137633,2,501,2,1
2023HU0137704,1,501,2,1
2023HU0137704,2,501,2,1
2023HU0137793,1,501,2,1
2023HU0137793,2,501,2,1
2023HU0137793,3,501,2,1
2023HU0137793,4,501,2,1
2023HU0138405,1,157,2,1
2023HU0138487,1,175,2,1
2023HU0138487,2,134,2,1
2023HU0138487,3,0,2,1
2023HU0138566,1,71,3,1
2023HU0138566,2,71,3,1
2023HU0138566,3,71,3,1
2023HU0138566,4,71,3,1
2023HU0138566,5,71,3,1
2023HU0138566,6,71,3,1
2023HU0138566,7,71,3,1
2023HU0138577,1,202,2,1
2023HU0138577,2,202,2,1
2023HU0138627,1,285,2,1
2023HU0138678,1,332,3,1
2023HU0138683,1,501,2,1
2023HU0138683,2,501,2,1
2023HU0138692,1,63,1,1
2023HU0138692,2,63,1,1
2023HU0139047,1,501,1,1
2023HU0139047,2,501,1,1
2023HU0139202,1,501,1,1
2023HU0139355,1,501,1,1
2023HU0139355,2,501,1,1
2023HU0139607,1,66,3,1
2023HU0139607,2,0,3,1
2023HU0139607,3,66,3,1
2023HU0139607,4,66,3,1
2023HU0139617,1,501,3,1
2023HU0139617,2,501,3,1
2023HU0139643,1,424,3,1
2023HU0139906,1,501,1,1
2023HU0139906,2,501,1,1
2023HU0139906,3,501,1,1
2023HU0139919,1,120,1,1
2023HU0139919,2,120,1,1
2023HU0139919,3,120,1,1
2023HU0139919,4,120,1,1
2023HU0140069,1,197,3,1
2023HU0140215,1,137,1,1
2023HU0140215,2,137,1,1
2023HU0140466,1,222,3,1
2023HU0140466,2,222,3,1
2023HU0140466,3,222,3,1
2023HU0140466,4,222,3,1
2023HU0140492,1,501,1,1
2023HU0140492,2,501,1,1
2023HU0140560,1,501,1,1
2023HU0140560,2,501,1,1
2023HU0140683,1,501,1,1
2023HU0140683,2,501,1,1
2023HU0140738,1,138,1,1
2023HU0140738,2,138,1,1
2023HU0140738,3,138,1,1
2023HU0140738,4,138,1,1
2023HU0140738,5,138,1,1
2023HU0140765,1,109,2,1
2023HU0140930,1,223,2,1
2023HU0140930,2,223,2,1
2023HU0140930,3,223,2,1
2023HU0140930,4,223,2,1
2023HU0140930,5,223,2,1
2023HU0141126,1,350,2,1
2023HU0141126,2,350,2,1
2023HU0141126,3,350,2,1
2023HU0141126,4,350,2,1
2023HU0141126,5,350,2,1
2023HU0141151,1,407,2,1
2023HU0141151,2,407,2,1
2023HU0141268,1,67,3,1
2023HU0141431,1,318,1,1
2023HU0141431,2,318,1,1
2023HU0141431,3,318,1,1
2023HU0141431,4,318,1,1
2023HU0141431,5,318,1,1
2023HU0141506,1,186,2,1
2023HU0141506,2,186,2,1
2023HU0141954,1,99,2,1
2023HU0142100,1,479,1,1
2023HU0142100,2,479,1,1
2023HU0142335,1,0,3,1
2023HU0142543,1,484,1,1
2023HU0142543,2,484,1,1
2023HU0142543,3,484,1,1
2023HU0142543,4,484,1,1
2023HU0142543,5,0,1,1
2023HU0142552,1,263,3,1
2023HU0142571,1,456,1,1
2023HU0142780,1,181,3,1
2023HU0142780,2,181,3,1
2023HU0142977,1,105,3,1
2023HU0142994,1,360,3,1
2023HU0143045,1,141,1,1
2023HU0143045,2,141,1,1
2023HU0143189,1,501,1,1
2023HU0143189,2,501,1,1
2023HU0143242,1,82,1,1
2023HU0143242,2,82,1,1
2023HU0143242,3,82,1,1
2023HU0143631,1,501,1,1
2023HU0143631,2,501,1,1
2023HU0143855,1,57,1,1
2023HU0144011,1,258,3,1
2023HU0144011,2,194,3,1
2023HU0144011,3,501,3,1
2023HU0144012,1,501,2,1
2023HU0144012,2,501,2,1
2023HU0144097,1,501,1,1
2023HU0144097,2,501,1,1
2023HU0144097,3,501,1,1
2023HU0144135,1,287,4,1
2023HU0144135,2,143,4,1
2023HU0144135,3,143,4,1
2023HU0144135,4,143,4,1
2023HU0144135,5,220,4,1
2023HU0144135,6,217,4,1
2023HU0144224,1,501,1,1
2023HU0144423,1,490,3,1
2023HU0144423,2,490,3,1
2023HU0144423,3,490,3,1
2023HU0144423,4,490,3,1
2023HU0144534,1,354,1,1
2023HU0144724,1,256,2,1
2023HU0144724,2,256,2,1
2023HU0144724,3,256,2,1
2023HU0144730,1,501,1,1
2023HU0144777,1,304,1,1
2023HU0144777,2,304,1,1
2023HU0144777,3,304,1,1
2023HU0144777,4,304,1,1
2023HU0144777,5,304,1,1
2023HU0144851,1,501,1,1
2023HU0144851,2,501,1,1
2023HU0144855,1,501,1,1
2023HU0144855,2,501,1,1
2023HU0145032,1,474,3,1
2023HU0145032,2,474,3,1
2023HU0145032,3,474,3,1
2023HU0145110,1,164,3,1
2023HU0145110,2,164,3,1
2023HU0145110,3,164,3,1
2023HU0145128,1,501,3,1
2023HU0145128,2,501,3,1
2023HU0145247,1,456,1,1
2023HU0145298,1,444,1,1
2023HU0145298,2,444,1,1
2023HU0145298,3,444,1,1
2023HU0145298,4,444,1,1
2023HU0145298,5,444,1,1
2023HU0145298,6,444,1,1
2023HU0145298,7,444,1,1
2023HU0145298,8,444,1,1
2023HU0145298,9,444,1,1
2023HU0145313,1,127,3,1
2023HU0145313,2,127,3,1
2023HU0145327,1,396,1,1
2023HU0145327,2,396,1,1
2023HU0145352,1,305,2,1
2023HU0145352,2,305,2,1
2023HU0145352,3,305,2,1
2023HU0145352,4,305,2,1
2023HU0145373,1,226,3,1
2023HU0145373,2,174,3,1
2023HU0145413,1,238,2,1
2023HU0145413,2,238,2,1
2023HU0145413,3,238,2,1
2023HU0145413,4,238,2,1
2023HU0145413,5,238,2,1
2023HU0145473,1,461,2,1
2023HU0145579,1,501,1,1
2023HU0145579,2,501,1,1
2023HU0145616,1,428,1,1
2023HU0145616,2,428,1,1
2023HU0145616,3,428,1,1
2023HU0145685,1,346,2,1
2023HU0145685,2,346,2,1
2023HU0145685,3,346,2,1
2023HU0145685,4,346,2,1
2023HU0145685,5,346,2,1
2023HU0145685,6,346,2,1
2023HU0145739,1,77,3,1
2023HU0145793,1,224,1,1
2023HU0145793,2,224,1,1
2023HU0145793,3,224,1,1
2023HU0145793,4,224,1,1
2023HU0145793,5,224,1,1
2023HU0145793,6,224,1,1
2023HU0145793,7,224,1,1
2023HU0145793,8,224,1,1
2023HU0145811,1,501,1,1
2023HU0145811,2,501,1,1
2023HU0145811,3,501,1,1
2023HU0145811,4,501,1,1
2023HU0145858,1,176,3,1
2023HU0145858,2,236,3,1
2023HU0146084,1,501,1,1
2023HU0146084,2,501,1,1
2023HU0146084,3,501,1,1
2023HU0146437,1,292,1,1
2023HU0146437,2,292,1,1
2023HU0146437,3,292,1,1
2023HU0146437,4,292,1,1
2023HU0146437,5,292,1,1
2023HU0146437,6,292,1,1
2023HU0146493,1,411,2,1
2023HU0146493,2,411,2,1
2023HU0146568,1,501,2,1
2023HU0146568,2,501,2,1
2023HU0146568,3,501,2,1
2023HU0146673,1,162,3,1
2023HU0146673,2,162,3,1
2023HU0146673,3,162,3,1
2023HU0146673,4,162,3,1
2023HU0146673,5,162,3,1
2023HU0146673,6,162,3,1
2023HU0146869,1,501,2,1
2023HU0146869,2,501,2,1
2023HU0146890,1,9,1,1
2023HU0147041,1,73,2,1
2023HU0147200,1,362,1,1
2023HU0147210,1,501,1,1
2023HU0147210,2,501,1,1
2023HU0147210,3,501,1,1
2023HU0147210,4,501,1,1
2023HU0147210,5,25,1,1
2023HU0147249,1,24,3,1
2023HU0147249,2,24,3,1
2023HU0147285,1,501,1,1
2023HU0147285,2,424,1,1
2023HU0147306,1,468,1,1
2023HU0147306,2,468,1,1
2023HU0147320,1,76,3,1
2023HU0147421,1,501,1,1
2023HU0147421,2,501,1,1
2023HU0147421,3,501,1,1
2023HU0147452,1,115,3,1
2023HU0147637,1,74,2,1
2023HU0147823,1,398,1,1
2023HU0147823,2,398,1,1
2023HU0147873,1,348,2,1
2023HU0147873,2,348,2,1
2023HU0147873,3,348,2,1
2023HU0147914,1,107,1,1
2023HU0147914,2,107,1,1
2023HU0147914,3,107,1,1
2023HU0147914,4,107,1,1
2023HU0147914,5,107,1,1
2023HU0147914,6,107,1,1
2023HU0147914,7,107,1,1
2023HU0147914,8,107,1,1
2023HU0147914,9,107,1,1
2023HU0148211,1,130,2,1
2023HU0148399,1,117,3,1
2023HU0148399,2,117,3,1
2023HU0148399,3,84,3,1
2023HU0148415,1,77,3,1
2023HU0148432,1,493,3,1
2023HU0148432,2,493,3,1
2023HU0148432,3,493,3,1
2023HU0148495,1,393,2,1
2023HU0148495,2,393,2,1
2023HU0148595,1,501,1,1
2023HU0148595,2,501,1,1
2023HU0148595,3,501,1,1
2023HU0148625,1,119,2,1
2023HU0148826,1,115,1,1
2023HU0148826,2,0,1,1
2023HU0148826,3,115,1,1
2023HU0148826,4,115,1,1
2023HU0148907,1,227,3,1
2023HU0148942,1,446,2,1
2023HU0148942,2,446,2,1
2023HU0148994,1,141,3,1
2023HU0148994,2,199,3,1
2023HU0149022,1,444,1,1
2023HU0149022,2,444,1,1
2023HU0149022,3,444,1,1
2023HU0149022,4,444,1,1
2023HU0149055,1,194,3,1
2023HU0149055,2,227,3,1
2023HU0149075,1,414,1,1
2023HU0149075,2,414,1,1
2023HU0149075,3,414,1,1
2023HU0149075,4,414,1,1
2023HU0149076,1,245,3,1
2023HU0149085,1,501,1,1
2023HU0149085,2,501,1,1
2023HU0149085,3,501,1,1
2023HU0149085,4,501,1,1
2023HU0149243,1,153,3,1
2023HU0149243,2,153,3,1
2023HU0149243,3,153,3,1
2023HU0149243,4,153,3,1
2023HU0149243,5,153,3,1
2023HU0149243,6,153,3,1
2023HU0149243,7,153,3,1
2023HU0149448,1,409,3,1
2023HU0149448,2,409,3,1
2023HU0149619,1,337,3,1
2023HU0149619,2,337,3,1
2023HU0149619,3,337,3,1
2023HU0149986,1,501,1,1
2023HU0149986,2,501,1,1
2023HU0150118,1,501,1,1
2023HU0150118,2,501,1,1
2023HU0150130,1,454,1,1
2023HU0150130,2,454,1,1
2023HU0150130,3,454,1,1
2023HU0150218,1,191,2,1
2023HU0150218,2,191,2,1
2023HU0150288,1,217,2,1
2023HU0150288,2,217,2,1
2023HU0150319,1,501,1,1
2023HU0150319,2,501,1,1
2023HU0150319,3,501,1,1
2023HU0150319,4,501,1,1
2023HU0150319,5,501,1,1
2023HU0150460,1,199,3,1
2023HU0150460,2,199,3,1
2023HU0150477,1,57,2,1
2023HU0150477,2,57,2,1
2023HU0150507,1,501,1,1
2023HU0150507,2,501,1,1
2023HU0150507,3,501,1,1
2023HU0150507,4,501,1,1
2023HU0150507,5,501,1,1
2023HU0150536,1,437,1,1
2023HU0150536,2,437,1,1
2023HU0150536,3,437,1,1
2023HU0150616,1,278,2,1
2023HU0150660,1,501,1,1
2023HU0150660,2,501,1,1
2023HU0150678,1,372,3,1
2023HU0150678,2,372,3,1
2023HU0150678,3,372,3,1
2023HU0150678,4,372,3,1
2023HU0150678,5,372,3,1
2023HU0150678,6,372,3,1
2023HU0150733,1,137,1,1
2023HU0150733,2,137,1,1
2023HU0150893,1,501,2,1
2023HU0150893,2,501,2,1
2023HU0150968,1,501,1,1
2023HU0150968,2,501,1,1
2023HU0151006,1,71,3,1
2023HU0151012,1,501,3,1
2023HU0151039,1,225,2,1
2023HU0151327,1,501,3,1
2023HU0151327,2,501,3,1
2023HU0151327,3,501,3,1
2023HU0151327,4,501,3,1
2023HU0151425,1,480,2,1
2023HU0151425,2,480,2,1
2023HU0151425,3,480,2,1
2023HU0151425,4,480,2,1
2023HU0151426,1,368,2,1
2023HU0151426,2,368,2,1
2023HU0151439,1,437,2,1
2023HU0151756,1,186,3,1
2023HU0152537,1,474,1,1
2023HU0152546,1,501,1,1
2023HU0152546,2,501,1,1
2023HU0152582,1,60,1,1
2023HU0152582,2,60,1,1
2023HU0152618,1,301,1,1
2023HU0152618,2,301,1,1
2023HU0152618,3,301,1,1
2023HU0152618,4,301,1,1
2023HU0152618,5,301,1,1
2023HU0152690,1,362,3,1
2023HU0152690,2,362,3,1
2023HU0152829,1,111,1,1
2023HU0152884,1,375,1,1
2023HU0152884,2,375,1,1
2023HU0152884,3,375,1,1
2023HU0152884,4,375,1,1
2023HU0152884,5,375,1,1
2023HU0152888,1,271,2,1
2023HU0153067,1,332,1,1
2023HU0153067,2,332,1,1
2023HU0153067,3,332,1,1
2023HU0153428,1,256,1,1
2023HU0153428,2,256,1,1
2023HU0153432,1,501,3,1
2023HU0153480,1,161,1,1
2023HU0153480,2,161,1,1
2023HU0153480,3,161,1,1
2023HU0153480,4,161,1,1
2023HU0153599,1,455,1,1
2023HU0153599,2,455,1,1
2023HU0153599,3,455,1,1
2023HU0153758,1,501,2,1
2023HU0153758,2,501,2,1
2023HU0153758,3,501,2,1
2023HU0153783,1,5,3,1
2023HU0153783,2,5,3,1
2023HU0153783,3,5,3,1
2023HU0153783,4,5,3,1
2023HU0153783,5,5,3,1
2023HU0153820,1,260,3,1
2023HU0153820,2,260,3,1
2023HU0153820,3,260,3,1
2023HU0153820,4,260,3,1
2023HU0153820,5,260,3,1
2023HU0153820,6,260,3,1
2023HU0153820,7,260,3,1
2023HU0153820,8,260,3,1
2023HU0153820,9,260,3,1
2023HU0153820,10,260,3,1
2023HU0153928,1,0,4,1
2023HU0154043,1,54,3,1
2023HU0154082,1,501,1,1
2023HU0154082,2,501,1,1
2023HU0154082,3,501,1,1
2023HU0154082,4,501,1,1
2023HU0154135,1,501,1,1
2023HU0154138,1,369,2,1
2023HU0154406,1,501,1,1
2023HU0154514,1,482,1,1
2023HU0154514,2,482,1,1
2023HU0154514,3,482,1,1
2023HU0154522,1,269,1,1
2023HU0154522,2,269,1,1
2023HU0154522,3,269,1,1
2023HU0154522,4,269,1,1
2023HU0154582,1,501,1,1
2023HU0154582,2,501,1,1
2023HU0154582,3,501,1,1
2023HU0154582,4,501,1,1
2023HU0154683,1,501,2,1
2023HU0154683,2,501,2,1
2023HU0154684,1,501,2,1
2023HU0154684,2,501,2,1
2023HU0154687,1,501,3,1
2023HU0154839,1,501,3,1
2023HU0154839,2,501,3,1
2023HU0154875,1,171,3,1
2023HU0154875,2,171,3,1
2023HU0154875,3,171,3,1
2023HU0154907,1,501,3,1
2023HU0154953,1,306,1,1
2023HU0154974,1,501,3,1
2023HU0154974,2,501,3,1
2023HU0155055,1,440,1,1
2023HU0155055,2,440,1,1
2023HU0155055,3,440,1,1
2023HU0155055,4,440,1,1
2023HU0155277,1,156,1,1
2023HU0155277,2,156,1,1
2023HU0155277,3,156,1,1
2023HU0155277,4,156,1,1
2023HU0155277,5,156,1,1
2023HU0155311,1,501,2,1
2023HU0155311,2,501,2,1
2023HU0155311,3,501,2,1
2023HU0155311,4,501,2,1
2023HU0155323,1,0,3,1
2023HU0155434,1,501,1,1
2023HU0155533,1,0,4,1
2023HU0155587,1,463,1,1
2023HU0155587,2,463,1,1
2023HU0155587,3,463,1,1
2023HU0155587,4,463,1,1
2023HU0155639,1,501,3,1
2023HU0155650,1,270,2,1
2023HU0155650,2,270,2,1
2023HU0155657,1,47,3,1
2023HU0155657,2,47,3,1
2023HU0155777,1,501,1,1
2023HU0155824,1,501,2,1
2023HU0155824,2,501,2,1
2023HU0155927,1,336,1,1
2023HU0155927,2,336,1,1
2023HU0155927,3,336,1,1
2023HU0155935,1,501,1,1
2023HU0155935,2,501,1,1
2023HU0155935,3,501,1,1
2023HU0155935,4,501,1,1
2023HU0155966,1,317,3,1
2023HU0155966,2,114,3,1
2023HU0156067,1,392,2,1
2023HU0156121,1,501,2,1
2023HU0156121,2,501,2,1
2023HU0156121,3,501,2,1
2023HU0156279,1,260,1,1
2023HU0156279,2,260,1,1
2023HU0156279,3,260,1,1
2023HU0156279,4,260,1,1
2023HU0156498,1,501,1,1
2023HU0156498,2,501,1,1
2023HU0156498,3,501,1,1
2023HU0156509,1,501,1,1
2023HU0156509,2,501,1,1
2023HU0156509,3,501,1,1
2023HU0156509,4,501,1,1
2023HU0156723,1,457,3,1
2023HU0156733,1,501,3,1
2023HU0156840,1,501,2,1
2023HU0156840,2,501,2,1
2023HU0157202,1,501,1,1
2023HU0157202,2,501,1,1
2023HU0157202,3,501,1,1
2023HU0157265,1,110,2,1
2023HU0157265,2,110,2,1
2023HU0157265,3,110,2,1
2023HU0157265,4,110,2,1
2023HU0157345,1,142,3,1
2023HU0157373,1,249,4,1
2023HU0157570,1,22,3,1
2023HU0157582,1,320,3,1
2023HU0157587,1,473,1,1
2023HU0157587,2,473,1,1
2023HU0157587,3,473,1,1
2023HU0157653,1,331,1,1
2023HU0157653,2,331,1,1
2023HU0157653,3,331,1,1
2023HU0157653,4,331,1,1
2023HU0157671,1,501,2,1
2023HU0157671,2,501,2,1
2023HU0157748,1,501,2,1
2023HU0157748,2,501,2,1
2023HU0157783,1,501,1,1
2023HU0157949,1,190,2,1
2023HU0157949,2,190,2,1
2023HU0158061,1,501,2,1
2023HU0158096,1,501,1,1
2023HU0158096,2,501,1,1
2023HU0158183,1,501,1,1
2023HU0158183,2,501,1,1
2023HU0158183,3,501,1,1
2023HU0158183,4,501,1,1
2023HU0158183,5,501,1,1
2023HU0158323,1,411,1,1
2023HU0158323,2,259,1,1
2023HU0158348,1,501,1,1
2023HU0158348,2,501,1,1
2023HU0158518,1,372,3,1
2023HU0158518,2,372,3,1
2023HU0158633,1,81,3,1
2023HU0158633,2,81,3,1
2023HU0158633,3,81,3,1
2023HU0158633,4,81,3,1
2023HU0158683,1,501,1,1
2023HU0158683,2,501,1,1
2023HU0158683,3,501,1,1
2023HU0158803,1,501,2,1
2023HU0158803,2,501,2,1
2023HU0158925,1,447,3,1
2023HU0159240,1,444,1,1
2023HU0159240,2,444,1,1
2023HU0159240,3,444,1,1
2023HU0159240,4,444,1,1
2023HU0159271,1,501,2,1
2023HU0159271,2,501,2,1
2023HU0159271,3,501,2,1
2023HU0159271,4,501,2,1
2023HU0159294,1,311,3,1
2023HU0159294,2,311,3,1
2023HU0159294,3,311,3,1
2023HU0159294,4,311,3,1
2023HU0159391,1,117,1,1
2023HU0159391,2,117,1,1
2023HU0159391,3,117,1,1
2023HU0159391,4,117,1,1
2023HU0159612,1,239,2,1
2023HU0159612,2,239,2,1
2023HU0159612,3,239,2,1
2023HU0159612,4,239,2,1
2023HU0159612,5,239,2,1
2023HU0159677,1,501,1,1
2023HU0159959,1,336,1,1
2023HU0159959,2,336,1,1
2023HU0159959,3,336,1,1
2023HU0159959,4,336,1,1
2023HU0160102,1,501,2,1
2023HU0160102,2,501,2,1
2023HU0160102,3,501,2,1
2023HU0160102,4,501,2,1
2023HU0160439,1,258,1,1
2023HU0160439,2,258,1,1
2023HU0160467,1,501,1,1
2023HU0160467,2,501,1,1
2023HU0160512,1,501,1,1
2023HU0160512,2,501,1,1
2023HU0160512,3,501,1,1
2023HU0160545,1,7,3,1
2023HU0160567,1,59,3,1
2023HU0160567,2,59,3,1
2023HU0160709,1,501,1,1
2023HU0160709,2,501,1,1
2023HU0160709,3,501,1,1
2023HU0161013,1,501,1,1
2023HU0161013,2,501,1,1
2023HU0161013,3,501,1,1
2023HU0161159,1,501,2,1
2023HU0161159,2,501,2,1
2023HU0161193,1,95,3,1
2023HU0161193,2,95,3,1
2023HU0161231,1,486,3,1
2023HU0161319,1,25,3,1
2023HU0161319,2,25,3,1
2023HU0161319,3,25,3,1
2023HU0161319,4,25,3,1
2023HU0161319,5,25,3,1
2023HU0161385,1,91,3,1
2023HU0161465,1,319,3,1
2023HU0161465,2,319,3,1
2023HU0161533,1,501,3,1
2023HU0161799,1,271,1,1
2023HU0162013,1,363,1,1
2023HU0162050,1,54,2,1
2023HU0162050,2,54,2,1
2023HU0162071,1,418,3,1
2023HU0162082,1,347,3,1
2023HU0162270,1,501,2,1
2023HU0162270,2,501,2,1
2023HU0162330,1,501,1,1
2023HU0162330,2,501,1,1
2023HU0162330,3,501,1,1
2023HU0162330,4,501,1,1
2023HU0162484,1,235,3,1
2023HU0162484,2,235,3,1
2023HU0162631,1,30,1,1
2023HU0162631,2,30,1,1
2023HU0162644,1,413,3,1
2023HU0162665,1,501,1,1
2023HU0162665,2,501,1,1
2023HU0162709,1,501,1,1
2023HU0162709,2,501,1,1
2023HU0162709,3,501,1,1
2023HU0162986,1,170,2,1
2023HU0162986,2,170,2,1
2023HU0162986,3,170,2,1
2023HU0162986,4,170,2,1
2023HU0162986,5,170,2,1
2023HU0162986,6,170,2,1
2023HU0163005,1,200,2,1
2023HU0163021,1,315,3,1
2023HU0163169,1,312,3,1
2023HU0163169,2,501,3,1
2023HU0163187,1,83,3,1
2023HU0163187,2,83,3,1
2023HU0163275,1,501,1,1
2023HU0163275,2,227,1,1
2023HU0163335,1,258,3,1
2023HU0163489,1,274,1,1
2023HU0163548,1,230,3,1
2023HU0163595,1,501,1,1
2023HU0163619,1,501,1,1
2023HU0163619,2,501,1,1
2023HU0163642,1,501,3,1
2023HU0163676,1,75,3,1
2023HU0163802,1,501,2,1
2023HU0163802,2,501,2,1
2023HU0163802,3,501,2,1
2023HU0163802,4,501,2,1
2023HU0163802,5,501,2,1
2023HU0163933,1,501,2,1
2023HU0164015,1,501,1,1
2023HU0164164,1,349,1,1
2023HU0164164,2,349,1,1
2023HU0164164,3,349,1,1
2023HU0164172,1,382,3,1
2023HU0164207,1,243,1,1
2023HU0164207,2,243,1,1
2023HU0164207,3,243,1,1
2023HU0164207,4,243,1,1
2023HU0164207,5,243,1,1
2023HU0164207,6,243,1,1
2023HU0164247,1,501,2,1
2023HU0164247,2,501,2,1
2023HU0164247,3,501,2,1
2023HU0164247,4,501,2,1
2023HU0164768,1,501,1,1
2023HU0164768,2,501,1,1
2023HU0164768,3,501,1,1
2023HU0164803,1,501,1,1
2023HU0164933,1,340,1,1
2023HU0164933,2,340,1,1
2023HU0164933,3,340,1,1
2023HU0164933,4,340,1,1
2023HU0164933,5,340,1,1
2023HU0164933,6,340,1,1
2023HU0165041,1,501,1,1
2023HU0165041,2,501,1,1
2023HU0165041,3,501,1,1
2023HU0165041,4,501,1,1
2023HU0165098,1,501,2,1
2023HU0165098,2,501,2,1
2023HU0165114,1,191,1,1
2023HU0165114,2,223,1,1
2023HU0165308,1,501,1,1
2023HU0165310,1,501,2,1
2023HU0165310,2,501,2,1
2023HU0165310,3,501,2,1
2023HU0165717,1,127,3,1
2023HU0165760,1,501,1,1
2023HU0165760,2,501,1,1
2023HU0165813,1,501,2,1
2023HU0165813,2,501,2,1
2023HU0165849,1,501,2,1
2023HU0165849,2,501,2,1
2023HU0165931,1,501,1,1
2023HU0165932,1,119,3,1
2023HU0165993,1,402,1,1
2023HU0165993,2,402,1,1
2023HU0165993,3,402,1,1
2023HU0165993,4,402,1,1
2023HU0166033,1,432,1,1
2023HU0166050,1,501,3,1
2023HU0166050,2,501,3,1
2023HU0166050,3,501,3,1
2023HU0166168,1,242,3,1
2023HU0166189,1,501,3,1
2023HU0166344,1,129,3,1
2023HU0166367,1,59,3,1
2023HU0166367,2,59,3,1
2023HU0166367,3,59,3,1
2023HU0166367,4,59,3,1
2023HU0166514,1,114,1,1
2023HU0166519,1,15,1,1
2023HU0166581,1,501,1,1
2023HU0166652,1,501,1,1
2023HU0166652,2,352,1,1
2023HU0166823,1,327,1,1
2023HU0166823,2,327,1,1
2023HU0167078,1,113,3,1
2023HU0167115,1,179,3,1
2023HU0167115,2,179,3,1
2023HU0167115,3,179,3,1
2023HU0167115,4,179,3,1
2023HU0167167,1,180,2,1
2023HU0167167,2,180,2,1
2023HU0167246,1,501,2,1
2023HU0167246,2,501,2,1
2023HU0167370,1,0,3,1
2023HU0167449,1,321,2,1
2023HU0167449,2,321,2,1
2023HU0167468,1,16,3,1
2023HU0167468,2,136,3,1
2023HU0167468,3,15,3,1
2023HU0167607,1,179,2,1
2023HU0167633,1,501,2,1
2023HU0167633,2,501,2,1
2023HU0167633,3,501,2,1
2023HU0167692,1,477,1,1
2023HU0167692,2,215,1,1
2023HU0167693,1,501,1,1
2023HU0167693,2,501,1,1
2023HU0167704,1,501,2,1
2023HU0167704,2,501,2,1
2023HU0167824,1,415,1,1
2023HU0167824,2,415,1,1
2023HU0167824,3,415,1,1
2023HU0167824,4,415,1,1
2023HU0167824,5,415,1,1
2023HU0167860,1,249,1,1
2023HU0167943,1,209,3,1
2023HU0167943,2,209,3,1
2023HU0167943,3,209,3,1
2023HU0167943,4,209,3,1
2023HU0168027,1,137,3,1
2023HU0168027,2,137,3,1
2023HU0168027,3,137,3,1
2023HU0168027,4,137,3,1
2023HU0168027,5,137,3,1
2023HU0168036,1,279,1,1
2023HU0168036,2,279,1,1
2023HU0168036,3,279,1,1
2023HU0168036,4,279,1,1
2023HU0168036,5,279,1,1
2023HU0168232,1,501,1,1
2023HU0168232,2,454,1,1
2023HU0168313,1,278,1,1
2023HU0168384,1,501,1,1
2023HU0168608,1,501,3,1
2023HU0168608,2,501,3,1
2023HU0168683,1,501,1,1
2023HU0168683,2,501,1,1
2023HU0168690,1,357,2,1
2023HU0168728,1,501,2,1
2023HU0168728,2,501,2,1
2023HU0168728,3,501,2,1
2023HU0168728,4,501,2,1
2023HU0168778,1,408,3,1
2023HU0168861,1,61,3,1
2023HU0168861,2,61,3,1
2023HU0168861,3,61,3,1
2023HU0168984,1,380,3,1
2023HU0168984,2,380,3,1
2023HU0168985,1,80,2,1
2023HU0168985,2,80,2,1
2023HU0169099,1,82,3,1
2023HU0169129,1,301,3,1
2023HU0169129,2,301,3,1
2023HU0169149,1,143,2,1
2023HU0169149,2,143,2,1
2023HU0169149,3,143,2,1
2023HU0169149,4,143,2,1
2023HU0169166,1,501,1,1
2023HU0169166,2,501,1,1
2023HU0169166,3,501,1,1
2023HU0169238,1,318,3,1
2023HU0169291,1,224,3,1
2023HU0169291,2,501,3,1
2023HU0169291,3,501,3,1
2023HU0169291,4,200,3,1
2023HU0169338,1,196,1,1
2023HU0169338,2,262,1,1
2023HU0169338,3,196,1,1
2023HU0169338,4,196,1,1
2023HU0169338,5,196,1,1
2023HU0169380,1,501,3,1
2023HU0169593,1,501,1,1
2023HU0169593,2,501,1,1
2023HU0169839,1,196,1,1
2023HU0169839,2,196,1,1
2023HU0169839,3,196,1,1
2023HU0169839,4,196,1,1
2023HU0170216,1,501,3,1
2023HU0170421,1,501,2,1
2023HU0170421,2,501,2,1
2023HU0170453,1,501,3,1
2023HU0170470,1,501,2,1
2023HU0170470,2,501,2,1
2023HU0170528,1,501,1,1
2023HU0170528,2,501,1,1
2023HU0170554,1,133,3,1
2023HU0170612,1,227,3,1
2023HU0170627,1,0,3,1
2023HU0170747,1,409,1,1
2023HU0170747,2,409,1,1
2023HU0170747,3,409,1,1
2023HU0170747,4,409,1,1
2023HU0171112,1,501,1,1
2023HU0171112,2,501,1,1
2023HU0171144,1,189,3,1
2023HU0171148,1,97,2,1
2023HU0171164,1,373,3,1
2023HU0171164,2,373,3,1
2023HU0171414,1,322,2,1
2023HU0171414,2,322,2,1
2023HU0171471,1,180,3,1
2023HU0171471,2,393,3,1
2023HU0171476,1,501,2,1
2023HU0171505,1,200,3,1
2023HU0171564,1,501,1,1
2023HU0171564,2,501,1,1
2023HU0171758,1,501,3,1
2023HU0172109,1,459,3,1
2023HU0172113,1,501,1,1
2023HU0172113,2,501,1,1
2023HU0172113,3,501,1,1
2023HU0172113,4,501,1,1
2023HU0172131,1,488,2,1
2023HU0172131,2,488,2,1
2023HU0172286,1,427,3,1
2023HU0172498,1,501,1,1
2023HU0172498,2,501,1,1
2023HU0172671,1,81,3,1
2023HU0172671,2,392,3,1
2023HU0172671,3,81,3,1
2023HU0172671,4,81,3,1
2023HU0172671,5,81,3,1
2023HU0172671,6,81,3,1
2023HU0172671,7,81,3,1
2023HU0172671,8,81,3,1
2023HU0172671,9,81,3,1
2023HU0172671,10,81,3,1
2023HU0172714,1,303,1,1
2023HU0172714,2,303,1,1
2023HU0172714,3,303,1,1
2023HU0172714,4,303,1,1
2023HU0172849,1,501,3,1
2023HU0172849,2,501,3,1
2023HU0172907,1,398,2,1
2023HU0173285,1,501,1,1
2023HU0173348,1,225,3,1
2023HU0173348,2,225,3,1
2023HU0173505,1,460,3,1
2023HU0173505,2,460,3,1
2023HU0173505,3,460,3,1
2023HU0173676,1,440,4,1
2023HU0173676,2,440,4,1
2023HU0173676,3,440,4,1
2023HU0173812,1,3,2,1
2023HU0173813,1,210,2,1
2023HU0173813,2,210,2,1
2023HU0173813,3,210,2,1
2023HU0173968,1,501,1,1
2023HU0174017,1,494,1,1
2023HU0174017,2,494,1,1
2023HU0174045,1,501,1,1
2023HU0174045,2,501,1,1
2023HU0174045,3,501,1,1
2023HU0174045,4,501,1,1
2023HU0174158,1,501,1,1
2023HU0174158,2,501,1,1
2023HU0174158,3,501,1,1
2023HU0174158,4,501,1,1
2023HU0174581,1,278,1,1
2023HU0174581,2,278,1,1
2023HU0174581,3,278,1,1
2023HU0174581,4,278,1,1
2023HU0174581,5,278,1,1
2023HU0174607,1,501,2,1
2023HU0174607,2,501,2,1
2023HU0174639,1,263,3,1
2023HU0174639,2,263,3,1
2023HU0174639,3,263,3,1
2023HU0174817,1,501,1,1
2023HU0174817,2,501,1,1
2023HU0174827,1,501,1,1
2023HU0174827,2,501,1,1
2023HU0174857,1,501,1,1
2023HU0174857,2,501,1,1
2023HU0174857,3,501,1,1
2023HU0174857,4,501,1,1
2023HU0174859,1,501,3,1
2023HU0175044,1,501,1,1
2023HU0175044,2,501,1,1
2023HU0175044,3,501,1,1
2023HU0175123,1,501,3,1
2023HU0175123,2,501,3,1
2023HU0175123,3,501,3,1
2023HU0175309,1,227,1,1
2023HU0175309,2,227,1,1
2023HU0175309,3,227,1,1
2023HU0175309,4,227,1,1
2023HU0175578,1,501,1,1
2023HU0175578,2,501,1,1
2023HU0175578,3,501,1,1
2023HU0175578,4,501,1,1
2023HU0175613,1,501,1,1
2023HU0175613,2,501,1,1
2023HU0175639,1,82,2,1
2023HU0175865,1,424,1,1
2023HU0176097,1,222,2,1
2023HU0176097,2,222,2,1
2023HU0176575,1,333,3,1
2023HU0176575,2,333,3,1
2023HU0176575,3,333,3,1
2023HU0176629,1,145,3,1
2023HU0176656,1,163,2,1
2023HU0176885,1,112,3,1
2023HU0176885,2,112,3,1
2023HU0176885,3,112,3,1
2023HU0176885,4,112,3,1
2023HU0176885,5,112,3,1
2023HU0176945,1,501,1,1
2023HU0176945,2,501,1,1
2023HU0177100,1,501,3,1
2023HU0177106,1,501,2,1
2023HU0177106,2,501,2,1
2023HU0177108,1,318,1,1
2023HU0177378,1,310,3,1
2023HU0177378,2,310,3,1
2023HU0177378,3,310,3,1
2023HU0177378,4,310,3,1
2023HU0177480,1,192,3,1
2023HU0177480,2,192,3,1
2023HU0177704,1,501,2,1
2023HU0177704,2,501,2,1
2023HU0177744,1,447,2,1
2023HU0177744,2,447,2,1
2023HU0177744,3,447,2,1
2023HU0177744,4,447,2,1
2023HU0177827,1,501,1,1
2023HU0177827,2,501,1,1
2023HU0177830,1,501,1,1
2023HU0177971,1,501,2,1
2023HU0177971,2,501,2,1
2023HU0178261,1,102,3,1
2023HU0178394,1,92,1,1
2023HU0178394,2,92,1,1
2023HU0178425,1,48,1,1
2023HU0178425,2,48,1,1
2023HU0178470,1,501,3,1
2023HU0178470,2,501,3,1
2023HU0178843,1,129,1,1
2023HU0178843,2,129,1,1
2023HU0178866,1,501,1,1
2023HU0178917,1,159,3,1
2023HU0178993,1,501,1,1
2023HU0178993,2,501,1,1
2023HU0179050,1,298,1,1
2023HU0179050,2,298,1,1
2023HU0179069,1,501,1,1
2023HU0179069,2,501,1,1
2023HU0179069,3,501,1,1
2023HU0179182,1,0,3,1
2023HU0179182,2,0,3,1
2023HU0179282,1,501,1,1
2023HU0179282,2,501,1,1
2023HU0179441,1,501,2,1
2023HU0179441,2,501,2,1
2023HU0179520,1,336,3,1
2023HU0179572,1,455,1,1
2023HU0179572,2,455,1,1
2023HU0179572,3,455,1,1
2023HU0179572,4,455,1,1
2023HU0179572,5,455,1,1
2023HU0179581,1,501,1,1
2023HU0179639,1,453,1,1
2023HU0179639,2,453,1,1
2023HU0179639,3,453,1,1
2023HU0179733,1,501,1,1
2023HU0179733,2,501,1,1
2023HU0179733,3,501,1,1
2023HU0179878,1,176,3,1
2023HU0180223,1,155,2,1
2023HU0180223,2,155,2,1
2023HU0180320,1,1,3,1
2023HU0180348,1,501,3,1
2023HU0180384,1,501,2,1
2023HU0180553,1,467,1,1
2023HU0180553,2,467,1,1
2023HU0180553,3,467,1,1
2023HU0180553,4,467,1,1
2023HU0180561,1,173,3,1
2023HU0180561,2,173,3,1
2023HU0180561,3,173,3,1
2023HU0180631,1,255,3,1
2023HU0180721,1,224,3,1
2023HU0180743,1,501,3,1
2023HU0180975,1,0,2,1
2023HU0181179,1,225,3,1
2023HU0181179,2,59,3,1
2023HU0181198,1,189,1,1
2023HU0181198,2,189,1,1
2023HU0181198,3,189,1,1
2023HU0181198,4,189,1,1
2023HU0181354,1,501,1,1
2023HU0181354,2,501,1,1
2023HU0181354,3,501,1,1
2023HU0181354,4,501,1,1
2023HU0181542,1,501,1,1
2023HU0181542,2,0,1,1
2023HU0181579,1,501,1,1
2023HU0181579,2,501,1,1
2023HU0181579,3,501,1,1
2023HU0181649,1,501,2,1
2023HU0181649,2,501,2,1
2023HU0181664,1,197,4,1
2023HU0181664,2,197,4,1
2023HU0181991,1,427,1,1
2023HU0182146,1,434,1,1
2023HU0182146,2,434,1,1
2023HU0182175,1,501,2,1
2023HU0182175,2,501,2,1
2023HU0182180,1,501,2,1
2023HU0182180,2,347,2,1
2023HU0182196,1,435,2,1
2023HU0182196,2,435,2,1
2023HU0182244,1,501,3,1
2023HU0182244,2,501,3,1
2023HU0182244,3,501,3,1
2023HU0182244,4,501,3,1
2023HU0182375,1,501,1,1
2023HU0182375,2,501,1,1
2023HU0182539,1,501,3,1
2023HU0182539,2,501,3,1
2023HU0182539,3,501,3,1
2023HU0182539,4,501,3,1
2023HU0182573,1,193,2,1
2023HU0182646,1,175,2,1
2023HU0182646,2,175,2,1
2023HU0182646,3,175,2,1
2023HU0182646,4,175,2,1
2023HU0182646,5,175,2,1
2023HU0182646,6,175,2,1
2023HU0182646,7,175,2,1
2023HU0182666,1,0,2,1
2023HU0182677,1,41,2,1
2023HU0182714,1,501,3,1
2023HU0182901,1,501,1,1
2023HU0182901,2,501,1,1
2023HU0182901,3,501,1,1
2023HU0182911,1,153,2,1
2023HU0182945,1,361,1,1
2023HU0182945,2,361,1,1
2023HU0182976,1,501,1,1
2023HU0182976,2,501,1,1
2023HU0182978,1,501,2,1
2023HU0182978,2,501,2,1
2023HU0183155,1,501,2,1
2023HU0183155,2,501,2,1
2023HU0183303,1,97,2,1
2023HU0183303,2,97,2,1
2023HU0183518,1,501,1,1
2023HU0183518,2,501,1,1
2023HU0183521,1,170,3,1
2023HU0183608,1,501,3,1
2023HU0183608,2,501,3,1
2023HU0183608,3,501,3,1
2023HU0183668,1,478,1,1
2023HU0183668,2,478,1,1
2023HU0183819,1,109,2,1
2023HU0183819,2,109,2,1
2023HU0183850,1,348,1,1
2023HU0183962,1,238,2,1
2023HU0183962,2,238,2,1
2023HU0183962,3,238,2,1
2023HU0183962,4,238,2,1
2023HU0183962,5,238,2,1
2023HU0183962,6,238,2,1
2023HU0183962,7,238,2,1
2023HU0183988,1,475,1,1
2023HU0184310,1,231,1,1
2023HU0184310,2,231,1,1
2023HU0184310,3,231,1,1
2023HU0184310,4,231,1,1
2023HU0184330,1,286,3,1
2023HU0184330,2,286,3,1
2023HU0184330,3,286,3,1
2023HU0184330,4,286,3,1
2023HU0184330,5,286,3,1
2023HU0184330,6,286,3,1
2023HU0184408,1,501,3,1
2023HU0184408,2,501,3,1
2023HU0184470,1,143,1,1
2023HU0184470,2,143,1,1
2023HU0184470,3,143,1,1
2023HU0184470,4,143,1,1
2023HU0184493,1,501,1,1
2023HU0184493,2,501,1,1
2023HU0184500,1,501,1,1
2023HU0184500,2,501,1,1
2023HU0184500,3,501,1,1
2023HU0184500,4,501,1,1
2023HU0184609,1,197,1,1
2023HU0184728,1,501,2,1
2023HU0184728,2,501,2,1
2023HU0184826,1,321,1,1
2023HU0184826,2,321,1,1
2023HU0184826,3,321,1,1
2023HU0184826,4,321,1,1
2023HU0184900,1,501,1,1
2023HU0184946,1,75,1,1
2023HU0184946,2,75,1,1
2023HU0184946,3,75,1,1
2023HU0184946,4,75,1,1
2023HU0185006,1,501,2,1
2023HU0185006,2,501,2,1
2023HU0185006,3,501,2,1
2023HU0185021,1,325,1,1
2023HU0185121,1,501,3,1
2023HU0185121,2,423,3,1
2023HU0185170,1,123,3,1
2023HU0185188,1,103,3,1
2023HU0185188,2,103,3,1
2023HU0185188,3,103,3,1
2023HU0185317,1,501,1,1
2023HU0185317,2,501,1,1
2023HU0185317,3,501,1,1
2023HU0185424,1,501,1,1
2023HU0185433,1,501,1,1
2023HU0185448,1,213,3,1
2023HU0185448,2,213,3,1
2023HU0185448,3,213,3,1
2023HU0185485,1,501,2,1
2023HU0185525,1,501,1,1
2023HU0185525,2,501,1,1
2023HU0185525,3,501,1,1
2023HU0185525,4,501,1,1
2023HU0185525,5,501,1,1
2023HU0185750,1,501,2,1
2023HU0185849,1,183,1,1
2023HU0185849,2,183,1,1
2023HU0185849,3,183,1,1
2023HU0185849,4,183,1,1
2023HU0185849,5,183,1,1
2023HU0185849,6,183,1,1
2023HU0185849,7,183,1,1
2023HU0185849,8,183,1,1
2023HU0185849,9,183,1,1
2023HU0185881,1,361,3,1
2023HU0185881,2,361,3,1
2023HU0185881,3,361,3,1
2023HU0185992,1,79,3,1
2023HU0186043,1,501,1,1
2023HU0186053,1,402,1,1
2023HU0186053,2,402,1,1
2023HU0186053,3,402,1,1
2023HU0186053,4,402,1,1
2023HU0186091,1,377,2,1
2023HU0186140,1,487,1,1
2023HU0186140,2,3,1,1
2023HU0186156,1,501,1,1
2023HU0186156,2,501,1,1
2023HU0186156,3,501,1,1
2023HU0186156,4,501,1,1
2023HU0186164,1,501,2,1
2023HU0186164,2,501,2,1
2023HU0186286,1,105,2,1
2023HU0186286,2,105,2,1
2023HU0186428,1,120,2,1
2023HU0186607,1,329,3,1
2023HU0187007,1,321,1,1
2023HU0187007,2,321,1,1
2023HU0187007,3,321,1,1
2023HU0187007,4,321,1,1
2023HU0187065,1,17,1,1
2023HU0187287,1,501,1,1
2023HU0187287,2,501,1,1
2023HU0187287,3,501,1,1
2023HU0187287,4,501,1,1
2023HU0187369,1,259,1,1
2023HU0187369,2,259,1,1
2023HU0187369,3,259,1,1
2023HU0187369,4,259,1,1
2023HU0187369,5,259,1,1
2023HU0187369,6,259,1,1
2023HU0187369,7,259,1,1
2023HU0187369,8,259,1,1
2023HU0187369,9,259,1,1
2023HU0187511,1,96,3,1
2023HU0187603,1,501,3,1
2023HU0187603,2,501,3,1
2023HU0187657,1,171,1,1
2023HU0187692,1,28,3,1
2023HU0187692,2,191,3,1
2023HU0187692,3,28,3,1
2023HU0187692,4,28,3,1
2023HU0187703,1,389,1,1
2023HU0187703,2,389,1,1
2023HU0187703,3,389,1,1
2023HU0187703,4,389,1,1
2023HU0187703,5,389,1,1
2023HU0187703,6,389,1,1
2023HU0187811,1,501,3,1
2023HU0187811,2,424,3,1
2023HU0187975,1,501,1,1
2023HU0187975,2,501,1,1
2023HU0187975,3,501,1,1
2023HU0187975,4,501,1,1
2023HU0188069,1,90,3,1
2023HU0188069,2,90,3,1
2023HU0188102,1,29,3,1
2023HU0188170,1,501,1,1
2023HU0188170,2,501,1,1
2023HU0188170,3,501,1,1
2023HU0188170,4,501,1,1
2023HU0188188,1,227,1,1
2023HU0188188,2,227,1,1
2023HU0188359,1,501,2,1
2023HU0188359,2,501,2,1
2023HU0188552,1,501,2,1
2023HU0188552,2,501,2,1
2023HU0188659,1,501,3,1
2023HU0188768,1,286,1,1
2023HU0188768,2,286,1,1
2023HU0188768,3,286,1,1
2023HU0188768,4,286,1,1
2023HU0188789,1,1,4,1
2023HU0188844,1,91,2,1
2023HU0188892,1,103,3,1
2023HU0188892,2,103,3,1
2023HU0188896,1,501,1,1
2023HU0188896,2,501,1,1
2023HU0188951,1,501,1,1
2023HU0188951,2,501,1,1
2023HU0188951,3,501,1,1
2023HU0188951,4,501,1,1
2023HU0189081,1,187,1,1
2023HU0189081,2,187,1,1
2023HU0189081,3,187,1,1
2023HU0189081,4,187,1,1
2023HU0189081,5,187,1,1
2023HU0189268,1,501,2,1
2023HU0189268,2,501,2,1
2023HU0189445,1,501,3,1
2023HU0189445,2,501,3,1
2023HU0189494,1,180,2,1
2023HU0189509,1,225,1,1
2023HU0189509,2,225,1,1
2023HU0189518,1,155,3,1
2023HU0189518,2,155,3,1
2023HU0189519,1,174,1,1
2023HU0189519,2,174,1,1
2023HU0189582,1,71,2,1
2023HU0189582,2,71,2,1
2023HU0189582,3,71,2,1
2023HU0189656,1,378,3,1
2023HU0189656,2,378,3,1
2023HU0189677,1,246,1,1
2023HU0189677,2,246,1,1
2023HU0189677,3,246,1,1
2023HU0189677,4,246,1,1
2023HU0189677,5,246,1,1
2023HU0189677,6,246,1,1
2023HU0189821,1,161,3,1
2023HU0189821,2,161,3,1
2023HU0190138,1,501,2,1
2023HU0190138,2,501,2,1
2023HU0190138,3,501,2,1
2023HU0190138,4,501,2,1
2023HU0190166,1,285,1,1
2023HU0190323,1,501,1,1
2023HU0190412,1,501,3,1
2023HU0190486,1,354,1,1
2023HU0190534,1,384,2,1
2023HU0190578,1,257,1,1
2023HU0190578,2,257,1,1
2023HU0190965,1,501,1,1
2023HU0190965,2,501,1,1
2023HU0190965,3,501,1,1
2023HU0190982,1,427,1,1
2023HU0190982,2,427,1,1
2023HU0190982,3,427,1,1
2023HU0190982,4,427,1,1
2023HU0190982,5,427,1,1
2023HU0190999,1,501,1,1
2023HU0190999,2,501,1,1
2023HU0190999,3,501,1,1
2023HU0191378,1,203,3,1
2023HU0191393,1,501,1,1
2023HU0191393,2,117,1,1
2023HU0191405,1,501,1,1
2023HU0191405,2,501,1,1
2023HU0191405,3,501,1,1
2023HU0191505,1,266,2,1
2023HU0191505,2,266,2,1
2023HU0191530,1,501,1,1
2023HU0191530,2,501,1,1
2023HU0191530,3,501,1,1
2023HU0191624,1,160,3,1
2023HU0191624,2,160,3,1
2023HU0191624,3,160,3,1
2023HU0191718,1,333,3,1
2023HU0191718,2,333,3,1
2023HU0191718,3,333,3,1
2023HU0191731,1,84,1,1
2023HU0191731,2,88,1,1
2023HU0191731,3,84,1,1
2023HU0191854,1,501,1,1
2023HU0191854,2,325,1,1
2023HU0191954,1,318,1,1
2023HU0192161,1,106,4,1
2023HU0192246,1,171,3,1
2023HU0192246,2,171,3,1
2023HU0192327,1,501,1,1
2023HU0192327,2,501,1,1
2023HU0192327,3,501,1,1
2023HU0192327,4,501,1,1
2023HU0192349,1,501,1,1
2023HU0192349,2,501,1,1
2023HU0192349,3,501,1,1
2023HU0192349,4,501,1,1
2023HU0192429,1,174,3,1
2023HU0192540,1,332,3,1
2023HU0192540,2,217,3,1
2023HU0192590,1,395,3,1
2023HU0192688,1,270,3,1
2023HU0192688,2,270,3,1
2023HU0192688,3,270,3,1
2023HU0192763,1,466,1,1
2023HU0192763,2,466,1,1
2023HU0192913,1,501,3,1
2023HU0192935,1,501,1,1
2023HU0192935,2,501,1,1
2023HU0193078,1,501,1,1
2023HU0193194,1,501,3,1
2023HU0193253,1,501,2,1
2023HU0193253,2,501,2,1
2023HU0193253,3,501,2,1
2023HU0193296,1,239,3,1
2023HU0193296,2,343,3,1
2023HU0193296,3,239,3,1
2023HU0193296,4,239,3,1
2023HU0193296,5,239,3,1
2023HU0193364,1,423,2,1
2023HU0193375,1,501,1,1
2023HU0193392,1,315,3,1
2023HU0193400,1,501,1,1
2023HU0193400,2,501,1,1
2023HU0193402,1,328,1,1
2023HU0193402,2,328,1,1
2023HU0193402,3,328,1,1
2023HU0193402,4,328,1,1
2023HU0193402,5,328,1,1
2023HU0193402,6,328,1,1
2023HU0193415,1,381,2,1
2023HU0193415,2,381,2,1
2023HU0193424,1,313,1,1
2023HU0193424,2,313,1,1
2023HU0193424,3,313,1,1
2023HU0193424,4,313,1,1
2023HU0193470,1,12,3,1
2023HU0193470,2,12,3,1
2023HU0193470,3,12,3,1
2023HU0193470,4,12,3,1
2023HU0193470,5,12,3,1
2023HU0193470,6,12,3,1
2023HU0193470,7,12,3,1
2023HU0193522,1,285,3,1
2023HU0193649,1,283,2,1
2023HU0193649,2,283,2,1
2023HU0193670,1,319,3,1
2023HU0193789,1,175,1,1
2023HU0193789,2,175,1,1
2023HU0193789,3,175,1,1
2023HU0193789,4,175,1,1
2023HU0193789,5,175,1,1
2023HU0193789,6,175,1,1
2023HU0193914,1,378,2,1
2023HU0193987,1,501,1,1
2023HU0194305,1,427,1,1
2023HU0194305,2,427,1,1
2023HU0194305,3,427,1,1
2023HU0194305,4,427,1,1
2023HU0194831,1,205,3,1
2023HU0194831,2,205,3,1
2023HU0194831,3,205,3,1
2023HU0194831,4,205,3,1
2023HU0194831,5,205,3,1
2023HU0195001,1,361,1,1
2023HU0195001,2,0,1,1
2023HU0195001,3,190,1,1
2023HU0195001,4,,1,1
2023HU0195162,1,501,1,1
2023HU0195162,2,501,1,1
2023HU0195165,1,201,3,1
2023HU0195303,1,3,3,1
2023HU0195445,1,501,3,1
2023HU0195445,2,501,3,1
2023HU0195537,1,118,3,1
2023HU0195712,1,122,1,1
2023HU0195712,2,122,1,1
2023HU0195712,3,122,1,1
2023HU0195774,1,501,1,1
2023HU0195774,2,501,1,1
2023HU0195774,3,501,1,1
2023HU0196035,1,501,3,1
2023HU0196131,1,501,1,1
2023HU0196131,2,501,1,1
2023HU0196296,1,431,2,1
2023HU0196296,2,431,2,1
2023HU0196364,1,338,3,1
2023HU0196364,2,120,3,1
2023HU0196460,1,501,1,1
2023HU0196460,2,501,1,1
2023HU0196460,3,501,1,1
2023HU0196466,1,11,2,1
2023HU0196493,1,369,1,1
2023HU0196493,2,369,1,1
2023HU0196519,1,160,3,1
2023HU0196519,2,160,3,1
2023HU0196519,3,160,3,1
2023HU0196519,4,197,3,1
2023HU0196641,1,494,2,1
2023HU0196641,2,494,2,1
2023HU0196641,3,494,2,1
2023HU0196705,1,501,1,1
2023HU0196705,2,501,1,1
2023HU0196705,3,501,1,1
2023HU0196705,4,501,1,1
2023HU0196890,1,138,3,1
2023HU0196900,1,265,3,1
2023HU0196908,1,501,1,1
2023HU0196908,2,501,1,1
2023HU0197045,1,501,1,1
2023HU0197045,2,501,1,1
2023HU0197208,1,5,3,1
2023HU0197294,1,400,2,1
2023HU0197294,2,400,2,1
2023HU0197294,3,400,2,1
2023HU0197294,4,400,2,1
2023HU0197304,1,34,1,1
2023HU0197325,1,344,2,1
2023HU0197325,2,344,2,1
2023HU0197362,1,501,2,1
2023HU0197362,2,501,2,1
2023HU0197425,1,501,2,1
2023HU0197425,2,501,2,1
2023HU0197602,1,501,3,1
2023HU0197602,2,501,3,1
2023HU0197624,1,501,1,1
2023HU0197624,2,501,1,1
2023HU0197642,1,210,1,1
2023HU0197642,2,210,1,1
2023HU0197642,3,210,1,1
2023HU0197642,4,210,1,1
2023HU0197642,5,210,1,1
2023HU0197662,1,114,4,1
2023HU0197675,1,501,1,1
2023HU0197675,2,501,1,1
2023HU0197798,1,478,3,1
2023HU0197798,2,319,3,1
2023HU0197798,3,363,3,1
2023HU0198128,1,501,2,1
2023HU0198128,2,501,2,1
2023HU0198128,3,501,2,1
2023HU0198233,1,501,3,1
2023HU0198233,2,501,3,1
2023HU0198280,1,305,2,1
2023HU0198280,2,305,2,1
2023HU0198280,3,305,2,1
2023HU0198280,4,305,2,1
2023HU0198280,5,305,2,1
2023HU0198377,1,0,2,1
2023HU0198384,1,501,1,1
2023HU0198384,2,501,1,1
2023HU0198910,1,501,1,1
2023HU0198910,2,501,1,1
2023HU0198910,3,501,1,1
2023HU0199003,1,485,2,1
2023HU0199003,2,485,2,1
2023HU0199059,1,501,3,1
2023HU0199059,2,501,3,1
2023HU0199059,3,501,3,1
2023HU0199132,1,255,2,1
2023HU0199194,1,100,2,1
2023HU0199194,2,100,2,1
2023HU0199313,1,501,2,1
2023HU0199313,2,501,2,1
2023HU0199441,1,501,1,1
2023HU0199441,2,501,1,1
2023HU0199441,3,501,1,1
2023HU0199491,1,501,1,1
2023HU0199667,1,181,2,1
2023HU0199667,2,101,2,1
2023HU0199667,3,181,2,1
2023HU0199688,1,501,1,1
2023HU0199688,2,501,1,1
2023HU0199740,1,306,4,1
2023HU0199855,1,501,1,1
2023HU0199855,2,501,1,1
2023HU0199855,3,501,1,1
2023HU0199855,4,501,1,1
2023HU0199918,1,273,2,1
2023HU0199918,2,273,2,1
2023HU0200191,1,69,3,1
2023HU0200209,1,400,1,1
2023HU0200209,2,400,1,1
2023HU0200218,1,501,2,1
2023HU0200218,2,501,2,1
2023HU0200261,1,501,1,1
2023HU0200261,2,501,1,1
2023HU0200261,3,501,1,1
2023HU0200261,4,501,1,1
2023HU0200365,1,400,1,1
2023HU0200525,1,501,1,1
2023HU0200657,1,495,1,1
2023HU0200657,2,501,1,1
2023HU0200657,3,495,1,1
2023HU0200691,1,78,3,1
2023HU0200948,1,501,1,1
2023HU0200948,2,501,1,1
2023HU0200958,1,322,1,1
2023HU0200958,2,322,1,1
2023HU0201006,1,501,1,1
2023HU0201006,2,501,1,1
2023HU0201006,3,501,1,1
2023HU0201006,4,501,1,1
2023HU0201006,5,501,1,1
2023HU0201048,1,501,2,1
2023HU0201048,2,501,2,1
2023HU0201048,3,501,2,1
2023HU0201048,4,501,2,1
2023HU0201213,1,493,1,1
2023HU0201213,2,493,1,1
2023HU0201213,3,493,1,1
2023HU0201248,1,287,2,1
2023HU0201300,1,425,3,1
2023HU0201300,2,425,3,1
2023HU0201300,3,425,3,1
2023HU0201300,4,425,3,1
2023HU0201454,1,126,1,1
2023HU0201454,2,126,1,1
2023HU0201454,3,126,1,1
2023HU0201454,4,126,1,1
2023HU0201454,5,126,1,1
2023HU0201454,6,126,1,1
2023HU0201468,1,501,2,1
2023HU0201468,2,376,2,1
2023HU0201514,1,6,3,1
2023HU0201514,2,6,3,1
2023HU0201794,1,323,2,1
2023HU0201794,2,323,2,1
2023HU0201794,3,323,2,1
2023HU0201794,4,323,2,1
2023HU0201822,1,354,1,1
2023HU0201822,2,354,1,1
2023HU0201826,1,501,1,1
2023HU0201826,2,501,1,1
2023HU0201826,3,501,1,1
2023HU0202105,1,501,1,1
2023HU0202105,2,501,1,1
2023HU0202153,1,156,2,1
2023HU0202233,1,307,3,1
2023HU0202338,1,401,1,1
2023HU0202338,2,401,1,1
2023HU0202486,1,501,2,1
2023HU0202486,2,501,2,1
2023HU0202591,1,328,3,1
2023HU0202600,1,7,1,1
2023HU0202610,1,501,3,1
2023HU0202610,2,192,3,1
2023HU0202612,1,463,1,1
2023HU0202754,1,373,3,1
2023HU0202754,2,501,3,1
2023HU0202788,1,501,3,1
2023HU0202843,1,468,1,1
2023HU0202843,2,468,1,1
2023HU0202843,3,468,1,1
2023HU0202843,4,0,1,1
2023HU0202865,1,501,1,1
2023HU0202865,2,501,1,1
2023HU0202865,3,501,1,1
2023HU0202873,1,75,3,1
2023HU0202919,1,501,3,1
2023HU0202919,2,501,3,1
2023HU0202919,3,501,3,1
2023HU0202988,1,498,1,1
2023HU0202988,2,498,1,1
2023HU0202988,3,498,1,1
2023HU0202988,4,498,1,1
2023HU0203124,1,249,3,1
2023HU0203262,1,501,1,1
2023HU0203262,2,501,1,1
2023HU0203262,3,501,1,1
2023HU0203262,4,501,1,1
2023HU0203262,5,501,1,1
2023HU0203290,1,501,2,1
2023HU0203354,1,440,3,1
2023HU0203472,1,138,2,1
2023HU0203704,1,501,3,1
2023HU0203704,2,501,3,1
2023HU0203724,1,501,1,1
2023HU0203724,2,501,1,1
2023HU0204033,1,155,1,1
2023HU0204432,1,210,1,1
2023HU0204432,2,210,1,1
2023HU0204432,3,210,1,1
2023HU0204432,4,210,1,1
2023HU0204496,1,456,2,1
2023HU0204496,2,456,2,1
2023HU0204527,1,193,1,1
2023HU0204646,1,501,1,1
2023HU0204646,2,501,1,1
2023HU0204646,3,501,1,1
2023HU0204758,1,501,1,1
2023HU0205148,1,501,1,1
2023HU0205148,2,501,1,1
2023HU0205273,1,85,1,1
2023HU0205350,1,227,4,1
2023HU0205350,2,227,4,1
2023HU0205350,3,227,4,1
2023HU0205350,4,227,4,1
2023HU0205419,1,501,2,1
2023HU0205419,2,501,2,1
2023HU0205419,3,501,2,1
2023HU0205419,4,501,2,1
2023HU0205571,1,0,3,1
2023HU0205607,1,501,1,1
2023HU0205634,1,336,1,1
2023HU0205670,1,70,3,1
2023HU0205670,2,450,3,1
2023HU0205694,1,235,3,1
2023HU0205697,1,317,3,1
2023HU0205697,2,317,3,1
2023HU0205772,1,501,1,1
2023HU0205772,2,501,1,1
2023HU0205772,3,501,1,1
2023HU0206140,1,393,1,1
2023HU0206140,2,393,1,1
2023HU0206321,1,501,3,1
2023HU0206321,2,501,3,1
2023HU0206321,3,501,3,1
2023HU0206501,1,501,1,1
2023HU0206501,2,501,1,1
2023HU0206525,1,0,3,1
2023HU0206525,2,0,3,1
2023HU0206820,1,501,1,1
2023HU0207218,1,386,2,1
2023HU0207218,2,386,2,1
2023HU0207218,3,386,2,1
2023HU0207218,4,386,2,1
2023HU0207225,1,292,3,1
2023HU0207225,2,501,3,1
2023HU0207511,1,501,1,1
2023HU0207511,2,501,1,1
2023HU0207670,1,501,1,1
2023HU0207728,1,352,3,1
2023HU0207728,2,352,3,1
2023HU0207873,1,213,2,1
2023HU0207873,2,213,2,1
2023HU0207881,1,182,3,1
2023HU0207881,2,182,3,1
2023HU0207881,3,182,3,1
2023HU0207881,4,182,3,1
2023HU0207899,1,501,2,1
2023HU0207899,2,501,2,1
2023HU0207949,1,501,1,1
2023HU0207949,2,501,1,1
2023HU0207949,3,501,1,1
2023HU0208087,1,174,3,1
2023HU0208087,2,174,3,1
2023HU0208092,1,501,1,1
2023HU0208092,2,501,1,1
2023HU0208092,3,501,1,1
2023HU0208111,1,354,3,1
2023HU0208111,2,354,3,1
2023HU0208415,1,88,1,1
2023HU0208415,2,88,1,1
2023HU0208415,3,88,1,1
2023HU0208415,4,88,1,1
2023HU0208415,5,88,1,1
2023HU0208415,6,88,1,1
2023HU0208415,7,88,1,1
2023HU0208428,1,501,1,1
2023HU0208428,2,501,1,1
2023HU0208428,3,501,1,1
2023HU0208428,4,501,1,1
2023HU0208604,1,501,2,1
2023HU0208604,2,352,2,1
2023HU0208657,1,309,1,1
2023HU0208657,2,309,1,1
2023HU0208771,1,501,1,1
2023HU0208771,2,501,1,1
2023HU0208771,3,501,1,1
2023HU0208993,1,207,1,1
2023HU0208993,2,207,1,1
2023HU0208993,3,207,1,1
2023HU0208993,4,207,1,1
2023HU0208993,5,207,1,1
2023HU0208993,6,207,1,1
2023HU0208993,7,207,1,1
2023HU0208993,8,207,1,1
2023HU0209129,1,252,3,1
2023HU0209129,2,252,3,1
2023HU0209129,3,252,3,1
2023HU0209199,1,154,2,1
2023HU0209199,2,154,2,1
2023HU0209200,1,501,1,1
2023HU0209200,2,501,1,1
2023HU0209200,3,501,1,1
2023HU0209200,4,501,1,1
2023HU0209200,5,322,1,1
2023HU0209549,1,287,3,1
2023HU0209549,2,227,3,1
2023HU0209607,1,259,1,1
2023HU0209607,2,259,1,1
2023HU0209607,3,259,1,1
2023HU0209627,1,293,2,1
2023HU0209627,2,293,2,1
2023HU0209627,3,293,2,1
2023HU0209627,4,293,2,1
2023HU0209627,5,293,2,1
2023HU0209670,1,501,1,1
2023HU0209670,2,501,1,1
2023HU0209671,1,123,3,1
2023HU0209671,2,123,3,1
2023HU0209671,3,123,3,1
2023HU0209671,4,123,3,1
2023HU0209671,5,123,3,1
2023HU0209746,1,501,1,1
2023HU0209746,2,501,1,1
2023HU0209900,1,501,2,1
2023HU0210019,1,501,1,1
2023HU0210019,2,501,1,1
2023HU0210118,1,313,1,1
2023HU0210118,2,313,1,1
2023HU0210248,1,501,2,1
2023HU0210441,1,501,1,1
2023HU0210441,2,501,1,1
2023HU0210501,1,501,1,1
2023HU0210665,1,97,3,1
2023HU0210665,2,97,3,1
2023HU0210755,1,252,2,1
2023HU0210755,2,252,2,1
2023HU0210755,3,252,2,1
2023HU0210755,4,252,2,1
2023HU0210777,1,212,3,1
2023HU0210777,2,212,3,1
2023HU0210777,3,212,3,1
2023HU0210777,4,212,3,1
2023HU0210792,1,501,1,1
2023HU0210792,2,501,1,1
2023HU0210792,3,501,1,1
2023HU0210792,4,501,1,1
2023HU0210846,1,501,2,1
2023HU0210846,2,501,2,1
2023HU0210846,3,501,2,1
2023HU0210908,1,156,2,1
2023HU0210911,1,462,1,1
2023HU0210911,2,462,1,1
2023HU0210911,3,462,1,1
2023HU0210952,1,480,2,1
2023HU0210952,2,480,2,1
2023HU0210952,3,480,2,1
2023HU0211124,1,326,1,1
2023HU0211124,2,326,1,1
2023HU0211124,3,326,1,1
2023HU0211145,1,501,1,1
2023HU0211145,2,286,1,1
2023HU0211147,1,293,3,1
2023HU0211147,2,293,3,1
2023HU0211147,3,293,3,1
2023HU0211162,1,275,2,1
2023HU0211162,2,275,2,1
2023HU0211166,1,341,2,1
2023HU0211166,2,341,2,1
2023HU0211166,3,341,2,1
2023HU0211166,4,341,2,1
2023HU0211208,1,403,1,1
2023HU0211208,2,403,1,1
2023HU0211208,3,403,1,1
2023HU0211376,1,501,1,1
2023HU0211376,2,501,1,1
2023HU0211376,3,501,1,1
2023HU0211376,4,501,1,1
2023HU0211377,1,64,3,1
2023HU0211377,2,64,3,1
2023HU0211455,1,181,2,1
2023HU0211470,1,28,3,1
2023HU0211496,1,167,1,1
2023HU0211496,2,167,1,1
2023HU0211496,3,167,1,1
2023HU0211496,4,167,1,1
2023HU0211496,5,167,1,1
2023HU0211643,1,0,3,1
2023HU0211702,1,355,3,1
2023HU0211702,2,355,3,1
2023HU0211702,3,355,3,1
2023HU0211722,1,501,3,1
2023HU0211785,1,11,2,1
2023HU0211785,2,501,2,1
2023HU0212225,1,501,1,1
2023HU0212225,2,501,1,1
2023HU0212250,1,197,2,1
2023HU0212250,2,197,2,1
2023HU0212416,1,501,1,1
2023HU0212416,2,8,1,1
2023HU0212599,1,209,2,1
2023HU0212599,2,209,2,1
2023HU0212599,3,209,2,1
2023HU0212599,4,209,2,1
2023HU0212599,5,209,2,1
2023HU0212674,1,464,1,1
2023HU0212674,2,464,1,1
2023HU0212674,3,464,1,1
2023HU0212674,4,464,1,1
2023HU0212674,5,464,1,1
2023HU0212684,1,458,2,1
2023HU0212698,1,263,2,1
2023HU0212698,2,263,2,1
2023HU0212698,3,263,2,1
2023HU0212698,4,263,2,1
2023HU0212704,1,245,1,1
2023HU0212704,2,245,1,1
2023HU0212794,1,501,1,1
2023HU0212794,2,501,1,1
2023HU0212794,3,501,1,1
2023HU0212794,4,501,1,1
2023HU0213075,1,16,2,1
2023HU0213093,1,501,1,1
2023HU0213093,2,501,1,1
2023HU0213093,3,501,1,1
2023HU0213093,4,501,1,1
2023HU0213242,1,367,3,1
2023HU0213259,1,210,2,1
2023HU0213523,1,282,2,1
2023HU0213568,1,501,3,1
2023HU0213568,2,501,3,1
2023HU0213769,1,449,3,1
2023HU0213769,2,501,3,1
2023HU0213792,1,225,3,1
2023HU0213792,2,225,3,1
2023HU0213792,3,225,3,1
2023HU0213792,4,225,3,1
2023HU0213792,5,225,3,1
2023HU0213889,1,131,3,1
2023HU0213889,2,131,3,1
2023HU0213889,3,131,3,1
2023HU0213889,4,131,3,1
2023HU0213889,5,131,3,1
2023HU0214022,1,501,3,1
2023HU0214022,2,501,3,1
2023HU0214163,1,501,1,1
2023HU0214163,2,501,1,1
2023HU0214163,3,501,1,1
2023HU0214276,1,501,3,1
2023HU0214276,2,501,3,1
2023HU0214453,1,24,1,1
2023HU0214453,2,24,1,1
2023HU0214453,3,24,1,1
2023HU0214453,4,24,1,1
2023HU0214453,5,240,1,1
2023HU0214458,1,492,2,1
2023HU0214458,2,492,2,1
2023HU0214458,3,492,2,1
2023HU0214458,4,492,2,1
2023HU0214599,1,141,3,1
2023HU0214599,2,141,3,1
2023HU0214764,1,61,1,1
2023HU0214764,2,61,1,1
2023HU0214764,3,61,1,1
2023HU0214764,4,61,1,1
2023HU0214764,5,61,1,1
2023HU0214980,1,298,1,1
2023HU0214980,2,298,1,1
2023HU0214980,3,298,1,1
2023HU0214980,4,298,1,1
2023HU0214980,5,298,1,1
2023HU0214980,6,298,1,1
2023HU0215096,1,45,3,1
2023HU0215096,2,45,3,1
2023HU0215096,3,45,3,1
2023HU0215139,1,501,1,1
2023HU0215139,2,501,1,1
2023HU0215139,3,501,1,1
2023HU0215139,4,501,1,1
2023HU0215381,1,501,2,1
2023HU0215381,2,501,2,1
2023HU0215381,3,501,2,1
2023HU0215381,4,501,2,1
2023HU0215466,1,212,2,1
2023HU0215623,1,294,3,1
2023HU0215713,1,501,1,1
2023HU0215860,1,245,3,1
2023HU0215860,2,193,3,1
2023HU0215915,1,501,2,1
2023HU0215915,2,501,2,1
2023HU0216031,1,437,1,1
2023HU0216037,1,1,1,1
2023HU0216037,2,1,1,1
2023HU0216037,3,1,1,1
2023HU0216037,4,1,1,1
2023HU0216104,1,79,3,1
2023HU0216104,2,79,3,1
2023HU0216218,1,158,1,1
2023HU0216218,2,294,1,1
2023HU0216218,3,158,1,1
2023HU0216218,4,158,1,1
2023HU0216218,5,158,1,1
2023HU0216322,1,307,3,1
2023HU0216399,1,445,3,1
2023HU0216526,1,331,1,1
2023HU0216562,1,83,1,1
2023HU0216579,1,501,3,1
2023HU0216597,1,69,3,1
2023HU0216599,1,160,1,1
2023HU0216599,2,160,1,1
2023HU0216599,3,160,1,1
2023HU0216599,4,160,1,1
2023HU0216599,5,160,1,1
2023HU0216599,6,160,1,1
2023HU0216599,7,160,1,1
2023HU0216599,8,160,1,1
2023HU0216801,1,9,1,1
2023HU0216801,2,9,1,1
2023HU0216801,3,9,1,1
2023HU0216801,4,9,1,1
2023HU0216801,5,9,1,1
2023HU0216801,6,9,1,1
2023HU0216948,1,501,1,1
2023HU0217025,1,454,3,1
2023HU0217025,2,454,3,1
2023HU0217113,1,81,3,1
2023HU0217113,2,81,3,1
2023HU0217113,3,81,3,1
2023HU0217113,4,81,3,1
2023HU0217271,1,501,1,1
2023HU0217271,2,501,1,1
2023HU0217458,1,41,1,1
2023HU0217616,1,501,3,1
2023HU0217616,2,316,3,1
2023HU0217618,1,199,2,1
2023HU0217618,2,199,2,1
2023HU0217624,1,501,3,1
2023HU0217624,2,63,3,1
2023HU0217655,1,501,2,1
2023HU0217655,2,501,2,1
2023HU0217655,3,501,2,1
2023HU0217724,1,274,2,1
2023HU0217724,2,274,2,1
2023HU0217810,1,99,3,1
2023HU0217928,1,501,3,1
2023HU0217937,1,501,1,1
2023HU0217995,1,501,1,1
2023HU0217998,1,424,3,1
2023HU0218156,1,501,1,1
2023HU0218156,2,501,1,1
2023HU0218156,3,501,1,1
2023HU0218156,4,501,1,1
2023HU0218168,1,251,2,1
2023HU0218168,2,251,2,1
2023HU0218220,1,501,3,1
2023HU0218280,1,336,1,1
2023HU0218280,2,336,1,1
2023HU0218280,3,336,1,1
2023HU0218280,4,336,1,1
2023HU0218280,5,336,1,1
2023HU0218331,1,330,2,1
2023HU0218331,2,330,2,1
2023HU0218331,3,330,2,1
2023HU0218633,1,501,1,1
2023HU0218633,2,501,1,1
2023HU0218633,3,501,1,1
2023HU0218666,1,251,3,1
2023HU0218703,1,394,3,1
2023HU0218703,2,331,3,1
2023HU0218706,1,501,1,1
2023HU0218706,2,501,1,1
2023HU0218763,1,359,2,1
2023HU0218935,1,380,1,1
2023HU0218935,2,380,1,1
2023HU0218935,3,380,1,1
2023HU0218935,4,380,1,1
2023HU0218945,1,501,1,1
2023HU0218945,2,501,1,1
2023HU0218945,3,501,1,1
2023HU0219035,1,501,1,1
2023HU0219035,2,501,1,1
2023HU0219035,3,501,1,1
2023HU0219035,4,501,1,1
2023HU0219066,1,493,2,1
2023HU0219066,2,493,2,1
2023HU0219085,1,501,1,1
2023HU0219085,2,501,1,1
2023HU0219085,3,501,1,1
2023HU0219085,4,501,1,1
2023HU0219085,5,501,1,1
2023HU0219226,1,280,1,1
2023HU0219265,1,166,1,1
2023HU0219265,2,166,1,1
2023HU0219265,3,166,1,1
2023HU0219265,4,166,1,1
2023HU0219265,5,166,1,1
2023HU0219265,6,166,1,1
2023HU0219265,7,166,1,1
2023HU0219305,1,206,1,1
2023HU0219305,2,206,1,1
2023HU0219305,3,206,1,1
2023HU0219305,4,206,1,1
2023HU0219388,1,368,1,1
2023HU0219388,2,368,1,1
2023HU0219388,3,368,1,1
2023HU0219388,4,368,1,1
2023HU0219415,1,501,4,1
2023HU0219514,1,501,2,1
2023HU0219514,2,501,2,1
2023HU0219554,1,501,1,1
2023HU0219554,2,501,1,1
2023HU0219554,3,501,1,1
2023HU0219701,1,410,1,1
2023HU0219701,2,410,1,1
2023HU0219701,3,410,1,1
2023HU0219701,4,410,1,1
2023HU0219722,1,501,1,1
2023HU0219722,2,501,1,1
2023HU0219781,1,73,3,1
2023HU0219781,2,73,3,1
2023HU0219860,1,383,1,1
2023HU0219899,1,394,3,1
2023HU0219928,1,261,1,1
2023HU0219928,2,261,1,1
2023HU0219928,3,261,1,1
2023HU0219928,4,261,1,1
2023HU0219928,5,261,1,1
2023HU0219928,6,261,1,1
2023HU0219936,1,316,1,1
2023HU0220052,1,501,1,1
2023HU0220069,1,143,3,1
2023HU0220069,2,143,3,1
2023HU0220229,1,346,3,1
2023HU0220229,2,346,3,1
2023HU0220229,3,346,3,1
2023HU0220262,1,501,1,1
2023HU0220314,1,274,3,1
2023HU0220314,2,261,3,1
2023HU0220453,1,157,2,1
2023HU0220453,2,157,2,1
2023HU0220453,3,157,2,1
2023HU0220453,4,157,2,1
2023HU0220461,1,482,3,1
2023HU0220461,2,501,3,1
2023HU0220461,3,405,3,1
2023HU0220542,1,395,2,1
2023HU0220565,1,325,3,1
2023HU0220770,1,501,3,1
2023HU0220770,2,501,3,1
2023HU0220770,3,501,3,1
2023HU0220770,4,501,3,1
2023HU0220872,1,38,3,1
2023HU0221004,1,78,2,1
2023HU0221004,2,78,2,1
2023HU0221004,3,177,2,1
2023HU0221026,1,54,2,1
2023HU0221317,1,501,2,1
2023HU0221317,2,501,2,1
2023HU0221346,1,319,3,1
2023HU0221346,2,319,3,1
2023HU0221346,3,319,3,1
2023HU0221401,1,66,3,1
2023HU0221413,1,13,3,1
2023HU0221515,1,23,3,1
2023HU0221515,2,23,3,1
2023HU0221768,1,501,3,1
2023HU0221768,2,501,3,1
2023HU0221877,1,397,3,1
2023HU0221877,2,397,3,1
2023HU0221913,1,501,2,1
2023HU0221913,2,501,2,1
2023HU0221913,3,501,2,1
2023HU0221913,4,501,2,1
2023HU0221968,1,387,3,1
2023HU0222056,1,81,3,1
2023HU0222077,1,378,2,1
2023HU0222077,2,378,2,1
2023HU0222212,1,501,1,1
2023HU0222212,2,394,1,1
2023HU0222219,1,501,1,1
2023HU0222219,2,501,1,1
2023HU0222222,1,331,1,1
2023HU0222222,2,331,1,1
2023HU0222222,3,331,1,1
2023HU0222222,4,331,1,1
2023HU0222238,1,270,3,1
2023HU0222238,2,270,3,1
2023HU0222285,1,501,1,1
2023HU0222285,2,501,1,1
2023HU0222402,1,217,1,1
2023HU0222402,2,217,1,1
2023HU0222402,3,217,1,1
2023HU0222402,4,217,1,1
2023HU0222640,1,95,3,1
2023HU0222802,1,406,2,1
2023HU0222802,2,406,2,1
2023HU0222802,3,406,2,1
2023HU0222802,4,406,2,1
2023HU0222862,1,298,1,1
2023HU0222862,2,501,1,1
2023HU0222915,1,29,3,1
2023HU0222915,2,29,3,1
2023HU0222915,3,29,3,1
2023HU0222915,4,29,3,1
2023HU0222957,1,150,3,1
2023HU0222987,1,251,1,1
2023HU0222987,2,251,1,1
2023HU0223033,1,501,1,1
2023HU0223033,2,501,1,1
2023HU0223052,1,501,1,1
2023HU0223055,1,98,2,1
2023HU0223055,2,98,2,1
2023HU0223121,1,501,1,1
2023HU0223137,1,501,3,1
2023HU0223154,1,336,1,1
2023HU0223154,2,336,1,1
2023HU0223154,3,336,1,1
2023HU0223159,1,65,1,1
2023HU0223159,2,65,1,1
2023HU0223221,1,495,1,1
2023HU0223221,2,495,1,1
2023HU0223221,3,495,1,1
2023HU0223246,1,348,3,1
2023HU0223396,1,501,3,1
2023HU0223506,1,481,1,1
2023HU0223523,1,185,1,1
2023HU0223523,2,185,1,1
2023HU0223523,3,185,1,1
2023HU0223570,1,308,1,1
2023HU0223570,2,308,1,1
2023HU0223570,3,308,1,1
2023HU0223570,4,308,1,1
2023HU0223694,1,501,3,1
2023HU0223694,2,501,3,1
2023HU0223774,1,249,3,1
2023HU0223840,1,14,2,1
2023HU0223864,1,501,3,1
2023HU0223880,1,501,1,1
2023HU0223880,2,501,1,1
2023HU0223880,3,501,1,1
2023HU0224045,1,247,1,1
2023HU0224109,1,501,1,1
2023HU0224109,2,501,1,1
2023HU0224109,3,501,1,1
2023HU0224140,1,394,1,1
2023HU0224140,2,394,1,1
2023HU0224140,3,394,1,1
2023HU0224140,4,394,1,1
2023HU0224284,1,501,2,1
2023HU0224284,2,501,2,1
2023HU0224288,1,501,1,1
2023HU0224288,2,501,1,1
2023HU0224435,1,212,2,1
2023HU0224435,2,212,2,1
2023HU0224435,3,212,2,1
2023HU0224435,4,212,2,1
2023HU0224455,1,316,1,1
2023HU0224455,2,496,1,1
2023HU0224455,3,316,1,1
2023HU0224464,1,358,2,1
2023HU0224490,1,0,3,1
2023HU0224510,1,481,1,1
2023HU0224510,2,481,1,1
2023HU0224517,1,501,3,1
2023HU0224608,1,335,2,1
2023HU0224627,1,305,2,1
2023HU0224627,2,305,2,1
2023HU0224891,1,457,1,1
2023HU0224891,2,457,1,1
2023HU0225015,1,68,2,1
2023HU0225046,1,179,3,1
2023HU0225046,2,179,3,1
2023HU0225301,1,63,1,1
2023HU0225301,2,63,1,1
2023HU0225409,1,254,1,1
2023HU0225409,2,254,1,1
2023HU0225409,3,254,1,1
2023HU0225409,4,254,1,1
2023HU0225409,5,254,1,1
2023HU0225409,6,254,1,1
2023HU0225409,7,254,1,1
2023HU0225449,1,501,1,1
2023HU0225514,1,190,3,1
2023HU0225514,2,199,3,1
2023HU0225589,1,501,2,1
2023HU0225589,2,501,2,1
2023HU0225698,1,252,3,1
2023HU0225749,1,144,3,1
2023HU0225867,1,118,3,1
2023HU0225867,2,118,3,1
2023HU0225867,3,118,3,1
2023HU0225867,4,118,3,1
2023HU0225892,1,501,1,1
2023HU0225892,2,501,1,1
2023HU0225906,1,275,2,1
2023HU0225906,2,275,2,1
2023HU0226047,1,501,2,1
2023HU0226047,2,501,2,1
2023HU0226090,1,501,1,1
2023HU0226090,2,501,1,1
2023HU0226090,3,501,1,1
2023HU0226090,4,501,1,1
2023HU0226126,1,501,1,1
2023HU0226126,2,501,1,1
2023HU0226126,3,501,1,1
2023HU0226136,1,172,1,1
2023HU0226332,1,442,2,1
2023HU0226332,2,442,2,1
2023HU0226332,3,442,2,1
2023HU0226332,4,442,2,1
2023HU0226339,1,501,3,1
2023HU0226339,2,501,3,1
2023HU0226371,1,0,4,1
2023HU0226400,1,454,2,1
2023HU0226400,2,454,2,1
2023HU0226400,3,454,2,1
2023HU0226480,1,327,1,1
2023HU0226529,1,501,1,1
2023HU0226529,2,501,1,1
2023HU0226529,3,501,1,1
2023HU0226529,4,501,1,1
2023HU0226547,1,501,2,1
2023HU0226547,2,501,2,1
2023HU0226579,1,501,1,1
2023HU0226579,2,501,1,1
2023HU0226596,1,501,1,1
2023HU0226596,2,501,1,1
2023HU0226906,1,501,3,1
2023HU0226906,2,501,3,1
2023HU0226907,1,501,1,1
2023HU0226907,2,501,1,1
2023HU0227001,1,223,2,1
2023HU0227001,2,223,2,1
2023HU0227047,1,326,1,1
2023HU0227147,1,501,1,1
2023HU0227147,2,501,1,1
2023HU0227249,1,501,1,1
2023HU0227249,2,501,1,1
2023HU0227249,3,501,1,1
2023HU0227249,4,501,1,1
2023HU0227249,5,501,1,1
2023HU0227576,1,501,2,1
2023HU0227576,2,501,2,1
2023HU0227576,3,501,2,1
2023HU0227576,4,501,2,1
2023HU0227687,1,143,1,1
2023HU0227687,2,143,1,1
2023HU0227808,1,397,3,1
2023HU0227808,2,51,3,1
2023HU0227808,3,397,3,1
2023HU0227808,4,397,3,1
2023HU0228081,1,68,3,1
2023HU0228142,1,501,2,1
2023HU0228142,2,501,2,1
2023HU0228179,1,412,1,1
2023HU0228179,2,412,1,1
2023HU0228179,3,412,1,1
2023HU0228382,1,501,3,1
2023HU0228431,1,501,3,1
2023HU0228473,1,34,2,1
2023HU0228532,1,426,1,1
2023HU0228532,2,426,1,1
2023HU0228739,1,472,3,1
2023HU0228739,2,472,3,1
2023HU0228739,3,472,3,1
2023HU0228866,1,217,2,1
2023HU0228900,1,165,3,1
2023HU0229055,1,501,2,1
2023HU0229055,2,501,2,1
2023HU0229055,3,501,2,1
2023HU0229111,1,228,3,1
2023HU0229111,2,228,3,1
2023HU0229111,3,228,3,1
2023HU0229184,1,501,1,1
2023HU0229184,2,501,1,1
2023HU0229184,3,501,1,1
2023HU0229266,1,501,3,1
2023HU0229295,1,501,2,1
2023HU0229295,2,501,2,1
2023HU0229295,3,501,2,1
2023HU0229422,1,356,2,1
2023HU0229444,1,501,1,1
2023HU0229444,2,311,1,1
2023HU0229867,1,384,2,1
2023HU0229867,2,384,2,1
2023HU0229867,3,384,2,1
2023HU0230046,1,14,3,1
2023HU0230056,1,501,3,1
2023HU0230056,2,501,3,1
2023HU0230056,3,501,3,1
2023HU0230056,4,501,3,1
2023HU0230253,1,480,1,1
2023HU0230253,2,480,1,1
2023HU0230253,3,480,1,1
2023HU0230253,4,480,1,1
2023HU0230338,1,306,1,1
2023HU0230338,2,306,1,1
2023HU0230338,3,306,1,1
2023HU0230361,1,501,2,1
2023HU0230361,2,501,2,1
2023HU0230361,3,501,2,1
2023HU0230361,4,501,2,1
2023HU0230411,1,501,3,1
2023HU0230411,2,70,3,1
2023HU0230437,1,501,3,1
2023HU0230437,2,501,3,1
2023HU0230437,3,501,3,1
2023HU0230609,1,411,1,1
2023HU0230609,2,411,1,1
2023HU0230609,3,411,1,1
2023HU0230663,1,501,2,1
2023HU0230663,2,501,2,1
2023HU0230663,3,501,2,1
2023HU0230725,1,263,1,1
2023HU0230725,2,263,1,1
2023HU0230869,1,488,3,1
2023HU0230869,2,488,3,1
2023HU0230869,3,488,3,1
2023HU0230869,4,488,3,1
2023HU0231193,1,394,1,1
2023HU0231193,2,6,1,1
2023HU0231313,1,501,1,1
2023HU0231313,2,501,1,1
2023HU0231313,3,501,1,1
2023HU0231530,1,455,1,1
2023HU0231540,1,230,2,1
2023HU0231540,2,230,2,1
2023HU0231540,3,230,2,1
2023HU0231540,4,230,2,1
2023HU0231541,1,501,2,1
2023HU0231541,2,501,2,1
2023HU0231541,3,501,2,1
2023HU0231606,1,348,2,1
2023HU0231606,2,348,2,1
2023HU0231606,3,348,2,1
2023HU0231606,4,348,2,1
2023HU0231681,1,501,2,1
2023HU0231681,2,501,2,1
2023HU0231729,1,406,3,1
2023HU0231729,2,406,3,1
2023HU0231796,1,121,3,1
2023HU0231796,2,121,3,1
2023HU0231803,1,501,1,1
2023HU0231803,2,501,1,1
2023HU0231911,1,501,1,1
2023HU0231911,2,501,1,1
2023HU0231911,3,501,1,1
2023HU0231977,1,403,1,1
2023HU0231977,2,403,1,1
2023HU0231979,1,189,2,1
2023HU0232065,1,489,1,1
2023HU0232065,2,489,1,1
2023HU0232065,3,489,1,1
2023HU0232065,4,489,1,1
2023HU0232171,1,501,1,1
2023HU0232171,2,501,1,1
2023HU0232313,1,280,3,1
2023HU0232313,2,280,3,1
2023HU0232332,1,379,1,1
2023HU0232350,1,198,2,1
2023HU0232350,2,198,2,1
2023HU0232390,1,123,1,1
2023HU0232390,2,123,1,1
2023HU0232390,3,123,1,1
2023HU0232390,4,123,1,1
2023HU0232390,5,123,1,1
2023HU0232492,1,501,1,1
2023HU0232492,2,501,1,1
2023HU0232492,3,501,1,1
2023HU0232541,1,11,2,1
2023HU0232541,2,11,2,1
2023HU0232631,1,501,2,1
2023HU0232631,2,501,2,1
2023HU0232631,3,501,2,1
2023HU0232631,4,501,2,1
2023HU0232732,1,501,1,1
2023HU0232732,2,501,1,1
2023HU0232732,3,501,1,1
2023HU0232732,4,501,1,1
2023HU0232732,5,501,1,1
2023HU0232768,1,32,2,1
2023HU0232768,2,32,2,1
2023HU0232891,1,6,3,1
2023HU0232912,1,501,3,1
2023HU0233007,1,126,3,1
2023HU0233007,2,126,3,1
2023HU0233007,3,126,3,1
2023HU0233029,1,377,1,1
2023HU0233244,1,204,1,1
2023HU0233244,2,204,1,1
2023HU0233262,1,147,3,1
2023HU0233262,2,147,3,1
2023HU0233262,3,147,3,1
2023HU0233305,1,157,3,1
2023HU0233305,2,157,3,1
2023HU0233305,3,157,3,1
2023HU0233520,1,470,1,1
2023HU0233520,2,470,1,1
2023HU0233560,1,501,1,1
2023HU0233629,1,16,3,1
2023HU0233629,2,16,3,1
2023HU0233674,1,90,3,1
2023HU0233674,2,90,3,1
2023HU0233674,3,90,3,1
2023HU0233674,4,90,3,1
2023HU0233728,1,89,1,1
2023HU0233728,2,89,1,1
2023HU0233744,1,248,1,1
2023HU0233941,1,212,3,1
2023HU0234013,1,501,1,1
2023HU0234013,2,501,1,1
2023HU0234013,3,501,1,1
2023HU0234013,4,501,1,1
2023HU0234013,5,501,1,1
2023HU0234013,6,501,1,1
2023HU0234019,1,114,1,1
2023HU0234049,1,501,1,1
2023HU0234049,2,501,1,1
2023HU0234201,1,501,1,1
2023HU0234318,1,367,2,1
2023HU0234318,2,367,2,1
2023HU0234351,1,501,1,1
2023HU0234504,1,199,3,1
2023HU0234504,2,199,3,1
2023HU0234665,1,69,2,1
2023HU0234665,2,69,2,1
2023HU0234987,1,342,2,1
2023HU0234987,2,342,2,1
2023HU0235067,1,497,3,1
2023HU0235067,2,497,3,1
2023HU0235067,3,497,3,1
2023HU0235158,1,501,1,1
2023HU0235158,2,501,1,1
2023HU0235158,3,501,1,1
2023HU0235174,1,1,2,1
2023HU0235210,1,501,3,1
2023HU0235210,2,501,3,1
2023HU0235216,1,246,2,1
2023HU0235233,1,501,1,1
2023HU0235233,2,139,1,1
2023HU0235233,3,501,1,1
2023HU0235277,1,501,1,1
2023HU0235277,2,501,1,1
2023HU0235277,3,501,1,1
2023HU0235277,4,501,1,1
2023HU0235306,1,501,1,1
2023HU0235306,2,501,1,1
2023HU0235318,1,501,3,1
2023HU0235414,1,501,3,1
2023HU0235432,1,501,2,1
2023HU0235432,2,501,2,1
2023HU0235652,1,464,3,1
2023HU0235740,1,28,3,1
2023HU0235740,2,164,3,1
2023HU0235890,1,357,3,1
2023HU0235890,2,357,3,1
2023HU0235890,3,357,3,1
2023HU0235977,1,359,3,1
2023HU0236135,1,501,2,1
2023HU0236135,2,501,2,1
2023HU0236135,3,501,2,1
2023HU0236135,4,501,2,1
2023HU0236151,1,115,3,1
2023HU0236191,1,348,2,1
2023HU0236407,1,387,3,1
2023HU0236496,1,501,2,1
2023HU0236496,2,501,2,1
2023HU0236496,3,501,2,1
2023HU0236581,1,501,2,1
2023HU0236581,2,501,2,1
2023HU0236605,1,501,1,1
2023HU0236605,2,501,1,1
2023HU0236605,3,501,1,1
2023HU0236605,4,501,1,1
2023HU0236715,1,171,3,1
2023HU0236715,2,171,3,1
2023HU0236715,3,171,3,1
2023HU0236763,1,203,2,1
2023HU0236763,2,203,2,1
2023HU0236763,3,203,2,1
2023HU0236763,4,203,2,1
2023HU0236763,5,203,2,1
2023HU0236763,6,223,2,1
2023HU0236810,1,253,3,1
2023HU0236810,2,3,3,1
2023HU0236824,1,32,3,1
2023HU0236824,2,32,3,1
2023HU0236824,3,32,3,1
2023HU0236824,4,32,3,1
2023HU0236920,1,38,2,1
2023HU0236948,1,501,3,1
2023HU0236981,1,50,2,1
2023HU0237050,1,501,2,1
2023HU0237050,2,501,2,1
2023HU0237050,3,501,2,1
2023HU0237050,4,501,2,1
2023HU0237142,1,501,2,1
2023HU0237203,1,501,1,1
2023HU0237203,2,501,1,1
2023HU0237258,1,501,1,1
2023HU0237359,1,211,3,1
2023HU0237451,1,501,1,1
2023HU0237519,1,501,1,1
2023HU0237519,2,501,1,1
2023HU0237519,3,501,1,1
2023HU0237678,1,392,2,1
2023HU0237678,2,392,2,1
2023HU0237713,1,501,1,1
2023HU0237713,2,501,1,1
2023HU0237713,3,501,1,1
2023HU0237713,4,501,1,1
2023HU0237813,1,501,2,1
2023HU0238373,1,222,1,1
2023HU0238373,2,222,1,1
2023HU0238420,1,501,3,1
2023HU0238420,2,501,3,1
2023HU0238485,1,501,1,1
2023HU0238485,2,501,1,1
2023HU0238485,3,501,1,1
2023HU0238530,1,178,1,1
2023HU0238533,1,194,2,1
2023HU0238597,1,274,3,1
2023HU0238597,2,274,3,1
2023HU0238597,3,274,3,1
2023HU0238713,1,170,2,1
2023HU0238713,2,170,2,1
2023HU0238713,3,170,2,1
2023HU0238789,1,87,2,1
2023HU0238789,2,87,2,1
2023HU0238822,1,501,1,1
2023HU0238883,1,131,2,1
2023HU0238945,1,501,3,1
2023HU0238945,2,501,3,1
2023HU0239191,1,242,1,1
2023HU0239191,2,233,1,1
2023HU0239283,1,501,1,1
2023HU0239283,2,501,1,1
2023HU0239289,1,501,1,1
2023HU0239289,2,501,1,1
2023HU0239289,3,501,1,1
2023HU0239347,1,309,1,1
2023HU0239347,2,0,1,1
2023HU0239347,3,309,1,1
2023HU0239347,4,309,1,1
2023HU0239347,5,0,1,1
2023HU0239581,1,501,1,1
2023HU0239955,1,295,3,1
2023HU0239955,2,295,3,1
2023HU0240113,1,165,3,1
2023HU0240296,1,354,1,1
2023HU0240296,2,354,1,1
2023HU0240296,3,354,1,1
2023HU0240296,4,354,1,1
2023HU0240296,5,354,1,1
2023HU0240296,6,354,1,1
2023HU0240345,1,501,2,1
2023HU0240345,2,501,2,1
2023HU0240345,3,501,2,1
2023HU0240345,4,501,2,1
2023HU0240345,5,0,2,1
2023HU0240354,1,107,2,1
2023HU0240354,2,107,2,1
2023HU0240354,3,107,2,1
2023HU0240354,4,107,2,1
2023HU0240354,5,107,2,1
2023HU0240443,1,501,1,1
2023HU0240444,1,206,1,1
2023HU0240444,2,206,1,1
2023HU0240444,3,206,1,1
2023HU0240444,4,206,1,1
2023HU0240444,5,206,1,1
2023HU0240476,1,501,1,1
2023HU0240547,1,222,3,1
2023HU0240692,1,501,1,1
2023HU0240692,2,501,1,1
2023HU0240762,1,155,2,1
2023HU0240762,2,155,2,1
2023HU0240762,3,155,2,1
2023HU0240762,4,155,2,1
2023HU0240769,1,501,1,1
2023HU0240769,2,501,1,1
2023HU0240769,3,501,1,1
2023HU0240769,4,501,1,1
2023HU0240818,1,265,2,1
2023HU0240818,2,265,2,1
2023HU0240830,1,501,2,1
2023HU0240830,2,501,2,1
2023HU0240853,1,199,2,1
2023HU0240853,2,199,2,1
2023HU0240868,1,501,3,1
2023HU0240868,2,501,3,1
2023HU0241003,1,501,2,1
2023HU0241003,2,501,2,1
2023HU0241027,1,118,2,1
2023HU0241093,1,501,1,1
2023HU0241093,2,501,1,1
2023HU0241093,3,501,1,1
2023HU0241093,4,501,1,1
2023HU0241241,1,501,3,1
2023HU0241241,2,501,3,1
2023HU0241241,3,501,3,1
2023HU0241241,4,501,3,1
2023HU0241241,5,501,3,1
2023HU0241241,6,501,3,1
2023HU0241326,1,456,1,1
2023HU0241326,2,456,1,1
2023HU0241326,3,456,1,1
2023HU0241326,4,456,1,1
2023HU0241400,1,177,2,1
2023HU0241400,2,177,2,1
2023HU0241400,3,177,2,1
2023HU0241552,1,387,1,1
2023HU0241552,2,387,1,1
2023HU0241552,3,387,1,1
2023HU0241552,4,387,1,1
2023HU0241552,5,387,1,1
2023HU0241552,6,387,1,1
2023HU0241730,1,41,3,1
2023HU0241741,1,461,1,1
2023HU0242083,1,484,1,1
2023HU0242083,2,484,1,1
2023HU0242083,3,484,1,1
2023HU0242083,4,484,1,1
2023HU0242426,1,501,1,1
2023HU0242426,2,501,1,1
2023HU0242527,1,197,2,1
2023HU0242527,2,197,2,1
2023HU0242529,1,501,2,1
2023HU0242529,2,501,2,1
2023HU0242606,1,262,3,1
2023HU0242687,1,42,2,1
2023HU0242687,2,42,2,1
2023HU0242813,1,304,3,1
2023HU0242813,2,304,3,1
2023HU0242861,1,383,3,1
2023HU0242861,2,447,3,1
2023HU0242862,1,501,2,1
2023HU0242873,1,463,1,1
2023HU0243459,1,501,1,1
2023HU0243482,1,501,1,1
2023HU0243482,2,501,1,1
2023HU0243497,1,291,3,1
2023HU0243604,1,453,1,1
2023HU0243719,1,501,2,1
2023HU0243799,1,117,3,1
2023HU0243799,2,117,3,1
2023HU0243918,1,301,3,1
2023HU0243922,1,501,2,1
2023HU0244081,1,350,1,1
2023HU0244081,2,350,1,1
2023HU0244081,3,350,1,1
2023HU0244152,1,501,1,1
2023HU0244152,2,501,1,1
2023HU0244254,1,501,1,1
2023HU0244254,2,501,1,1
2023HU0244383,1,345,1,1
2023HU0244383,2,345,1,1
2023HU0244383,3,345,1,1
2023HU0244512,1,501,2,1
2023HU0244512,2,501,2,1
2023HU0244512,3,501,2,1
2023HU0244512,4,501,2,1
2023HU0244772,1,281,3,1
2023HU0244772,2,281,3,1
2023HU0244788,1,501,1,1
2023HU0244788,2,501,1,1
2023HU0244788,3,501,1,1
2023HU0244788,4,501,1,1
2023HU0244879,1,501,3,1
2023HU0244879,2,501,3,1
2023HU0244879,3,501,3,1
2023HU0244879,4,501,3,1
2023HU0244929,1,377,1,1
2023HU0244929,2,377,1,1
2023HU0244929,3,377,1,1
2023HU0244929,4,377,1,1
2023HU0245082,1,91,1,1
2023HU0245314,1,501,3,1
2023HU0245314,2,501,3,1
2023HU0245371,1,501,1,1
2023HU0245371,2,501,1,1
2023HU0245371,3,501,1,1
2023HU0245447,1,306,3,1
2023HU0245461,1,501,1,1
2023HU0245461,2,501,1,1
2023HU0245461,3,501,1,1
2023HU0245461,4,501,1,1
2023HU0245546,1,103,2,1
2023HU0245546,2,103,2,1
2023HU0245596,1,477,1,1
2023HU0245596,2,477,1,1
2023HU0245596,3,477,1,1
2023HU0245596,4,477,1,1
2023HU0245689,1,501,2,1
2023HU0245869,1,501,1,1
2023HU0245869,2,501,1,1
2023HU0245869,3,501,1,1
2023HU0245869,4,501,1,1
2023HU0245896,1,273,2,1
2023HU0245906,1,501,2,1
2023HU0245906,2,501,2,1
2023HU0245948,1,277,1,1
2023HU0245948,2,277,1,1
2023HU0245948,3,277,1,1
2023HU0245948,4,277,1,1
2023HU0246002,1,501,2,1
2023HU0246002,2,501,2,1
2023HU0246080,1,82,3,1
2023HU0246080,2,82,3,1
2023HU0246125,1,501,2,1
2023HU0246125,2,501,2,1
2023HU0246186,1,226,2,1
2023HU0246186,2,226,2,1
2023HU0246186,3,226,2,1
2023HU0246186,4,226,2,1
2023HU0246199,1,382,3,1
2023HU0246247,1,79,1,1
2023HU0246247,2,79,1,1
2023HU0246247,3,79,1,1
2023HU0246247,4,79,1,1
2023HU0246461,1,501,1,1
2023HU0246461,2,501,1,1
2023HU0246461,3,501,1,1
2023HU0246461,4,501,1,1
2023HU0246500,1,100,2,1
2023HU0246716,1,195,1,1
2023HU0246716,2,195,1,1
2023HU0246758,1,501,1,1
2023HU0246758,2,501,1,1
2023HU0246758,3,501,1,1
2023HU0246758,4,501,1,1
2023HU0246758,5,501,1,1
2023HU0246840,1,266,3,1
2023HU0246899,1,185,3,1
2023HU0246899,2,422,3,1
2023HU0247029,1,501,2,1
2023HU0247029,2,501,2,1
2023HU0247172,1,345,1,1
2023HU0247172,2,345,1,1
2023HU0247208,1,501,2,1
2023HU0247208,2,501,2,1
2023HU0247273,1,501,3,1
2023HU0247273,2,501,3,1
2023HU0247389,1,181,2,1
2023HU0247413,1,84,1,1
2023HU0247423,1,70,3,1
2023HU0247467,1,501,3,1
2023HU0247467,2,501,3,1
2023HU0247467,3,501,3,1
2023HU0247530,1,22,1,1
2023HU0247667,1,157,3,1
2023HU0247723,1,371,2,1
2023HU0247767,1,212,2,1
2023HU0247911,1,239,1,1
2023HU0247911,2,239,1,1
2023HU0247911,3,239,1,1
2023HU0247911,4,239,1,1
2023HU0248046,1,501,2,1
2023HU0248075,1,501,1,1
2023HU0248075,2,228,1,1
2023HU0248075,3,392,1,1
2023HU0248075,4,490,1,1
2023HU0248289,1,198,2,1
2023HU0248391,1,386,1,1
2023HU0248391,2,386,1,1
2023HU0248391,3,386,1,1
2023HU0248391,4,386,1,1
2023HU0248391,5,386,1,1
2023HU0248502,1,501,3,1
2023HU0248502,2,501,3,1
2023HU0248524,1,274,1,1
2023HU0248524,2,274,1,1
2023HU0248524,3,274,1,1
2023HU0248524,4,274,1,1
2023HU0248524,5,274,1,1
2023HU0248524,6,274,1,1
2023HU0248524,7,274,1,1
2023HU0248524,8,274,1,1
2023HU0248524,9,274,1,1
2023HU0248567,1,362,2,1
2023HU0248567,2,287,2,1
2023HU0248567,3,362,2,1
2023HU0248628,1,501,2,1
2023HU0248628,2,501,2,1
2023HU0248806,1,286,3,1
2023HU0248806,2,286,3,1
2023HU0248806,3,286,3,1
2023HU0248806,4,286,3,1
2023HU0248879,1,331,1,1
2023HU0248879,2,331,1,1
2023HU0248879,3,331,1,1
2023HU0248879,4,331,1,1
2023HU0248923,1,7,1,1
2023HU0248936,1,286,3,1
2023HU0248936,2,501,3,1
2023HU0249155,1,494,2,1
2023HU0249155,2,494,2,1
2023HU0249155,3,494,2,1
2023HU0249155,4,494,2,1
2023HU0249334,1,501,1,1
2023HU0249334,2,501,1,1
2023HU0249381,1,501,2,1
2023HU0249381,2,501,2,1
2023HU0249381,3,501,2,1
2023HU0249387,1,224,2,1
2023HU0249387,2,224,2,1
2023HU0249391,1,101,1,1
2023HU0249391,2,101,1,1
2023HU0249391,3,101,1,1
2023HU0249391,4,101,1,1
2023HU0249391,5,101,1,1
2023HU0249396,1,501,1,1
2023HU0249405,1,501,3,1
2023HU0249405,2,501,3,1
2023HU0249494,1,501,1,1
2023HU0249724,1,501,2,1
2023HU0249793,1,288,2,1
2023HU0249854,1,501,2,1
2023HU0249900,1,183,1,1
2023HU0249900,2,183,1,1
2023HU0250093,1,84,3,1
2023HU0250209,1,501,1,1
2023HU0250209,2,501,1,1
2023HU0250209,3,501,1,1
2023HU0250292,1,369,2,1
2023HU0250292,2,369,2,1
2023HU0250313,1,501,3,1
2023HU0250313,2,268,3,1
2023HU0250313,3,316,3,1
2023HU0250337,1,451,1,1
2023HU0250342,1,501,1,1
2023HU0250403,1,501,1,1
2023HU0250403,2,501,1,1
2023HU0250403,3,501,1,1
2023HU0250639,1,501,1,1
2023HU0250639,2,501,1,1
2023HU0250639,3,501,1,1
2023HU0250639,4,501,1,1
2023HU0250639,5,501,1,1
2023HU0250639,6,501,1,1
2023HU0250726,1,176,2,1
2023HU0250726,2,176,2,1
2023HU0250862,1,7,2,1
2023HU0250892,1,160,3,1
2023HU0250892,2,160,3,1
2023HU0250968,1,363,1,1
2023HU0250968,2,363,1,1
2023HU0251113,1,162,3,1
2023HU0251113,2,162,3,1
2023HU0251113,3,162,3,1
2023HU0251113,4,162,3,1
2023HU0251113,5,162,3,1
2023HU0251334,1,111,3,1
2023HU0251473,1,501,3,1
2023HU0251482,1,177,2,1
2023HU0251482,2,367,2,1
2023HU0251567,1,14,2,1
2023HU0251719,1,329,3,1
2023HU0251770,1,124,3,1
2023HU0251770,2,124,3,1
2023HU0251770,3,124,3,1
2023HU0251843,1,501,1,1
2023HU0251873,1,382,2,1
2023HU0251873,2,382,2,1
2023HU0252139,1,501,1,1
2023HU0252139,2,501,1,1
2023HU0252139,3,501,1,1
2023HU0252139,4,501,1,1
2023HU0252210,1,391,1,1
2023HU0252210,2,391,1,1
2023HU0252213,1,174,3,1
2023HU0252213,2,32,3,1
2023HU0252375,1,501,3,1
2023HU0252375,2,170,3,1
2023HU0252382,1,352,1,1
2023HU0252418,1,501,2,1
2023HU0252418,2,501,2,1
2023HU0252431,1,344,2,1
2023HU0252431,2,344,2,1
2023HU0252431,3,344,2,1
2023HU0252431,4,344,2,1
2023HU0252431,5,344,2,1
2023HU0252431,6,344,2,1
2023HU0252555,1,362,3,1
2023HU0252555,2,362,3,1
2023HU0252607,1,501,3,1
2023HU0252607,2,501,3,1
2023HU0252796,1,294,3,1
2023HU0252796,2,294,3,1
2023HU0252796,3,294,3,1
2023HU0252796,4,,3,1
2023HU0252893,1,0,2,1
2023HU0253153,1,111,1,1
2023HU0253153,2,111,1,1
2023HU0253153,3,111,1,1
2023HU0253153,4,111,1,1
2023HU0253243,1,501,1,1
2023HU0253243,2,501,1,1
2023HU0253243,3,501,1,1
2023HU0253324,1,501,2,1
2023HU0253324,2,501,2,1
2023HU0253385,1,279,1,1
2023HU0253385,2,279,1,1
2023HU0253385,3,279,1,1
2023HU0253385,4,279,1,1
2023HU0253449,1,417,1,1
2023HU0253449,2,417,1,1
2023HU0253449,3,417,1,1
2023HU0253451,1,466,1,1
2023HU0253451,2,466,1,1
2023HU0253451,3,466,1,1
2023HU0253465,1,134,2,1
2023HU0253465,2,134,2,1
2023HU0253465,3,134,2,1
2023HU0253465,4,134,2,1
2023HU0253504,1,501,3,1
2023HU0253587,1,501,1,1
2023HU0253587,2,501,1,1
2023HU0253587,3,501,1,1
2023HU0253744,1,443,1,1
2023HU0253744,2,443,1,1
2023HU0253744,3,443,1,1
2023HU0253744,4,482,1,1
2023HU0253820,1,422,1,1
2023HU0253820,2,422,1,1
2023HU0253820,3,422,1,1
2023HU0253878,1,435,1,1
2023HU0253878,2,435,1,1
2023HU0253878,3,435,1,1
2023HU0253878,4,435,1,1
2023HU0253892,1,501,1,1
2023HU0253892,2,501,1,1
2023HU0253892,3,501,1,1
2023HU0253892,4,501,1,1
2023HU0254067,1,501,3,1
2023HU0254120,1,501,1,1
2023HU0254189,1,501,1,1
2023HU0254340,1,420,1,1
2023HU0254340,2,420,1,1
2023HU0254340,3,420,1,1
2023HU0254340,4,420,1,1
2023HU0254394,1,93,3,1
2023HU0254405,1,39,2,1
2023HU0254405,2,39,2,1
2023HU0254405,3,39,2,1
2023HU0254405,4,39,2,1
2023HU0254405,5,39,2,1
2023HU0254506,1,181,3,1
2023HU0254554,1,501,2,1
2023HU0254554,2,501,2,1
2023HU0254641,1,501,1,1
2023HU0254641,2,501,1,1
2023HU0255296,1,501,1,1
2023HU0255296,2,501,1,1
2023HU0255359,1,501,2,1
2023HU0255359,2,501,2,1
2023HU0255450,1,501,3,1
2023HU0255450,2,501,3,1
2023HU0255451,1,270,2,1
2023HU0255614,1,501,1,1
2023HU0255614,2,501,1,1
2023HU0255614,3,501,1,1
2023HU0255614,4,501,1,1
2023HU0255840,1,501,1,1
2023HU0255867,1,501,2,1
2023HU0255867,2,501,2,1
2023HU0255867,3,501,2,1
2023HU0255867,4,501,2,1
2023HU0255867,5,501,2,1
2023HU0255923,1,150,3,1
2023HU0255923,2,150,3,1
2023HU0255923,3,150,3,1
2023HU0255923,4,150,3,1
2023HU0255997,1,501,1,1
2023HU0255997,2,501,1,1
2023HU0255997,3,501,1,1
2023HU0255997,4,501,1,1
2023HU0255997,5,334,1,1
2023HU0256095,1,501,1,1
2023HU0256095,2,501,1,1
2023HU0256204,1,501,1,1
2023HU0256204,2,501,1,1
2023HU0256204,3,501,1,1
2023HU0256204,4,501,1,1
2023HU0256256,1,388,2,1
2023HU0256259,1,58,2,1
2023HU0256259,2,58,2,1
2023HU0256426,1,501,1,1
2023HU0256426,2,501,1,1
2023HU0256498,1,84,3,1
2023HU0256498,2,84,3,1
2023HU0256757,1,156,3,1
2023HU0256757,2,156,3,1
2023HU0256811,1,446,1,1
2023HU0256811,2,446,1,1
2023HU0256811,3,446,1,1
2023HU0256811,4,446,1,1
2023HU0256811,5,446,1,1
2023HU0256826,1,238,1,1
2023HU0256826,2,238,1,1
2023HU0256889,1,197,3,1
2023HU0256921,1,501,1,1
2023HU0256955,1,501,1,1
2023HU0256955,2,174,1,1
2023HU0256955,3,501,1,1
2023HU0256970,1,318,1,1
2023HU0256970,2,139,1,1
2023HU0257022,1,238,1,1
2023HU0257022,2,238,1,1
2023HU0257031,1,142,2,1
2023HU0257050,1,423,2,1
2023HU0257052,1,414,1,1
2023HU0257052,2,414,1,1
2023HU0257052,3,414,1,1
2023HU0257052,4,414,1,1
2023HU0257052,5,414,1,1
2023HU0257156,1,501,1,1
2023HU0257156,2,501,1,1
2023HU0257423,1,396,3,1
2023HU0257423,2,396,3,1
2023HU0257449,1,501,2,1
2023HU0257449,2,501,2,1
2023HU0257580,1,501,2,1
2023HU0257580,2,501,2,1
2023HU0257580,3,501,2,1
2023HU0257580,4,501,2,1
2023HU0257580,5,501,2,1
2023HU0257729,1,501,1,1
2023HU0257729,2,501,1,1
2023HU0257729,3,501,1,1
2023HU0257764,1,286,2,1
2023HU0257771,1,76,3,1
2023HU0257826,1,413,3,1
2023HU0257842,1,383,3,1
2023HU0257920,1,169,3,1
2023HU0257920,2,169,3,1
2023HU0257920,3,169,3,1
2023HU0257923,1,501,2,1
2023HU0257923,2,501,2,1
2023HU0257923,3,501,2,1
2023HU0257923,4,501,2,1
2023HU0257936,1,442,1,1
2023HU0258003,1,417,3,1
2023HU0258003,2,64,3,1
2023HU0258040,1,497,1,1
2023HU0258040,2,497,1,1
2023HU0258060,1,501,1,1
2023HU0258060,2,501,1,1
2023HU0258060,3,501,1,1
2023HU0258222,1,186,1,1
2023HU0258222,2,59,1,1
2023HU0258318,1,501,2,1
2023HU0258318,2,501,2,1
2023HU0258533,1,233,1,1
2023HU0258533,2,233,1,1
2023HU0258555,1,101,2,1
2023HU0258651,1,192,3,1
2023HU0258669,1,61,3,1
2023HU0258669,2,61,3,1
2023HU0258669,3,61,3,1
2023HU0258669,4,61,3,1
2023HU0258669,5,61,3,1
2023HU0258676,1,501,3,1
2023HU0258676,2,501,3,1
2023HU0258970,1,204,1,1
2023HU0258970,2,204,1,1
2023HU0259032,1,233,3,1
2023HU0259093,1,501,2,1
2023HU0259093,2,501,2,1
2023HU0259394,1,439,2,1
2023HU0259394,2,439,2,1
2023HU0259538,1,492,3,1
2023HU0259538,2,501,3,1
2023HU0259659,1,501,1,1
2023HU0259659,2,501,1,1
2023HU0259666,1,501,2,1
2023HU0259666,2,501,2,1
2023HU0259666,3,501,2,1
2023HU0259666,4,501,2,1
2023HU0259666,5,501,2,1
2023HU0259666,6,501,2,1
2023HU0259780,1,501,1,1
2023HU0259881,1,57,3,1
2023HU0259881,2,57,3,1
2023HU0259881,3,57,3,1
2023HU0259990,1,501,1,1
2023HU0259990,2,501,1,1
2023HU0259990,3,501,1,1
2023HU0259994,1,310,3,1
2023HU0259994,2,311,3,1
2023HU0259994,3,193,3,1
2023HU0260030,1,424,1,1
2023HU0260030,2,424,1,1
2023HU0260466,1,297,3,1
2023HU0260466,2,297,3,1
2023HU0260466,3,297,3,1
2023HU0260483,1,107,1,1
2023HU0260560,1,501,2,1
2023HU0260560,2,501,2,1
2023HU0260560,3,501,2,1
2023HU0260579,1,501,1,1
2023HU0260579,2,501,1,1
2023HU0260579,3,501,1,1
2023HU0260598,1,32,3,1
2023HU0260598,2,64,3,1
2023HU0260600,1,239,3,1
2023HU0260600,2,239,3,1
2023HU0260608,1,179,1,1
2023HU0260608,2,179,1,1
2023HU0260608,3,179,1,1
2023HU0260616,1,501,1,1
2023HU0260616,2,501,1,1
2023HU0260616,3,501,1,1
2023HU0260616,4,501,1,1
2023HU0260772,1,151,1,1
2023HU0260772,2,151,1,1
2023HU0260840,1,501,1,1
2023HU0260840,2,501,1,1
2023HU0260840,3,501,1,1
2023HU0260962,1,163,3,1
2023HU0260962,2,163,3,1
2023HU0260962,3,163,3,1
2023HU0260962,4,163,3,1
2023HU0261164,1,154,2,1
2023HU0261164,2,154,2,1
2023HU0261448,1,295,2,1
2023HU0261448,2,295,2,1
2023HU0261450,1,501,3,1
2023HU0261549,1,279,1,1
2023HU0261549,2,279,1,1
2023HU0261549,3,279,1,1
2023HU0261549,4,279,1,1
2023HU0261549,5,279,1,1
2023HU0261549,6,279,1,1
2023HU0261697,1,501,2,1
2023HU0261697,2,501,2,1
2023HU0261697,3,501,2,1
2023HU0261793,1,117,1,1
2023HU0261793,2,117,1,1
2023HU0261793,3,117,1,1
2023HU0261855,1,486,1,1
2023HU0261855,2,486,1,1
2023HU0261855,3,486,1,1
2023HU0261998,1,501,1,1
2023HU0261998,2,501,1,1
2023HU0261998,3,501,1,1
2023HU0262035,1,501,3,1
2023HU0262233,1,501,2,1
2023HU0262233,2,501,2,1
2023HU0262291,1,501,2,1
2023HU0262291,2,501,2,1
2023HU0262291,3,501,2,1
2023HU0262324,1,501,1,1
2023HU0262324,2,501,1,1
2023HU0262328,1,92,3,1
2023HU0262328,2,92,3,1
2023HU0262347,1,501,1,1
2023HU0262413,1,501,1,1
2023HU0262413,2,99,1,1
2023HU0262423,1,239,3,1
2023HU0262423,2,475,3,1
2023HU0262423,3,239,3,1
2023HU0262519,1,327,1,1
2023HU0262519,2,327,1,1
2023HU0262519,3,327,1,1
2023HU0262519,4,327,1,1
2023HU0262519,5,327,1,1
2023HU0262519,6,327,1,1
2023HU0262665,1,14,1,1
2023HU0262665,2,14,1,1
2023HU0262665,3,140,1,1
2023HU0262674,1,374,1,1
2023HU0262674,2,374,1,1
2023HU0262676,1,320,3,1
2023HU0262676,2,320,3,1
2023HU0262676,3,320,3,1
2023HU0262681,1,408,3,1
2023HU0262908,1,501,2,1
2023HU0263056,1,440,1,1
2023HU0263056,2,440,1,1
2023HU0263056,3,440,1,1
2023HU0263141,1,501,1,1
2023HU0263141,2,501,1,1
2023HU0263141,3,501,1,1
2023HU0263248,1,451,2,1
2023HU0263248,2,451,2,1
2023HU0263322,1,260,3,1
2023HU0263408,1,473,2,1
2023HU0263474,1,501,4,1
2023HU0263588,1,501,1,1
2023HU0263588,2,501,1,1
2023HU0263588,3,501,1,1
2023HU0263624,1,501,2,1
2023HU0263836,1,43,3,1
2023HU0263946,1,54,3,1
2023HU0263946,2,54,3,1
2023HU0264051,1,501,1,1
2023HU0264051,2,501,1,1
2023HU0264051,3,501,1,1
2023HU0264051,4,501,1,1
2023HU0264375,1,456,2,1
2023HU0264375,2,456,2,1
2023HU0264485,1,121,1,1
2023HU0264557,1,501,1,1
2023HU0264557,2,32,1,1
2023HU0264607,1,182,2,1
2023HU0264607,2,501,2,1
2023HU0264607,3,182,2,1
2023HU0264607,4,182,2,1
2023HU0264607,5,182,2,1
2023HU0264632,1,501,1,1
2023HU0264632,2,501,1,1
2023HU0264632,3,501,1,1
2023HU0264632,4,501,1,1
2023HU0264660,1,398,1,1
2023HU0264660,2,398,1,1
2023HU0264669,1,451,3,1
2023HU0264669,2,451,3,1
2023HU0264669,3,0,3,1
2023HU0264669,4,465,3,1
2023HU0264669,5,0,3,1
2023HU0264669,6,0,3,1
2023HU0264669,7,0,3,1
2023HU0264669,8,,3,1
2023HU0264768,1,379,1,1
2023HU0264768,2,379,1,1
2023HU0264830,1,501,1,1
2023HU0264830,2,501,1,1
2023HU0264830,3,501,1,1
2023HU0265005,1,350,3,1
2023HU0265285,1,501,2,1
2023HU0265285,2,501,2,1
2023HU0265741,1,72,3,1
2023HU0265741,2,305,3,1
2023HU0265741,3,72,3,1
2023HU0265741,4,72,3,1
2023HU0265741,5,72,3,1
2023HU0265825,1,306,2,1
2023HU0265825,2,306,2,1
2023HU0265900,1,501,1,1
2023HU0265982,1,384,2,1
2023HU0266020,1,343,3,1
2023HU0266020,2,343,3,1
2023HU0266020,3,343,3,1
2023HU0266020,4,343,3,1
2023HU0266042,1,501,1,1
2023HU0266042,2,501,1,1
2023HU0266042,3,501,1,1
2023HU0266083,1,202,2,1
2023HU0266083,2,202,2,1
2023HU0266157,1,11,3,1
2023HU0266300,1,388,3,1
2023HU0266428,1,501,1,1
2023HU0266428,2,501,1,1
2023HU0266428,3,501,1,1
2023HU0266428,4,501,1,1
2023HU0266466,1,258,1,1
2023HU0266466,2,258,1,1
2023HU0266466,3,258,1,1
2023HU0266483,1,324,3,1
2023HU0266715,1,158,2,1
2023HU0266748,1,501,2,1
2023HU0266832,1,501,2,1
2023HU0266844,1,501,2,1
2023HU0266844,2,501,2,1
2023HU0266952,1,501,1,1
2023HU0266952,2,501,1,1
2023HU0266952,3,501,1,1
2023HU0267137,1,65,3,1
2023HU0267202,1,23,1,1
2023HU0267202,2,23,1,1
2023HU0267379,1,140,2,1
2023HU0267467,1,405,3,1
2023HU0267467,2,405,3,1
2023HU0267489,1,501,1,1
2023HU0267489,2,501,1,1
2023HU0267556,1,447,3,1
2023HU0267647,1,501,3,1
2023HU0267671,1,501,1,1
2023HU0267671,2,501,1,1
2023HU0267671,3,501,1,1
2023HU0267698,1,501,1,1
2023HU0267698,2,501,1,1
2023HU0267698,3,501,1,1
2023HU0267698,4,501,1,1
2023HU0267801,1,501,1,1
2023HU0267801,2,501,1,1
2023HU0267801,3,501,1,1
2023HU0267933,1,501,1,1
2023HU0267933,2,501,1,1
2023HU0267933,3,501,1,1
2023HU0267941,1,501,3,1
2023HU0267941,2,501,3,1
2023HU0267941,3,501,3,1
2023HU0267973,1,447,2,1
2023HU0267973,2,447,2,1
2023HU0267973,3,447,2,1
2023HU0268095,1,80,3,1
2023HU0268340,1,260,2,1
2023HU0268340,2,260,2,1
2023HU0268461,1,501,1,1
2023HU0268461,2,501,1,1
2023HU0268461,3,501,1,1
2023HU0268461,4,501,1,1
2023HU0268461,5,501,1,1
2023HU0268490,1,77,3,1
2023HU0268536,1,363,3,1
2023HU0268655,1,120,2,1
2023HU0268655,2,120,2,1
2023HU0268910,1,372,3,1
2023HU0268990,1,349,3,1
2023HU0269034,1,328,3,1
2023HU0269558,1,352,2,1
2023HU0269558,2,352,2,1
2023HU0269558,3,352,2,1
2023HU0269558,4,352,2,1
2023HU0269608,1,420,3,1
2023HU0269608,2,0,3,1
2023HU0269648,1,501,2,1
2023HU0269774,1,106,3,1
2023HU0269779,1,501,2,1
2023HU0269779,2,501,2,1
2023HU0270081,1,501,1,1
2023HU0270230,1,72,3,1
2023HU0270230,2,72,3,1
2023HU0270416,1,356,2,1
2023HU0270416,2,356,2,1
2023HU0270416,3,356,2,1
2023HU0270416,4,356,2,1
2023HU0270559,1,501,1,1
2023HU0270559,2,501,1,1
2023HU0270559,3,501,1,1
2023HU0270559,4,501,1,1
2023HU0270559,5,501,1,1
2023HU0270580,1,410,1,1
2023HU0270658,1,501,2,1
2023HU0270658,2,501,2,1
2023HU0270658,3,501,2,1
2023HU0270658,4,501,2,1
2023HU0270677,1,94,3,1
2023HU0270677,2,53,3,1
2023HU0270754,1,115,3,1
2023HU0270765,1,501,3,1
2023HU0270765,2,501,3,1
2023HU0270927,1,501,1,1
2023HU0270927,2,501,1,1
2023HU0270994,1,428,2,1
2023HU0270994,2,428,2,1
2023HU0271017,1,501,2,1
2023HU0271017,2,501,2,1
2023HU0271665,1,216,2,1
2023HU0271946,1,246,1,1
2023HU0271946,2,224,1,1
2023HU0271946,3,246,1,1
2023HU0271946,4,246,1,1
2023HU0272053,1,13,4,1
2023HU0272053,2,13,4,1
2023HU0272053,3,13,4,1
2023HU0272053,4,13,4,1
2023HU0272053,5,252,4,1
2023HU0272089,1,0,1,1
2023HU0272089,2,0,1,1
2023HU0272094,1,181,3,1
2023HU0272154,1,305,2,1
2023HU0272182,1,281,3,1
2023HU0272331,1,2,3,1
2023HU0272331,2,260,3,1
2023HU0272337,1,501,3,1
2023HU0272396,1,489,1,1
2023HU0272396,2,489,1,1
2023HU0272396,3,489,1,1
2023HU0272396,4,489,1,1
2023HU0272510,1,0,3,1
2023HU0272564,1,129,1,1
2023HU0272564,2,129,1,1
2023HU0272564,3,129,1,1
2023HU0272564,4,129,1,1
2023HU0273021,1,360,3,1
2023HU0273115,1,501,1,1
2023HU0273115,2,501,1,1
2023HU0273190,1,501,2,1
2023HU0273190,2,501,2,1
2023HU0273199,1,111,1,1
2023HU0273199,2,111,1,1
2023HU0273199,3,111,1,1
2023HU0273199,4,111,1,1
2023HU0273199,5,111,1,1
2023HU0273199,6,111,1,1
2023HU0273199,7,111,1,1
2023HU0273199,8,111,1,1
2023HU0273219,1,83,4,1
2023HU0273219,2,83,4,1
2023HU0273761,1,183,1,1
2023HU0273761,2,183,1,1
2023HU0273761,3,183,1,1
2023HU0273781,1,331,1,1
2023HU0273781,2,331,1,1
2023HU0273781,3,331,1,1
2023HU0273781,4,331,1,1
2023HU0273782,1,31,1,1
2023HU0273877,1,501,2,1
2023HU0273877,2,501,2,1
2023HU0273877,3,501,2,1
2023HU0273885,1,240,2,1
2023HU0273885,2,240,2,1
2023HU0273885,3,240,2,1
2023HU0273885,4,240,2,1
2023HU0273885,5,240,2,1
2023HU0273885,6,240,2,1
2023HU0273896,1,501,3,1
2023HU0273897,1,267,1,1
2023HU0273897,2,267,1,1
2023HU0273929,1,377,3,1
2023HU0273973,1,501,1,1
2023HU0273973,2,501,1,1
2023HU0273973,3,501,1,1
2023HU0274318,1,0,2,1
2023HU0274318,2,0,2,1
2023HU0274417,1,501,1,1
2023HU0274436,1,242,1,1
2023HU0274436,2,242,1,1
2023HU0274436,3,242,1,1
2023HU0274436,4,242,1,1
2023HU0274436,5,242,1,1
2023HU0274436,6,242,1,1
2023HU0274468,1,124,3,1
2023HU0274468,2,124,3,1
2023HU0274468,3,124,3,1
2023HU0274535,1,0,3,1
2023HU0274682,1,9,2,1
2023HU0274711,1,440,3,1
2023HU0274711,2,485,3,1
2023HU0274818,1,91,2,1
2023HU0274818,2,91,2,1
2023HU0274971,1,290,1,1
2023HU0274971,2,290,1,1
2023HU0274971,3,290,1,1
2023HU0274971,4,290,1,1
2023HU0274992,1,432,2,1
2023HU0274992,2,432,2,1
2023HU0274994,1,501,3,1
2023HU0274994,2,501,3,1
2023HU0275077,1,363,2,1
2023HU0275077,2,363,2,1
2023HU0275078,1,501,1,1
2023HU0275229,1,501,3,1
2023HU0275229,2,501,3,1
2023HU0275323,1,501,1,1
2023HU0275359,1,145,3,1
2023HU0275532,1,326,1,1
2023HU0275532,2,326,1,1
2023HU0275532,3,326,1,1
2023HU0275532,4,326,1,1
2023HU0275571,1,273,1,1
2023HU0275571,2,273,1,1
2023HU0275988,1,255,2,1
2023HU0275988,2,255,2,1
2023HU0275988,3,255,2,1
2023HU0275988,4,255,2,1
2023HU0275988,5,255,2,1
2023HU0275988,6,255,2,1
2023HU0276004,1,204,3,1
2023HU0276172,1,490,3,1
2023HU0276189,1,342,1,1
2023HU0276189,2,501,1,1
2023HU0276257,1,0,2,1
2023HU0276520,1,284,2,1
2023HU0276520,2,284,2,1
2023HU0276651,1,320,3,1
2023HU0276651,2,320,3,1
2023HU0276717,1,456,1,1
2023HU0276717,2,456,1,1
2023HU0276946,1,124,3,1
2023HU0276946,2,124,3,1
2023HU0276976,1,501,1,1
2023HU0276976,2,501,1,1
2023HU0276982,1,224,2,1
2023HU0276982,2,224,2,1
2023HU0276982,3,224,2,1
2023HU0276982,4,224,2,1
2023HU0277006,1,501,1,1
2023HU0277006,2,501,1,1
2023HU0277059,1,221,1,1
2023HU0277059,2,221,1,1
2023HU0277092,1,501,1,1
2023HU0277092,2,185,1,1
2023HU0277092,3,0,1,1
2023HU0277110,1,501,3,1
2023HU0277110,2,501,3,1
2023HU0277110,3,501,3,1
2023HU0277110,4,501,3,1
2023HU0277723,1,501,3,1
2023HU0277723,2,501,3,1
2023HU0277738,1,265,1,1
2023HU0277738,2,265,1,1
2023HU0277738,3,265,1,1
2023HU0277738,4,265,1,1
2023HU0277738,5,265,1,1
2023HU0277758,1,346,1,1
2023HU0277758,2,346,1,1
2023HU0277758,3,346,1,1
2023HU0277758,4,346,1,1
2023HU0277944,1,259,1,1
2023HU0277944,2,259,1,1
2023HU0278148,1,167,3,1
2023HU0278443,1,357,2,1
2023HU0278443,2,357,2,1
2023HU0278661,1,349,3,1
2023HU0278709,1,139,3,1
2023HU0278823,1,501,1,1
2023HU0278823,2,501,1,1
2023HU0278823,3,501,1,1
2023HU0278823,4,501,1,1
2023HU0278823,5,501,1,1
2023HU0278823,6,501,1,1
2023HU0278945,1,412,1,1
2023HU0278945,2,412,1,1
2023HU0279017,1,501,3,1
2023HU0279017,2,501,3,1
2023HU0279026,1,301,2,1
2023HU0279026,2,301,2,1
2023HU0279124,1,501,1,1
2023HU0279124,2,501,1,1
2023HU0279124,3,501,1,1
2023HU0279124,4,501,1,1
2023HU0279137,1,442,3,1
2023HU0279137,2,501,3,1
2023HU0279346,1,13,2,1
2023HU0279346,2,13,2,1
2023HU0279346,3,13,2,1
2023HU0279408,1,501,1,1
2023HU0279408,2,501,1,1
2023HU0279408,3,501,1,1
2023HU0279939,1,211,1,1
2023HU0279939,2,211,1,1
2023HU0280008,1,357,3,1
2023HU0280008,2,357,3,1
2023HU0280008,3,229,3,1
2023HU0280008,4,131,3,1
2023HU0280008,5,,3,1
2023HU0280008,6,,3,1
2023HU0280165,1,127,3,1
2023HU0280284,1,501,1,1
2023HU0280284,2,501,1,1
2023HU0280284,3,501,1,1
2023HU0280337,1,501,1,1
2023HU0280337,2,501,1,1
2023HU0280443,1,175,1,1
2023HU0280518,1,501,1,1
2023HU0280518,2,501,1,1
2023HU0280666,1,271,1,1
2023HU0280666,2,271,1,1
2023HU0280666,3,271,1,1
2023HU0280666,4,271,1,1
2023HU0280666,5,271,1,1
2023HU0280803,1,501,2,1
2023HU0280803,2,501,2,1
2023HU0280803,3,501,2,1
2023HU0280803,4,501,2,1
2023HU0280804,1,501,2,1
2023HU0280804,2,501,2,1
2023HU0280804,3,501,2,1
2023HU0280804,4,501,2,1
2023HU0280993,1,364,1,1
2023HU0280993,2,364,1,1
2023HU0280993,3,364,1,1
2023HU0280993,4,364,1,1
2023HU0280993,5,364,1,1
2023HU0281023,1,501,1,1
2023HU0281023,2,253,1,1
2023HU0281023,3,126,1,1
2023HU0281023,4,,1,1
2023HU0281033,1,501,3,1
2023HU0281063,1,195,3,1
2023HU0281063,2,195,3,1
2023HU0281063,3,195,3,1
2023HU0281173,1,501,3,1
2023HU0281173,2,501,3,1
2023HU0281173,3,501,3,1
2023HU0281173,4,501,3,1
2023HU0281173,5,501,3,1
2023HU0281209,1,412,2,1
2023HU0281258,1,501,1,1
2023HU0281258,2,501,1,1
2023HU0281258,3,501,1,1
2023HU0281268,1,501,1,1
2023HU0281268,2,501,1,1
2023HU0281285,1,501,1,1
2023HU0281285,2,501,1,1
2023HU0281285,3,501,1,1
2023HU0281436,1,501,1,1
2023HU0281436,2,501,1,1
2023HU0281461,1,427,2,1
2023HU0281461,2,427,2,1
2023HU0281461,3,427,2,1
2023HU0281461,4,427,2,1
2023HU0281551,1,501,1,1
2023HU0281551,2,501,1,1
2023HU0281597,1,171,1,1
2023HU0281597,2,171,1,1
2023HU0281597,3,171,1,1
2023HU0281685,1,219,3,1
2023HU0281685,2,243,3,1
2023HU0281704,1,501,2,1
2023HU0281704,2,501,2,1
2023HU0281887,1,322,2,1
2023HU0281887,2,322,2,1
2023HU0281946,1,137,3,1
2023HU0281946,2,137,3,1
2023HU0281949,1,364,1,1
2023HU0281949,2,364,1,1
2023HU0281949,3,364,1,1
2023HU0281949,4,364,1,1
2023HU0282040,1,325,1,1
2023HU0282040,2,325,1,1
2023HU0282040,3,325,1,1
2023HU0282040,4,325,1,1
2023HU0282080,1,211,2,1
2023HU0282088,1,501,1,1
2023HU0282088,2,501,1,1
2023HU0282088,3,501,1,1
2023HU0282088,4,501,1,1
2023HU0282088,5,501,1,1
2023HU0282088,6,501,1,1
2023HU0282088,7,501,1,1
2023HU0282088,8,501,1,1
2023HU0282088,9,501,1,1
2023HU0282088,10,501,1,1
2023HU0282217,1,197,2,1
2023HU0282217,2,197,2,1
2023HU0282297,1,501,1,1
2023HU0282297,2,501,1,1
2023HU0282457,1,458,1,1
2023HU0282457,2,458,1,1
2023HU0282488,1,329,1,1
2023HU0282488,2,329,1,1
2023HU0282488,3,329,1,1
2023HU0282488,4,329,1,1
2023HU0282661,1,243,2,1
2023HU0282674,1,501,2,1
2023HU0282674,2,501,2,1
2023HU0282726,1,501,1,1
2023HU0282726,2,501,1,1
2023HU0282726,3,501,1,1
2023HU0282726,4,501,1,1
2023HU0282785,1,501,1,1
2023HU0282785,2,501,1,1
2023HU0282785,3,501,1,1
2023HU0282785,4,501,1,1
2023HU0282807,1,364,3,1
2023HU0282807,2,364,3,1
2023HU0282807,3,364,3,1
2023HU0282807,4,364,3,1
2023HU0283000,1,501,2,1
2023HU0283000,2,501,2,1
2023HU0283181,1,293,2,1
2023HU0283181,2,293,2,1
2023HU0283181,3,293,2,1
2023HU0283268,1,208,3,1
2023HU0283268,2,208,3,1
2023HU0283268,3,208,3,1
2023HU0283268,4,208,3,1
2023HU0283357,1,370,3,1
2023HU0283529,1,501,2,1
2023HU0283529,2,501,2,1
2023HU0283529,3,501,2,1
2023HU0283796,1,206,1,1
2023HU0283796,2,206,1,1
2023HU0283855,1,501,2,1
2023HU0283855,2,501,2,1
2023HU0283868,1,501,1,1
2023HU0283868,2,501,1,1
2023HU0283974,1,20,3,1
2023HU0283974,2,20,3,1
2023HU0283974,3,20,3,1
2023HU0283974,4,20,3,1
2023HU0284058,1,205,3,1
2023HU0284092,1,467,2,1
2023HU0284137,1,191,2,1
2023HU0284184,1,232,3,1
2023HU0284222,1,77,1,1
2023HU0284227,1,0,3,1
2023HU0284227,2,0,3,1
2023HU0284259,1,501,1,1
2023HU0284259,2,501,1,1
2023HU0284336,1,79,2,1
2023HU0284444,1,501,2,1
2023HU0284444,2,501,2,1
2023HU0284444,3,501,2,1
2023HU0284465,1,501,2,1
2023HU0284465,2,243,2,1
2023HU0284506,1,501,2,1
2023HU0284506,2,501,2,1
2023HU0284519,1,335,3,1
2023HU0284519,2,335,3,1
2023HU0284519,3,335,3,1
2023HU0284519,4,335,3,1
2023HU0284519,5,335,3,1
2023HU0284615,1,128,2,1
2023HU0284615,2,128,2,1
2023HU0284749,1,301,1,1
2023HU0284749,2,301,1,1
2023HU0284749,3,301,1,1
2023HU0284749,4,301,1,1
2023HU0284749,5,301,1,1
2023HU0284749,6,301,1,1
2023HU0284749,7,301,1,1
2023HU0284940,1,246,1,1
2023HU0284983,1,501,1,1
2023HU0285037,1,295,3,1
2023HU0285089,1,501,1,1
2023HU0285089,2,501,1,1
2023HU0285107,1,501,1,1
2023HU0285107,2,501,1,1
2023HU0285185,1,234,3,1
2023HU0285299,1,501,1,1
2023HU0285299,2,501,1,1
2023HU0285299,3,501,1,1
2023HU0285299,4,501,1,1
2023HU0285299,5,501,1,1
2023HU0285299,6,501,1,1
2023HU0285352,1,176,2,1
2023HU0285352,2,176,2,1
2023HU0285492,1,501,2,1
2023HU0285492,2,501,2,1
2023HU0285535,1,501,3,1
2023HU0285564,1,140,3,1
2023HU0285564,2,140,3,1
2023HU0285564,3,140,3,1
2023HU0285608,1,501,1,1
2023HU0285608,2,501,1,1
2023HU0285608,3,501,1,1
2023HU0285723,1,202,3,1
2023HU0285742,1,501,1,1
2023HU0286021,1,356,3,1
2023HU0286021,2,381,3,1
2023HU0286061,1,0,3,1
2023HU0286061,2,0,3,1
2023HU0286061,3,0,3,1
2023HU0286103,1,256,1,1
2023HU0286103,2,256,1,1
2023HU0286103,3,256,1,1
2023HU0286138,1,349,3,1
2023HU0286258,1,453,2,1
2023HU0286258,2,453,2,1
2023HU0286369,1,351,3,1
2023HU0286369,2,351,3,1
2023HU0286377,1,110,3,1
2023HU0286377,2,110,3,1
2023HU0286413,1,470,3,1
2023HU0286413,2,470,3,1
2023HU0286413,3,470,3,1
2023HU0286413,4,470,3,1
2023HU0286437,1,126,3,1
2023HU0286438,1,501,3,1
2023HU0286454,1,362,1,1
2023HU0286454,2,362,1,1
2023HU0286454,3,362,1,1
2023HU0286454,4,362,1,1
2023HU0286572,1,501,1,1
2023HU0286572,2,501,1,1
2023HU0286630,1,501,4,1
2023HU0286660,1,271,1,1
2023HU0286660,2,271,1,1
2023HU0286687,1,97,2,1
2023HU0286687,2,97,2,1
2023HU0286687,3,97,2,1
2023HU0286687,4,97,2,1
2023HU0286730,1,501,1,1
2023HU0286730,2,501,1,1
2023HU0286730,3,501,1,1
2023HU0286909,1,241,1,1
2023HU0286909,2,241,1,1
2023HU0286909,3,241,1,1
2023HU0286909,4,241,1,1
2023HU0286909,5,241,1,1
2023HU0287039,1,244,3,1
2023HU0287039,2,385,3,1
2023HU0287039,3,128,3,1
2023HU0287154,1,446,1,1
2023HU0287154,2,446,1,1
2023HU0287177,1,501,3,1
2023HU0287177,2,501,3,1
2023HU0287263,1,501,1,1
2023HU0287355,1,49,3,1
2023HU0287553,1,501,3,1
2023HU0287553,2,501,3,1
2023HU0287721,1,501,2,1
2023HU0287721,2,501,2,1
2023HU0287792,1,225,3,1
2023HU0287836,1,456,1,1
2023HU0287849,1,501,3,1
2023HU0287890,1,224,3,1
2023HU0287890,2,224,3,1
2023HU0288003,1,501,1,1
2023HU0288003,2,190,1,1
2023HU0288003,3,318,1,1
2023HU0288003,4,501,1,1
2023HU0288003,5,0,1,1
2023HU0288003,6,318,1,1
2023HU0288003,7,501,1,1
2023HU0288030,1,344,2,1
2023HU0288030,2,344,2,1
2023HU0288508,1,48,1,1
2023HU0288508,2,48,1,1
2023HU0288538,1,501,2,1
2023HU0288538,2,501,2,1
2023HU0288598,1,501,2,1
2023HU0288696,1,239,2,1
2023HU0288696,2,104,2,1
2023HU0288696,3,239,2,1
2023HU0288696,4,239,2,1
2023HU0288696,5,239,2,1
2023HU0288696,6,239,2,1
2023HU0288696,7,239,2,1
2023HU0288696,8,239,2,1
2023HU0288696,9,239,2,1
2023HU0288696,10,239,2,1
2023HU0288733,1,501,1,1
2023HU0288733,2,501,1,1
2023HU0288929,1,41,1,1
2023HU0289102,1,392,1,1
2023HU0289102,2,392,1,1
2023HU0289102,3,392,1,1
2023HU0289412,1,501,1,1
2023HU0289774,1,226,2,1
2023HU0289774,2,226,2,1
2023HU0289807,1,457,1,1
2023HU0289807,2,457,1,1
2023HU0289842,1,413,3,1
2023HU0289937,1,501,1,1
2023HU0289937,2,501,1,1
2023HU0290001,1,168,2,1
2023HU0290001,2,168,2,1
2023HU0290001,3,168,2,1
2023HU0290001,4,168,2,1
2023HU0290435,1,501,1,1
2023HU0290435,2,501,1,1
2023HU0290465,1,501,1,1
2023HU0290579,1,137,3,1
2023HU0290604,1,501,1,1
2023HU0290604,2,501,1,1
2023HU0290625,1,501,2,1
2023HU0290625,2,501,2,1
2023HU0290625,3,501,2,1
2023HU0290806,1,501,1,1
2023HU0290806,2,501,1,1
2023HU0290978,1,501,3,1
2023HU0291009,1,501,2,1
2023HU0291034,1,489,3,1
2023HU0291034,2,489,3,1
2023HU0291073,1,501,1,1
2023HU0291073,2,501,1,1
2023HU0291073,3,501,1,1
2023HU0291073,4,501,1,1
2023HU0291077,1,278,2,1
2023HU0291077,2,278,2,1
2023HU0291084,1,0,1,1
2023HU0291101,1,144,3,1
2023HU0291101,2,144,3,1
2023HU0291101,3,144,3,1
2023HU0291101,4,144,3,1
2023HU0291255,1,501,3,1
2023HU0291585,1,501,2,1
2023HU0291585,2,501,2,1
2023HU0291658,1,501,1,1
2023HU0291658,2,501,1,1
2023HU0291658,3,501,1,1
2023HU0291658,4,0,1,1
2023HU0291707,1,501,3,1
2023HU0291707,2,501,3,1
2023HU0291862,1,3,3,1
2023HU0291916,1,248,1,1
2023HU0291916,2,248,1,1
2023HU0291916,3,248,1,1
2023HU0291916,4,248,1,1
2023HU0291918,1,469,3,1
2023HU0291918,2,469,3,1
2023HU0291918,3,469,3,1
2023HU0291918,4,469,3,1
2023HU0291918,5,469,3,1
2023HU0291933,1,429,2,1
2023HU0291992,1,501,1,1
2023HU0291992,2,501,1,1
2023HU0291992,3,501,1,1
2023HU0292097,1,429,1,1
2023HU0292097,2,501,1,1
2023HU0292097,3,429,1,1
2023HU0292268,1,501,1,1
2023HU0292268,2,501,1,1
2023HU0292268,3,501,1,1
2023HU0292268,4,501,1,1
2023HU0292321,1,478,2,1
2023HU0292321,2,478,2,1
2023HU0292324,1,501,1,1
2023HU0292324,2,501,1,1
2023HU0292397,1,501,1,1
2023HU0292397,2,501,1,1
2023HU0292661,1,284,2,1
2023HU0292661,2,284,2,1
2023HU0292743,1,14,3,1
2023HU0292743,2,14,3,1
2023HU0292743,3,14,3,1
2023HU0292743,4,14,3,1
2023HU0292743,5,14,3,1
2023HU0292972,1,501,1,1
2023HU0292972,2,501,1,1
2023HU0292972,3,501,1,1
2023HU0292981,1,127,3,1
2023HU0293071,1,501,3,1
2023HU0293071,2,501,3,1
2023HU0293071,3,501,3,1
2023HU0293098,1,192,3,1
2023HU0293321,1,501,1,1
2023HU0293321,2,501,1,1
2023HU0293489,1,157,3,1
2023HU0293489,2,0,3,1
2023HU0293489,3,157,3,1
2023HU0293489,4,157,3,1
2023HU0293499,1,191,3,1
2023HU0293499,2,191,3,1
2023HU0293541,1,501,2,1
2023HU0293590,1,501,3,1
2023HU0293590,2,501,3,1
2023HU0293590,3,501,3,1
2023HU0293590,4,501,3,1
2023HU0293599,1,225,3,1
2023HU0293831,1,501,1,1
2023HU0293831,2,501,1,1
2023HU0293831,3,501,1,1
2023HU0293902,1,258,3,1
2023HU0293902,2,258,3,1
2023HU0293902,3,258,3,1
2023HU0293902,4,258,3,1
2023HU0293902,5,258,3,1
2023HU0293914,1,46,3,1
2023HU0293914,2,46,3,1
2023HU0293914,3,46,3,1
2023HU0294009,1,501,2,1
2023HU0294089,1,482,2,1
2023HU0294106,1,72,1,1
2023HU0294106,2,72,1,1
2023HU0294227,1,260,2,1
2023HU0294232,1,501,1,1
2023HU0294232,2,501,1,1
2023HU0294232,3,501,1,1
2023HU0294272,1,501,2,1
2023HU0294272,2,501,2,1
2023HU0294397,1,76,3,1
2023HU0294453,1,501,2,1
2023HU0294453,2,501,2,1
2023HU0294576,1,501,1,1
2023HU0294576,2,494,1,1
2023HU0294639,1,289,3,1
2023HU0294676,1,160,3,1
2023HU0294676,2,160,3,1
2023HU0294676,3,160,3,1
2023HU0294676,4,160,3,1
2023HU0294766,1,224,3,1
2023HU0294766,2,224,3,1
2023HU0294766,3,224,3,1
2023HU0294766,4,224,3,1
2023HU0294766,5,224,3,1
2023HU0294965,1,230,3,1
2023HU0295185,1,192,1,1
2023HU0295185,2,192,1,1
2023HU0295185,3,192,1,1
2023HU0295185,4,192,1,1
2023HU0295185,5,192,1,1
2023HU0295299,1,501,1,1
2023HU0295299,2,501,1,1
2023HU0295464,1,431,1,1
2023HU0295464,2,431,1,1
2023HU0295624,1,367,2,1
2023HU0295624,2,367,2,1
2023HU0295764,1,501,2,1
2023HU0295764,2,501,2,1
2023HU0295788,1,396,3,1
2023HU0295857,1,223,1,1
2023HU0296225,1,501,3,1
2023HU0296225,2,275,3,1
2023HU0296312,1,501,3,1
2023HU0296312,2,501,3,1
2023HU0296329,1,224,3,1
2023HU0296329,2,224,3,1
2023HU0296563,1,159,1,1
2023HU0296563,2,287,1,1
2023HU0296682,1,98,4,1
2023HU0296682,2,98,4,1
2023HU0296682,3,111,4,1
2023HU0296682,4,,4,1
2023HU0296763,1,501,2,1
2023HU0296763,2,501,2,1
2023HU0296763,3,501,2,1
2023HU0296763,4,501,2,1
2023HU0296767,1,501,3,1
2023HU0296767,2,501,3,1
2023HU0296807,1,501,1,1
2023HU0296807,2,501,1,1
2023HU0297025,1,119,2,1
2023HU0297025,2,119,2,1
2023HU0297073,1,501,1,1
2023HU0297073,2,501,1,1
2023HU0297099,1,501,1,1
2023HU0297099,2,501,1,1
2023HU0297099,3,501,1,1
2023HU0297272,1,161,1,1
2023HU0297353,1,31,2,1
2023HU0297485,1,170,3,1
2023HU0297491,1,343,1,1
2023HU0297683,1,194,3,1
2023HU0298081,1,163,2,1
2023HU0298081,2,163,2,1
2023HU0298107,1,274,3,1
2023HU0298107,2,202,3,1
2023HU0298185,1,501,2,1
2023HU0298185,2,501,2,1
2023HU0298246,1,433,3,1
2023HU0298246,2,433,3,1
2023HU0298246,3,433,3,1
2023HU0298246,4,433,3,1
2023HU0298385,1,501,2,1
2023HU0298385,2,501,2,1
2023HU0298503,1,501,2,1
2023HU0298503,2,501,2,1
2023HU0298503,3,501,2,1
2023HU0298503,4,501,2,1
2023HU0298696,1,501,1,1
2023HU0298788,1,5,3,1
2023HU0298788,2,5,3,1
2023HU0298858,1,501,2,1
2023HU0298858,2,501,2,1
2023HU0298880,1,501,2,1
2023HU0298880,2,501,2,1
2023HU0298880,3,501,2,1
2023HU0298880,4,501,2,1
2023HU0298887,1,140,1,1
2023HU0298887,2,0,1,1
2023HU0298912,1,501,1,1
2023HU0298912,2,501,1,1
2023HU0298912,3,501,1,1
2023HU0298925,1,96,3,1
2023HU0298925,2,193,3,1
2023HU0299125,1,501,1,1
2023HU0299125,2,501,1,1
2023HU0299346,1,501,3,1
2023HU0299346,2,448,3,1
2023HU0299364,1,259,3,1
2023HU0299566,1,190,1,1
2023HU0299831,1,501,2,1
2023HU0299831,2,501,2,1
2023HU0299892,1,501,3,1
2023HU0299892,2,501,3,1
2023HU0299974,1,501,2,1
2023HU0299974,2,501,2,1
2023HU0300026,1,501,1,1
2023HU0300026,2,501,1,1
2023HU0300026,3,501,1,1
2023HU0300026,4,501,1,1
2023HU0300123,1,78,3,1
2023HU0300145,1,268,1,1
2023HU0300145,2,268,1,1
2023HU0300145,3,268,1,1
2023HU0300145,4,268,1,1
2023HU0300342,1,45,3,1
2023HU0300342,2,45,3,1
2023HU0300342,3,45,3,1
2023HU0300367,1,501,1,1
2023HU0300367,2,501,1,1
2023HU0300371,1,501,1,1
2023HU0300399,1,501,3,1
2023HU0300502,1,139,2,1
2023HU0300502,2,139,2,1
2023HU0300527,1,33,1,1
2023HU0300552,1,501,2,1
2023HU0300552,2,501,2,1
2023HU0300759,1,13,3,1
2023HU0300806,1,174,3,1
2023HU0300806,2,501,3,1
2023HU0300806,3,174,3,1
2023HU0300839,1,501,3,1
2023HU0300856,1,328,2,1
2023HU0300856,2,328,2,1
2023HU0301022,1,501,1,1
2023HU0301141,1,286,3,1
2023HU0301141,2,0,3,1
2023HU0301141,3,24,3,1
2023HU0301376,1,97,3,1
2023HU0301379,1,297,1,1
2023HU0301379,2,297,1,1
2023HU0301379,3,297,1,1
2023HU0301379,4,297,1,1
2023HU0301379,5,100,1,1
2023HU0301425,1,352,3,1
2023HU0301805,1,32,3,1
2023HU0301805,2,32,3,1
2023HU0301805,3,32,3,1
2023HU0301918,1,501,2,1
2023HU0302151,1,501,2,1
2023HU0302151,2,501,2,1
2023HU0302151,3,501,2,1
2023HU0302318,1,424,1,1
2023HU0302318,2,424,1,1
2023HU0302318,3,424,1,1
2023HU0302318,4,321,1,1
2023HU0302329,1,106,2,1
2023HU0302503,1,501,1,1
2023HU0302503,2,501,1,1
2023HU0302503,3,501,1,1
2023HU0302503,4,501,1,1
2023HU0302542,1,501,2,1
2023HU0302542,2,501,2,1
2023HU0302613,1,501,1,1
2023HU0302613,2,501,1,1
2023HU0302741,1,190,3,1
2023HU0302762,1,501,2,1
2023HU0302762,2,501,2,1
2023HU0302762,3,501,2,1
2023HU0302762,4,501,2,1
2023HU0302762,5,501,2,1
2023HU0302766,1,241,1,1
2023HU0302840,1,297,2,1
2023HU0302901,1,501,1,1
2023HU0302901,2,501,1,1
2023HU0302901,3,501,1,1
2023HU0303015,1,314,1,1
2023HU0303015,2,314,1,1
2023HU0303015,3,314,1,1
2023HU0303015,4,314,1,1
2023HU0303027,1,442,2,1
2023HU0303027,2,442,2,1
2023HU0303220,1,501,2,1
2023HU0303290,1,501,3,1
2023HU0303550,1,501,1,1
2023HU0303550,2,501,1,1
2023HU0303579,1,348,1,1
2023HU0303579,2,348,1,1
2023HU0303579,3,348,1,1
2023HU0303579,4,348,1,1
2023HU0303579,5,348,1,1
2023HU0303579,6,348,1,1
2023HU0303936,1,501,1,1
2023HU0303936,2,501,1,1
2023HU0304037,1,450,3,1
2023HU0304037,2,501,3,1
2023HU0304107,1,208,2,1
2023HU0304430,1,501,1,1
2023HU0304430,2,501,1,1
2023HU0304430,3,501,1,1
2023HU0304478,1,445,2,1
2023HU0304478,2,445,2,1
2023HU0304478,3,445,2,1
2023HU0304493,1,328,2,1
2023HU0304629,1,501,2,1
2023HU0304629,2,501,2,1
2023HU0304661,1,501,1,1
2023HU0304661,2,501,1,1
2023HU0304661,3,501,1,1
2023HU0304785,1,501,2,1
2023HU0304785,2,501,2,1
2023HU0304797,1,339,1,1
2023HU0304867,1,501,2,1
2023HU0305102,1,501,3,1
2023HU0305102,2,501,3,1
2023HU0305102,3,501,3,1
2023HU0305182,1,501,1,1
2023HU0305182,2,501,1,1
2023HU0305184,1,96,3,1
2023HU0305207,1,281,2,1
2023HU0305207,2,281,2,1
2023HU0305207,3,281,2,1
2023HU0305207,4,281,2,1
2023HU0305208,1,501,1,1
2023HU0305285,1,499,2,1
2023HU0305287,1,305,3,1
2023HU0305287,2,305,3,1
2023HU0305287,3,305,3,1
2023HU0305330,1,501,1,1
2023HU0305330,2,501,1,1
2023HU0305330,3,501,1,1
2023HU0305332,1,496,1,1
2023HU0305332,2,496,1,1
2023HU0305367,1,501,1,1
2023HU0305367,2,501,1,1
2023HU0305587,1,86,1,1
2023HU0305620,1,501,3,1
2023HU0305667,1,442,3,1
2023HU0305667,2,13,3,1
2023HU0305667,3,55,3,1
2023HU0305705,1,501,1,1
2023HU0305730,1,346,1,1
2023HU0305771,1,501,1,1
2023HU0305771,2,501,1,1
2023HU0305771,3,501,1,1
2023HU0305771,4,501,1,1
2023HU0306191,1,8,2,1
2023HU0306261,1,501,2,1
2023HU0306261,2,501,2,1
2023HU0306267,1,360,1,1
2023HU0306267,2,360,1,1
2023HU0306267,3,360,1,1
2023HU0306267,4,360,1,1
2023HU0306267,5,360,1,1
2023HU0306267,6,360,1,1
2023HU0306452,1,409,2,1
2023HU0306452,2,409,2,1
2023HU0306452,3,409,2,1
2023HU0306558,1,342,2,1
2023HU0306558,2,342,2,1
2023HU0306685,1,305,2,1
2023HU0306685,2,305,2,1
2023HU0306685,3,305,2,1
2023HU0306685,4,305,2,1
2023HU0306685,5,305,2,1
2023HU0306770,1,330,2,1
2023HU0306803,1,0,3,1
2023HU0306803,2,0,3,1
2023HU0306877,1,501,2,1
2023HU0306936,1,501,1,1
2023HU0306936,2,501,1,1
2023HU0306936,3,501,1,1
2023HU0306983,1,501,1,1
2023HU0306987,1,64,3,1
2023HU0307160,1,119,1,1
2023HU0307204,1,399,1,1
2023HU0307204,2,399,1,1
2023HU0307204,3,399,1,1
2023HU0307218,1,61,1,1
2023HU0307218,2,61,1,1
2023HU0307218,3,61,1,1
2023HU0307415,1,501,1,1
2023HU0307415,2,501,1,1
2023HU0307432,1,392,3,1
2023HU0307432,2,294,3,1
2023HU0307588,1,365,2,1
2023HU0307615,1,501,2,1
2023HU0307615,2,501,2,1
2023HU0307639,1,408,3,1
2023HU0307639,2,408,3,1
2023HU0307649,1,94,3,1
2023HU0307649,2,82,3,1
2023HU0307664,1,501,3,1
2023HU0307760,1,468,3,1
2023HU0307764,1,174,2,1
2023HU0307764,2,174,2,1
2023HU0307764,3,174,2,1
2023HU0307764,4,174,2,1
2023HU0307764,5,174,2,1
2023HU0307854,1,134,3,1
2023HU0307854,2,134,3,1
2023HU0307854,3,134,3,1
2023HU0308115,1,282,2,1
2023HU0308223,1,501,2,1
2023HU0308223,2,501,2,1
2023HU0308223,3,501,2,1
2023HU0308247,1,241,3,1
2023HU0308247,2,241,3,1
2023HU0308247,3,241,3,1
2023HU0308247,4,241,3,1
2023HU0308247,5,241,3,1
2023HU0308247,6,241,3,1
2023HU0308247,7,241,3,1
2023HU0308272,1,319,1,1
2023HU0308272,2,319,1,1
2023HU0308278,1,269,3,1
2023HU0308335,1,67,2,1
2023HU0308365,1,222,3,1
2023HU0308365,2,95,3,1
2023HU0308490,1,326,3,1
2023HU0308490,2,326,3,1
2023HU0308558,1,501,3,1
2023HU0308704,1,403,3,1
2023HU0308768,1,102,2,1
2023HU0308768,2,0,2,1
2023HU0308801,1,389,2,1
2023HU0308801,2,389,2,1
2023HU0308819,1,501,2,1
2023HU0308819,2,501,2,1
2023HU0308836,1,501,2,1
2023HU0308836,2,501,2,1
2023HU0308836,3,501,2,1
2023HU0308863,1,501,1,1
2023HU0308863,2,501,1,1
2023HU0308863,3,501,1,1
2023HU0309018,1,501,2,1
2023HU0309018,2,501,2,1
2023HU0309018,3,501,2,1
2023HU0309018,4,501,2,1
2023HU0309018,5,501,2,1
2023HU0309280,1,501,1,1
2023HU0309280,2,501,1,1
2023HU0309346,1,68,3,1
2023HU0309346,2,68,3,1
2023HU0309351,1,501,2,1
2023HU0309568,1,464,1,1
2023HU0309568,2,464,1,1
2023HU0309568,3,464,1,1
2023HU0309606,1,274,3,1
2023HU0309606,2,274,3,1
2023HU0309606,3,274,3,1
2023HU0309606,4,274,3,1
2023HU0310073,1,501,1,1
2023HU0310073,2,501,1,1
2023HU0310099,1,501,1,1
2023HU0310099,2,501,1,1
2023HU0310430,1,97,3,1
2023HU0310430,2,97,3,1
2023HU0310430,3,97,3,1
2023HU0310430,4,97,3,1
2023HU0310568,1,204,2,1
2023HU0310568,2,204,2,1
2023HU0310568,3,204,2,1
2023HU0310648,1,12,2,1
2023HU0310648,2,12,2,1
2023HU0310723,1,501,1,1
2023HU0310723,2,0,1,1
2023HU0310793,1,23,3,1
2023HU0310887,1,501,1,1
2023HU0310887,2,501,1,1
2023HU0310887,3,501,1,1
2023HU0311041,1,501,2,1
2023HU0311145,1,501,3,1
2023HU0311145,2,501,3,1
2023HU0311428,1,343,3,1
2023HU0311428,2,343,3,1
2023HU0311428,3,343,3,1
2023HU0311549,1,501,2,1
2023HU0311549,2,501,2,1
2023HU0311549,3,501,2,1
2023HU0311549,4,501,2,1
2023HU0311892,1,288,1,1
2023HU0311892,2,288,1,1
2023HU0311978,1,501,1,1
2023HU0311978,2,501,1,1
2023HU0311978,3,501,1,1
2023HU0312029,1,92,3,1
2023HU0312046,1,501,1,1
2023HU0312046,2,501,1,1
2023HU0312137,1,24,2,1
2023HU0312139,1,501,1,1
2023HU0312270,1,133,2,1
2023HU0312376,1,334,4,1
2023HU0312376,2,334,4,1
2023HU0312376,3,334,4,1
2023HU0312376,4,334,4,1
2023HU0312376,5,334,4,1
2023HU0312376,6,334,4,1
2023HU0312376,7,334,4,1
2023HU0312376,8,334,4,1
2023HU0312449,1,50,2,1
2023HU0312449,2,50,2,1
2023HU0312449,3,50,2,1
2023HU0312449,4,50,2,1
2023HU0312449,5,50,2,1
2023HU0312468,1,106,1,1
2023HU0312468,2,106,1,1
2023HU0312468,3,106,1,1
2023HU0312468,4,106,1,1
2023HU0312549,1,39,3,1
2023HU0312549,2,39,3,1
2023HU0312558,1,335,1,1
2023HU0312558,2,335,1,1
2023HU0312558,3,335,1,1
2023HU0312586,1,501,3,1
2023HU0312586,2,501,3,1
2023HU0312808,1,501,1,1
2023HU0312808,2,501,1,1
2023HU0312808,3,501,1,1
2023HU0312956,1,125,1,1
2023HU0313251,1,501,1,1
2023HU0313399,1,309,2,1
2023HU0313399,2,309,2,1
2023HU0313399,3,309,2,1
2023HU0313399,4,309,2,1
2023HU0313399,5,309,2,1
2023HU0313408,1,501,1,1
2023HU0313408,2,501,1,1
2023HU0313477,1,431,2,1
2023HU0313477,2,127,2,1
2023HU0313712,1,240,3,1
2023HU0313712,2,0,3,1
2023HU0313778,1,501,2,1
2023HU0313947,1,32,2,1
2023HU0313986,1,501,1,1
2023HU0313986,2,501,1,1
2023HU0314023,1,501,1,1
2023HU0314023,2,501,1,1
2023HU0314023,3,501,1,1
2023HU0314023,4,501,1,1
2023HU0314196,1,501,1,1
2023HU0314196,2,501,1,1
2023HU0314196,3,501,1,1
2023HU0314222,1,501,1,1
2023HU0314234,1,292,3,1
2023HU0314284,1,299,1,1
2023HU0314284,2,299,1,1
2023HU0314284,3,299,1,1
2023HU0314284,4,299,1,1
2023HU0314284,5,299,1,1
2023HU0314324,1,323,1,1
2023HU0314324,2,323,1,1
2023HU0314324,3,323,1,1
2023HU0314324,4,323,1,1
2023HU0314324,5,323,1,1
2023HU0314324,6,256,1,1
2023HU0314376,1,57,2,1
2023HU0314417,1,501,3,1
2023HU0314453,1,59,3,1
2023HU0314453,2,59,3,1
2023HU0314591,1,501,3,1
2023HU0314682,1,501,1,1
2023HU0314682,2,501,1,1
2023HU0314682,3,501,1,1
2023HU0314682,4,501,1,1
2023HU0314781,1,501,2,1
2023HU0314781,2,501,2,1
2023HU0314781,3,501,2,1
2023HU0314849,1,501,3,1
2023HU0314849,2,501,3,1
2023HU0314994,1,501,2,1
2023HU0314994,2,501,2,1
2023HU0315044,1,501,1,1
2023HU0315044,2,501,1,1
2023HU0315249,1,501,1,1
2023HU0315249,2,501,1,1
2023HU0315392,1,501,1,1
2023HU0315392,2,501,1,1
2023HU0315425,1,185,3,1
2023HU0315425,2,185,3,1
2023HU0315544,1,377,3,1
2023HU0315561,1,501,1,1
2023HU0315822,1,501,1,1
2023HU0315822,2,501,1,1
2023HU0315926,1,462,1,1
2023HU0315926,2,462,1,1
2023HU0315926,3,462,1,1
2023HU0315926,4,462,1,1
2023HU0316052,1,348,1,1
2023HU0316062,1,501,3,1
2023HU0316072,1,270,3,1
2023HU0316072,2,270,3,1
2023HU0316295,1,501,2,1
2023HU0316295,2,501,2,1
2023HU0316324,1,273,1,1
2023HU0316324,2,273,1,1
2023HU0316324,3,273,1,1
2023HU0316324,4,273,1,1
2023HU0316324,5,273,1,1
2023HU0316378,1,211,2,1
2023HU0316378,2,211,2,1
2023HU0316553,1,410,3,1
2023HU0316553,2,410,3,1
2023HU0316553,3,410,3,1
2023HU0316740,1,121,2,1
2023HU0316740,2,121,2,1
2023HU0316865,1,436,3,1
2023HU0316865,2,436,3,1
2023HU0317110,1,445,3,1
2023HU0317110,2,381,3,1
2023HU0317160,1,198,3,1
2023HU0317160,2,198,3,1
2023HU0317258,1,501,1,1
2023HU0317258,2,501,1,1
2023HU0317258,3,501,1,1
2023HU0317342,1,0,3,1
2023HU0317460,1,318,1,1
2023HU0317674,1,418,1,1
2023HU0317716,1,91,3,1
2023HU0317824,1,457,3,1
2023HU0318079,1,501,3,1
2023HU0318079,2,46,3,1
2023HU0318329,1,123,1,1
2023HU0318329,2,123,1,1
2023HU0318400,1,72,2,1
2023HU0318400,2,72,2,1
2023HU0318400,3,72,2,1
2023HU0318400,4,72,2,1
2023HU0318400,5,72,2,1
2023HU0318444,1,496,2,1
2023HU0318444,2,496,2,1
2023HU0318447,1,501,3,1
2023HU0318447,2,89,3,1
2023HU0318504,1,156,3,1
2023HU0318546,1,84,2,1
2023HU0318546,2,84,2,1
2023HU0318590,1,473,3,1
2023HU0318590,2,473,3,1
2023HU0318619,1,501,3,1
2023HU0318695,1,383,2,1
2023HU0318695,2,383,2,1
2023HU0318695,3,383,2,1
2023HU0318695,4,383,2,1
2023HU0318949,1,77,2,1
2023HU0319036,1,0,2,1
2023HU0319037,1,102,3,1
2023HU0319042,1,501,3,1
2023HU0319042,2,483,3,1
2023HU0319107,1,435,1,1
2023HU0319365,1,501,3,1
2023HU0319464,1,483,3,1
2023HU0319464,2,483,3,1
2023HU0319573,1,118,3,1
2023HU0319580,1,501,2,1
2023HU0319866,1,436,1,1
2023HU0320030,1,501,2,1
2023HU0320030,2,501,2,1
2023HU0320121,1,110,3,1
2023HU0320214,1,373,1,1
2023HU0320214,2,373,1,1
2023HU0320214,3,373,1,1
2023HU0320214,4,373,1,1
2023HU0320330,1,101,3,1
2023HU0320330,2,101,3,1
2023HU0320330,3,101,3,1
2023HU0320330,4,101,3,1
2023HU0320330,5,101,3,1
2023HU0320330,6,101,3,1
2023HU0320453,1,431,1,1
2023HU0320597,1,501,1,1
2023HU0320597,2,501,1,1
2023HU0320647,1,407,1,1
2023HU0320647,2,407,1,1
2023HU0320764,1,77,3,1
2023HU0320787,1,501,2,1
2023HU0320856,1,115,3,1
2023HU0320856,2,115,3,1
2023HU0320856,3,0,3,1
2023HU0320967,1,227,2,1
2023HU0321008,1,394,1,1
2023HU0321008,2,394,1,1
2023HU0321072,1,338,3,1
2023HU0321072,2,338,3,1
2023HU0321072,3,338,3,1
2023HU0321131,1,501,3,1
2023HU0321155,1,501,1,1
2023HU0321155,2,501,1,1
2023HU0321155,3,501,1,1
2023HU0321155,4,501,1,1
2023HU0321233,1,141,3,1
2023HU0321360,1,501,1,1
2023HU0321360,2,501,1,1
2023HU0321360,3,501,1,1
2023HU0321360,4,501,1,1
2023HU0321360,5,501,1,1
2023HU0321422,1,501,2,1
2023HU0321422,2,501,2,1
2023HU0321422,3,501,2,1
2023HU0321422,4,501,2,1
2023HU0321524,1,501,2,1
2023HU0321524,2,331,2,1
2023HU0321612,1,423,3,1
2023HU0321612,2,423,3,1
2023HU0321612,3,423,3,1
2023HU0321680,1,221,1,1
2023HU0321810,1,339,2,1
2023HU0321810,2,339,2,1
2023HU0321810,3,339,2,1
2023HU0321891,1,202,2,1
2023HU0321891,2,202,2,1
2023HU0321947,1,501,3,1
2023HU0322001,1,501,2,1
2023HU0322001,2,501,2,1
2023HU0322099,1,501,3,1
2023HU0322099,2,501,3,1
2023HU0322259,1,335,3,1
2023HU0322259,2,335,3,1
2023HU0322259,3,335,3,1
2023HU0322259,4,335,3,1
2023HU0322259,5,335,3,1
2023HU0322572,1,192,3,1
2023HU0322572,2,321,3,1
2023HU0322604,1,265,2,1
2023HU0322604,2,265,2,1
2023HU0322644,1,501,2,1
2023HU0322644,2,501,2,1
2023HU0322844,1,501,3,1
2023HU0322939,1,327,3,1
2023HU0322939,2,327,3,1
2023HU0323018,1,207,2,1
2023HU0323018,2,207,2,1
2023HU0323018,3,207,2,1
2023HU0323018,4,207,2,1
2023HU0323333,1,501,1,1
2023HU0323333,2,501,1,1
2023HU0323333,3,501,1,1
2023HU0323378,1,432,1,1
2023HU0323378,2,432,1,1
2023HU0323378,3,432,1,1
2023HU0323921,1,118,1,1
2023HU0323921,2,118,1,1
2023HU0323966,1,261,4,1
2023HU0323966,2,261,4,1
2023HU0323966,3,261,4,1
2023HU0324021,1,46,2,1
2023HU0324116,1,501,3,1
2023HU0324346,1,79,3,1
2023HU0324436,1,237,2,1
2023HU0324614,1,501,3,1
2023HU0324798,1,380,1,1
2023HU0324798,2,380,1,1
2023HU0324798,3,380,1,1
2023HU0324798,4,380,1,1
2023HU0324831,1,248,3,1
2023HU0324831,2,248,3,1
2023HU0325008,1,501,3,1
2023HU0325008,2,501,3,1
2023HU0325151,1,152,3,1
2023HU0325187,1,352,2,1
2023HU0325187,2,352,2,1
2023HU0325339,1,50,3,1
2023HU0325339,2,50,3,1
2023HU0325339,3,50,3,1
2023HU0325339,4,50,3,1
2023HU0325339,5,50,3,1
2023HU0325339,6,50,3,1
2023HU0325354,1,501,2,1
2023HU0325481,1,501,1,1
2023HU0325481,2,501,1,1
2023HU0325481,3,501,1,1
2023HU0325481,4,501,1,1
2023HU0325516,1,466,1,1
2023HU0325516,2,466,1,1
2023HU0325516,3,466,1,1
2023HU0325631,1,501,1,1
2023HU0325631,2,501,1,1
2023HU0325631,3,501,1,1
2023HU0325668,1,159,3,1
2023HU0325711,1,15,1,1
2023HU0325711,2,15,1,1
2023HU0325711,3,15,1,1
2023HU0325899,1,501,1,1
2023HU0325899,2,501,1,1
2023HU0325899,3,501,1,1
2023HU0325986,1,501,1,1
2023HU0325986,2,501,1,1
2023HU0325986,3,501,1,1
2023HU0325986,4,501,1,1
2023HU0326161,1,501,2,1
2023HU0326161,2,501,2,1
2023HU0326207,1,125,3,1
2023HU0326207,2,125,3,1
2023HU0326568,1,307,2,1
2023HU0326588,1,102,2,1
2023HU0326589,1,501,3,1
2023HU0326834,1,171,3,1
2023HU0326944,1,472,2,1
2023HU0326944,2,472,2,1
2023HU0326944,3,472,2,1
2023HU0327280,1,501,2,1
2023HU0327280,2,501,2,1
2023HU0327416,1,334,3,1
2023HU0327416,2,334,3,1
2023HU0327441,1,501,1,1
2023HU0327441,2,501,1,1
2023HU0327441,3,501,1,1
2023HU0327441,4,501,1,1
2023HU0327540,1,501,3,1
2023HU0327540,2,501,3,1
2023HU0327660,1,493,3,1
2023HU0327660,2,493,3,1
2023HU0327660,3,493,3,1
2023HU0327660,4,493,3,1
2023HU0327686,1,501,1,1
2023HU0327686,2,501,1,1
2023HU0327686,3,501,1,1
2023HU0327686,4,501,1,1
2023HU0327867,1,93,3,1
2023HU0327867,2,93,3,1
2023HU0327873,1,336,2,1
2023HU0327873,2,336,2,1
2023HU0327873,3,336,2,1
2023HU0327873,4,336,2,1
2023HU0327873,5,336,2,1
2023HU0327873,6,102,2,1
2023HU0327873,7,,2,1
2023HU0327873,8,,2,1
2023HU0327900,1,501,1,1
2023HU0327900,2,501,1,1
2023HU0327987,1,414,3,1
2023HU0327987,2,165,3,1
2023HU0327987,3,414,3,1
2023HU0327987,4,414,3,1
2023HU0328006,1,58,3,1
2023HU0328006,2,58,3,1
2023HU0328006,3,58,3,1
2023HU0328006,4,58,3,1
2023HU0328011,1,35,2,1
2023HU0328184,1,501,2,1
2023HU0328184,2,501,2,1
2023HU0328184,3,501,2,1
2023HU0328211,1,320,3,1
2023HU0328260,1,501,1,1
2023HU0328260,2,501,1,1
2023HU0328365,1,501,3,1
2023HU0328365,2,501,3,1
2023HU0328365,3,501,3,1
2023HU0328365,4,501,3,1
2023HU0328407,1,165,2,1
2023HU0328407,2,165,2,1
2023HU0328407,3,165,2,1
2023HU0328510,1,501,2,1
2023HU0328564,1,283,3,1
2023HU0328572,1,227,1,1
2023HU0328641,1,293,3,1
2023HU0328641,2,293,3,1
2023HU0328641,3,293,3,1
2023HU0328641,4,293,3,1
2023HU0328728,1,501,2,1
2023HU0328728,2,501,2,1
2023HU0328854,1,501,1,1
2023HU0328854,2,501,1,1
2023HU0328854,3,501,1,1
2023HU0328985,1,205,1,1
2023HU0328985,2,205,1,1
2023HU0328990,1,501,3,1
2023HU0328990,2,11,3,1
2023HU0329008,1,501,3,1
2023HU0329008,2,483,3,1
2023HU0329119,1,501,3,1
2023HU0329294,1,43,3,1
2023HU0329294,2,43,3,1
2023HU0329294,3,43,3,1
2023HU0329448,1,59,2,1
2023HU0329448,2,341,2,1
2023HU0329524,1,394,3,1
2023HU0329890,1,388,3,1
2023HU0329890,2,440,3,1
2023HU0330079,1,300,2,1
2023HU0330088,1,147,3,1
2023HU0330088,2,147,3,1
2023HU0330159,1,501,1,1
2023HU0330159,2,501,1,1
2023HU0330253,1,26,1,1
2023HU0330253,2,285,1,1
2023HU0330362,1,252,3,1
2023HU0330362,2,252,3,1
2023HU0330362,3,252,3,1
2023HU0330362,4,252,3,1
2023HU0330466,1,501,1,1
2023HU0330466,2,501,1,1
2023HU0330562,1,179,2,1
2023HU0330562,2,179,2,1
2023HU0330706,1,501,1,1
2023HU0330706,2,501,1,1
2023HU0330755,1,501,1,1
2023HU0330755,2,501,1,1
2023HU0330755,3,501,1,1
2023HU0330973,1,501,2,1
2023HU0330973,2,501,2,1
2023HU0331150,1,13,1,1
2023HU0331150,2,13,1,1
2023HU0331150,3,13,1,1
2023HU0331156,1,353,3,1
2023HU0331309,1,501,1,1
2023HU0331430,1,472,1,1
2023HU0331430,2,472,1,1
2023HU0331430,3,472,1,1
2023HU0331430,4,472,1,1
2023HU0331634,1,289,1,1
2023HU0331635,1,423,2,1
2023HU0331635,2,449,2,1
2023HU0331931,1,162,3,1
2023HU0331947,1,342,1,1
2023HU0331947,2,342,1,1
2023HU0331947,3,342,1,1
2023HU0332181,1,211,1,1
2023HU0332181,2,211,1,1
2023HU0332181,3,211,1,1
2023HU0332226,1,274,1,1
2023HU0332226,2,274,1,1
2023HU0332238,1,492,3,1
2023HU0332280,1,164,2,1
2023HU0332297,1,97,1,1
2023HU0332297,2,97,1,1
2023HU0332314,1,119,3,1
2023HU0332314,2,119,3,1
2023HU0332584,1,0,3,1
2023HU0332631,1,377,3,1
2023HU0332745,1,501,1,1
2023HU0332745,2,501,1,1
2023HU0332745,3,501,1,1
2023HU0332745,4,501,1,1
2023HU0332787,1,317,2,1
2023HU0332805,1,33,2,1
2023HU0332805,2,33,2,1
2023HU0332805,3,33,2,1
2023HU0332805,4,33,2,1
2023HU0332883,1,92,3,1
2023HU0333225,1,428,3,1
2023HU0333225,2,428,3,1
2023HU0333258,1,60,3,1
2023HU0333421,1,165,2,1
2023HU0333621,1,245,2,1
2023HU0333621,2,245,2,1
2023HU0333621,3,245,2,1
2023HU0333667,1,463,2,1
2023HU0333667,2,463,2,1
2023HU0333667,3,463,2,1
2023HU0333729,1,501,3,1
2023HU0333729,2,501,3,1
2023HU0333989,1,501,2,1
2023HU0333989,2,501,2,1
2023HU0333989,3,501,2,1
2023HU0334358,1,165,2,1
2023HU0334430,1,501,3,1
2023HU0334430,2,501,3,1
2023HU0334434,1,76,3,1
2023HU0334765,1,282,3,1
2023HU0334778,1,0,3,1
2023HU0334778,2,0,3,1
2023HU0334778,3,0,3,1
2023HU0334834,1,319,3,1
2023HU0334857,1,368,2,1
2023HU0334857,2,368,2,1
2023HU0334866,1,454,2,1
2023HU0334866,2,454,2,1
2023HU0334866,3,454,2,1
2023HU0334887,1,166,2,1
2023HU0334887,2,166,2,1
2023HU0334887,3,166,2,1
2023HU0334887,4,166,2,1
2023HU0334887,5,164,2,1
2023HU0334887,6,32,2,1
2023HU0334887,7,0,2,1
2023HU0335174,1,188,3,1
2023HU0335174,2,188,3,1
2023HU0335174,3,188,3,1
2023HU0335174,4,188,3,1
2023HU0335179,1,8,2,1
2023HU0335269,1,501,2,1
2023HU0335269,2,501,2,1
2023HU0335269,3,501,2,1
2023HU0335269,4,501,2,1
2023HU0335269,5,501,2,1
2023HU0335312,1,386,1,1
2023HU0335312,2,386,1,1
2023HU0335312,3,386,1,1
2023HU0335312,4,386,1,1
2023HU0335510,1,501,1,1
2023HU0335510,2,501,1,1
2023HU0335510,3,501,1,1
2023HU0335637,1,501,1,1
2023HU0335637,2,501,1,1
2023HU0335666,1,71,3,1
2023HU0335666,2,28,3,1
2023HU0335669,1,241,3,1
2023HU0335697,1,125,2,1
2023HU0335866,1,45,3,1
2023HU0335922,1,105,3,1
2023HU0335922,2,105,3,1
2023HU0335960,1,483,2,1
2023HU0336163,1,77,3,1
2023HU0336195,1,486,2,1
2023HU0336195,2,486,2,1
2023HU0336320,1,443,2,1
2023HU0336320,2,443,2,1
2023HU0336398,1,501,2,1
2023HU0336398,2,501,2,1
2023HU0336410,1,501,1,1
2023HU0336410,2,232,1,1
2023HU0336445,1,302,2,1
2023HU0336445,2,302,2,1
2023HU0336445,3,302,2,1
2023HU0336776,1,464,2,1
2023HU0337344,1,501,1,1
2023HU0337344,2,501,1,1
2023HU0337344,3,501,1,1
2023HU0337344,4,501,1,1
2023HU0337373,1,108,1,1
2023HU0337373,2,501,1,1
2023HU0337635,1,501,1,1
2023HU0337635,2,501,1,1
2023HU0337715,1,224,3,1
2023HU0337882,1,136,1,1
2023HU0337882,2,136,1,1
2023HU0337882,3,136,1,1
2023HU0337882,4,136,1,1
2023HU0338004,1,337,1,1
2023HU0338004,2,337,1,1
2023HU0338004,3,337,1,1
2023HU0338004,4,337,1,1
2023HU0338123,1,190,1,1
2023HU0338123,2,190,1,1
2023HU0338123,3,190,1,1
2023HU0338123,4,190,1,1
2023HU0338195,1,501,3,1
2023HU0338249,1,501,3,1
2023HU0338249,2,501,3,1
2023HU0338715,1,251,1,1
2023HU0338715,2,251,1,1
2023HU0338715,3,251,1,1
2023HU0338715,4,251,1,1
2023HU0338715,5,251,1,1
2023HU0338846,1,287,3,1
2023HU0338925,1,302,3,1
2023HU0338946,1,49,2,1
2023HU0339140,1,501,3,1
2023HU0339140,2,501,3,1
2023HU0339277,1,182,1,1
2023HU0339420,1,166,1,1
2023HU0339420,2,166,1,1
2023HU0339463,1,273,1,1
2023HU0339463,2,273,1,1
2023HU0339463,3,273,1,1
2023HU0339463,4,273,1,1
2023HU0339463,5,273,1,1
2023HU0339490,1,501,3,1
2023HU0339490,2,501,3,1
2023HU0339523,1,501,3,1
2023HU0339696,1,501,2,1
2023HU0339696,2,501,2,1
2023HU0339916,1,501,1,1
2023HU0339916,2,501,1,1
2023HU0339974,1,384,2,1
2023HU0339974,2,384,2,1
2023HU0339993,1,152,3,1
2023HU0339993,2,152,3,1
2023HU0339993,3,152,3,1
2023HU0339993,4,152,3,1
2023HU0339993,5,152,3,1
2023HU0339993,6,152,3,1
2023HU0339993,7,152,3,1
2023HU0340091,1,0,2,1
2023HU0340109,1,46,2,1
2023HU0340109,2,46,2,1
2023HU0340109,3,46,2,1
2023HU0340109,4,46,2,1
2023HU0340109,5,46,2,1
2023HU0340160,1,287,3,1
2023HU0340160,2,255,3,1
2023HU0340201,1,501,1,1
2023HU0340201,2,501,1,1
2023HU0340202,1,251,2,1
2023HU0340202,2,251,2,1
2023HU0340282,1,141,3,1
2023HU0340324,1,152,3,1
2023HU0340393,1,69,1,1
2023HU0340416,1,317,3,1
2023HU0340416,2,336,3,1
2023HU0340421,1,501,3,1
2023HU0340421,2,501,3,1
2023HU0340421,3,501,3,1
2023HU0340421,4,501,3,1
2023HU0340421,5,501,3,1
2023HU0340461,1,95,3,1
2023HU0340461,2,95,3,1
2023HU0340461,3,95,3,1
2023HU0340480,1,274,2,1
2023HU0340528,1,52,3,1
2023HU0340528,2,52,3,1
2023HU0340740,1,501,1,1
2023HU0340740,2,501,1,1
2023HU0340740,3,501,1,1
2023HU0340740,4,501,1,1
2023HU0340740,5,501,1,1
2023HU0340740,6,501,1,1
2023HU0340822,1,459,3,1
2023HU0340866,1,501,1,1
2023HU0340866,2,501,1,1
2023HU0340971,1,501,2,1
2023HU0341372,1,501,1,1
2023HU0341372,2,501,1,1
2023HU0341485,1,501,3,1
2023HU0341647,1,464,1,1
2023HU0341647,2,464,1,1
2023HU0341661,1,30,1,1
2023HU0341694,1,303,3,1
2023HU0341694,2,303,3,1
2023HU0341694,3,303,3,1
2023HU0341872,1,501,3,1
2023HU0341872,2,501,3,1
2023HU0341872,3,501,3,1
2023HU0341872,4,501,3,1
2023HU0341890,1,268,1,1
2023HU0341890,2,268,1,1
2023HU0341890,3,268,1,1
2023HU0341890,4,268,1,1
2023HU0341909,1,501,3,1
2023HU0341909,2,343,3,1
2023HU0341941,1,501,2,1
2023HU0341941,2,501,2,1
2023HU0341941,3,501,2,1
2023HU0342008,1,439,2,1
2023HU0342008,2,439,2,1
2023HU0342099,1,83,3,1
2023HU0342125,1,501,1,1
2023HU0342125,2,501,1,1
2023HU0342125,3,501,1,1
2023HU0342277,1,171,2,1
2023HU0342280,1,228,3,1
2023HU0342280,2,228,3,1
2023HU0342280,3,228,3,1
2023HU0342334,1,501,1,1
2023HU0342334,2,0,1,1
2023HU0342419,1,501,1,1
2023HU0342419,2,501,1,1
2023HU0342419,3,501,1,1
2023HU0342419,4,501,1,1
2023HU0342419,5,501,1,1
2023HU0342603,1,501,1,1
2023HU0342603,2,501,1,1
2023HU0342603,3,501,1,1
2023HU0342603,4,501,1,1
2023HU0342653,1,236,1,1
2023HU0342653,2,236,1,1
2023HU0342653,3,236,1,1
2023HU0342653,4,236,1,1
2023HU0342653,5,236,1,1
2023HU0342653,6,354,1,1
2023HU0342653,7,0,1,1
2023HU0342738,1,61,2,1
2023HU0343036,1,501,2,1
2023HU0343036,2,501,2,1
2023HU0343036,3,501,2,1
2023HU0343036,4,501,2,1
2023HU0343076,1,146,2,1
2023HU0343082,1,501,1,1
2023HU0343082,2,501,1,1
2023HU0343082,3,501,1,1
2023HU0343172,1,501,3,1
2023HU0343172,2,501,3,1
2023HU0343230,1,380,1,1
2023HU0343230,2,380,1,1
2023HU0343230,3,380,1,1
2023HU0343230,4,380,1,1
2023HU0343375,1,235,2,1
2023HU0343647,1,145,1,1
2023HU0343647,2,166,1,1
2023HU0343677,1,501,1,1
2023HU0343677,2,501,1,1
2023HU0343716,1,16,3,1
2023HU0343732,1,161,3,1
2023HU0343732,2,161,3,1
2023HU0343732,3,161,3,1
2023HU0343732,4,161,3,1
2023HU0343732,5,161,3,1
2023HU0343732,6,,3,1
2023HU0343732,7,,3,1
2023HU0343732,8,,3,1
2023HU0343835,1,501,2,1
2023HU0343835,2,501,2,1
2023HU0344035,1,449,3,1
2023HU0344049,1,274,2,1
2023HU0344049,2,274,2,1
2023HU0344198,1,425,3,1
2023HU0344198,2,425,3,1
2023HU0344198,3,425,3,1
2023HU0344198,4,425,3,1
2023HU0344211,1,167,3,1
2023HU0344211,2,501,3,1
2023HU0344427,1,47,3,1
2023HU0344427,2,47,3,1
2023HU0344427,3,47,3,1
2023HU0344459,1,97,2,1
2023HU0344610,1,501,2,1
2023HU0344610,2,501,2,1
2023HU0344661,1,253,3,1
2023HU0344739,1,149,3,1
2023HU0344883,1,501,1,1
2023HU0344883,2,501,1,1
2023HU0344917,1,501,1,1
2023HU0344917,2,501,1,1
2023HU0344917,3,501,1,1
2023HU0344917,4,501,1,1
2023HU0344928,1,302,1,1
2023HU0345053,1,179,2,1
2023HU0345053,2,179,2,1
2023HU0345061,1,49,1,1
2023HU0345137,1,285,3,1
2023HU0345183,1,501,1,1
2023HU0345183,2,501,1,1
2023HU0345580,1,409,1,1
2023HU0345580,2,409,1,1
2023HU0345580,3,409,1,1
2023HU0345580,4,409,1,1
2023HU0345659,1,501,1,1
2023HU0345659,2,501,1,1
2023HU0345659,3,501,1,1
2023HU0345659,4,501,1,1
2023HU0345756,1,501,1,1
2023HU0345821,1,219,1,1
2023HU0345821,2,219,1,1
2023HU0345821,3,219,1,1
2023HU0345821,4,219,1,1
2023HU0345821,5,219,1,1
2023HU0345821,6,219,1,1
2023HU0345853,1,187,1,1
2023HU0345853,2,187,1,1
2023HU0345853,3,187,1,1
2023HU0345853,4,187,1,1
2023HU0345853,5,187,1,1
2023HU0345998,1,106,2,1
2023HU0345998,2,253,2,1
2023HU0346002,1,501,2,1
2023HU0346002,2,501,2,1
2023HU0346002,3,501,2,1
2023HU0346002,4,501,2,1
2023HU0346002,5,501,2,1
2023HU0346167,1,403,3,1
2023HU0346167,2,403,3,1
2023HU0346167,3,316,3,1
2023HU0346438,1,501,2,1
2023HU0346470,1,111,2,1
2023HU0346470,2,111,2,1
2023HU0346509,1,203,3,1
2023HU0346649,1,135,2,1
2023HU0346649,2,135,2,1
2023HU0346675,1,6,3,1
2023HU0346675,2,6,3,1
2023HU0346675,3,6,3,1
2023HU0346675,4,6,3,1
2023HU0346768,1,225,2,1
2023HU0346768,2,225,2,1
2023HU0346768,3,225,2,1
2023HU0346768,4,225,2,1
2023HU0347005,1,501,2,1
2023HU0347072,1,207,2,1
2023HU0347130,1,501,1,1
2023HU0347130,2,501,1,1
2023HU0347130,3,501,1,1
2023HU0347130,4,501,1,1
2023HU0347157,1,282,3,1
2023HU0347157,2,282,3,1
2023HU0347173,1,192,3,1
2023HU0347173,2,160,3,1
2023HU0347373,1,501,2,1
2023HU0347373,2,501,2,1
2023HU0347373,3,501,2,1
2023HU0347393,1,501,1,1
2023HU0347393,2,501,1,1
2023HU0347393,3,501,1,1
2023HU0347398,1,501,2,1
2023HU0347398,2,501,2,1
2023HU0347398,3,501,2,1
2023HU0347405,1,501,2,1
2023HU0347405,2,501,2,1
2023HU0347590,1,501,2,1
2023HU0347595,1,0,2,1
2023HU0347605,1,501,1,1
2023HU0347709,1,501,3,1
2023HU0347730,1,181,2,1
2023HU0347809,1,366,1,1
2023HU0347976,1,69,2,1
2023HU0347976,2,69,2,1
2023HU0347982,1,475,3,1
2023HU0347982,2,475,3,1
2023HU0347982,3,475,3,1
2023HU0347993,1,501,3,1
2023HU0347993,2,501,3,1
2023HU0348188,1,324,2,1
2023HU0348188,2,324,2,1
2023HU0348205,1,71,2,1
2023HU0348205,2,71,2,1
2023HU0348238,1,501,3,1
2023HU0348269,1,501,1,1
2023HU0348269,2,501,1,1
2023HU0348269,3,501,1,1
2023HU0348626,1,501,3,1
2023HU0348831,1,297,3,1
2023HU0348831,2,11,3,1
2023HU0348831,3,297,3,1
2023HU0348831,4,297,3,1
2023HU0348927,1,474,3,1
2023HU0348927,2,474,3,1
2023HU0348955,1,92,3,1
2023HU0348955,2,92,3,1
2023HU0348955,3,92,3,1
2023HU0348955,4,92,3,1
2023HU0348955,5,92,3,1
2023HU0348955,6,92,3,1
2023HU0348955,7,92,3,1
2023HU0349103,1,122,3,1
2023HU0349103,2,387,3,1
2023HU0349166,1,154,1,1
2023HU0349307,1,377,1,1
2023HU0349307,2,377,1,1
2023HU0349307,3,377,1,1
2023HU0349438,1,122,3,1
2023HU0349438,2,158,3,1
2023HU0349583,1,493,1,1
2023HU0349583,2,493,1,1
2023HU0349615,1,90,3,1
2023HU0349693,1,388,2,1
2023HU0349693,2,388,2,1
2023HU0349693,3,388,2,1
2023HU0349693,4,388,2,1
2023HU0349693,5,388,2,1
2023HU0349693,6,388,2,1
2023HU0349701,1,152,2,1
2023HU0349701,2,152,2,1
2023HU0350018,1,501,1,1
2023HU0350018,2,352,1,1
2023HU0350018,3,501,1,1
2023HU0350122,1,346,1,1
2023HU0350144,1,501,1,1
2023HU0350144,2,0,1,1
2023HU0350186,1,317,1,1
2023HU0350186,2,388,1,1
2023HU0350377,1,255,2,1
2023HU0350377,2,255,2,1
2023HU0350431,1,12,2,1
2023HU0350488,1,501,2,1
2023HU0350695,1,501,1,1
2023HU0350695,2,501,1,1
2023HU0350695,3,501,1,1
2023HU0350695,4,501,1,1
2023HU0351136,1,0,3,1
2023HU0351136,2,395,3,1
2023HU0351136,3,132,3,1
2023HU0351136,4,5,3,1
2023HU0351244,1,501,1,1
2023HU0351244,2,501,1,1
2023HU0351244,3,501,1,1
2023HU0351244,4,501,1,1
2023HU0351250,1,501,1,1
2023HU0351250,2,501,1,1
2023HU0351250,3,501,1,1
2023HU0351250,4,501,1,1
2023HU0351326,1,0,2,1
2023HU0351334,1,501,1,1
2023HU0351417,1,396,1,1
2023HU0351417,2,396,1,1
2023HU0351501,1,501,3,1
2023HU0351588,1,501,2,1
2023HU0351588,2,501,2,1
2023HU0351588,3,501,2,1
2023HU0351643,1,295,2,1
2023HU0351759,1,416,3,1
2023HU0351805,1,369,1,1
2023HU0351805,2,369,1,1
2023HU0352014,1,126,3,1
2023HU0352134,1,52,3,1
2023HU0352134,2,78,3,1
2023HU0352134,3,0,3,1
2023HU0352228,1,186,3,1
2023HU0352231,1,337,3,1
2023HU0352375,1,501,1,1
2023HU0352375,2,501,1,1
2023HU0352421,1,98,1,1
2023HU0352421,2,98,1,1
2023HU0352534,1,234,1,1
2023HU0352567,1,209,2,1
2023HU0352567,2,209,2,1
2023HU0352632,1,501,1,1
2023HU0352632,2,501,1,1
2023HU0353087,1,404,1,1
2023HU0353087,2,404,1,1
2023HU0353087,3,404,1,1
2023HU0353087,4,404,1,1
2023HU0353244,1,501,3,1
2023HU0353423,1,456,2,1
2023HU0353439,1,70,3,1
2023HU0353488,1,430,1,1
2023HU0353580,1,221,4,1
2023HU0353580,2,221,4,1
2023HU0353580,3,221,4,1
2023HU0353580,4,221,4,1
2023HU0353580,5,221,4,1
2023HU0353673,1,256,3,1
2023HU0353847,1,366,2,1
2023HU0353847,2,366,2,1
2023HU0353883,1,501,1,1
2023HU0353883,2,501,1,1
2023HU0353883,3,501,1,1
2023HU0353883,4,501,1,1
2023HU0353931,1,501,2,1
2023HU0353931,2,501,2,1
2023HU0354080,1,387,2,1
2023HU0354317,1,91,3,1
2023HU0354377,1,92,3,1
2023HU0354499,1,85,3,1
2023HU0354576,1,501,2,1
2023HU0354576,2,501,2,1
2023HU0354576,3,501,2,1
2023HU0354576,4,99,2,1
2023HU0354606,1,501,1,1
2023HU0354606,2,501,1,1
2023HU0354607,1,266,2,1
2023HU0354607,2,266,2,1
2023HU0354724,1,467,3,1
2023HU0354755,1,250,3,1
2023HU0354755,2,501,3,1
2023HU0354755,3,250,3,1
2023HU0354755,4,250,3,1
2023HU0354800,1,204,1,1
2023HU0354800,2,317,1,1
2023HU0354800,3,204,1,1
2023HU0354800,4,204,1,1
2023HU0354931,1,128,1,1
2023HU0354931,2,128,1,1
2023HU0354946,1,501,1,1
2023HU0354946,2,501,1,1
2023HU0354946,3,501,1,1
2023HU0354992,1,353,1,1
2023HU0354992,2,353,1,1
2023HU0355185,1,76,3,1
2023HU0355246,1,104,2,1
2023HU0355270,1,345,1,1
2023HU0355270,2,345,1,1
2023HU0355329,1,238,1,1
2023HU0355329,2,238,1,1
2023HU0355329,3,238,1,1
2023HU0355348,1,391,1,1
2023HU0355411,1,501,3,1
2023HU0355411,2,501,3,1
2023HU0355447,1,52,3,1
2023HU0355487,1,5,3,1
2023HU0355487,2,5,3,1
2023HU0355487,3,5,3,1
2023HU0355487,4,5,3,1
2023HU0355876,1,501,3,1
2023HU0355876,2,501,3,1
2023HU0355897,1,501,1,1
2023HU0355973,1,501,1,1
2023HU0355973,2,501,1,1
2023HU0355973,3,501,1,1
2023HU0355973,4,501,1,1
2023HU0356014,1,501,1,1
2023HU0356014,2,501,1,1
2023HU0356068,1,259,3,1
2023HU0356068,2,454,3,1
2023HU0356229,1,304,3,1
2023HU0356229,2,304,3,1
2023HU0356277,1,501,1,1
2023HU0356277,2,501,1,1
2023HU0356304,1,256,1,1
2023HU0356304,2,0,1,1
2023HU0356325,1,501,2,1
2023HU0356325,2,501,2,1
2023HU0356325,3,501,2,1
2023HU0356335,1,326,2,1
2023HU0356335,2,326,2,1
2023HU0356335,3,326,2,1
2023HU0356373,1,381,3,1
2023HU0356373,2,381,3,1
2023HU0356373,3,381,3,1
2023HU0356373,4,381,3,1
2023HU0356415,1,501,2,1
2023HU0356415,2,501,2,1
2023HU0356436,1,77,2,1
2023HU0356574,1,249,2,1
2023HU0356707,1,477,2,1
2023HU0356707,2,477,2,1
2023HU0356856,1,501,1,1
2023HU0356856,2,501,1,1
2023HU0357061,1,501,1,1
2023HU0357061,2,501,1,1
2023HU0357061,3,501,1,1
2023HU0357193,1,146,3,1
2023HU0357212,1,501,2,1
2023HU0357212,2,501,2,1
2023HU0357212,3,501,2,1
2023HU0357212,4,501,2,1
2023HU0357639,1,501,3,1
2023HU0357674,1,501,1,1
2023HU0357674,2,501,1,1
2023HU0357674,3,501,1,1
2023HU0357674,4,501,1,1
2023HU0357890,1,259,3,1
2023HU0357890,2,63,3,1
2023HU0357957,1,501,3,1
2023HU0358088,1,261,2,1
2023HU0358088,2,261,2,1
2023HU0358476,1,501,3,1
2023HU0358476,2,298,3,1
2023HU0358560,1,501,1,1
2023HU0358560,2,501,1,1
2023HU0358560,3,501,1,1
2023HU0358560,4,501,1,1
2023HU0358855,1,207,2,1
2023HU0358867,1,66,1,1
2023HU0358867,2,66,1,1
2023HU0358919,1,129,1,1
2023HU0358976,1,336,1,1
2023HU0358976,2,336,1,1
2023HU0359083,1,501,3,1
2023HU0359083,2,501,3,1
2023HU0359126,1,477,3,1
2023HU0359237,1,401,3,1
2023HU0359237,2,401,3,1
2023HU0359335,1,345,2,1
2023HU0359341,1,501,1,1
2023HU0359341,2,501,1,1
2023HU0359372,1,374,2,1
2023HU0359372,2,374,2,1
2023HU0359470,1,138,3,1
2023HU0359470,2,138,3,1
2023HU0359519,1,501,1,1
2023HU0359543,1,163,3,1
2023HU0359543,2,163,3,1
2023HU0359551,1,51,3,1
2023HU0359690,1,501,3,1
2023HU0359692,1,501,1,1
2023HU0359692,2,501,1,1
2023HU0359692,3,501,1,1
2023HU0359692,4,501,1,1
2023HU0359693,1,501,3,1
2023HU0359693,2,501,3,1
2023HU0359693,3,501,3,1
2023HU0359693,4,501,3,1
2023HU0359733,1,501,1,1
2023HU0359733,2,501,1,1
2023HU0359781,1,258,1,1
2023HU0359781,2,258,1,1
2023HU0359781,3,258,1,1
2023HU0359781,4,258,1,1
2023HU0359781,5,258,1,1
2023HU0359972,1,430,2,1
2023HU0359972,2,430,2,1
2023HU0360012,1,130,3,1
2023HU0360012,2,228,3,1
2023HU0360077,1,501,3,1
2023HU0360077,2,501,3,1
2023HU0360289,1,147,1,1
2023HU0360363,1,501,1,1
2023HU0360429,1,0,2,1
2023HU0360456,1,209,1,1
2023HU0360456,2,209,1,1
2023HU0360456,3,209,1,1
2023HU0360769,1,437,2,1
2023HU0360769,2,418,2,1
2023HU0360784,1,165,3,1
2023HU0360830,1,501,1,1
2023HU0360830,2,501,1,1
2023HU0360846,1,313,3,1
2023HU0360846,2,313,3,1
2023HU0360846,3,313,3,1
2023HU0360885,1,88,1,1
2023HU0360885,2,88,1,1
2023HU0361026,1,406,2,1
2023HU0361120,1,501,1,1
2023HU0361120,2,501,1,1
2023HU0361141,1,501,1,1
2023HU0361141,2,501,1,1
2023HU0361174,1,359,1,1
2023HU0361174,2,359,1,1
2023HU0361174,3,359,1,1
2023HU0361174,4,359,1,1
2023HU0361174,5,359,1,1
2023HU0361174,6,359,1,1
2023HU0361282,1,304,2,1
2023HU0361282,2,304,2,1
2023HU0361282,3,304,2,1
2023HU0361282,4,304,2,1
2023HU0361314,1,385,2,1
2023HU0361394,1,458,1,1
2023HU0361394,2,458,1,1
2023HU0361406,1,362,1,1
2023HU0361406,2,362,1,1
2023HU0361406,3,362,1,1
2023HU0361406,4,362,1,1
2023HU0361446,1,258,1,1
2023HU0361534,1,457,1,1
2023HU0361534,2,457,1,1
2023HU0361534,3,457,1,1
2023HU0361534,4,457,1,1
2023HU0361583,1,501,2,1
2023HU0361583,2,501,2,1
2023HU0361583,3,501,2,1
2023HU0361583,4,501,2,1
2023HU0361657,1,92,3,1
2023HU0361657,2,92,3,1
2023HU0361657,3,92,3,1
2023HU0361657,4,92,3,1
2023HU0361657,5,92,3,1
2023HU0361657,6,92,3,1
2023HU0361657,7,92,3,1
2023HU0361657,8,92,3,1
2023HU0361657,9,92,3,1
2023HU0361789,1,398,1,1
2023HU0361908,1,338,3,1
2023HU0361936,1,269,1,1
2023HU0361936,2,269,1,1
2023HU0361936,3,269,1,1
2023HU0361936,4,269,1,1
2023HU0361955,1,501,1,1
2023HU0361955,2,501,1,1
2023HU0362023,1,142,2,1
2023HU0362063,1,96,3,1
2023HU0362140,1,115,1,1
2023HU0362140,2,115,1,1
2023HU0362140,3,115,1,1
2023HU0362140,4,115,1,1
2023HU0362140,5,115,1,1
2023HU0362321,1,338,1,1
2023HU0362321,2,338,1,1
2023HU0362552,1,501,1,1
2023HU0362736,1,75,3,1
2023HU0362736,2,501,3,1
2023HU0362745,1,441,1,1
2023HU0362745,2,441,1,1
2023HU0362745,3,441,1,1
2023HU0362816,1,501,3,1
2023HU0362864,1,501,1,1
2023HU0362864,2,501,1,1
2023HU0362864,3,501,1,1
2023HU0362864,4,501,1,1
2023HU0363088,1,53,1,1
2023HU0363088,2,53,1,1
2023HU0363088,3,53,1,1
2023HU0363286,1,347,3,1
2023HU0363286,2,256,3,1
2023HU0363357,1,501,1,1
2023HU0363357,2,501,1,1
2023HU0363357,3,501,1,1
2023HU0363357,4,501,1,1
2023HU0363802,1,190,2,1
2023HU0363805,1,39,3,1
2023HU0363805,2,501,3,1
2023HU0363816,1,378,3,1
2023HU0363816,2,378,3,1
2023HU0363872,1,501,1,1
2023HU0363872,2,501,1,1
2023HU0363872,3,501,1,1
2023HU0363872,4,501,1,1
2023HU0363872,5,501,1,1
2023HU0363872,6,501,1,1
2023HU0363913,1,324,2,1
2023HU0363913,2,324,2,1
2023HU0363913,3,324,2,1
2023HU0363913,4,324,2,1
2023HU0363913,5,324,2,1
2023HU0363913,6,324,2,1
2023HU0364044,1,48,3,1
2023HU0364044,2,0,3,1
2023HU0364044,3,48,3,1
2023HU0364044,4,48,3,1
2023HU0364044,5,48,3,1
2023HU0364044,6,63,3,1
2023HU0364065,1,501,2,1
2023HU0364098,1,196,1,1
2023HU0364164,1,501,1,1
2023HU0364196,1,500,2,1
2023HU0364196,2,500,2,1
2023HU0364196,3,500,2,1
2023HU0364196,4,500,2,1
2023HU0364196,5,500,2,1
2023HU0364196,6,500,2,1
2023HU0364289,1,501,3,1
2023HU0364397,1,357,3,1
2023HU0364520,1,361,1,1
2023HU0364784,1,419,1,1
2023HU0364784,2,419,1,1
2023HU0364856,1,490,2,1
2023HU0364909,1,501,1,1
2023HU0364938,1,501,3,1
2023HU0364950,1,185,2,1
2023HU0364950,2,185,2,1
2023HU0364969,1,81,3,1
2023HU0365035,1,501,1,1
2023HU0365035,2,501,1,1
2023HU0365090,1,501,1,1
2023HU0365090,2,501,1,1
2023HU0365090,3,501,1,1
2023HU0365090,4,501,1,1
2023HU0365095,1,190,1,1
2023HU0365195,1,308,1,1
2023HU0365195,2,308,1,1
2023HU0365195,3,308,1,1
2023HU0365417,1,127,1,1
2023HU0365417,2,127,1,1
2023HU0365417,3,127,1,1
2023HU0365418,1,258,3,1
2023HU0365418,2,262,3,1
2023HU0365819,1,310,2,1
2023HU0365983,1,501,1,1
2023HU0366255,1,97,3,1
2023HU0366255,2,97,3,1
2023HU0366255,3,97,3,1
2023HU0366255,4,97,3,1
2023HU0366322,1,155,2,1
2023HU0366322,2,155,2,1
2023HU0366354,1,155,3,1
2023HU0366354,2,155,3,1
2023HU0366354,3,155,3,1
2023HU0366354,4,155,3,1
2023HU0366354,5,155,3,1
2023HU0366354,6,155,3,1
2023HU0366455,1,189,3,1
2023HU0366455,2,189,3,1
2023HU0366455,3,189,3,1
2023HU0366566,1,407,3,1
2023HU0366566,2,407,3,1
2023HU0366786,1,289,3,1
2023HU0366786,2,267,3,1
2023HU0366818,1,501,3,1
2023HU0366999,1,341,1,1
2023HU0367093,1,59,3,1
2023HU0367093,2,59,3,1
2023HU0367128,1,333,2,1
2023HU0367128,2,333,2,1
2023HU0367128,3,333,2,1
2023HU0367165,1,336,3,1
2023HU0367187,1,461,2,1
2023HU0367187,2,461,2,1
2023HU0367187,3,461,2,1
2023HU0367187,4,461,2,1
2023HU0367273,1,311,1,1
2023HU0367377,1,501,2,1
2023HU0367377,2,501,2,1
2023HU0367377,3,501,2,1
2023HU0367424,1,429,3,1
2023HU0367424,2,422,3,1
2023HU0367438,1,501,1,1
2023HU0367447,1,202,1,1
2023HU0367447,2,202,1,1
2023HU0367651,1,501,1,1
2023HU0367749,1,47,1,1
2023HU0367749,2,47,1,1
2023HU0367749,3,101,1,1
2023HU0368092,1,449,3,1
2023HU0368154,1,456,3,1
2023HU0368154,2,501,3,1
2023HU0368165,1,501,3,1
2023HU0368165,2,501,3,1
2023HU0368234,1,415,1,1
2023HU0368234,2,415,1,1
2023HU0368234,3,415,1,1
2023HU0368234,4,415,1,1
2023HU0368234,5,415,1,1
2023HU0368268,1,501,2,1
2023HU0368268,2,501,2,1
2023HU0368361,1,127,3,1
2023HU0368368,1,501,1,1
2023HU0368368,2,501,1,1
2023HU0368368,3,,1,1
2023HU0368368,4,,1,1
2023HU0368383,1,226,2,1
2023HU0368383,2,226,2,1
2023HU0368383,3,226,2,1
2023HU0368403,1,501,1,1
2023HU0368412,1,223,1,1
2023HU0368633,1,501,1,1
2023HU0368633,2,501,1,1
2023HU0368700,1,140,2,1
2023HU0368706,1,3,3,1
2023HU0368929,1,501,1,1
2023HU0368929,2,501,1,1
2023HU0368929,3,501,1,1
2023HU0368972,1,223,2,1
2023HU0369022,1,501,2,1
2023HU0369022,2,501,2,1
2023HU0369022,3,501,2,1
2023HU0369022,4,501,2,1
2023HU0369055,1,501,1,1
2023HU0369277,1,501,2,1
2023HU0369296,1,305,3,1
2023HU0369433,1,387,3,1
2023HU0369508,1,197,3,1
2023HU0369508,2,197,3,1
2023HU0369631,1,501,1,1
2023HU0369690,1,501,1,1
2023HU0369690,2,0,1,1
2023HU0369695,1,95,3,1
2023HU0369786,1,94,3,1
2023HU0369901,1,501,1,1
2023HU0369901,2,501,1,1
2023HU0369910,1,475,1,1
2023HU0369910,2,475,1,1
2023HU0369910,3,475,1,1
2023HU0369947,1,151,3,1
2023HU0370013,1,0,1,1
2023HU0370013,2,0,1,1
2023HU0370013,3,0,1,1
2023HU0370013,4,0,1,1
2023HU0370028,1,255,2,1
2023HU0370085,1,501,2,1
2023HU0370085,2,501,2,1
2023HU0370336,1,501,1,1
2023HU0370484,1,274,1,1
2023HU0370484,2,274,1,1
2023HU0370484,3,274,1,1
2023HU0370484,4,274,1,1
2023HU0370484,5,274,1,1
2023HU0370484,6,274,1,1
2023HU0370502,1,167,3,1
2023HU0370502,2,167,3,1
2023HU0370502,3,167,3,1
2023HU0370502,4,167,3,1
2023HU0370556,1,190,3,1
2023HU0370691,1,501,2,1
2023HU0370691,2,196,2,1
2023HU0370811,1,501,3,1
2023HU0370811,2,501,3,1
2023HU0370811,3,501,3,1
2023HU0370811,4,501,3,1
2023HU0370811,5,501,3,1
2023HU0370894,1,501,1,1
2023HU0370894,2,501,1,1
2023HU0370894,3,501,1,1
2023HU0370966,1,473,2,1
2023HU0371072,1,112,3,1
2023HU0371072,2,112,3,1
2023HU0371082,1,501,3,1
2023HU0371082,2,501,3,1
2023HU0371094,1,264,3,1
2023HU0371094,2,264,3,1
2023HU0371137,1,500,2,1
2023HU0371137,2,500,2,1
2023HU0371222,1,191,3,1
2023HU0371346,1,477,2,1
2023HU0371346,2,477,2,1
2023HU0371374,1,501,1,1
2023HU0371374,2,501,1,1
2023HU0371486,1,445,1,1
2023HU0371486,2,445,1,1
2023HU0371570,1,274,1,1
2023HU0371570,2,274,1,1
2023HU0371570,3,274,1,1
2023HU0371570,4,274,1,1
2023HU0371570,5,274,1,1
2023HU0371570,6,274,1,1
2023HU0371570,7,274,1,1
2023HU0371570,8,274,1,1
2023HU0371840,1,290,3,1
2023HU0371840,2,225,3,1
2023HU0371845,1,145,3,1
2023HU0372012,1,501,2,1
2023HU0372012,2,501,2,1
2023HU0372019,1,490,1,1
2023HU0372019,2,490,1,1
2023HU0372046,1,153,3,1
2023HU0372046,2,153,3,1
2023HU0372046,3,153,3,1
2023HU0372076,1,497,2,1
2023HU0372076,2,497,2,1
2023HU0372134,1,496,2,1
2023HU0372134,2,496,2,1
2023HU0372375,1,501,1,1
2023HU0372375,2,501,1,1
2023HU0372640,1,171,3,1
2023HU0372720,1,19,2,1
2023HU0372720,2,19,2,1
2023HU0372747,1,452,2,1
2023HU0372747,2,452,2,1
2023HU0372747,3,452,2,1
2023HU0372981,1,501,3,1
2023HU0373001,1,501,1,1
2023HU0373001,2,501,1,1
2023HU0373001,3,501,1,1
2023HU0373001,4,501,1,1
2023HU0373278,1,85,3,1
2023HU0373278,2,473,3,1
2023HU0373486,1,186,3,1
2023HU0373486,2,186,3,1
2023HU0373486,3,186,3,1
2023HU0373486,4,186,3,1
2023HU0373486,5,186,3,1
2023HU0373775,1,16,1,1
2023HU0373775,2,16,1,1
2023HU0373875,1,295,2,1
2023HU0373875,2,295,2,1
2023HU0373875,3,295,2,1
2023HU0373905,1,312,2,1
2023HU0373905,2,312,2,1
2023HU0373935,1,501,1,1
2023HU0373935,2,501,1,1
2023HU0373935,3,501,1,1
2023HU0373935,4,501,1,1
2023HU0374119,1,501,2,1
2023HU0374148,1,196,2,1
2023HU0374148,2,196,2,1
2023HU0374237,1,501,1,1
2023HU0374285,1,315,2,1
2023HU0374323,1,72,2,1
2023HU0374472,1,501,2,1
2023HU0374472,2,501,2,1
2023HU0374795,1,140,3,1
2023HU0374795,2,140,3,1
2023HU0374795,3,140,3,1
2023HU0374795,4,140,3,1
2023HU0374806,1,473,1,1
2023HU0374806,2,473,1,1
2023HU0374806,3,473,1,1
2023HU0374819,1,110,1,1
2023HU0374921,1,312,3,1
2023HU0375034,1,501,1,1
2023HU0375034,2,501,1,1
2023HU0375034,3,501,1,1
2023HU0375034,4,501,1,1
2023HU0375112,1,94,3,1
2023HU0375214,1,501,1,1
2023HU0375242,1,121,3,1
2023HU0375310,1,171,3,1
2023HU0375310,2,171,3,1
2023HU0375310,3,171,3,1
2023HU0375310,4,171,3,1
2023HU0375310,5,171,3,1
2023HU0375416,1,111,1,1
2023HU0375469,1,392,2,1
2023HU0375469,2,392,2,1
2023HU0375469,3,392,2,1
2023HU0375576,1,501,2,1
2023HU0375576,2,501,2,1
2023HU0375661,1,32,3,1
2023HU0375775,1,501,2,1
2023HU0375775,2,501,2,1
2023HU0375833,1,501,1,1
2023HU0375833,2,501,1,1
2023HU0375833,3,501,1,1
2023HU0376093,1,501,2,1
2023HU0376237,1,261,1,1
2023HU0376322,1,261,3,1
2023HU0376355,1,501,1,1
2023HU0376355,2,501,1,1
2023HU0376519,1,501,1,1
2023HU0376519,2,501,1,1
2023HU0376529,1,501,1,1
2023HU0376529,2,501,1,1
2023HU0376529,3,501,1,1
2023HU0376622,1,3,3,1
2023HU0376669,1,289,2,1
2023HU0376669,2,289,2,1
2023HU0376700,1,192,3,1
2023HU0376720,1,495,3,1
2023HU0376720,2,450,3,1
2023HU0376739,1,464,2,1
2023HU0376739,2,464,2,1
2023HU0376802,1,467,1,1
2023HU0376802,2,467,1,1
2023HU0376983,1,226,3,1
2023HU0376998,1,2,4,1
2023HU0377023,1,501,1,1
2023HU0377102,1,198,3,1
2023HU0377415,1,501,1,1
2023HU0377415,2,501,1,1
2023HU0377415,3,501,1,1
2023HU0377415,4,501,1,1
2023HU0377417,1,501,2,1
2023HU0377643,1,0,3,1
2023HU0378001,1,501,2,1
2023HU0378001,2,501,2,1
2023HU0378001,3,501,2,1
2023HU0378001,4,501,2,1
2023HU0378027,1,501,1,1
2023HU0378132,1,501,3,1
2023HU0378132,2,501,3,1
2023HU0378133,1,407,1,1
2023HU0378152,1,501,2,1
2023HU0378152,2,501,2,1
2023HU0378152,3,501,2,1
2023HU0378249,1,501,2,1
2023HU0378249,2,501,2,1
2023HU0378267,1,141,3,1
2023HU0378387,1,501,1,1
2023HU0378387,2,501,1,1
2023HU0378387,3,501,1,1
2023HU0378664,1,501,3,1
2023HU0378664,2,501,3,1
2023HU0378664,3,501,3,1
2023HU0378681,1,164,3,1
2023HU0378681,2,61,3,1
2023HU0378681,3,164,3,1
2023HU0378681,4,164,3,1
2023HU0378692,1,501,1,1
2023HU0378692,2,501,1,1
2023HU0378692,3,501,1,1
2023HU0378726,1,501,1,1
2023HU0378726,2,501,1,1
2023HU0378726,3,501,1,1
2023HU0378816,1,501,3,1
2023HU0378816,2,501,3,1
2023HU0378876,1,210,2,1
2023HU0379287,1,501,2,1
2023HU0379287,2,501,2,1
2023HU0379290,1,501,1,1
2023HU0379290,2,501,1,1
2023HU0379290,3,501,1,1
2023HU0379290,4,501,1,1
2023HU0379290,5,501,1,1
2023HU0379368,1,501,2,1
2023HU0379562,1,225,3,1
2023HU0379580,1,501,1,1
2023HU0379714,1,501,1,1
2023HU0379714,2,501,1,1
2023HU0379831,1,173,1,1
2023HU0379831,2,173,1,1
2023HU0379877,1,501,1,1
2023HU0379877,2,501,1,1
2023HU0379877,3,501,1,1
2023HU0379877,4,501,1,1
2023HU0379877,5,501,1,1
2023HU0380054,1,343,2,1
2023HU0380172,1,181,2,1
2023HU0380172,2,181,2,1
2023HU0380227,1,501,1,1
2023HU0380227,2,501,1,1
2023HU0380576,1,463,3,1
2023HU0380576,2,501,3,1
2023HU0380594,1,501,3,1
2023HU0380594,2,229,3,1
2023HU0380848,1,370,2,1
2023HU0380848,2,370,2,1
2023HU0380866,1,422,2,1
2023HU0380906,1,463,2,1
2023HU0380906,2,463,2,1
2023HU0380917,1,146,3,1
2023HU0380970,1,501,3,1
2023HU0380970,2,501,3,1
2023HU0381209,1,501,3,1
2023HU0381209,2,501,3,1
2023HU0381309,1,36,3,1
2023HU0381400,1,501,2,1
2023HU0381400,2,501,2,1
2023HU0381400,3,501,2,1
2023HU0381404,1,243,3,1
2023HU0381404,2,76,3,1
2023HU0381486,1,380,2,1
2023HU0381486,2,380,2,1
2023HU0381505,1,501,2,1
2023HU0381505,2,501,2,1
2023HU0381505,3,501,2,1
2023HU0381630,1,208,2,1
2023HU0381852,1,483,1,1
2023HU0381852,2,483,1,1
2023HU0381852,3,483,1,1
2023HU0381852,4,483,1,1
2023HU0381885,1,501,1,1
2023HU0381885,2,501,1,1
2023HU0381885,3,501,1,1
2023HU0381885,4,501,1,1
2023HU0381917,1,50,3,1
2023HU0381917,2,50,3,1
2023HU0381917,3,50,3,1
2023HU0381940,1,117,3,1
2023HU0382029,1,501,3,1
2023HU0382029,2,501,3,1
2023HU0382075,1,168,2,1
2023HU0382075,2,168,2,1
2023HU0382081,1,189,3,1
2023HU0382133,1,160,1,1
2023HU0382133,2,160,1,1
2023HU0382133,3,160,1,1
2023HU0382133,4,160,1,1
2023HU0382157,1,501,3,1
2023HU0382286,1,501,3,1
2023HU0382379,1,0,3,1
2023HU0382550,1,501,1,1
2023HU0382550,2,501,1,1
2023HU0382606,1,501,1,1
2023HU0382606,2,501,1,1
2023HU0382638,1,80,2,1
2023HU0382638,2,80,2,1
2023HU0382646,1,501,1,1
2023HU0382646,2,501,1,1
2023HU0382846,1,177,1,1
2023HU0382846,2,177,1,1
2023HU0382846,3,177,1,1
2023HU0382846,4,177,1,1
2023HU0383014,1,388,1,1
2023HU0383014,2,388,1,1
2023HU0383014,3,388,1,1
2023HU0383065,1,163,2,1
2023HU0383065,2,163,2,1
2023HU0383065,3,163,2,1
2023HU0383065,4,163,2,1
2023HU0383065,5,163,2,1
2023HU0383065,6,163,2,1
2023HU0383065,7,163,2,1
2023HU0383079,1,0,3,1
2023HU0383233,1,501,1,1
2023HU0383286,1,501,1,1
2023HU0383286,2,501,1,1
2023HU0383286,3,501,1,1
2023HU0383286,4,501,1,1
2023HU0383331,1,501,3,1
2023HU0383331,2,501,3,1
2023HU0383388,1,501,1,1
2023HU0383388,2,501,1,1
2023HU0383392,1,245,2,1
2023HU0383392,2,245,2,1
2023HU0383404,1,223,2,1
2023HU0383624,1,501,1,1
2023HU0383624,2,501,1,1
2023HU0383667,1,431,3,1
2023HU0383667,2,431,3,1
2023HU0383771,1,118,3,1
2023HU0383771,2,118,3,1
2023HU0383771,3,118,3,1
2023HU0383791,1,219,2,1
2023HU0383908,1,393,2,1
2023HU0383908,2,393,2,1
2023HU0384136,1,372,1,1
2023HU0384136,2,372,1,1
2023HU0384185,1,501,2,1
2023HU0384185,2,501,2,1
2023HU0384269,1,397,1,1
2023HU0384269,2,397,1,1
2023HU0384269,3,397,1,1
2023HU0384374,1,92,2,1
2023HU0384374,2,92,2,1
2023HU0384374,3,92,2,1
2023HU0384374,4,92,2,1
2023HU0384403,1,152,1,1
2023HU0384403,2,89,1,1
2023HU0384461,1,388,3,1
2023HU0384508,1,501,1,1
2023HU0384690,1,303,3,1
2023HU0384817,1,501,2,1
2023HU0384817,2,501,2,1
2023HU0384989,1,501,2,1
2023HU0385009,1,501,1,1
2023HU0385065,1,471,1,1
2023HU0385065,2,471,1,1
2023HU0385065,3,471,1,1
2023HU0385065,4,471,1,1
2023HU0385065,5,471,1,1
2023HU0385065,6,471,1,1
2023HU0385065,7,471,1,1
2023HU0385094,1,95,3,1
2023HU0385125,1,501,1,1
2023HU0385125,2,501,1,1
2023HU0385155,1,282,1,1
2023HU0385194,1,257,1,1
2023HU0385194,2,257,1,1
2023HU0385194,3,257,1,1
2023HU0385194,4,257,1,1
2023HU0385194,5,257,1,1
2023HU0385194,6,257,1,1
2023HU0385201,1,330,1,1
2023HU0385216,1,500,1,1
2023HU0385216,2,500,1,1
2023HU0385216,3,500,1,1
2023HU0385216,4,500,1,1
2023HU0385248,1,463,2,1
2023HU0385289,1,436,3,1
2023HU0385289,2,436,3,1
2023HU0385304,1,254,3,1
2023HU0385304,2,210,3,1
2023HU0385304,3,70,3,1
2023HU0385330,1,427,2,1
2023HU0385407,1,128,3,1
2023HU0385491,1,420,2,1
2023HU0385491,2,420,2,1
2023HU0385719,1,282,2,1
2023HU0385719,2,282,2,1
2023HU0385719,3,282,2,1
2023HU0385753,1,303,1,1
2023HU0385753,2,303,1,1
2023HU0385753,3,303,1,1
2023HU0385753,4,303,1,1
2023HU0385753,5,303,1,1
2023HU0385805,1,501,1,1
2023HU0385805,2,501,1,1
2023HU0385805,3,501,1,1
2023HU0385833,1,501,1,1
2023HU0385833,2,501,1,1
2023HU0385833,3,501,1,1
2023HU0385967,1,501,1,1
2023HU0385967,2,501,1,1
2023HU0385996,1,134,2,1
2023HU0385996,2,134,2,1
2023HU0385996,3,134,2,1
2023HU0386018,1,112,2,1
2023HU0386065,1,253,1,1
2023HU0386065,2,253,1,1
2023HU0386065,3,253,1,1
2023HU0386098,1,358,1,1
2023HU0386241,1,501,3,1
2023HU0386241,2,501,3,1
2023HU0386423,1,14,2,1
2023HU0386426,1,501,1,1
2023HU0386426,2,501,1,1
2023HU0386459,1,493,3,1
2023HU0386459,2,493,3,1
2023HU0386459,3,493,3,1
2023HU0386709,1,40,3,1
2023HU0386709,2,40,3,1
2023HU0386873,1,501,3,1
2023HU0386873,2,501,3,1
2023HU0386873,3,501,3,1
2023HU0386948,1,144,1,1
2023HU0386948,2,144,1,1
2023HU0386948,3,144,1,1
2023HU0387365,1,221,2,1
2023HU0387365,2,221,2,1
2023HU0387365,3,221,2,1
2023HU0387374,1,136,4,1
2023HU0387593,1,501,1,1
2023HU0387593,2,501,1,1
2023HU0387593,3,501,1,1
2023HU0387740,1,392,2,1
2023HU0387740,2,392,2,1
2023HU0387797,1,78,2,1
2023HU0387797,2,253,2,1
2023HU0387797,3,75,2,1
2023HU0387836,1,396,1,1
2023HU0387836,2,396,1,1
2023HU0387954,1,501,1,1
2023HU0387954,2,501,1,1
2023HU0388023,1,208,1,1
2023HU0388023,2,208,1,1
2023HU0388023,3,208,1,1
2023HU0388023,4,208,1,1
2023HU0388023,5,208,1,1
2023HU0388098,1,224,2,1
2023HU0388098,2,224,2,1
2023HU0388098,3,224,2,1
2023HU0388098,4,224,2,1
2023HU0388098,5,224,2,1
2023HU0388172,1,501,2,1
2023HU0388172,2,501,2,1
2023HU0388172,3,140,2,1
2023HU0388429,1,501,2,1
2023HU0388470,1,501,1,1
2023HU0388470,2,501,1,1
2023HU0388470,3,501,1,1
2023HU0388553,1,13,2,1
2023HU0388615,1,275,3,1
2023HU0388615,2,275,3,1
2023HU0388615,3,275,3,1
2023HU0388860,1,195,1,1
2023HU0388938,1,501,2,1
2023HU0388938,2,501,2,1
2023HU0388938,3,501,2,1
2023HU0388938,4,501,2,1
2023HU0388953,1,243,3,1
2023HU0389124,1,153,3,1
2023HU0389124,2,153,3,1
2023HU0389124,3,153,3,1
2023HU0389124,4,153,3,1
2023HU0389162,1,501,2,1
2023HU0389162,2,501,2,1
2023HU0389162,3,501,2,1
2023HU0389162,4,501,2,1
2023HU0389271,1,248,1,1
2023HU0389271,2,248,1,1
2023HU0389271,3,248,1,1
2023HU0389485,1,401,3,1
2023HU0389485,2,259,3,1
2023HU0389557,1,387,3,1
2023HU0389584,1,501,1,1
2023HU0389584,2,501,1,1
2023HU0389584,3,501,1,1
2023HU0389584,4,501,1,1
2023HU0389584,5,501,1,1
2023HU0389627,1,243,2,1
2023HU0389652,1,282,3,1
2023HU0389652,2,206,3,1
2023HU0389660,1,6,3,1
2023HU0389660,2,348,3,1
2023HU0389778,1,501,1,1
2023HU0389778,2,501,1,1
2023HU0389778,3,501,1,1
2023HU0389778,4,501,1,1
2023HU0389779,1,501,1,1
2023HU0389779,2,501,1,1
2023HU0389779,3,501,1,1
2023HU0389779,4,501,1,1
2023HU0389983,1,501,2,1
2023HU0389983,2,501,2,1
2023HU0389983,3,501,2,1
2023HU0389983,4,501,2,1
2023HU0389983,5,501,2,1
2023HU0390003,1,501,1,1
2023HU0390003,2,501,1,1
2023HU0390003,3,501,1,1
2023HU0390003,4,501,1,1
2023HU0390117,1,472,2,1
2023HU0390181,1,333,1,1
2023HU0390271,1,501,1,1
2023HU0390271,2,501,1,1
2023HU0390292,1,501,1,1
2023HU0390383,1,501,2,1
2023HU0390383,2,501,2,1
2023HU0390401,1,501,1,1
2023HU0390401,2,501,1,1
2023HU0390464,1,501,1,1
2023HU0390464,2,501,1,1
2023HU0390464,3,501,1,1
2023HU0390561,1,501,2,1
2023HU0390561,2,88,2,1
2023HU0390576,1,82,3,1
2023HU0390576,2,82,3,1
2023HU0390913,1,131,3,1
2023HU0391029,1,501,1,1
2023HU0391029,2,501,1,1
2023HU0391029,3,501,1,1
2023HU0391074,1,305,2,1
2023HU0391074,2,305,2,1
2023HU0391123,1,131,1,1
2023HU0391123,2,131,1,1
2023HU0391123,3,131,1,1
2023HU0391133,1,193,2,1
2023HU0391133,2,193,2,1
2023HU0391303,1,15,2,1
2023HU0391303,2,15,2,1
2023HU0391303,3,15,2,1
2023HU0391395,1,501,1,1
2023HU0391518,1,455,3,1
2023HU0391653,1,501,3,1
2023HU0391653,2,501,3,1
2023HU0391653,3,501,3,1
2023HU0391751,1,501,1,1
2023HU0391766,1,410,1,1
2023HU0391766,2,410,1,1
2023HU0391769,1,67,3,1
2023HU0391769,2,67,3,1
2023HU0391927,1,247,1,1
2023HU0391927,2,247,1,1
2023HU0391927,3,247,1,1
2023HU0391927,4,247,1,1
2023HU0391928,1,501,3,1
2023HU0391928,2,501,3,1
2023HU0391928,3,501,3,1
2023HU0391928,4,501,3,1
2023HU0392044,1,39,1,1
2023HU0392257,1,501,1,1
2023HU0392257,2,501,1,1
2023HU0392257,3,501,1,1
2023HU0392702,1,290,3,1
2023HU0392702,2,290,3,1
2023HU0392702,3,290,3,1
2023HU0393077,1,231,2,1
2023HU0393093,1,91,3,1
2023HU0393300,1,337,1,1
2023HU0393300,2,337,1,1
2023HU0393300,3,337,1,1
2023HU0393300,4,337,1,1
2023HU0393300,5,337,1,1
2023HU0393300,6,337,1,1
2023HU0393300,7,337,1,1
2023HU0393524,1,70,3,1
2023HU0393524,2,70,3,1
2023HU0393524,3,70,3,1
2023HU0393800,1,206,3,1
2023HU0393800,2,64,3,1
2023HU0393867,1,260,2,1
2023HU0393867,2,260,2,1
2023HU0393888,1,130,3,1
2023HU0393888,2,0,3,1
2023HU0393892,1,501,1,1
2023HU0393892,2,501,1,1
2023HU0393892,3,501,1,1
2023HU0393892,4,501,1,1
2023HU0393892,5,501,1,1
2023HU0393979,1,221,3,1
2023HU0394002,1,327,1,1
2023HU0394002,2,327,1,1
2023HU0394077,1,501,1,1
2023HU0394077,2,501,1,1
2023HU0394077,3,501,1,1
2023HU0394077,4,501,1,1
2023HU0394092,1,489,2,1
2023HU0394092,2,489,2,1
2023HU0394092,3,489,2,1
2023HU0394289,1,501,1,1
2023HU0394289,2,501,1,1
2023HU0394289,3,501,1,1
2023HU0394289,4,501,1,1
2023HU0394289,5,501,1,1
2023HU0394446,1,305,1,1
2023HU0394446,2,305,1,1
2023HU0394446,3,305,1,1
2023HU0394464,1,137,1,1
2023HU0394464,2,137,1,1
2023HU0394464,3,137,1,1
2023HU0394464,4,137,1,1
2023HU0394583,1,501,1,1
2023HU0394583,2,501,1,1
2023HU0394583,3,501,1,1
2023HU0394583,4,501,1,1
2023HU0394583,5,501,1,1
2023HU0394583,6,501,1,1
2023HU0394600,1,501,3,1
2023HU0394600,2,261,3,1
2023HU0394739,1,71,2,1
2023HU0394739,2,102,2,1
2023HU0394739,3,71,2,1
2023HU0394739,4,71,2,1
2023HU0394739,5,71,2,1
2023HU0394739,6,71,2,1
2023HU0394826,1,501,1,1
2023HU0394831,1,286,3,1
2023HU0394936,1,4,1,1
2023HU0394936,2,4,1,1
2023HU0394936,3,4,1,1
2023HU0394936,4,4,1,1
2023HU0394983,1,103,1,1
2023HU0394983,2,103,1,1
2023HU0395364,1,247,3,1
2023HU0395364,2,190,3,1
2023HU0395536,1,92,3,1
2023HU0395651,1,275,3,1
2023HU0395651,2,275,3,1
2023HU0395661,1,501,1,1
2023HU0395661,2,501,1,1
2023HU0395690,1,0,3,1
2023HU0395701,1,279,3,1
2023HU0395701,2,279,3,1
2023HU0395701,3,279,3,1
2023HU0395701,4,279,3,1
2023HU0395701,5,279,3,1
2023HU0395823,1,6,4,1
2023HU0395858,1,501,3,1
2023HU0395858,2,501,3,1
2023HU0395858,3,501,3,1
2023HU0395887,1,295,3,1
2023HU0395950,1,422,1,1
2023HU0395950,2,0,1,1
2023HU0396122,1,464,4,1
2023HU0396122,2,501,4,1
2023HU0396179,1,365,1,1
2023HU0396179,2,365,1,1
2023HU0396179,3,365,1,1
2023HU0396179,4,365,1,1
2023HU0396318,1,303,1,1
2023HU0396318,2,303,1,1
2023HU0396318,3,303,1,1
2023HU0396364,1,446,3,1
2023HU0396364,2,446,3,1
2023HU0396421,1,150,1,1
2023HU0396421,2,150,1,1
2023HU0396421,3,150,1,1
2023HU0396421,4,150,1,1
2023HU0396421,5,150,1,1
2023HU0396421,6,150,1,1
2023HU0396475,1,501,2,1
2023HU0396475,2,501,2,1
2023HU0396482,1,151,1,1
2023HU0396482,2,151,1,1
2023HU0396570,1,250,2,1
2023HU0396662,1,52,3,1
2023HU0396662,2,501,3,1
2023HU0397017,1,346,2,1
2023HU0397017,2,346,2,1
2023HU0397121,1,457,3,1
2023HU0397129,1,501,1,1
2023HU0397129,2,501,1,1
2023HU0397129,3,501,1,1
2023HU0397360,1,501,2,1
2023HU0397360,2,501,2,1
2023HU0397611,1,165,3,1
2023HU0397611,2,165,3,1
2023HU0397611,3,165,3,1
2023HU0397734,1,501,1,1
2023HU0397734,2,501,1,1
2023HU0397734,3,501,1,1
2023HU0397734,4,501,1,1
2023HU0397847,1,501,2,1
2023HU0397847,2,501,2,1
2023HU0397862,1,501,3,1
2023HU0397862,2,501,3,1
2023HU0397863,1,234,2,1
2023HU0397870,1,501,1,1
2023HU0397870,2,501,1,1
2023HU0397870,3,501,1,1
2023HU0397870,4,501,1,1
2023HU0397870,5,501,1,1
2023HU0398055,1,428,2,1
2023HU0398055,2,428,2,1
2023HU0398069,1,501,1,1
2023HU0398069,2,501,1,1
2023HU0398069,3,501,1,1
2023HU0398093,1,407,3,1
2023HU0398133,1,155,2,1
2023HU0398133,2,155,2,1
2023HU0398147,1,222,1,1
2023HU0398147,2,222,1,1
2023HU0398182,1,231,3,1
2023HU0398192,1,501,2,1
2023HU0398192,2,501,2,1
2023HU0398235,1,501,1,1
2023HU0398235,2,501,1,1
2023HU0398235,3,501,1,1
2023HU0398426,1,97,3,1
2023HU0398426,2,97,3,1
2023HU0398507,1,147,1,1
2023HU0398507,2,227,1,1
2023HU0398507,3,146,1,1
2023HU0398546,1,104,3,1
2023HU0398546,2,104,3,1
2023HU0398546,3,104,3,1
2023HU0398546,4,104,3,1
2023HU0398546,5,104,3,1
2023HU0398616,1,412,2,1
2023HU0398616,2,412,2,1
2023HU0398718,1,501,1,1
2023HU0398718,2,501,1,1
2023HU0398718,3,501,1,1
2023HU0398718,4,501,1,1
2023HU0398743,1,501,2,1
2023HU0398743,2,501,2,1
2023HU0398743,3,501,2,1
2023HU0398743,4,501,2,1
2023HU0398769,1,128,2,1
2023HU0398769,2,188,2,1
2023HU0398769,3,38,2,1
2023HU0398906,1,501,1,1
2023HU0398906,2,501,1,1
2023HU0398906,3,501,1,1
2023HU0398906,4,501,1,1
2023HU0398906,5,501,1,1
2023HU0398906,6,501,1,1
2023HU0398940,1,435,3,1
2023HU0398940,2,435,3,1
2023HU0399006,1,298,3,1
2023HU0399006,2,298,3,1
2023HU0399016,1,478,3,1
2023HU0399067,1,135,1,1
2023HU0399067,2,135,1,1
2023HU0399067,3,135,1,1
2023HU0399067,4,135,1,1
2023HU0399067,5,135,1,1
2023HU0399067,6,135,1,1
2023HU0399151,1,243,1,1
2023HU0399151,2,243,1,1
2023HU0399174,1,294,2,1
2023HU0399174,2,294,2,1
2023HU0399174,3,294,2,1
2023HU0399174,4,294,2,1
2023HU0399174,5,294,2,1
2023HU0399174,6,294,2,1
2023HU0399406,1,501,1,1
2023HU0399406,2,501,1,1
2023HU0399406,3,501,1,1
2023HU0399406,4,501,1,1
2023HU0399449,1,355,1,1
2023HU0399449,2,355,1,1
2023HU0399593,1,320,2,1
2023HU0399640,1,290,2,1
2023HU0399640,2,290,2,1
2023HU0399706,1,403,3,1
2023HU0399761,1,320,3,1
2023HU0399761,2,192,3,1
2023HU0399779,1,418,1,1
2023HU0399779,2,418,1,1
2023HU0399801,1,479,3,1
2023HU0399899,1,185,3,1
2023HU0399899,2,185,3,1
2023HU0399899,3,185,3,1
2023HU0399899,4,185,3,1
2023HU0400257,1,20,1,1
2023HU0400257,2,20,1,1
2023HU0400257,3,20,1,1
2023HU0400257,4,20,1,1
2023HU0400646,1,101,3,1
2023HU0400646,2,101,3,1
2023HU0400761,1,501,2,1
2023HU0400761,2,501,2,1
2023HU0400894,1,501,1,1
2023HU0400894,2,501,1,1
2023HU0400926,1,231,1,1
2023HU0401013,1,237,3,1
2023HU0401013,2,237,3,1
2023HU0401180,1,501,1,1
2023HU0401180,2,501,1,1
2023HU0401180,3,501,1,1
2023HU0401420,1,501,1,1
2023HU0401420,2,501,1,1
2023HU0401440,1,501,1,1
2023HU0401440,2,501,1,1
2023HU0401646,1,501,1,1
2023HU0401646,2,501,1,1
2023HU0401658,1,501,3,1
2023HU0401658,2,501,3,1
2023HU0401658,3,501,3,1
2023HU0401703,1,78,3,1
2023HU0401705,1,501,1,1
2023HU0401705,2,501,1,1
2023HU0401705,3,501,1,1
2023HU0401705,4,501,1,1
2023HU0401705,5,501,1,1
2023HU0401756,1,66,3,1
2023HU0401802,1,125,3,1
2023HU0401802,2,125,3,1
2023HU0401802,3,125,3,1
2023HU0401804,1,416,1,1
2023HU0401804,2,416,1,1
2023HU0401835,1,0,3,1
2023HU0401835,2,0,3,1
2023HU0402145,1,360,1,1
2023HU0402145,2,360,1,1
2023HU0402145,3,360,1,1
2023HU0402145,4,360,1,1
2023HU0402258,1,139,3,1
2023HU0402425,1,501,2,1
2023HU0402425,2,501,2,1
2023HU0402477,1,43,3,1
2023HU0402477,2,43,3,1
2023HU0402477,3,43,3,1
2023HU0402513,1,501,2,1
2023HU0402513,2,501,2,1
2023HU0402521,1,457,3,1
2023HU0402521,2,159,3,1
2023HU0402719,1,501,1,1
2023HU0402719,2,501,1,1
2023HU0402719,3,501,1,1
2023HU0402797,1,438,3,1
2023HU0402797,2,438,3,1
2023HU0402827,1,501,2,1
2023HU0402948,1,501,1,1
2023HU0402948,2,501,1,1
2023HU0402948,3,501,1,1
2023HU0403140,1,501,1,1
2023HU0403140,2,501,1,1
2023HU0403723,1,319,1,1
2023HU0403723,2,319,1,1
2023HU0403723,3,319,1,1
2023HU0403723,4,319,1,1
2023HU0403723,5,319,1,1
2023HU0403723,6,319,1,1
2023HU0403878,1,364,2,1
2023HU0403878,2,364,2,1
2023HU0404271,1,180,3,1
2023HU0404271,2,180,3,1
2023HU0404271,3,173,3,1
2023HU0404318,1,501,3,1
2023HU0404432,1,501,1,1
2023HU0404432,2,317,1,1
2023HU0404449,1,501,1,1
2023HU0404449,2,501,1,1
2023HU0404449,3,501,1,1
2023HU0404449,4,501,1,1
2023HU0404560,1,451,2,1
2023HU0404560,2,161,2,1
2023HU0404588,1,28,3,1
2023HU0404588,2,0,3,1
2023HU0404588,3,28,3,1
2023HU0404690,1,501,1,1
2023HU0404690,2,501,1,1
2023HU0404690,3,501,1,1
2023HU0405000,1,440,1,1
2023HU0405214,1,65,3,1
2023HU0405290,1,256,3,1
2023HU0405293,1,393,1,1
2023HU0405293,2,393,1,1
2023HU0405293,3,393,1,1
2023HU0405293,4,393,1,1
2023HU0405293,5,393,1,1
2023HU0405293,6,393,1,1
2023HU0405379,1,487,1,1
2023HU0405379,2,132,1,1
2023HU0405549,1,408,1,1
2023HU0405549,2,408,1,1
2023HU0405549,3,408,1,1
2023HU0405570,1,217,1,1
2023HU0405573,1,192,3,1
2023HU0405573,2,257,3,1
2023HU0405831,1,326,2,1
2023HU0405998,1,483,2,1
2023HU0406014,1,501,1,1
2023HU0406014,2,501,1,1
2023HU0406118,1,492,3,1
2023HU0406118,2,492,3,1
2023HU0406647,1,501,2,1
2023HU0406647,2,501,2,1
2023HU0406722,1,313,3,1
2023HU0406722,2,313,3,1
2023HU0406797,1,501,2,1
2023HU0406797,2,501,2,1
2023HU0406797,3,501,2,1
2023HU0406797,4,501,2,1
2023HU0406939,1,480,1,1
2023HU0406939,2,480,1,1
2023HU0406999,1,102,3,1
2023HU0406999,2,102,3,1
2023HU0406999,3,102,3,1
2023HU0407220,1,348,1,1
2023HU0407220,2,348,1,1
2023HU0407220,3,348,1,1
2023HU0407220,4,348,1,1
2023HU0407280,1,501,2,1
2023HU0407357,1,488,3,1
2023HU0407391,1,488,2,1
2023HU0407391,2,488,2,1
2023HU0407398,1,501,1,1
2023HU0407398,2,501,1,1
2023HU0407454,1,501,1,1
2023HU0407454,2,501,1,1
2023HU0407510,1,501,1,1
2023HU0407538,1,27,3,1
2023HU0407568,1,501,1,1
2023HU0407568,2,501,1,1
2023HU0407568,3,501,1,1
2023HU0407568,4,501,1,1
2023HU0407568,5,501,1,1
2023HU0407682,1,19,3,1
2023HU0407697,1,10,2,1
2023HU0407745,1,424,2,1
2023HU0407745,2,424,2,1
2023HU0407745,3,424,2,1
2023HU0407747,1,501,2,1
2023HU0407747,2,501,2,1
2023HU0407906,1,144,3,1
2023HU0407946,1,106,1,1
2023HU0407946,2,106,1,1
2023HU0407993,1,382,2,1
2023HU0407993,2,382,2,1
2023HU0408189,1,501,1,1
2023HU0408189,2,501,1,1
2023HU0408240,1,501,3,1
2023HU0408240,2,501,3,1
2023HU0408352,1,213,2,1
2023HU0408352,2,213,2,1
2023HU0408353,1,123,3,1
2023HU0408353,2,123,3,1
2023HU0408474,1,501,1,1
2023HU0408474,2,501,1,1
2023HU0408474,3,501,1,1
2023HU0408483,1,501,3,1
2023HU0408540,1,248,4,1
2023HU0408885,1,190,3,1
2023HU0408891,1,288,3,1
2023HU0408891,2,256,3,1
2023HU0408948,1,501,2,1
2023HU0409015,1,501,1,1
2023HU0409015,2,501,1,1
2023HU0409304,1,501,1,1
2023HU0409304,2,501,1,1
2023HU0409304,3,501,1,1
2023HU0409690,1,275,3,1
2023HU0409761,1,501,1,1
2023HU0409761,2,501,1,1
2023HU0409761,3,501,1,1
2023HU0409761,4,501,1,1
2023HU0409773,1,385,3,1
2023HU0409773,2,97,3,1
2023HU0409895,1,501,3,1
2023HU0409895,2,501,3,1
2023HU0409895,3,501,3,1
2023HU0409995,1,501,1,1
2023HU0410369,1,501,1,1
2023HU0410369,2,501,1,1
2023HU0410369,3,501,1,1
2023HU0410369,4,501,1,1
2023HU0410377,1,335,1,1
2023HU0410377,2,335,1,1
2023HU0410377,3,335,1,1
2023HU0410377,4,335,1,1
2023HU0410377,5,335,1,1
2023HU0410384,1,203,3,1
2023HU0410384,2,203,3,1
2023HU0410387,1,123,2,1
2023HU0410387,2,123,2,1
2023HU0410765,1,411,3,1
2023HU0410769,1,14,1,1
2023HU0410798,1,457,1,1
2023HU0410798,2,457,1,1
2023HU0410798,3,457,1,1
2023HU0410798,4,457,1,1
2023HU0410915,1,123,3,1
2023HU0410915,2,123,3,1
2023HU0410915,3,123,3,1
2023HU0410915,4,123,3,1
2023HU0410915,5,123,3,1
2023HU0410956,1,213,3,1
2023HU0410956,2,0,3,1
2023HU0411069,1,501,1,1
2023HU0411089,1,501,3,1
2023HU0411191,1,119,3,1
2023HU0411415,1,501,3,1
2023HU0411415,2,189,3,1
2023HU0411671,1,258,3,1
2023HU0411997,1,182,3,1
2023HU0412145,1,165,1,1
2023HU0412145,2,165,1,1
2023HU0412145,3,165,1,1
2023HU0412145,4,165,1,1
2023HU0412145,5,268,1,1
2023HU0412329,1,124,3,1
2023HU0412338,1,239,2,1
2023HU0412338,2,239,2,1
2023HU0412338,3,239,2,1
2023HU0412338,4,239,2,1
2023HU0412366,1,78,3,1
2023HU0412573,1,501,1,1
2023HU0412573,2,501,1,1
2023HU0412573,3,501,1,1
2023HU0412642,1,457,1,1
2023HU0412642,2,326,1,1
2023HU0412722,1,121,3,1
2023HU0412761,1,76,3,1
2023HU0412793,1,501,3,1
2023HU0412946,1,501,1,1
2023HU0412946,2,501,1,1
2023HU0412946,3,501,1,1
2023HU0412981,1,310,1,1
2023HU0412981,2,310,1,1
2023HU0413034,1,501,1,1
2023HU0413034,2,501,1,1
2023HU0413089,1,63,3,1
2023HU0413089,2,31,3,1
2023HU0413089,3,0,3,1
2023HU0413089,4,1,3,1
2023HU0413230,1,501,1,1
2023HU0413230,2,501,1,1
2023HU0413230,3,501,1,1
2023HU0413397,1,213,3,1
2023HU0413397,2,213,3,1
2023HU0413397,3,213,3,1
2023HU0413399,1,501,1,1
2023HU0413433,1,460,2,1
2023HU0413450,1,0,3,1
2023HU0413459,1,501,1,1
2023HU0413459,2,501,1,1
2023HU0413462,1,501,1,1
2023HU0413530,1,501,1,1
2023HU0413530,2,501,1,1
2023HU0413530,3,501,1,1
2023HU0413566,1,183,3,1
2023HU0413566,2,183,3,1
2023HU0413566,3,183,3,1
2023HU0413566,4,183,3,1
2023HU0413566,5,0,3,1
2023HU0413721,1,501,3,1
2023HU0413839,1,501,1,1
2023HU0413839,2,501,1,1
2023HU0413839,3,501,1,1
2023HU0413839,4,290,1,1
2023HU0413899,1,501,2,1
2023HU0413899,2,501,2,1
2023HU0413899,3,501,2,1
2023HU0414067,1,501,1,1
2023HU0414067,2,501,1,1
2023HU0414067,3,501,1,1
2023HU0414103,1,282,2,1
2023HU0414103,2,282,2,1
2023HU0414235,1,501,3,1
2023HU0414235,2,501,3,1
2023HU0414356,1,0,3,1
2023HU0414557,1,501,1,1
2023HU0414557,2,501,1,1
2023HU0414557,3,501,1,1
2023HU0414557,4,501,1,1
2023HU0414870,1,293,3,1
2023HU0414870,2,293,3,1
2023HU0414870,3,293,3,1
2023HU0414870,4,293,3,1
2023HU0414870,5,293,3,1
2023HU0414909,1,47,3,1
2023HU0415000,1,37,3,1
2023HU0415090,1,110,2,1
2023HU0415166,1,501,2,1
2023HU0415166,2,501,2,1
2023HU0415192,1,501,2,1
2023HU0415192,2,501,2,1
2023HU0415192,3,501,2,1
2023HU0415192,4,501,2,1
2023HU0415248,1,312,3,1
2023HU0415248,2,312,3,1
2023HU0415248,3,312,3,1
2023HU0415583,1,399,1,1
2023HU0415583,2,399,1,1
2023HU0415583,3,399,1,1
2023HU0415643,1,222,3,1
2023HU0415643,2,222,3,1
2023HU0415643,3,222,3,1
2023HU0415643,4,222,3,1
2023HU0415665,1,501,3,1
2023HU0415682,1,0,3,1
2023HU0415682,2,23,3,1
2023HU0415694,1,372,1,1
2023HU0415694,2,372,1,1
2023HU0415694,3,372,1,1
2023HU0415694,4,372,1,1
2023HU0415694,5,372,1,1
2023HU0415694,6,372,1,1
2023HU0415756,1,501,1,1
2023HU0415756,2,501,1,1
2023HU0415756,3,501,1,1
2023HU0415895,1,501,3,1
2023HU0416071,1,501,2,1
2023HU0416229,1,399,1,1
2023HU0416229,2,399,1,1
2023HU0416264,1,501,3,1
2023HU0416492,1,501,3,1
2023HU0416575,1,38,3,1
2023HU0416602,1,430,2,1
2023HU0416718,1,501,2,1
2023HU0416718,2,287,2,1
2023HU0416904,1,58,1,1
2023HU0416904,2,58,1,1
2023HU0416904,3,58,1,1
2023HU0416982,1,501,2,1
2023HU0417105,1,278,1,1
2023HU0417105,2,278,1,1
2023HU0417105,3,278,1,1
2023HU0417105,4,278,1,1
2023HU0417105,5,278,1,1
2023HU0417105,6,0,1,1
2023HU0417105,7,50,1,1
2023HU0417324,1,255,1,1
2023HU0417593,1,74,2,1
2023HU0417683,1,501,2,1
2023HU0417683,2,501,2,1
2023HU0417683,3,501,2,1
2023HU0417837,1,501,1,1
2023HU0417837,2,501,1,1
2023HU0417837,3,501,1,1
2023HU0417837,4,501,1,1
2023HU0417896,1,501,1,1
2023HU0417896,2,501,1,1
2023HU0417896,3,501,1,1
2023HU0417970,1,501,1,1
2023HU0417970,2,501,1,1
2023HU0417970,3,501,1,1
2023HU0418094,1,428,1,1
2023HU0418094,2,428,1,1
2023HU0418108,1,422,3,1
2023HU0418146,1,413,2,1
2023HU0418256,1,290,2,1
2023HU0418256,2,290,2,1
2023HU0418296,1,501,1,1
2023HU0418639,1,368,3,1
2023HU0418732,1,499,1,1
2023HU0418732,2,499,1,1
2023HU0418732,3,499,1,1
2023HU0418732,4,499,1,1
2023HU0418842,1,501,1,1
2023HU0418842,2,501,1,1
2023HU0418930,1,501,1,1
2023HU0418930,2,501,1,1
2023HU0419152,1,12,3,1
2023HU0419217,1,501,2,1
2023HU0419225,1,501,1,1
2023HU0419225,2,501,1,1
2023HU0419418,1,26,3,1
2023HU0419503,1,501,1,1
2023HU0419503,2,501,1,1
2023HU0419540,1,82,1,1
2023HU0419540,2,82,1,1
2023HU0419540,3,82,1,1
2023HU0419576,1,501,3,1
2023HU0419785,1,501,3,1
2023HU0419810,1,501,1,1
2023HU0419877,1,411,1,1
2023HU0419877,2,411,1,1
2023HU0419877,3,411,1,1
2023HU0419877,4,411,1,1
2023HU0419924,1,119,1,1
2023HU0419924,2,119,1,1
2023HU0419924,3,119,1,1
2023HU0419924,4,119,1,1
2023HU0419924,5,119,1,1
2023HU0419924,6,119,1,1
2023HU0419924,7,119,1,1
2023HU0419924,8,119,1,1
2023HU0420130,1,191,3,1
2023HU0420130,2,89,3,1
2023HU0420150,1,445,3,1
2023HU0420174,1,221,2,1
2023HU0420174,2,221,2,1
2023HU0420174,3,221,2,1
2023HU0420174,4,221,2,1
2023HU0420253,1,55,3,1
2023HU0420344,1,377,2,1
2023HU0420471,1,412,2,1
2023HU0420471,2,412,2,1
2023HU0420471,3,412,2,1
2023HU0420491,1,501,1,1
2023HU0420491,2,501,1,1
2023HU0420491,3,328,1,1
2023HU0420491,4,295,1,1
2023HU0420504,1,0,2,1
2023HU0420533,1,501,3,1
2023HU0420533,2,501,3,1
2023HU0420559,1,20,2,1
2023HU0420704,1,501,1,1
2023HU0420704,2,501,1,1
2023HU0420746,1,124,1,1
2023HU0420746,2,124,1,1
2023HU0420746,3,124,1,1
2023HU0420746,4,124,1,1
2023HU0420746,5,124,1,1
2023HU0421001,1,473,3,1
2023HU0421001,2,473,3,1
2023HU0421001,3,473,3,1
2023HU0421017,1,258,3,1
2023HU0421017,2,258,3,1
2023HU0421017,3,258,3,1
2023HU0421116,1,169,1,1
2023HU0421116,2,169,1,1
2023HU0421116,3,169,1,1
2023HU0421116,4,169,1,1
2023HU0421116,5,169,1,1
2023HU0421116,6,169,1,1
2023HU0421154,1,473,1,1
2023HU0421154,2,473,1,1
2023HU0421185,1,288,1,1
2023HU0421185,2,288,1,1
2023HU0421185,3,288,1,1
2023HU0421185,4,288,1,1
2023HU0421185,5,288,1,1
2023HU0421210,1,501,1,1
2023HU0421224,1,501,3,1
2023HU0421224,2,501,3,1
2023HU0421224,3,501,3,1
2023HU0421224,4,192,3,1
2023HU0421291,1,132,3,1
2023HU0421341,1,260,1,1
2023HU0421341,2,260,1,1
2023HU0421341,3,260,1,1
2023HU0421341,4,260,1,1
2023HU0421341,5,260,1,1
2023HU0421341,6,260,1,1
2023HU0421466,1,157,1,1
2023HU0421466,2,157,1,1
2023HU0421466,3,157,1,1
2023HU0421466,4,157,1,1
2023HU0421466,5,157,1,1
2023HU0421544,1,470,2,1
2023HU0421739,1,212,2,1
2023HU0421739,2,212,2,1
2023HU0421739,3,212,2,1
2023HU0421939,1,501,1,1
2023HU0422015,1,313,2,1
2023HU0422172,1,219,3,1
2023HU0422183,1,54,2,1
2023HU0422214,1,501,3,1
2023HU0422307,1,290,3,1
2023HU0422307,2,290,3,1
2023HU0422307,3,290,3,1
2023HU0422307,4,290,3,1
2023HU0422307,5,290,3,1
2023HU0422307,6,290,3,1
2023HU0422475,1,501,1,1
2023HU0422480,1,126,3,1
2023HU0422480,2,126,3,1
2023HU0422503,1,326,2,1
2023HU0422503,2,326,2,1
2023HU0422589,1,485,2,1
2023HU0422589,2,485,2,1
2023HU0422589,3,485,2,1
2023HU0422686,1,501,1,1
2023HU0422686,2,501,1,1
2023HU0422686,3,501,1,1
2023HU0422686,4,501,1,1
2023HU0422738,1,124,2,1
2023HU0422804,1,74,2,1
2023HU0422804,2,74,2,1
2023HU0422804,3,74,2,1
2023HU0422804,4,74,2,1
2023HU0422804,5,74,2,1
2023HU0422885,1,501,1,1
2023HU0422885,2,501,1,1
2023HU0422939,1,95,4,1
2023HU0423023,1,501,3,1
2023HU0423023,2,501,3,1
2023HU0423164,1,112,3,1
2023HU0423195,1,337,3,1
2023HU0423195,2,337,3,1
2023HU0423195,3,337,3,1
2023HU0423195,4,337,3,1
2023HU0423206,1,32,3,1
2023HU0423206,2,32,3,1
2023HU0423206,3,32,3,1
2023HU0423206,4,32,3,1
2023HU0423206,5,32,3,1
2023HU0423220,1,501,2,1
2023HU0423220,2,501,2,1
2023HU0423263,1,501,1,1
2023HU0423263,2,501,1,1
2023HU0423263,3,501,1,1
2023HU0423279,1,501,1,1
2023HU0423279,2,501,1,1
2023HU0423306,1,501,1,1
2023HU0423306,2,501,1,1
2023HU0423474,1,288,1,1
2023HU0423474,2,288,1,1
2023HU0423474,3,288,1,1
2023HU0423474,4,288,1,1
2023HU0423474,5,288,1,1
2023HU0423474,6,288,1,1
2023HU0423504,1,501,1,1
2023HU0423504,2,501,1,1
2023HU0423504,3,501,1,1
2023HU0423504,4,501,1,1
2023HU0423562,1,382,2,1
2023HU0423562,2,382,2,1
2023HU0423593,1,380,1,1
2023HU0423593,2,380,1,1
2023HU0423593,3,380,1,1
2023HU0423593,4,380,1,1
2023HU0423593,5,380,1,1
2023HU0423593,6,380,1,1
2023HU0423593,7,380,1,1
2023HU0423634,1,102,3,1
2023HU0423634,2,190,3,1
2023HU0423634,3,102,3,1
2023HU0423634,4,102,3,1
2023HU0423637,1,481,1,1
2023HU0423741,1,501,3,1
2023HU0423937,1,75,2,1
2023HU0423965,1,501,1,1
2023HU0423965,2,501,1,1
2023HU0423967,1,330,1,1
2023HU0424007,1,167,3,1
2023HU0424007,2,167,3,1
2023HU0424007,3,167,3,1
2023HU0424007,4,167,3,1
2023HU0424007,5,167,3,1
2023HU0424055,1,94,3,1
2023HU0424055,2,94,3,1
2023HU0424095,1,425,3,1
2023HU0424181,1,501,2,1
2023HU0424181,2,501,2,1
2023HU0424181,3,501,2,1
2023HU0424250,1,210,3,1
2023HU0424250,2,210,3,1
2023HU0424275,1,501,3,1
2023HU0424275,2,501,3,1
2023HU0424286,1,501,2,1
2023HU0424286,2,501,2,1
2023HU0424286,3,501,2,1
2023HU0424450,1,501,1,1
2023HU0424576,1,326,1,1
2023HU0424576,2,326,1,1
2023HU0424576,3,326,1,1
2023HU0424576,4,326,1,1
2023HU0424635,1,501,1,1
2023HU0424635,2,501,1,1
2023HU0424637,1,501,1,1
2023HU0424637,2,501,1,1
2023HU0424706,1,0,3,1
2023HU0424706,2,226,3,1
2023HU0424745,1,31,3,1
2023HU0424870,1,501,1,1
2023HU0424870,2,501,1,1
2023HU0424870,3,501,1,1
2023HU0424890,1,501,1,1
2023HU0424890,2,501,1,1
2023HU0424973,1,29,3,1
2023HU0424973,2,29,3,1
2023HU0425106,1,330,2,1
2023HU0425106,2,330,2,1
2023HU0425106,3,330,2,1
2023HU0425106,4,330,2,1
2023HU0425140,1,391,3,1
2023HU0425140,2,391,3,1
2023HU0425140,3,391,3,1
2023HU0425241,1,285,3,1
2023HU0425389,1,446,3,1
2023HU0425389,2,446,3,1
2023HU0425389,3,0,3,1
2023HU0425591,1,0,2,1
2023HU0425721,1,501,1,1
2023HU0425721,2,501,1,1
2023HU0425867,1,352,1,1
2023HU0425867,2,501,1,1
2023HU0425867,3,352,1,1
2023HU0425867,4,352,1,1
2023HU0425867,5,352,1,1
2023HU0425867,6,352,1,1
2023HU0425867,7,352,1,1
2023HU0425867,8,394,1,1
2023HU0425903,1,7,3,1
2023HU0425903,2,7,3,1
2023HU0426115,1,501,2,1
2023HU0426155,1,167,1,1
2023HU0426374,1,501,1,1
2023HU0426374,2,501,1,1
2023HU0426374,3,501,1,1
2023HU0426640,1,343,2,1
2023HU0426640,2,343,2,1
2023HU0426993,1,232,2,1
2023HU0426993,2,232,2,1
2023HU0427030,1,501,1,1
2023HU0427030,2,501,1,1
2023HU0427030,3,501,1,1
2023HU0427069,1,446,3,1
2023HU0427069,2,0,3,1
2023HU0427113,1,379,3,1
2023HU0427113,2,442,3,1
2023HU0427355,1,398,2,1
2023HU0427355,2,398,2,1
2023HU0427407,1,285,2,1
2023HU0427407,2,285,2,1
2023HU0427480,1,501,1,1
2023HU0427499,1,501,2,1
2023HU0427499,2,501,2,1
2023HU0427499,3,501,2,1
2023HU0427499,4,501,2,1
2023HU0427538,1,501,2,1
2023HU0427538,2,501,2,1
2023HU0427539,1,501,1,1
2023HU0427539,2,501,1,1
2023HU0427601,1,501,2,1
2023HU0427601,2,501,2,1
2023HU0427607,1,366,3,1
2023HU0427607,2,383,3,1
2023HU0427796,1,501,3,1
2023HU0427796,2,501,3,1
2023HU0427860,1,215,2,1
2023HU0427860,2,215,2,1
2023HU0428162,1,325,2,1
2023HU0428177,1,501,1,1
2023HU0428183,1,83,3,1
2023HU0428183,2,347,3,1
2023HU0428183,3,83,3,1
2023HU0428353,1,386,1,1
2023HU0428375,1,350,2,1
2023HU0428375,2,350,2,1
2023HU0428375,3,350,2,1
2023HU0428375,4,350,2,1
2023HU0428375,5,350,2,1
2023HU0428431,1,501,1,1
2023HU0428431,2,501,1,1
2023HU0428431,3,501,1,1
2023HU0428431,4,501,1,1
2023HU0428431,5,501,1,1
2023HU0428560,1,449,1,1
2023HU0428560,2,449,1,1
2023HU0428560,3,449,1,1
2023HU0428560,4,449,1,1
2023HU0428560,5,449,1,1
2023HU0428560,6,449,1,1
2023HU0428586,1,501,3,1
2023HU0428700,1,501,3,1
2023HU0428700,2,501,3,1
2023HU0428700,3,501,3,1
2023HU0428834,1,0,2,1
2023HU0428923,1,487,1,1
2023HU0428923,2,487,1,1
2023HU0428923,3,487,1,1
2023HU0428923,4,487,1,1
2023HU0428943,1,501,1,1
2023HU0428943,2,501,1,1
2023HU0428943,3,501,1,1
2023HU0429022,1,230,3,1
2023HU0429022,2,230,3,1
2023HU0429022,3,230,3,1
2023HU0429117,1,471,2,1
2023HU0429117,2,471,2,1
2023HU0429117,3,471,2,1
2023HU0429197,1,501,2,1
2023HU0429260,1,273,1,1
2023HU0429260,2,273,1,1
2023HU0429260,3,273,1,1
2023HU0429260,4,273,1,1
2023HU0429260,5,273,1,1
2023HU0429378,1,501,1,1
2023HU0429378,2,501,1,1
2023HU0429419,1,501,1,1
2023HU0429419,2,501,1,1
2023HU0429419,3,501,1,1
2023HU0429419,4,501,1,1
2023HU0429419,5,501,1,1
2023HU0429474,1,144,3,1
2023HU0429474,2,144,3,1
2023HU0429504,1,255,2,1
2023HU0429585,1,223,1,1
2023HU0429585,2,223,1,1
2023HU0429585,3,223,1,1
2023HU0429585,4,223,1,1
2023HU0429622,1,501,2,1
2023HU0429622,2,501,2,1
2023HU0429701,1,357,1,1
2023HU0429701,2,357,1,1
2023HU0429816,1,501,2,1
2023HU0430099,1,240,2,1
2023HU0430099,2,240,2,1
2023HU0430124,1,57,2,1
2023HU0430392,1,501,3,1
2023HU0430392,2,501,3,1
2023HU0430581,1,501,1,1
2023HU0430581,2,501,1,1
2023HU0430656,1,231,3,1
2023HU0430678,1,501,1,1
2023HU0430678,2,501,1,1
2023HU0430743,1,15,1,1
2023HU0430743,2,15,1,1
2023HU0430841,1,501,1,1
2023HU0430841,2,501,1,1
2023HU0430949,1,501,3,1
2023HU0430949,2,501,3,1
2023HU0430970,1,92,1,1
2023HU0430999,1,501,1,1
2023HU0430999,2,501,1,1
2023HU0431109,1,501,1,1
2023HU0431109,2,501,1,1
2023HU0431109,3,501,1,1
2023HU0431109,4,501,1,1
2023HU0431135,1,255,3,1
2023HU0431135,2,0,3,1
2023HU0431153,1,501,1,1
2023HU0431153,2,501,1,1
2023HU0431358,1,501,1,1
2023HU0431358,2,143,1,1
2023HU0431401,1,111,4,1
2023HU0431428,1,501,1,1
2023HU0431428,2,501,1,1
2023HU0431428,3,501,1,1
2023HU0431631,1,501,2,1
2023HU0431631,2,501,2,1
2023HU0431786,1,107,3,1
2023HU0431853,1,192,1,1
2023HU0431853,2,192,1,1
2023HU0431853,3,192,1,1
2023HU0431853,4,192,1,1
2023HU0432226,1,171,3,1
2023HU0432226,2,171,3,1
2023HU0432335,1,115,2,1
2023HU0432491,1,120,1,1
2023HU0432491,2,120,1,1
2023HU0432659,1,382,2,1
2023HU0432724,1,501,1,1
2023HU0432724,2,501,1,1
2023HU0432734,1,294,2,1
2023HU0432734,2,294,2,1
2023HU0432756,1,501,3,1
2023HU0432756,2,501,3,1
2023HU0432786,1,105,2,1
2023HU0432791,1,501,2,1
2023HU0432791,2,501,2,1
2023HU0432791,3,501,2,1
2023HU0432791,4,501,2,1
2023HU0432926,1,189,1,1
2023HU0432926,2,189,1,1
2023HU0432926,3,189,1,1
2023HU0432926,4,189,1,1
2023HU0432926,5,189,1,1
2023HU0432926,6,189,1,1
2023HU0432926,7,189,1,1
2023HU0432926,8,189,1,1
2023HU0432926,9,189,1,1
2023HU0432953,1,501,1,1
2023HU0433017,1,431,1,1
2023HU0433017,2,0,1,1
2023HU0433038,1,178,1,1
2023HU0433038,2,178,1,1
2023HU0433038,3,178,1,1
2023HU0433087,1,501,3,1
2023HU0433087,2,42,3,1
2023HU0433231,1,501,3,1
2023HU0433257,1,501,1,1
2023HU0433257,2,501,1,1
2023HU0433257,3,501,1,1
2023HU0433257,4,501,1,1
2023HU0433266,1,373,2,1
2023HU0433266,2,373,2,1
2023HU0433343,1,159,1,1
2023HU0433343,2,159,1,1
2023HU0433343,3,159,1,1
2023HU0433343,4,159,1,1
2023HU0433582,1,153,1,1
2023HU0433582,2,153,1,1
2023HU0433684,1,501,1,1
2023HU0433693,1,146,1,1
2023HU0433773,1,501,1,1
2023HU0433773,2,501,1,1
2023HU0433773,3,501,1,1
2023HU0433896,1,501,1,1
2023HU0433896,2,501,1,1
2023HU0433896,3,501,1,1
2023HU0434038,1,377,2,1
2023HU0434038,2,357,2,1
2023HU0434038,3,357,2,1
2023HU0434038,4,195,2,1
2023HU0434038,5,501,2,1
2023HU0434048,1,229,2,1
2023HU0434119,1,501,1,1
2023HU0434119,2,501,1,1
2023HU0434257,1,501,1,1
2023HU0434257,2,501,1,1
2023HU0434257,3,501,1,1
2023HU0434257,4,501,1,1
2023HU0434257,5,501,1,1
2023HU0434257,6,501,1,1
2023HU0434262,1,103,3,1
2023HU0434262,2,103,3,1
2023HU0434262,3,103,3,1
2023HU0434262,4,103,3,1
2023HU0434332,1,185,1,1
2023HU0434332,2,185,1,1
2023HU0434340,1,501,1,1
2023HU0434340,2,501,1,1
2023HU0434471,1,0,3,1
2023HU0434471,2,0,3,1
2023HU0434471,3,0,3,1
2023HU0434471,4,0,3,1
2023HU0434471,5,19,3,1
2023HU0434828,1,501,1,1
2023HU0434828,2,501,1,1
2023HU0434828,3,501,1,1
2023HU0434828,4,501,1,1
2023HU0435098,1,461,2,1
2023HU0435098,2,461,2,1
2023HU0435176,1,501,1,1
2023HU0435176,2,501,1,1
2023HU0435176,3,501,1,1
2023HU0435176,4,501,1,1
2023HU0435234,1,501,1,1
2023HU0435234,2,501,1,1
2023HU0435234,3,501,1,1
2023HU0435411,1,100,1,1
2023HU0435411,2,100,1,1
2023HU0435411,3,45,1,1
2023HU0435411,4,32,1,1
2023HU0435435,1,501,1,1
2023HU0435435,2,501,1,1
2023HU0435476,1,501,3,1
2023HU0435476,2,501,3,1
2023HU0435507,1,330,3,1
2023HU0435507,2,330,3,1
2023HU0435507,3,330,3,1
2023HU0435507,4,330,3,1
2023HU0435889,1,492,2,1
2023HU0435889,2,492,2,1
2023HU0435889,3,492,2,1
2023HU0435896,1,458,3,1
2023HU0435896,2,458,3,1
2023HU0435896,3,458,3,1
2023HU0435896,4,458,3,1
2023HU0435896,5,458,3,1
2023HU0435896,6,458,3,1
2023HU0435896,7,458,3,1
2023HU0435896,8,90,3,1
2023HU0435920,1,0,3,1
2023HU0436063,1,264,3,1
2023HU0436063,2,264,3,1
2023HU0436063,3,264,3,1
2023HU0436063,4,264,3,1
2023HU0436110,1,23,3,1
2023HU0436250,1,501,1,1
2023HU0436250,2,275,1,1
2023HU0436339,1,269,3,1
2023HU0436339,2,269,3,1
2023HU0436339,3,269,3,1
2023HU0436339,4,269,3,1
2023HU0436360,1,130,3,1
2023HU0436376,1,145,3,1
2023HU0436376,2,145,3,1
2023HU0436376,3,145,3,1
2023HU0436455,1,501,2,1
2023HU0436455,2,501,2,1
2023HU0436455,3,501,2,1
2023HU0436455,4,501,2,1
2023HU0436510,1,501,3,1
2023HU0436510,2,111,3,1
2023HU0436792,1,105,3,1
2023HU0436792,2,105,3,1
2023HU0436792,3,105,3,1
2023HU0436792,4,105,3,1
2023HU0436792,5,105,3,1
2023HU0436814,1,225,3,1
2023HU0436814,2,225,3,1
2023HU0436814,3,225,3,1
2023HU0436814,4,225,3,1
2023HU0436823,1,501,1,1
2023HU0436823,2,501,1,1
2023HU0436823,3,501,1,1
2023HU0436823,4,501,1,1
2023HU0436857,1,310,1,1
2023HU0436857,2,383,1,1
2023HU0436857,3,310,1,1
2023HU0436857,4,310,1,1
2023HU0437031,1,217,1,1
2023HU0437031,2,217,1,1
2023HU0437031,3,217,1,1
2023HU0437031,4,217,1,1
2023HU0437031,5,217,1,1
2023HU0437195,1,178,2,1
2023HU0437272,1,130,2,1
2023HU0437299,1,501,1,1
2023HU0437299,2,501,1,1
2023HU0437299,3,501,1,1
2023HU0437299,4,501,1,1
2023HU0437366,1,343,1,1
2023HU0437366,2,343,1,1
2023HU0437366,3,343,1,1
2023HU0437366,4,343,1,1
2023HU0437366,5,343,1,1
2023HU0437474,1,501,1,1
2023HU0437474,2,501,1,1
2023HU0437474,3,501,1,1
2023HU0437557,1,501,1,1
2023HU0437557,2,501,1,1
2023HU0437557,3,501,1,1
2023HU0437643,1,291,2,1
2023HU0437643,2,291,2,1
2023HU0437643,3,291,2,1
2023HU0437643,4,291,2,1
2023HU0437703,1,420,3,1
2023HU0437828,1,487,2,1
2023HU0437828,2,487,2,1
2023HU0437828,3,487,2,1
2023HU0437908,1,501,1,1
2023HU0437908,2,501,1,1
2023HU0437944,1,326,3,1
2023HU0438112,1,501,1,1
2023HU0438112,2,501,1,1
2023HU0438112,3,501,1,1
2023HU0438165,1,59,3,1
2023HU0438165,2,295,3,1
2023HU0438484,1,501,1,1
2023HU0438484,2,501,1,1
2023HU0438484,3,501,1,1
2023HU0438484,4,501,1,1
2023HU0438554,1,446,3,1
2023HU0438599,1,79,3,1
2023HU0438730,1,392,1,1
2023HU0438730,2,392,1,1
2023HU0438780,1,66,3,1
2023HU0438780,2,66,3,1
2023HU0438780,3,66,3,1
2023HU0438780,4,66,3,1
2023HU0438844,1,203,1,1
2023HU0438844,2,203,1,1
2023HU0439020,1,468,2,1
2023HU0439020,2,468,2,1
2023HU0439058,1,501,1,1
2023HU0439058,2,501,1,1
2023HU0439058,3,501,1,1
2023HU0439058,4,501,1,1
2023HU0439202,1,434,1,1
2023HU0439202,2,434,1,1
2023HU0439202,3,434,1,1
2023HU0439205,1,501,2,1
2023HU0439205,2,501,2,1
2023HU0439205,3,501,2,1
2023HU0439206,1,337,2,1
2023HU0439206,2,337,2,1
2023HU0439289,1,196,1,1
2023HU0439289,2,196,1,1
2023HU0439484,1,469,3,1
2023HU0439563,1,230,1,1
2023HU0439563,2,230,1,1
2023HU0439563,3,230,1,1
2023HU0439563,4,259,1,1
2023HU0439611,1,224,3,1
2023HU0439754,1,492,1,1
2023HU0439754,2,492,1,1
2023HU0439754,3,492,1,1
2023HU0439761,1,501,3,1
2023HU0439872,1,501,3,1
2023HU0440395,1,438,2,1
2023HU0440395,2,438,2,1
2023HU0440395,3,438,2,1
2023HU0440395,4,438,2,1
2023HU0440429,1,501,1,1
2023HU0440429,2,501,1,1
2023HU0440486,1,501,3,1
2023HU0440637,1,433,1,1
2023HU0440637,2,433,1,1
2023HU0440637,3,433,1,1
2023HU0440637,4,433,1,1
2023HU0440740,1,501,1,1
2023HU0440785,1,322,2,1
2023HU0441008,1,501,3,1
2023HU0441008,2,501,3,1
2023HU0441008,3,258,3,1
2023HU0441008,4,129,3,1
2023HU0441332,1,328,3,1
2023HU0441332,2,361,3,1
2023HU0441452,1,501,3,1
2023HU0441607,1,141,3,1
2023HU0441822,1,118,3,1
2023HU0441822,2,118,3,1
2023HU0441842,1,435,1,1
2023HU0441842,2,435,1,1
2023HU0441842,3,435,1,1
2023HU0441842,4,435,1,1
2023HU0441842,5,435,1,1
2023HU0441849,1,419,1,1
2023HU0441849,2,419,1,1
2023HU0441849,3,419,1,1
2023HU0441867,1,483,3,1
2023HU0441990,1,501,3,1
2023HU0441995,1,62,3,1
2023HU0442058,1,501,1,1
2023HU0442058,2,501,1,1
2023HU0442058,3,501,1,1
2023HU0442201,1,113,1,1
2023HU0442201,2,113,1,1
2023HU0442222,1,106,1,1
2023HU0442222,2,106,1,1
2023HU0442222,3,106,1,1
2023HU0442222,4,106,1,1
2023HU0442346,1,390,3,1
2023HU0442466,1,426,3,1
2023HU0442466,2,426,3,1
2023HU0442556,1,83,2,1
2023HU0442565,1,378,2,1
2023HU0442637,1,501,1,1
2023HU0442637,2,501,1,1
2023HU0442781,1,501,1,1
2023HU0442781,2,501,1,1
2023HU0442875,1,94,2,1
2023HU0442980,1,501,1,1
2023HU0442980,2,501,1,1
2023HU0443077,1,423,1,1
2023HU0443077,2,423,1,1
2023HU0443103,1,49,1,1
2023HU0443140,1,439,2,1
2023HU0443327,1,501,3,1
2023HU0443378,1,424,1,1
2023HU0443378,2,424,1,1
2023HU0443378,3,424,1,1
2023HU0443378,4,424,1,1
2023HU0443601,1,242,2,1
2023HU0443628,1,344,2,1
2023HU0443628,2,344,2,1
2023HU0443669,1,304,1,1
2023HU0443669,2,304,1,1
2023HU0443693,1,8,2,1
2023HU0443693,2,8,2,1
2023HU0443704,1,446,1,1
2023HU0443712,1,353,3,1
2023HU0443758,1,501,1,1
2023HU0443758,2,501,1,1
2023HU0443977,1,163,3,1
2023HU0443977,2,163,3,1
2023HU0443977,3,163,3,1
2023HU0443977,4,163,3,1
2023HU0443977,5,163,3,1
2023HU0444042,1,501,2,1
2023HU0444042,2,501,2,1
2023HU0444120,1,501,3,1
2023HU0444120,2,501,3,1
2023HU0444212,1,501,3,1
2023HU0444316,1,233,1,1
2023HU0444318,1,501,1,1
2023HU0444318,2,501,1,1
2023HU0444318,3,501,1,1
2023HU0444318,4,501,1,1
2023HU0444318,5,501,1,1
2023HU0444365,1,501,1,1
2023HU0444365,2,501,1,1
2023HU0444390,1,446,3,1
2023HU0444501,1,385,3,1
2023HU0444552,1,360,2,1
2023HU0444612,1,350,1,1
2023HU0444612,2,319,1,1
2023HU0444729,1,501,1,1
2023HU0444843,1,394,2,1
2023HU0445004,1,501,3,1
2023HU0445004,2,501,3,1
2023HU0445131,1,44,3,1
2023HU0445135,1,0,3,1
2023HU0445158,1,0,3,1
2023HU0445473,1,182,3,1
2023HU0445473,2,182,3,1
2023HU0445519,1,501,1,1
2023HU0445519,2,501,1,1
2023HU0445683,1,249,3,1
2023HU0445763,1,241,3,1
2023HU0445763,2,241,3,1
2023HU0445800,1,183,3,1
2023HU0446116,1,50,3,1
2023HU0446116,2,50,3,1
2023HU0446116,3,50,3,1
2023HU0446320,1,329,1,1
2023HU0446320,2,329,1,1
2023HU0446333,1,335,1,1
2023HU0446333,2,335,1,1
2023HU0446333,3,335,1,1
2023HU0446333,4,335,1,1
2023HU0446333,5,335,1,1
2023HU0446459,1,415,2,1
2023HU0446466,1,501,1,1
2023HU0446466,2,501,1,1
2023HU0446472,1,303,2,1
2023HU0446563,1,370,2,1
2023HU0446563,2,370,2,1
2023HU0446568,1,194,3,1
2023HU0446846,1,352,2,1
2023HU0446846,2,352,2,1
2023HU0447015,1,0,3,1
2023HU0447037,1,29,3,1
2023HU0447065,1,501,1,1
2023HU0447175,1,501,1,1
2023HU0447249,1,501,1,1
2023HU0447249,2,501,1,1
2023HU0447249,3,501,1,1
2023HU0447253,1,501,1,1
2023HU0447253,2,501,1,1
2023HU0447280,1,458,2,1
2023HU0447280,2,90,2,1
2023HU0447511,1,401,2,1
2023HU0447511,2,401,2,1
2023HU0447511,3,401,2,1
2023HU0447563,1,360,2,1
2023HU0447563,2,360,2,1
2023HU0447563,3,360,2,1
2023HU0447585,1,501,3,1
2023HU0447585,2,340,3,1
2023HU0447585,3,501,3,1
2023HU0447647,1,501,3,1
2023HU0447647,2,501,3,1
2023HU0447660,1,391,3,1
2023HU0447660,2,391,3,1
2023HU0447660,3,391,3,1
2023HU0447697,1,501,3,1
2023HU0447754,1,501,2,1
2023HU0447756,1,501,3,1
2023HU0447756,2,441,3,1
2023HU0447785,1,501,2,1
2023HU0447785,2,501,2,1
2023HU0447795,1,501,2,1
2023HU0447795,2,501,2,1
2023HU0447819,1,291,2,1
2023HU0447819,2,291,2,1
2023HU0447821,1,501,1,1
2023HU0447821,2,501,1,1
2023HU0447972,1,265,1,1
2023HU0447972,2,265,1,1
2023HU0447972,3,216,1,1
2023HU0447972,4,152,1,1
2023HU0447972,5,,1,1
2023HU0448084,1,386,1,1
2023HU0448084,2,501,1,1
2023HU0448084,3,386,1,1
2023HU0448084,4,386,1,1
2023HU0448211,1,50,3,1
2023HU0448211,2,50,3,1
2023HU0448211,3,50,3,1
2023HU0448211,4,50,3,1
2023HU0448211,5,50,3,1
2023HU0448220,1,203,1,1
2023HU0448220,2,203,1,1
2023HU0448220,3,203,1,1
2023HU0448220,4,203,1,1
2023HU0448294,1,501,1,1
2023HU0448294,2,501,1,1
2023HU0448294,3,501,1,1
2023HU0448337,1,501,1,1
2023HU0448337,2,501,1,1
2023HU0448337,3,501,1,1
2023HU0448456,1,501,3,1
2023HU0448456,2,501,3,1
2023HU0448456,3,501,3,1
2023HU0448457,1,501,1,1
2023HU0448457,2,501,1,1
2023HU0448467,1,501,2,1
2023HU0448469,1,107,2,1
2023HU0448481,1,20,2,1
2023HU0448528,1,39,1,1
2023HU0448528,2,39,1,1
2023HU0448528,3,39,1,1
2023HU0448528,4,39,1,1
2023HU0448528,5,39,1,1
2023HU0448740,1,205,3,1
2023HU0448740,2,205,3,1
2023HU0448740,3,205,3,1
2023HU0448740,4,205,3,1
2023HU0448740,5,205,3,1
2023HU0448765,1,501,1,1
2023HU0448765,2,501,1,1
2023HU0448765,3,501,1,1
2023HU0448765,4,501,1,1
2023HU0448834,1,376,1,1
2023HU0448894,1,426,2,1
2023HU0448930,1,144,3,1
2023HU0448930,2,144,3,1
2023HU0448966,1,501,1,1
2023HU0448966,2,501,1,1
2023HU0448966,3,501,1,1
2023HU0449295,1,230,3,1
2023HU0449295,2,230,3,1
2023HU0449295,3,230,3,1
2023HU0449295,4,230,3,1
2023HU0449295,5,230,3,1
2023HU0449332,1,494,3,1
2023HU0449332,2,494,3,1
2023HU0449336,1,501,1,1
2023HU0449380,1,501,3,1
2023HU0449613,1,501,1,1
2023HU0449613,2,501,1,1
2023HU0449647,1,9,3,1
2023HU0449647,2,9,3,1
2023HU0449758,1,47,3,1
2023HU0449942,1,38,2,1
2023HU0450054,1,501,1,1
2023HU0450054,2,501,1,1
2023HU0450106,1,501,1,1
2023HU0450106,2,501,1,1
2023HU0450106,3,501,1,1
2023HU0450112,1,501,2,1
2023HU0450112,2,501,2,1
2023HU0450342,1,501,1,1
2023HU0450342,2,501,1,1
2023HU0450342,3,501,1,1
2023HU0450355,1,229,3,1
2023HU0450533,1,297,2,1
2023HU0450533,2,297,2,1
2023HU0450610,1,501,1,1
2023HU0450610,2,501,1,1
2023HU0450943,1,453,4,1
2023HU0450949,1,236,3,1
2023HU0450949,2,236,3,1
2023HU0451030,1,146,2,1
2023HU0451278,1,252,2,1
2023HU0451278,2,294,2,1
2023HU0451278,3,252,2,1
2023HU0451395,1,501,1,1
2023HU0451452,1,320,1,1
2023HU0451547,1,501,2,1
2023HU0451547,2,501,2,1
2023HU0451651,1,65,1,1
2023HU0451651,2,65,1,1
2023HU0451673,1,501,1,1
2023HU0451673,2,501,1,1
2023HU0451673,3,501,1,1
2023HU0451673,4,501,1,1
2023HU0451832,1,488,1,1
2023HU0451832,2,488,1,1
2023HU0451832,3,488,1,1
2023HU0451832,4,488,1,1
2023HU0451832,5,488,1,1
2023HU0451832,6,488,1,1
2023HU0451832,7,488,1,1
2023HU0451832,8,488,1,1
2023HU0451974,1,170,1,1
2023HU0451974,2,329,1,1
2023HU0451974,3,170,1,1
2023HU0452088,1,501,1,1
2023HU0452088,2,501,1,1
2023HU0452110,1,501,1,1
2023HU0452110,2,501,1,1
2023HU0452110,3,501,1,1
2023HU0452371,1,501,3,1
2023HU0452371,2,501,3,1
2023HU0452552,1,73,3,1
2023HU0452552,2,73,3,1
2023HU0452552,3,73,3,1
2023HU0452552,4,73,3,1
2023HU0452658,1,440,3,1
2023HU0452658,2,501,3,1
2023HU0452658,3,440,3,1
2023HU0452694,1,327,2,1
2023HU0452694,2,327,2,1
2023HU0452694,3,327,2,1
2023HU0452694,4,327,2,1
2023HU0452694,5,327,2,1
2023HU0452730,1,501,1,1
2023HU0452730,2,501,1,1
2023HU0452730,3,501,1,1
2023HU0452730,4,501,1,1
2023HU0452751,1,501,2,1
2023HU0452751,2,501,2,1
2023HU0452905,1,491,1,1
2023HU0452905,2,491,1,1
2023HU0452905,3,491,1,1
2023HU0452905,4,491,1,1
2023HU0452905,5,491,1,1
2023HU0453176,1,501,2,1
2023HU0453176,2,501,2,1
2023HU0453200,1,501,2,1
2023HU0453232,1,501,2,1
2023HU0453232,2,501,2,1
2023HU0453232,3,501,2,1
2023HU0453232,4,501,2,1
2023HU0453328,1,501,2,1
2023HU0453328,2,501,2,1
2023HU0453359,1,501,2,1
2023HU0453359,2,501,2,1
2023HU0453379,1,501,2,1
2023HU0453379,2,501,2,1
2023HU0453379,3,501,2,1
2023HU0453458,1,466,2,1
2023HU0453519,1,501,2,1
2023HU0453550,1,501,1,1
2023HU0453550,2,501,1,1
2023HU0453550,3,501,1,1
2023HU0453550,4,501,1,1
2023HU0453550,5,501,1,1
2023HU0453666,1,111,3,1
2023HU0453682,1,501,2,1
2023HU0453682,2,501,2,1
2023HU0453682,3,501,2,1
2023HU0453682,4,501,2,1
2023HU0453865,1,501,2,1
2023HU0453865,2,501,2,1
2023HU0454055,1,168,1,1
2023HU0454055,2,501,1,1
2023HU0454059,1,167,3,1
2023HU0454126,1,501,3,1
2023HU0454131,1,78,3,1
2023HU0454131,2,64,3,1
2023HU0454263,1,501,1,1
2023HU0454263,2,501,1,1
2023HU0454265,1,501,2,1
2023HU0454265,2,501,2,1
2023HU0454265,3,501,2,1
2023HU0454265,4,501,2,1
2023HU0454328,1,501,3,1
2023HU0454328,2,501,3,1
2023HU0454341,1,501,3,1
2023HU0454341,2,501,3,1
2023HU0454341,3,501,3,1
2023HU0454410,1,501,3,1
2023HU0454442,1,501,1,1
2023HU0454442,2,501,1,1
2023HU0454442,3,501,1,1
2023HU0454442,4,501,1,1
2023HU0454497,1,501,1,1
2023HU0454497,2,501,1,1
2023HU0454554,1,28,1,1
2023HU0454554,2,28,1,1
2023HU0454615,1,501,2,1
2023HU0454615,2,501,2,1
2023HU0454615,3,501,2,1
2023HU0454615,4,501,2,1
2023HU0454734,1,270,1,1
2023HU0454822,1,78,3,1
2023HU0454822,2,78,3,1
2023HU0454822,3,78,3,1
2023HU0454822,4,78,3,1
2023HU0455018,1,501,1,1
2023HU0455018,2,109,1,1
2023HU0455043,1,0,2,1
2023HU0455043,2,0,2,1
2023HU0455098,1,501,1,1
2023HU0455098,2,501,1,1
2023HU0455160,1,345,1,1
2023HU0455160,2,345,1,1
2023HU0455160,3,345,1,1
2023HU0455160,4,345,1,1
2023HU0455160,5,345,1,1
2023HU0455160,6,345,1,1
2023HU0455160,7,345,1,1
2023HU0455178,1,501,3,1
2023HU0455316,1,501,2,1
2023HU0455501,1,179,3,1
2023HU0455661,1,374,3,1
2023HU0455661,2,374,3,1
2023HU0455687,1,445,3,1
2023HU0455689,1,501,3,1
2023HU0455689,2,196,3,1
2023HU0455689,3,501,3,1
2023HU0455724,1,501,1,1
2023HU0455755,1,501,1,1
2023HU0455773,1,501,3,1
2023HU0455827,1,501,1,1
2023HU0455827,2,501,1,1
2023HU0455847,1,501,2,1
2023HU0455847,2,501,2,1
2023HU0456036,1,220,1,1
2023HU0456036,2,220,1,1
2023HU0456048,1,432,3,1
2023HU0456095,1,188,1,1
2023HU0456095,2,188,1,1
2023HU0456095,3,188,1,1
2023HU0456120,1,501,1,1
2023HU0456120,2,501,1,1
2023HU0456120,3,501,1,1
2023HU0456156,1,129,3,1
2023HU0456199,1,447,3,1
2023HU0456248,1,501,3,1
2023HU0456248,2,501,3,1
2023HU0456255,1,166,1,1
2023HU0456376,1,501,2,1
2023HU0456376,2,501,2,1
2023HU0456680,1,501,2,1
2023HU0456680,2,501,2,1
2023HU0456680,3,501,2,1
2023HU0456757,1,363,3,1
2023HU0456757,2,363,3,1
2023HU0456757,3,363,3,1
2023HU0456757,4,363,3,1
2023HU0456757,5,363,3,1
2023HU0456820,1,501,2,1
2023HU0456820,2,501,2,1
2023HU0456820,3,501,2,1
2023HU0456832,1,276,1,1
2023HU0456832,2,276,1,1
2023HU0457264,1,72,2,1
2023HU0457337,1,501,3,1
2023HU0457359,1,375,2,1
2023HU0457416,1,501,1,1
2023HU0457416,2,501,1,1
2023HU0457416,3,501,1,1
2023HU0457416,4,501,1,1
2023HU0457628,1,115,3,1
2023HU0457692,1,501,1,1
2023HU0457692,2,501,1,1
2023HU0457925,1,501,1,1
2023HU0457951,1,465,1,1
2023HU0458012,1,501,1,1
2023HU0458012,2,501,1,1
2023HU0458034,1,501,1,1
2023HU0458034,2,501,1,1
2023HU0458034,3,501,1,1
2023HU0458034,4,501,1,1
2023HU0458241,1,501,1,1
2023HU0458241,2,501,1,1
2023HU0458241,3,501,1,1
2023HU0458306,1,319,1,1
2023HU0458310,1,501,1,1
2023HU0458310,2,501,1,1
2023HU0458310,3,501,1,1
2023HU0458310,4,501,1,1
2023HU0458885,1,495,2,1
2023HU0458885,2,495,2,1
2023HU0458885,3,495,2,1
2023HU0458892,1,383,3,1
2023HU0459153,1,0,2,1
2023HU0459194,1,423,1,1
2023HU0459194,2,423,1,1
2023HU0459194,3,423,1,1
2023HU0459194,4,423,1,1
2023HU0459377,1,166,3,1
2023HU0459387,1,442,1,1
2023HU0459387,2,442,1,1
2023HU0459387,3,442,1,1
2023HU0459387,4,442,1,1
2023HU0459439,1,501,2,1
2023HU0459439,2,501,2,1
2023HU0459439,3,501,2,1
2023HU0459439,4,501,2,1
2023HU0459468,1,501,3,1
2023HU0459468,2,501,3,1
2023HU0459586,1,501,3,1
2023HU0459586,2,501,3,1
2023HU0459933,1,501,1,1
2023HU0459992,1,193,2,1
2023HU0459992,2,193,2,1
2023HU0459992,3,193,2,1
2023HU0459992,4,193,2,1
2023HU0459992,5,193,2,1
2023HU0460076,1,501,3,1
2023HU0460175,1,253,1,1
2023HU0460175,2,253,1,1
2023HU0460175,3,253,1,1
2023HU0460176,1,180,1,1
2023HU0460176,2,180,1,1
2023HU0460261,1,501,1,1
2023HU0460274,1,501,2,1
2023HU0460416,1,289,3,1
2023HU0460421,1,501,2,1
2023HU0460421,2,501,2,1
2023HU0460421,3,501,2,1
2023HU0460455,1,383,2,1
2023HU0460455,2,383,2,1
2023HU0460455,3,383,2,1
2023HU0460455,4,383,2,1
2023HU0460533,1,373,2,1
2023HU0460663,1,95,2,1
2023HU0460706,1,133,2,1
2023HU0460706,2,133,2,1
2023HU0460975,1,501,1,1
2023HU0460975,2,501,1,1
2023HU0461167,1,158,1,1
2023HU0461167,2,158,1,1
2023HU0461167,3,158,1,1
2023HU0461167,4,158,1,1
2023HU0461222,1,295,3,1
2023HU0461222,2,217,3,1
2023HU0461284,1,501,1,1
2023HU0461284,2,501,1,1
2023HU0461284,3,501,1,1
2023HU0461284,4,501,1,1
2023HU0461284,5,501,1,1
2023HU0461400,1,461,3,1
2023HU0461400,2,461,3,1
2023HU0461400,3,461,3,1
2023HU0461400,4,461,3,1
2023HU0461544,1,501,1,1
2023HU0461544,2,501,1,1
2023HU0461563,1,501,3,1
2023HU0461563,2,501,3,1
2023HU0461563,3,501,3,1
2023HU0461640,1,501,2,1
2023HU0461640,2,501,2,1
2023HU0461734,1,501,1,1
2023HU0461734,2,501,1,1
2023HU0461742,1,501,1,1
2023HU0461742,2,501,1,1
2023HU0461742,3,501,1,1
2023HU0461756,1,501,3,1
2023HU0461756,2,501,3,1
2023HU0461756,3,501,3,1
2023HU0461756,4,501,3,1
2023HU0461846,1,105,1,1
2023HU0461846,2,105,1,1
2023HU0461897,1,501,3,1
2023HU0461936,1,224,2,1
2023HU0461936,2,224,2,1
2023HU0461936,3,224,2,1
2023HU0461936,4,224,2,1
2023HU0461936,5,224,2,1
2023HU0461936,6,224,2,1
2023HU0461984,1,241,3,1
2023HU0462032,1,391,1,1
2023HU0462032,2,391,1,1
2023HU0462077,1,101,3,1
2023HU0462077,2,101,3,1
2023HU0462223,1,84,2,1
2023HU0462223,2,84,2,1
2023HU0462223,3,84,2,1
2023HU0462288,1,411,1,1
2023HU0462296,1,295,2,1
2023HU0462296,2,295,2,1
2023HU0462296,3,295,2,1
2023HU0462507,1,501,1,1
2023HU0462507,2,501,1,1
2023HU0462507,3,501,1,1
2023HU0462517,1,501,1,1
2023HU0462554,1,190,4,1
2023HU0462554,2,190,4,1
2023HU0462554,3,190,4,1
2023HU0462554,4,190,4,1
2023HU0462595,1,325,3,1
2023HU0462677,1,501,3,1
2023HU0462677,2,221,3,1
2023HU0462764,1,501,2,1
2023HU0462764,2,501,2,1
2023HU0462786,1,256,1,1
2023HU0462786,2,256,1,1
2023HU0462786,3,256,1,1
2023HU0462786,4,256,1,1
2023HU0462801,1,305,1,1
2023HU0462801,2,305,1,1
2023HU0462801,3,305,1,1
2023HU0462801,4,305,1,1
2023HU0462801,5,305,1,1
2023HU0462802,1,493,3,1
2023HU0462802,2,348,3,1
2023HU0462802,3,379,3,1
2023HU0462808,1,63,3,1
2023HU0462831,1,501,2,1
2023HU0462831,2,501,2,1
2023HU0462865,1,501,1,1
2023HU0462865,2,501,1,1
2023HU0462865,3,501,1,1
2023HU0462933,1,317,1,1
2023HU0463064,1,501,2,1
2023HU0463068,1,501,2,1
2023HU0463068,2,501,2,1
2023HU0463116,1,82,3,1
2023HU0463234,1,102,3,1
2023HU0463292,1,319,1,1
2023HU0463292,2,325,1,1
2023HU0463292,3,319,1,1
2023HU0463373,1,410,2,1
2023HU0463373,2,410,2,1
2023HU0463373,3,410,2,1
2023HU0463710,1,83,3,1
2023HU0463710,2,83,3,1
2023HU0463710,3,83,3,1
2023HU0463729,1,501,1,1
2023HU0463729,2,501,1,1
2023HU0463729,3,501,1,1
2023HU0463918,1,501,2,1
2023HU0463918,2,501,2,1
2023HU0464010,1,501,3,1
2023HU0464010,2,501,3,1
2023HU0464219,1,312,1,1
2023HU0464219,2,312,1,1
2023HU0464219,3,312,1,1
2023HU0464325,1,476,2,1
2023HU0464325,2,476,2,1
2023HU0464325,3,476,2,1
2023HU0464394,1,501,1,1
2023HU0464394,2,501,1,1
2023HU0464394,3,501,1,1
2023HU0464421,1,501,2,1
2023HU0464421,2,501,2,1
2023HU0464421,3,501,2,1
2023HU0464603,1,38,3,1
2023HU0464603,2,82,3,1
2023HU0464692,1,501,3,1
2023HU0465110,1,185,1,1
2023HU0465110,2,185,1,1
2023HU0465110,3,185,1,1
2023HU0465110,4,185,1,1
2023HU0465110,5,185,1,1
2023HU0465192,1,501,2,1
2023HU0465192,2,501,2,1
2023HU0465255,1,434,1,1
2023HU0465255,2,434,1,1
2023HU0465255,3,434,1,1
2023HU0465255,4,434,1,1
2023HU0465328,1,497,2,1
2023HU0465328,2,497,2,1
2023HU0465328,3,497,2,1
2023HU0465388,1,501,1,1
2023HU0465426,1,501,2,1
2023HU0465426,2,501,2,1
2023HU0465445,1,501,1,1
2023HU0465445,2,501,1,1
2023HU0465685,1,501,1,1
2023HU0465693,1,501,1,1
2023HU0465693,2,501,1,1
2023HU0465710,1,501,1,1
2023HU0465710,2,501,1,1
2023HU0465710,3,501,1,1
2023HU0465710,4,501,1,1
2023HU0465710,5,501,1,1
2023HU0465714,1,349,1,1
2023HU0465714,2,349,1,1
2023HU0465714,3,349,1,1
2023HU0465714,4,349,1,1
2023HU0465714,5,349,1,1
2023HU0465714,6,349,1,1
2023HU0465811,1,144,3,1
2023HU0465811,2,64,3,1
2023HU0465880,1,501,1,1
2023HU0465880,2,501,1,1
2023HU0466351,1,269,2,1
2023HU0466518,1,501,1,1
2023HU0466518,2,487,1,1
2023HU0466561,1,0,2,1
2023HU0466567,1,60,3,1
2023HU0466567,2,60,3,1
2023HU0466593,1,501,1,1
2023HU0466593,2,501,1,1
2023HU0466593,3,501,1,1
2023HU0466593,4,501,1,1
2023HU0466768,1,261,2,1
2023HU0466768,2,261,2,1
2023HU0466768,3,261,2,1
2023HU0466905,1,267,2,1
2023HU0466905,2,267,2,1
2023HU0466966,1,501,1,1
2023HU0466966,2,501,1,1
2023HU0466966,3,501,1,1
2023HU0466966,4,501,1,1
2023HU0467051,1,501,1,1
2023HU0467051,2,501,1,1
2023HU0467051,3,501,1,1
2023HU0467051,4,501,1,1
2023HU0467051,5,501,1,1
2023HU0467058,1,82,1,1
2023HU0467058,2,0,1,1
2023HU0467108,1,233,2,1
2023HU0467108,2,18,2,1
2023HU0467289,1,8,3,1
2023HU0467292,1,501,1,1
2023HU0467292,2,501,1,1
2023HU0467292,3,501,1,1
2023HU0467292,4,501,1,1
2023HU0467292,5,501,1,1
2023HU0467329,1,79,3,1
2023HU0467404,1,319,3,1
2023HU0467466,1,501,1,1
2023HU0467582,1,501,1,1
2023HU0467610,1,501,1,1
2023HU0467651,1,189,2,1
2023HU0467651,2,189,2,1
2023HU0467651,3,189,2,1
2023HU0467651,4,189,2,1
2023HU0467657,1,501,1,1
2023HU0467657,2,501,1,1
2023HU0467689,1,168,3,1
2023HU0467689,2,135,3,1
2023HU0467817,1,422,3,1
2023HU0468004,1,257,3,1
2023HU0468004,2,257,3,1
2023HU0468004,3,257,3,1
2023HU0468004,4,257,3,1
2023HU0468004,5,257,3,1
2023HU0468029,1,501,1,1
2023HU0468029,2,501,1,1
2023HU0468029,3,501,1,1
2023HU0468102,1,501,1,1
2023HU0468102,2,501,1,1
2023HU0468261,1,155,2,1
2023HU0468261,2,204,2,1
2023HU0468282,1,501,3,1
2023HU0468282,2,501,3,1
2023HU0468701,1,501,1,1
2023HU0468701,2,501,1,1
2023HU0468701,3,501,1,1
2023HU0468701,4,501,1,1
2023HU0468701,5,501,1,1
2023HU0468737,1,498,1,1
2023HU0468856,1,501,1,1
2023HU0468863,1,501,1,1
2023HU0468863,2,501,1,1
2023HU0468863,3,501,1,1
2023HU0468863,4,501,1,1
2023HU0468863,5,501,1,1
2023HU0468863,6,501,1,1
2023HU0468947,1,339,1,1
2023HU0468947,2,339,1,1
2023HU0468947,3,339,1,1
2023HU0468947,4,339,1,1
2023HU0468947,5,339,1,1
2023HU0468999,1,277,1,1
2023HU0468999,2,277,1,1
2023HU0468999,3,277,1,1
2023HU0469098,1,250,3,1
2023HU0469098,2,250,3,1
2023HU0469098,3,250,3,1
2023HU0469098,4,250,3,1
2023HU0469098,5,250,3,1
2023HU0469098,6,250,3,1
2023HU0469098,7,250,3,1
2023HU0469098,8,250,3,1
2023HU0469179,1,452,1,1
2023HU0469179,2,452,1,1
2023HU0469179,3,452,1,1
2023HU0469179,4,452,1,1
2023HU0469179,5,452,1,1
2023HU0469179,6,452,1,1
2023HU0469220,1,352,2,1
2023HU0469220,2,352,2,1
2023HU0469220,3,352,2,1
2023HU0469220,4,352,2,1
2023HU0469504,1,81,3,1
2023HU0469514,1,501,3,1
2023HU0469619,1,101,1,1
2023HU0469619,2,101,1,1
2023HU0469639,1,501,3,1
2023HU0469673,1,499,3,1
2023HU0469673,2,9,3,1
2023HU0469700,1,351,1,1
2023HU0469700,2,253,1,1
2023HU0469719,1,501,1,1
2023HU0469719,2,501,1,1
2023HU0469719,3,501,1,1
2023HU0469853,1,15,2,1
2023HU0469864,1,501,1,1
2023HU0469870,1,413,2,1
2023HU0469946,1,385,3,1
2023HU0469959,1,130,2,1
2023HU0469959,2,130,2,1
2023HU0469970,1,501,2,1
2023HU0469970,2,501,2,1
2023HU0469970,3,501,2,1
2023HU0469970,4,501,2,1
2023HU0469985,1,260,1,1
2023HU0469985,2,226,1,1
2023HU0469985,3,260,1,1
2023HU0470034,1,144,3,1
2023HU0470458,1,501,2,1
2023HU0470458,2,501,2,1
2023HU0470458,3,501,2,1
2023HU0470458,4,501,2,1
2023HU0470491,1,501,1,1
2023HU0470491,2,501,1,1
2023HU0470491,3,501,1,1
2023HU0470596,1,364,2,1
2023HU0470596,2,364,2,1
2023HU0470610,1,260,2,1
2023HU0470610,2,260,2,1
2023HU0470628,1,501,1,1
2023HU0470628,2,501,1,1
2023HU0470628,3,501,1,1
2023HU0470628,4,501,1,1
2023HU0470839,1,62,3,1
2023HU0470839,2,62,3,1
2023HU0470839,3,62,3,1
2023HU0470839,4,62,3,1
2023HU0470967,1,463,3,1
2023HU0470967,2,463,3,1
2023HU0471020,1,501,2,1
2023HU0471103,1,501,1,1
2023HU0471103,2,501,1,1
2023HU0471103,3,501,1,1
2023HU0471103,4,501,1,1
2023HU0471103,5,501,1,1
2023HU0471271,1,501,3,1
2023HU0471271,2,501,3,1
2023HU0471271,3,501,3,1
2023HU0471278,1,299,1,1
2023HU0471338,1,501,3,1
2023HU0471475,1,501,1,1
2023HU0471475,2,501,1,1
2023HU0471475,3,501,1,1
2023HU0471475,4,501,1,1
2023HU0471475,5,501,1,1
2023HU0471486,1,501,3,1
2023HU0471486,2,287,3,1
2023HU0471486,3,447,3,1
2023HU0471506,1,501,3,1
2023HU0471506,2,501,3,1
2023HU0471560,1,501,1,1
2023HU0471560,2,501,1,1
2023HU0471560,3,501,1,1
2023HU0471609,1,459,1,1
2023HU0471609,2,459,1,1
2023HU0471649,1,388,1,1
2023HU0471686,1,444,1,1
2023HU0471686,2,444,1,1
2023HU0471758,1,501,2,1
2023HU0471758,2,501,2,1
2023HU0471958,1,351,1,1
2023HU0471958,2,351,1,1
2023HU0471958,3,351,1,1
2023HU0471961,1,128,2,1
2023HU0471961,2,128,2,1
2023HU0471961,3,128,2,1
2023HU0472056,1,145,3,1
2023HU0472129,1,501,1,1
2023HU0472129,2,501,1,1
2023HU0472129,3,501,1,1
2023HU0472237,1,287,3,1
2023HU0472270,1,77,2,1
2023HU0472358,1,501,3,1
2023HU0472358,2,501,3,1
2023HU0472358,3,501,3,1
2023HU0472484,1,501,1,1
2023HU0472484,2,501,1,1
2023HU0472484,3,501,1,1
2023HU0472484,4,501,1,1
2023HU0472565,1,148,3,1
2023HU0472565,2,148,3,1
2023HU0472565,3,148,3,1
2023HU0472565,4,148,3,1
2023HU0472638,1,501,3,1
2023HU0472708,1,501,2,1
2023HU0472796,1,14,2,1
2023HU0473000,1,501,2,1
2023HU0473000,2,501,2,1
2023HU0473000,3,501,2,1
2023HU0473295,1,131,3,1
2023HU0473357,1,478,2,1
2023HU0473357,2,478,2,1
2023HU0473365,1,501,1,1
2023HU0473365,2,501,1,1
2023HU0473365,3,501,1,1
2023HU0473365,4,501,1,1
2023HU0473365,5,501,1,1
2023HU0473365,6,501,1,1
2023HU0473549,1,501,1,1
2023HU0473549,2,501,1,1
2023HU0473549,3,501,1,1
2023HU0473549,4,501,1,1
2023HU0473867,1,374,2,1
2023HU0473867,2,374,2,1
2023HU0473922,1,69,3,1
2023HU0473922,2,69,3,1
2023HU0473922,3,69,3,1
2023HU0473922,4,69,3,1
2023HU0473922,5,69,3,1
2023HU0473922,6,69,3,1
2023HU0474140,1,129,3,1
2023HU0474140,2,129,3,1
2023HU0474182,1,501,1,1
2023HU0474182,2,501,1,1
2023HU0474182,3,501,1,1
2023HU0474427,1,403,1,1
2023HU0474427,2,403,1,1
2023HU0474427,3,403,1,1
2023HU0474536,1,501,3,1
2023HU0474601,1,128,1,1
2023HU0474621,1,313,2,1
2023HU0474621,2,313,2,1
2023HU0474805,1,501,1,1
2023HU0474959,1,238,1,1
2023HU0474990,1,501,1,1
2023HU0475072,1,384,3,1
2023HU0475266,1,360,1,1
2023HU0475266,2,360,1,1
2023HU0475266,3,360,1,1
2023HU0475266,4,360,1,1
2023HU0475370,1,501,2,1
2023HU0475370,2,501,2,1
2023HU0475370,3,501,2,1
2023HU0475370,4,501,2,1
2023HU0475370,5,501,2,1
2023HU0475395,1,501,1,1
2023HU0475395,2,501,1,1
2023HU0475395,3,501,1,1
2023HU0475395,4,501,1,1
2023HU0475442,1,434,2,1
2023HU0475442,2,434,2,1
2023HU0475443,1,501,1,1
2023HU0475443,2,0,1,1
2023HU0475498,1,501,3,1
2023HU0475498,2,501,3,1
2023HU0475504,1,501,1,1
2023HU0475504,2,501,1,1
2023HU0475504,3,501,1,1
2023HU0475696,1,98,1,1
2023HU0475696,2,98,1,1
2023HU0475811,1,501,1,1
2023HU0475837,1,182,2,1
2023HU0475894,1,501,3,1
2023HU0476208,1,385,3,1
2023HU0476315,1,501,3,1
2023HU0476409,1,451,1,1
2023HU0476535,1,449,3,1
2023HU0476535,2,256,3,1
2023HU0476832,1,395,3,1
2023HU0476832,2,395,3,1
2023HU0476838,1,424,2,1
2023HU0476914,1,53,3,1
2023HU0476963,1,28,3,1
2023HU0476963,2,501,3,1
2023HU0477037,1,501,2,1
2023HU0477037,2,501,2,1
2023HU0477037,3,501,2,1
2023HU0477037,4,501,2,1
2023HU0477037,5,501,2,1
2023HU0477073,1,501,1,1
2023HU0477073,2,501,1,1
2023HU0477073,3,501,1,1
2023HU0477129,1,501,1,1
2023HU0477129,2,501,1,1
2023HU0477129,3,501,1,1
2023HU0477451,1,374,2,1
2023HU0477496,1,272,3,1
2023HU0477690,1,63,3,1
2023HU0477690,2,253,3,1
2023HU0477695,1,501,1,1
2023HU0477695,2,501,1,1
2023HU0477882,1,501,2,1
2023HU0477882,2,501,2,1
2023HU0477915,1,378,2,1
2023HU0477915,2,378,2,1
2023HU0477915,3,378,2,1
2023HU0477966,1,382,3,1
2023HU0477990,1,48,3,1
2023HU0477990,2,48,3,1
2023HU0477990,3,48,3,1
2023HU0477990,4,48,3,1
2023HU0478024,1,501,3,1
2023HU0478024,2,501,3,1
2023HU0478036,1,187,3,1
2023HU0478036,2,187,3,1
2023HU0478036,3,187,3,1
2023HU0478036,4,187,3,1
2023HU0478072,1,468,3,1
2023HU0478072,2,417,3,1
2023HU0478136,1,410,2,1
2023HU0478136,2,410,2,1
2023HU0478136,3,410,2,1
2023HU0478136,4,410,2,1
2023HU0478243,1,175,2,1
2023HU0478243,2,175,2,1
2023HU0478243,3,175,2,1
2023HU0478243,4,175,2,1
2023HU0478286,1,197,3,1
2023HU0478564,1,501,1,1
2023HU0478564,2,501,1,1
2023HU0478717,1,501,2,1
2023HU0478717,2,501,2,1
2023HU0478778,1,221,3,1
2023HU0478778,2,501,3,1
2023HU0478842,1,98,3,1
2023HU0478842,2,380,3,1
2023HU0478975,1,361,2,1
2023HU0479005,1,501,1,1
2023HU0479005,2,501,1,1
2023HU0479157,1,501,2,1
2023HU0479157,2,501,2,1
2023HU0479264,1,140,2,1
2023HU0479299,1,398,1,1
2023HU0479299,2,398,1,1
2023HU0479299,3,398,1,1
2023HU0479299,4,398,1,1
2023HU0479300,1,221,2,1
2023HU0479449,1,404,1,1
2023HU0479449,2,404,1,1
2023HU0479449,3,404,1,1
2023HU0479567,1,501,2,1
2023HU0479567,2,501,2,1
2023HU0479638,1,501,1,1
2023HU0479638,2,501,1,1
2023HU0479638,3,501,1,1
2023HU0479638,4,501,1,1
2023HU0479643,1,501,2,1
2023HU0479643,2,501,2,1
2023HU0480075,1,501,3,1
2023HU0480078,1,501,1,1
2023HU0480078,2,501,1,1
2023HU0480078,3,501,1,1
2023HU0480166,1,501,1,1
2023HU0480192,1,325,3,1
2023HU0480213,1,501,2,1
2023HU0480213,2,501,2,1
2023HU0480427,1,93,1,1
2023HU0480427,2,93,1,1
2023HU0480481,1,344,3,1
2023HU0480481,2,344,3,1
2023HU0480762,1,501,3,1
2023HU0480762,2,0,3,1
2023HU0480999,1,354,1,1
2023HU0480999,2,107,1,1
2023HU0480999,3,354,1,1
2023HU0481185,1,501,1,1
2023HU0481243,1,259,3,1
2023HU0481411,1,162,3,1
2023HU0481432,1,52,2,1
2023HU0481432,2,52,2,1
2023HU0481432,3,52,2,1
2023HU0481638,1,501,1,1
2023HU0481638,2,501,1,1
2023HU0481638,3,501,1,1
2023HU0481766,1,501,2,1
2023HU0481766,2,501,2,1
2023HU0481766,3,501,2,1
2023HU0481766,4,501,2,1
2023HU0481766,5,501,2,1
2023HU0481891,1,448,2,1
2023HU0481891,2,448,2,1
2023HU0481933,1,387,1,1
2023HU0481933,2,380,1,1
2023HU0481995,1,501,1,1
2023HU0481995,2,501,1,1
2023HU0481995,3,501,1,1
2023HU0482154,1,332,1,1
2023HU0482154,2,332,1,1
2023HU0482224,1,101,3,1
2023HU0482332,1,403,1,1
2023HU0482332,2,403,1,1
2023HU0482332,3,403,1,1
2023HU0482341,1,39,2,1
2023HU0482388,1,501,3,1
2023HU0482388,2,501,3,1
2023HU0482649,1,501,3,1
2023HU0482649,2,501,3,1
2023HU0482649,3,253,3,1
2023HU0482669,1,501,3,1
2023HU0482669,2,501,3,1
2023HU0482872,1,267,3,1
2023HU0482872,2,267,3,1
2023HU0482872,3,267,3,1
2023HU0482872,4,267,3,1
2023HU0482872,5,267,3,1
2023HU0482872,6,267,3,1
2023HU0482872,7,267,3,1
2023HU0482897,1,501,1,1
2023HU0482897,2,501,1,1
2023HU0482899,1,501,2,1
2023HU0482899,2,501,2,1
2023HU0482988,1,292,1,1
2023HU0482988,2,0,1,1
2023HU0482988,3,501,1,1
2023HU0483124,1,467,1,1
2023HU0483124,2,467,1,1
2023HU0483162,1,501,2,1
2023HU0483162,2,501,2,1
2023HU0483197,1,262,3,1
2023HU0483206,1,501,1,1
2023HU0483206,2,501,1,1
2023HU0483206,3,501,1,1
2023HU0483380,1,481,3,1
2023HU0483408,1,286,2,1
2023HU0483408,2,286,2,1
2023HU0483470,1,437,1,1
2023HU0483579,1,501,1,1
2023HU0483579,2,501,1,1
2023HU0483579,3,501,1,1
2023HU0483579,4,501,1,1
2023HU0483701,1,501,2,1
2023HU0483701,2,501,2,1
2023HU0483776,1,501,4,1
2023HU0483776,2,501,4,1
2023HU0483776,3,501,4,1
2023HU0483807,1,501,1,1
2023HU0483807,2,501,1,1
2023HU0483807,3,501,1,1
2023HU0483807,4,501,1,1
2023HU0483808,1,353,3,1
2023HU0483867,1,355,1,1
2023HU0483867,2,222,1,1
2023HU0483867,3,355,1,1
2023HU0483949,1,257,3,1
2023HU0483977,1,173,2,1
2023HU0484358,1,321,2,1
2023HU0484358,2,321,2,1
2023HU0484358,3,321,2,1
2023HU0484358,4,321,2,1
2023HU0484358,5,152,2,1
2023HU0484453,1,501,3,1
2023HU0484453,2,501,3,1
2023HU0484467,1,111,2,1
2023HU0484467,2,111,2,1
2023HU0484467,3,111,2,1
2023HU0484467,4,111,2,1
2023HU0484700,1,446,3,1
2023HU0484837,1,501,1,1
2023HU0484837,2,501,1,1
2023HU0484850,1,501,1,1
2023HU0484867,1,186,2,1
2023HU0484867,2,186,2,1
2023HU0484867,3,186,2,1
2023HU0484875,1,501,1,1
2023HU0484875,2,501,1,1
2023HU0484929,1,276,2,1
2023HU0484929,2,276,2,1
2023HU0484929,3,276,2,1
2023HU0484929,4,276,2,1
2023HU0484929,5,276,2,1
2023HU0484929,6,276,2,1
2023HU0484940,1,307,1,1
2023HU0484990,1,501,1,1
2023HU0484990,2,501,1,1
2023HU0485017,1,501,1,1
2023HU0485017,2,501,1,1
2023HU0485328,1,313,3,1
2023HU0485328,2,326,3,1
2023HU0485340,1,112,1,1
2023HU0485340,2,112,1,1
2023HU0485340,3,112,1,1
2023HU0485432,1,166,2,1
2023HU0485432,2,166,2,1
2023HU0485432,3,166,2,1
2023HU0485473,1,160,1,1
2023HU0485473,2,160,1,1
2023HU0485513,1,501,3,1
2023HU0485513,2,501,3,1
2023HU0485654,1,294,3,1
2023HU0485654,2,261,3,1
2023HU0485662,1,309,1,1
2023HU0485763,1,501,1,1
2023HU0485763,2,501,1,1
2023HU0485763,3,501,1,1
2023HU0485820,1,501,2,1
2023HU0485820,2,501,2,1
2023HU0485820,3,501,2,1
2023HU0485820,4,501,2,1
2023HU0485932,1,501,1,1
2023HU0485932,2,501,1,1
2023HU0485932,3,501,1,1
2023HU0485932,4,501,1,1
2023HU0485992,1,391,3,1
2023HU0485992,2,238,3,1
2023HU0486005,1,367,4,1
2023HU0486200,1,501,1,1
2023HU0486200,2,501,1,1
2023HU0486287,1,55,3,1
2023HU0486287,2,55,3,1
2023HU0486332,1,501,1,1
2023HU0486332,2,501,1,1
2023HU0486378,1,501,1,1
2023HU0486378,2,501,1,1
2023HU0486378,3,501,1,1
2023HU0486378,4,501,1,1
2023HU0486400,1,501,3,1
2023HU0486400,2,501,3,1
2023HU0486457,1,426,1,1
2023HU0486457,2,426,1,1
2023HU0486466,1,501,3,1
2023HU0486466,2,501,3,1
2023HU0486466,3,501,3,1
2023HU0486662,1,161,3,1
2023HU0486662,2,161,3,1
2023HU0486662,3,161,3,1
2023HU0486662,4,161,3,1
2023HU0486662,5,161,3,1
2023HU0486794,1,501,1,1
2023HU0486794,2,501,1,1
2023HU0486840,1,180,1,1
2023HU0486840,2,180,1,1
2023HU0486937,1,430,1,1
2023HU0486937,2,430,1,1
2023HU0486937,3,430,1,1
2023HU0486998,1,474,2,1
2023HU0486998,2,474,2,1
2023HU0486998,3,474,2,1
2023HU0486998,4,474,2,1
2023HU0487059,1,147,2,1
2023HU0487059,2,147,2,1
2023HU0487102,1,199,1,1
2023HU0487102,2,199,1,1
2023HU0487102,3,199,1,1
2023HU0487102,4,199,1,1
2023HU0487102,5,199,1,1
2023HU0487102,6,199,1,1
2023HU0487120,1,501,2,1
2023HU0487120,2,501,2,1
2023HU0487169,1,501,1,1
2023HU0487169,2,501,1,1
2023HU0487431,1,225,1,1
2023HU0487431,2,225,1,1
2023HU0487431,3,225,1,1
2023HU0487431,4,225,1,1
2023HU0487431,5,225,1,1
2023HU0487446,1,93,1,1
2023HU0487453,1,326,3,1
2023HU0487617,1,144,2,1
2023HU0487617,2,144,2,1
2023HU0487617,3,144,2,1
2023HU0487732,1,501,2,1
2023HU0487732,2,501,2,1
2023HU0487864,1,70,1,1
2023HU0487864,2,70,1,1
2023HU0487864,3,70,1,1
2023HU0487864,4,70,1,1
2023HU0487872,1,501,2,1
2023HU0487973,1,12,3,1
2023HU0488034,1,238,2,1
2023HU0488078,1,76,2,1
2023HU0488078,2,209,2,1
2023HU0488202,1,204,2,1
2023HU0488202,2,204,2,1
2023HU0488267,1,366,2,1
2023HU0488521,1,107,3,1
2023HU0488598,1,501,1,1
2023HU0488598,2,501,1,1
2023HU0488729,1,501,3,1
2023HU0488763,1,334,1,1
2023HU0488852,1,73,3,1
2023HU0488852,2,73,3,1
2023HU0488852,3,73,3,1
2023HU0489020,1,501,1,1
2023HU0489020,2,501,1,1
2023HU0489060,1,501,3,1
2023HU0489229,1,501,1,1
2023HU0489279,1,128,2,1
2023HU0489334,1,501,1,1
2023HU0489334,2,501,1,1
2023HU0489334,3,501,1,1
2023HU0489334,4,501,1,1
2023HU0489424,1,501,2,1
2023HU0489476,1,501,1,1
2023HU0489476,2,501,1,1
2023HU0489548,1,247,3,1
2023HU0489553,1,501,1,1
2023HU0489553,2,501,1,1
2023HU0489682,1,501,2,1
2023HU0489835,1,297,1,1
2023HU0490076,1,501,1,1
2023HU0490076,2,501,1,1
2023HU0490084,1,77,3,1
2023HU0490084,2,127,3,1
2023HU0490171,1,335,1,1
2023HU0490171,2,335,1,1
2023HU0490171,3,335,1,1
2023HU0490171,4,335,1,1
2023HU0490171,5,335,1,1
2023HU0490171,6,335,1,1
2023HU0490183,1,141,3,1
2023HU0490183,2,141,3,1
2023HU0490183,3,141,3,1
2023HU0490425,1,501,2,1
2023HU0490425,2,501,2,1
2023HU0490425,3,501,2,1
2023HU0490425,4,501,2,1
2023HU0490467,1,398,3,1
2023HU0490469,1,411,1,1
2023HU0490469,2,411,1,1
2023HU0490469,3,411,1,1
2023HU0490469,4,411,1,1
2023HU0490469,5,411,1,1
2023HU0490548,1,296,1,1
2023HU0490548,2,296,1,1
2023HU0490549,1,206,3,1
2023HU0490549,2,206,3,1
2023HU0490549,3,206,3,1
2023HU0490677,1,313,1,1
2023HU0490677,2,313,1,1
2023HU0490740,1,501,2,1
2023HU0490763,1,288,1,1
2023HU0490763,2,501,1,1
2023HU0490815,1,60,1,1
2023HU0490887,1,501,2,1
2023HU0490887,2,501,2,1
2023HU0490966,1,292,3,1
2023HU0491065,1,294,3,1
2023HU0491335,1,402,2,1
2023HU0491339,1,442,2,1
2023HU0491339,2,442,2,1
2023HU0491389,1,501,2,1
2023HU0491389,2,501,2,1
2023HU0491389,3,501,2,1
2023HU0491389,4,501,2,1
2023HU0491389,5,501,2,1
2023HU0491467,1,255,2,1
2023HU0491520,1,126,2,1
2023HU0491520,2,126,2,1
2023HU0491605,1,167,3,1
2023HU0491634,1,501,2,1
2023HU0491634,2,501,2,1
2023HU0491636,1,471,3,1
2023HU0491679,1,399,1,1
2023HU0491679,2,399,1,1
2023HU0491701,1,501,1,1
2023HU0491701,2,501,1,1
2023HU0491701,3,501,1,1
2023HU0491701,4,501,1,1
2023HU0491827,1,141,3,1
2023HU0491864,1,196,3,1
2023HU0491864,2,13,3,1
2023HU0491864,3,111,3,1
2023HU0491864,4,501,3,1
2023HU0491931,1,122,1,1
2023HU0492081,1,501,2,1
2023HU0492081,2,501,2,1
2023HU0492233,1,501,1,1
2023HU0492233,2,501,1,1
2023HU0492233,3,501,1,1
2023HU0492308,1,191,3,1
2023HU0492336,1,289,1,1
2023HU0492336,2,289,1,1
2023HU0492336,3,289,1,1
2023HU0492336,4,289,1,1
2023HU0492438,1,501,1,1
2023HU0492495,1,187,1,1
2023HU0492495,2,187,1,1
2023HU0492495,3,187,1,1
2023HU0492677,1,235,3,1
2023HU0492677,2,235,3,1
2023HU0492715,1,501,3,1
2023HU0492715,2,501,3,1
2023HU0492715,3,501,3,1
2023HU0492771,1,121,1,1
2023HU0492784,1,501,1,1
2023HU0492784,2,501,1,1
2023HU0492927,1,294,2,1
2023HU0492927,2,294,2,1
2023HU0493018,1,93,3,1
2023HU0493018,2,93,3,1
2023HU0493018,3,93,3,1
2023HU0493117,1,206,2,1
2023HU0493160,1,501,1,1
2023HU0493160,2,166,1,1
2023HU0493160,3,501,1,1
2023HU0493160,4,501,1,1
2023HU0493185,1,501,2,1
2023HU0493185,2,501,2,1
2023HU0493185,3,501,2,1
2023HU0493470,1,501,3,1
2023HU0493530,1,209,3,1
2023HU0493632,1,501,1,1
2023HU0493632,2,501,1,1
2023HU0493632,3,501,1,1
2023HU0493728,1,432,3,1
2023HU0493792,1,261,2,1
2023HU0493793,1,261,3,1
2023HU0493793,2,100,3,1
2023HU0494013,1,321,1,1
2023HU0494013,2,321,1,1
2023HU0494013,3,321,1,1
2023HU0494013,4,321,1,1
2023HU0494013,5,321,1,1
2023HU0494013,6,321,1,1
2023HU0494079,1,438,3,1
2023HU0494079,2,501,3,1
2023HU0494123,1,501,1,1
2023HU0494123,2,501,1,1
2023HU0494123,3,501,1,1
2023HU0494128,1,501,1,1
2023HU0494128,2,0,1,1
2023HU0494237,1,321,1,1
2023HU0494237,2,321,1,1
2023HU0494237,3,321,1,1
2023HU0494237,4,321,1,1
2023HU0494261,1,285,3,1
2023HU0494261,2,76,3,1
2023HU0494350,1,303,2,1
2023HU0494370,1,338,1,1
2023HU0494370,2,338,1,1
2023HU0494370,3,338,1,1
2023HU0494370,4,338,1,1
2023HU0494370,5,338,1,1
2023HU0494370,6,338,1,1
2023HU0494370,7,338,1,1
2023HU0494494,1,395,1,1
2023HU0494494,2,395,1,1
2023HU0494494,3,395,1,1
2023HU0494494,4,395,1,1
2023HU0494867,1,501,1,1
2023HU0494867,2,501,1,1
2023HU0494962,1,501,2,1
2023HU0494962,2,501,2,1
2023HU0494962,3,501,2,1
2023HU0495054,1,458,1,1
2023HU0495054,2,458,1,1
2023HU0495054,3,458,1,1
2023HU0495054,4,458,1,1
2023HU0495109,1,300,1,1
2023HU0495156,1,501,1,1
2023HU0495156,2,102,1,1
2023HU0495216,1,270,3,1
2023HU0495216,2,270,3,1
2023HU0495216,3,270,3,1
2023HU0495261,1,382,2,1
2023HU0495302,1,395,2,1
2023HU0495313,1,488,3,1
2023HU0495313,2,488,3,1
2023HU0495313,3,488,3,1
2023HU0495446,1,501,3,1
2023HU0495446,2,501,3,1
2023HU0495450,1,103,3,1
2023HU0495523,1,251,2,1
2023HU0495595,1,501,1,1
2023HU0495595,2,501,1,1
2023HU0495595,3,501,1,1
2023HU0495595,4,501,1,1
2023HU0495770,1,501,1,1
2023HU0495770,2,501,1,1
2023HU0495816,1,347,1,1
2023HU0495816,2,347,1,1
2023HU0495829,1,90,2,1
2023HU0495950,1,501,2,1
2023HU0495950,2,501,2,1
2023HU0495982,1,501,2,1
2023HU0495982,2,501,2,1
2023HU0496030,1,394,2,1
2023HU0496030,2,394,2,1
2023HU0496030,3,394,2,1
2023HU0496030,4,394,2,1
2023HU0496030,5,394,2,1
2023HU0496030,6,394,2,1
2023HU0496037,1,381,1,1
2023HU0496037,2,381,1,1
2023HU0496037,3,381,1,1
2023HU0496037,4,381,1,1
2023HU0496146,1,11,2,1
2023HU0496146,2,11,2,1
2023HU0496248,1,501,1,1
2023HU0496248,2,501,1,1
2023HU0496313,1,222,2,1
2023HU0496745,1,375,3,1
2023HU0496745,2,375,3,1
2023HU0496817,1,501,2,1
2023HU0496817,2,501,2,1
2023HU0496981,1,501,1,1
2023HU0496981,2,501,1,1
2023HU0497200,1,501,1,1
2023HU0497200,2,501,1,1
2023HU0497239,1,406,3,1
2023HU0497239,2,406,3,1
2023HU0497239,3,406,3,1
2023HU0497239,4,406,3,1
2023HU0497239,5,406,3,1
2023HU0497242,1,501,1,1
2023HU0497242,2,501,1,1
2023HU0497242,3,501,1,1
2023HU0497601,1,501,3,1
2023HU0497601,2,501,3,1
2023HU0497670,1,501,3,1
2023HU0497670,2,501,3,1
2023HU0497829,1,501,1,1
2023HU0497829,2,501,1,1
2023HU0497829,3,501,1,1
2023HU0497829,4,501,1,1
2023HU0497843,1,152,1,1
2023HU0498014,1,0,3,1
2023HU0498014,2,0,3,1
2023HU0498017,1,310,1,1
2023HU0498017,2,310,1,1
2023HU0498017,3,310,1,1
2023HU0498017,4,310,1,1
2023HU0498017,5,310,1,1
2023HU0498017,6,310,1,1
2023HU0498017,7,310,1,1
2023HU0498082,1,257,1,1
2023HU0498082,2,257,1,1
2023HU0498082,3,257,1,1
2023HU0498082,4,257,1,1
2023HU0498245,1,482,1,1
2023HU0498245,2,482,1,1
2023HU0498302,1,408,2,1
2023HU0498452,1,501,1,1
2023HU0498452,2,501,1,1
2023HU0498462,1,501,3,1
2023HU0498462,2,501,3,1
2023HU0498462,3,501,3,1
2023HU0498506,1,353,3,1
2023HU0498506,2,353,3,1
2023HU0498669,1,501,1,1
2023HU0498669,2,501,1,1
2023HU0498701,1,501,1,1
2023HU0498701,2,501,1,1
2023HU0498714,1,501,3,1
2023HU0499156,1,259,3,1
2023HU0499199,1,200,2,1
2023HU0499281,1,160,3,1
2023HU0499281,2,160,3,1
2023HU0499332,1,501,3,1
2023HU0499391,1,501,3,1
2023HU0499527,1,442,1,1
2023HU0499527,2,442,1,1
2023HU0499527,3,442,1,1
2023HU0499527,4,442,1,1
2023HU0499561,1,314,2,1
2023HU0499573,1,383,3,1
2023HU0499658,1,239,1,1
2023HU0499658,2,239,1,1
2023HU0499658,3,239,1,1
2023HU0499658,4,239,1,1
2023HU0499658,5,239,1,1
2023HU0499930,1,311,2,1
2023HU0499930,2,311,2,1
2023HU0499930,3,311,2,1
2023HU0500372,1,97,2,1
2023HU0500372,2,97,2,1
2023HU0500372,3,97,2,1
2023HU0500372,4,97,2,1
2023HU0500372,5,97,2,1
2023HU0500453,1,501,3,1
2023HU0500506,1,33,1,1
2023HU0500506,2,33,1,1
2023HU0500574,1,103,2,1
2023HU0500574,2,103,2,1
2023HU0500574,3,103,2,1
2023HU0500592,1,298,1,1
2023HU0500592,2,298,1,1
2023HU0500638,1,501,1,1
2023HU0500638,2,501,1,1
2023HU0500638,3,501,1,1
2023HU0500732,1,501,1,1
2023HU0500732,2,501,1,1
2023HU0500886,1,501,1,1
2023HU0500886,2,501,1,1
2023HU0500886,3,501,1,1
2023HU0500886,4,501,1,1
2023HU0500886,5,501,1,1
2023HU0500901,1,357,1,1
2023HU0500901,2,357,1,1
2023HU0500901,3,357,1,1
2023HU0500938,1,501,2,1
2023HU0500938,2,501,2,1
2023HU0500943,1,45,1,1
2023HU0500968,1,308,2,1
2023HU0500968,2,308,2,1
2023HU0500968,3,308,2,1
2023HU0500968,4,308,2,1
2023HU0501064,1,501,1,1
2023HU0501064,2,501,1,1
2023HU0501064,3,501,1,1
2023HU0501064,4,501,1,1
2023HU0501079,1,116,3,1
2023HU0501106,1,501,1,1
2023HU0501106,2,501,1,1
2023HU0501184,1,186,2,1
2023HU0501266,1,264,3,1
2023HU0501266,2,264,3,1
2023HU0501266,3,264,3,1
2023HU0501266,4,264,3,1
2023HU0501266,5,264,3,1
2023HU0501308,1,250,3,1
2023HU0501419,1,501,1,1
2023HU0501419,2,501,1,1
2023HU0501419,3,501,1,1
2023HU0501657,1,501,2,1
2023HU0501657,2,501,2,1
2023HU0501818,1,424,1,1
2023HU0501818,2,424,1,1
2023HU0501818,3,424,1,1
2023HU0501875,1,61,3,1
2023HU0501875,2,88,3,1
2023HU0501875,3,61,3,1
2023HU0501875,4,61,3,1
2023HU0501875,5,61,3,1
2023HU0501903,1,501,1,1
2023HU0501903,2,501,1,1
2023HU0502019,1,486,1,1
2023HU0502019,2,486,1,1
2023HU0502019,3,486,1,1
2023HU0502019,4,486,1,1
2023HU0502104,1,477,3,1
2023HU0502104,2,501,3,1
2023HU0502334,1,58,2,1
2023HU0502437,1,501,1,1
2023HU0502437,2,501,1,1
2023HU0502467,1,367,3,1
2023HU0502467,2,501,3,1
2023HU0502467,3,341,3,1
2023HU0502765,1,380,1,1
2023HU0502765,2,380,1,1
2023HU0502765,3,380,1,1
2023HU0502765,4,380,1,1
2023HU0502813,1,16,2,1
2023HU0502873,1,501,2,1
2023HU0502873,2,501,2,1
2023HU0502967,1,34,2,1
2023HU0502980,1,126,1,1
2023HU0502980,2,126,1,1
2023HU0502980,3,126,1,1
2023HU0502980,4,126,1,1
2023HU0502980,5,126,1,1
2023HU0503016,1,137,2,1
2023HU0503016,2,137,2,1
2023HU0503016,3,137,2,1
2023HU0503016,4,137,2,1
2023HU0503016,5,137,2,1
2023HU0503070,1,283,2,1
2023HU0503070,2,283,2,1
2023HU0503070,3,283,2,1
2023HU0503070,4,283,2,1
2023HU0503070,5,283,2,1
2023HU0503242,1,501,1,1
2023HU0503242,2,501,1,1
2023HU0503294,1,422,2,1
2023HU0503294,2,422,2,1
2023HU0503400,1,501,1,1
2023HU0503409,1,320,3,1
2023HU0503409,2,449,3,1
2023HU0503461,1,236,1,1
2023HU0503461,2,236,1,1
2023HU0503669,1,334,2,1
2023HU0503669,2,334,2,1
2023HU0503752,1,501,1,1
2023HU0503752,2,501,1,1
2023HU0503752,3,501,1,1
2023HU0503752,4,501,1,1
2023HU0503883,1,339,3,1
2023HU0503883,2,339,3,1
2023HU0503955,1,501,1,1
2023HU0503955,2,501,1,1
2023HU0503955,3,501,1,1
2023HU0503955,4,501,1,1
2023HU0503971,1,463,2,1
2023HU0503971,2,463,2,1
2023HU0504137,1,93,2,1
2023HU0504433,1,107,2,1
2023HU0504469,1,348,2,1
2023HU0504469,2,348,2,1
2023HU0504469,3,348,2,1
2023HU0504895,1,501,1,1
2023HU0504895,2,501,1,1
2023HU0504895,3,501,1,1
2023HU0504895,4,501,1,1
2023HU0505032,1,226,2,1
2023HU0505032,2,226,2,1
2023HU0505229,1,174,3,1
2023HU0505229,2,174,3,1
2023HU0505229,3,174,3,1
2023HU0505229,4,174,3,1
2023HU0505271,1,443,1,1
2023HU0505271,2,323,1,1
2023HU0505271,3,443,1,1
2023HU0505281,1,379,3,1
2023HU0505296,1,501,3,1
2023HU0505297,1,501,1,1
2023HU0505297,2,501,1,1
2023HU0505297,3,501,1,1
2023HU0505297,4,501,1,1
2023HU0505440,1,156,3,1
2023HU0505642,1,501,1,1
2023HU0505642,2,501,1,1
2023HU0505690,1,0,3,1
2023HU0505691,1,0,3,1
2023HU0505737,1,501,1,1
2023HU0505737,2,501,1,1
2023HU0505744,1,458,1,1
2023HU0505775,1,123,3,1
2023HU0505775,2,123,3,1
2023HU0505775,3,123,3,1
2023HU0505775,4,123,3,1
2023HU0505858,1,472,1,1
2023HU0505858,2,472,1,1
2023HU0505858,3,472,1,1
2023HU0505858,4,472,1,1
2023HU0506001,1,501,2,1
2023HU0506291,1,300,1,1
2023HU0506291,2,300,1,1
2023HU0506291,3,300,1,1
2023HU0506291,4,300,1,1
2023HU0506291,5,300,1,1
2023HU0506331,1,256,4,1
2023HU0506331,2,256,4,1
2023HU0506331,3,256,4,1
2023HU0506331,4,256,4,1
2023HU0506331,5,256,4,1
2023HU0506427,1,254,1,1
2023HU0506427,2,254,1,1
2023HU0506453,1,322,3,1
2023HU0506453,2,322,3,1
2023HU0506616,1,501,2,1
2023HU0506708,1,501,2,1
2023HU0506708,2,501,2,1
2023HU0506787,1,423,2,1
2023HU0506994,1,501,1,1
2023HU0507287,1,501,1,1
2023HU0507287,2,501,1,1
2023HU0507318,1,501,1,1
2023HU0507318,2,501,1,1
2023HU0507318,3,501,1,1
2023HU0507359,1,225,3,1
2023HU0507426,1,501,3,1
2023HU0507426,2,501,3,1
2023HU0507519,1,225,1,1
2023HU0507519,2,225,1,1
2023HU0507578,1,501,3,1
2023HU0507578,2,501,3,1
2023HU0507611,1,501,3,1
2023HU0507708,1,166,3,1
2023HU0507709,1,220,4,1
2023HU0507709,2,220,4,1
2023HU0507774,1,287,3,1
2023HU0507774,2,236,3,1
2023HU0507870,1,302,3,1
2023HU0507933,1,159,3,1
2023HU0507933,2,127,3,1
2023HU0508110,1,501,1,1
2023HU0508110,2,501,1,1
2023HU0508178,1,196,3,1
2023HU0508208,1,501,1,1
2023HU0508208,2,501,1,1
2023HU0508208,3,501,1,1
2023HU0508208,4,501,1,1
2023HU0508259,1,438,3,1
2023HU0508271,1,501,1,1
2023HU0508271,2,501,1,1
2023HU0508271,3,501,1,1
2023HU0508271,4,501,1,1
2023HU0508285,1,96,3,1
2023HU0508287,1,58,3,1
2023HU0508287,2,58,3,1
2023HU0508339,1,117,2,1
2023HU0508422,1,501,1,1
2023HU0508422,2,501,1,1
2023HU0508422,3,501,1,1
2023HU0508489,1,501,1,1
2023HU0508489,2,501,1,1
2023HU0508813,1,355,2,1
2023HU0508897,1,501,1,1
2023HU0508905,1,147,3,1
2023HU0508905,2,147,3,1
2023HU0508905,3,147,3,1
2023HU0509090,1,501,2,1
2023HU0509151,1,142,1,1
2023HU0509151,2,142,1,1
2023HU0509151,3,142,1,1
2023HU0509265,1,424,3,1
2023HU0509270,1,178,3,1
2023HU0509386,1,449,1,1
2023HU0509386,2,501,1,1
2023HU0509386,3,449,1,1
2023HU0509386,4,449,1,1
2023HU0509389,1,501,1,1
2023HU0509389,2,501,1,1
2023HU0509389,3,501,1,1
2023HU0509430,1,153,2,1
2023HU0509430,2,153,2,1
2023HU0509555,1,102,3,1
2023HU0509647,1,501,3,1
2023HU0509647,2,501,3,1
2023HU0509720,1,447,1,1
2023HU0509720,2,159,1,1
2023HU0509814,1,455,3,1
2023HU0509814,2,455,3,1
2023HU0509814,3,455,3,1
2023HU0509822,1,478,1,1
2023HU0509822,2,478,1,1
2023HU0509822,3,478,1,1
2023HU0509888,1,501,1,1
2023HU0509963,1,233,2,1
2023HU0510118,1,92,3,1
2023HU0510174,1,501,1,1
2023HU0510174,2,501,1,1
2023HU0510331,1,70,3,1
2023HU0510523,1,352,1,1
2023HU0510523,2,352,1,1
2023HU0510614,1,501,1,1
2023HU0510614,2,501,1,1
2023HU0510614,3,501,1,1
2023HU0510614,4,501,1,1
2023HU0510797,1,501,1,1
2023HU0510797,2,501,1,1
2023HU0510797,3,501,1,1
2023HU0510797,4,501,1,1
2023HU0510835,1,154,3,1
2023HU0510921,1,501,1,1
2023HU0510946,1,501,2,1
2023HU0510946,2,501,2,1
2023HU0511036,1,501,3,1
2023HU0511056,1,4,3,1
2023HU0511056,2,0,3,1
2023HU0511056,3,0,3,1
2023HU0511085,1,91,1,1
2023HU0511185,1,49,3,1
2023HU0511185,2,49,3,1
2023HU0511205,1,501,1,1
2023HU0511205,2,501,1,1
2023HU0511289,1,179,3,1
2023HU0511289,2,179,3,1
2023HU0511549,1,501,2,1
2023HU0511549,2,501,2,1
2023HU0511549,3,501,2,1
2023HU0511549,4,501,2,1
2023HU0511658,1,501,2,1
2023HU0511658,2,501,2,1
2023HU0511722,1,327,2,1
2023HU0511722,2,327,2,1
2023HU0511722,3,327,2,1
2023HU0511722,4,327,2,1
2023HU0511722,5,327,2,1
2023HU0511722,6,327,2,1
2023HU0511731,1,321,2,1
2023HU0511749,1,14,2,1
2023HU0511749,2,14,2,1
2023HU0511749,3,14,2,1
2023HU0511763,1,165,3,1
2023HU0511763,2,165,3,1
2023HU0511763,3,165,3,1
2023HU0511763,4,165,3,1
2023HU0511763,5,165,3,1
2023HU0511764,1,171,1,1
2023HU0511764,2,171,1,1
2023HU0511764,3,171,1,1
2023HU0511764,4,171,1,1
2023HU0511764,5,171,1,1
2023HU0511764,6,171,1,1
2023HU0511764,7,171,1,1
2023HU0511764,8,171,1,1
2023HU0511848,1,501,3,1
2023HU0511848,2,6,3,1
2023HU0511860,1,395,3,1
2023HU0511860,2,395,3,1
2023HU0511893,1,501,1,1
2023HU0511900,1,388,2,1
2023HU0511900,2,388,2,1
2023HU0511923,1,501,3,1
2023HU0511923,2,501,3,1
2023HU0511967,1,455,3,1
2023HU0511967,2,357,3,1
2023HU0512054,1,501,1,1
2023HU0512152,1,501,1,1
2023HU0512152,2,501,1,1
2023HU0512152,3,501,1,1
2023HU0512270,1,501,1,1
2023HU0512440,1,501,2,1
2023HU0512440,2,501,2,1
2023HU0512440,3,501,2,1
2023HU0512836,1,501,2,1
2023HU0512836,2,501,2,1
2023HU0512889,1,337,3,1
2023HU0512889,2,337,3,1
2023HU0512889,3,337,3,1
2023HU0512889,4,337,3,1
2023HU0512935,1,501,3,1
2023HU0512935,2,501,3,1
2023HU0513013,1,501,1,1
2023HU0513013,2,501,1,1
2023HU0513169,1,446,1,1
2023HU0513217,1,10,3,1
2023HU0513309,1,501,1,1
2023HU0513336,1,501,3,1
2023HU0513336,2,501,3,1
2023HU0513336,3,501,3,1
2023HU0513336,4,501,3,1
2023HU0513359,1,501,1,1
2023HU0513359,2,501,1,1
2023HU0513463,1,0,2,1
2023HU0513468,1,501,1,1
2023HU0513468,2,501,1,1
2023HU0513468,3,501,1,1
2023HU0513468,4,501,1,1
2023HU0513628,1,134,3,1
2023HU0513628,2,134,3,1
2023HU0513777,1,411,2,1
2023HU0513777,2,411,2,1
2023HU0514135,1,392,1,1
2023HU0514135,2,457,1,1
2023HU0514146,1,303,3,1
2023HU0514146,2,303,3,1
2023HU0514146,3,303,3,1
2023HU0514146,4,303,3,1
2023HU0514177,1,501,1,1
2023HU0514177,2,501,1,1
2023HU0514238,1,0,3,1
2023HU0514238,2,0,3,1
2023HU0514238,3,0,3,1
2023HU0514238,4,0,3,1
2023HU0514238,5,0,3,1
2023HU0514639,1,83,3,1
2023HU0514645,1,501,2,1
2023HU0514796,1,501,1,1
2023HU0514796,2,501,1,1
2023HU0514796,3,501,1,1
2023HU0514906,1,365,1,1
2023HU0514906,2,365,1,1
2023HU0514906,3,365,1,1
2023HU0514906,4,365,1,1
2023HU0514906,5,365,1,1
2023HU0514906,6,365,1,1
2023HU0514915,1,129,3,1
2023HU0514915,2,129,3,1
2023HU0514915,3,129,3,1
2023HU0514984,1,501,1,1
2023HU0515129,1,501,3,1
2023HU0515129,2,501,3,1
2023HU0515129,3,501,3,1
2023HU0515129,4,501,3,1
2023HU0515277,1,501,1,1
2023HU0515277,2,501,1,1
2023HU0515305,1,337,1,1
2023HU0515305,2,337,1,1
2023HU0515305,3,337,1,1
2023HU0515305,4,337,1,1
2023HU0515305,5,337,1,1
2023HU0515803,1,42,1,1
2023HU0515803,2,42,1,1
2023HU0515803,3,42,1,1
2023HU0515803,4,42,1,1
2023HU0515973,1,210,4,1
2023HU0516011,1,364,1,1
2023HU0516011,2,364,1,1
2023HU0516064,1,501,1,1
2023HU0516064,2,501,1,1
2023HU0516064,3,501,1,1
2023HU0516091,1,73,3,1
2023HU0516184,1,501,3,1
2023HU0516243,1,249,1,1
2023HU0516243,2,249,1,1
2023HU0516259,1,426,1,1
2023HU0516259,2,426,1,1
2023HU0516259,3,426,1,1
2023HU0516523,1,116,1,1
2023HU0516523,2,116,1,1
2023HU0516523,3,116,1,1
2023HU0516523,4,116,1,1
2023HU0516563,1,381,3,1
2023HU0516667,1,501,1,1
2023HU0516667,2,501,1,1
2023HU0516667,3,501,1,1
2023HU0516667,4,501,1,1
2023HU0516743,1,501,2,1
2023HU0516743,2,501,2,1
2023HU0516743,3,501,2,1
2023HU0516743,4,501,2,1
2023HU0516963,1,501,1,1
2023HU0516963,2,501,1,1
2023HU0516963,3,501,1,1
2023HU0516992,1,501,1,1
2023HU0516992,2,501,1,1
2023HU0517015,1,501,3,1
2023HU0517015,2,501,3,1
2023HU0517015,3,501,3,1
2023HU0517015,4,501,3,1
2023HU0517114,1,68,2,1
2023HU0517114,2,68,2,1
2023HU0517172,1,105,1,1
2023HU0517172,2,105,1,1
2023HU0517172,3,105,1,1
2023HU0517172,4,105,1,1
2023HU0517172,5,105,1,1
2023HU0517198,1,82,3,1
2023HU0517198,2,82,3,1
2023HU0517198,3,82,3,1
2023HU0517198,4,82,3,1
2023HU0517198,5,82,3,1
2023HU0517303,1,66,3,1
2023HU0517303,2,84,3,1
2023HU0517384,1,501,1,1
2023HU0517384,2,501,1,1
2023HU0517384,3,501,1,1
2023HU0517384,4,501,1,1
2023HU0517384,5,501,1,1
2023HU0517384,6,501,1,1
2023HU0517501,1,501,2,1
2023HU0517501,2,501,2,1
2023HU0517518,1,385,1,1
2023HU0517586,1,170,3,1
2023HU0517751,1,139,3,1
2023HU0517751,2,159,3,1
2023HU0517751,3,194,3,1
2023HU0517999,1,501,3,1
2023HU0518219,1,387,2,1
2023HU0518352,1,165,1,1
2023HU0518352,2,165,1,1
2023HU0518352,3,165,1,1
2023HU0518352,4,165,1,1
2023HU0518352,5,165,1,1
2023HU0518352,6,165,1,1
2023HU0518352,7,165,1,1
2023HU0518352,8,165,1,1
2023HU0518352,9,165,1,1
2023HU0518514,1,331,1,1
2023HU0518514,2,331,1,1
2023HU0518592,1,501,3,1
2023HU0518592,2,501,3,1
2023HU0518592,3,501,3,1
2023HU0518592,4,501,3,1
2023HU0518592,5,501,3,1
2023HU0518592,6,501,3,1
2023HU0518592,7,501,3,1
2023HU0518656,1,501,1,1
2023HU0518656,2,501,1,1
2023HU0518734,1,501,1,1
2023HU0519026,1,79,3,1
2023HU0519026,2,79,3,1
2023HU0519026,3,79,3,1
2023HU0519026,4,79,3,1
2023HU0519026,5,79,3,1
2023HU0519026,6,79,3,1
2023HU0519037,1,10,1,1
2023HU0519100,1,501,3,1
2023HU0519160,1,258,2,1
2023HU0519182,1,341,1,1
2023HU0519182,2,341,1,1
2023HU0519182,3,341,1,1
2023HU0519182,4,341,1,1
2023HU0519274,1,277,3,1
2023HU0519274,2,277,3,1
2023HU0519274,3,277,3,1
2023HU0519304,1,501,3,1
2023HU0519341,1,501,1,1
2023HU0519571,1,194,3,1
2023HU0519665,1,66,3,1
2023HU0519665,2,66,3,1
2023HU0519665,3,66,3,1
2023HU0519665,4,66,3,1
2023HU0519665,5,66,3,1
2023HU0519665,6,66,3,1
2023HU0519773,1,416,3,1
2023HU0519773,2,416,3,1
2023HU0519773,3,416,3,1
2023HU0519787,1,501,1,1
2023HU0519787,2,501,1,1
2023HU0519819,1,205,3,1
2023HU0519819,2,205,3,1
2023HU0519819,3,205,3,1
2023HU0519820,1,91,2,1
2023HU0519843,1,399,1,1
2023HU0519843,2,399,1,1
2023HU0519945,1,501,2,1
2023HU0519945,2,501,2,1
2023HU0519945,3,501,2,1
2023HU0519945,4,501,2,1
2023HU0519945,5,501,2,1
2023HU0520013,1,501,2,1
2023HU0520013,2,501,2,1
2023HU0520227,1,501,1,1
2023HU0520347,1,197,2,1
2023HU0520347,2,197,2,1
2023HU0520347,3,197,2,1
2023HU0520347,4,197,2,1
2023HU0520472,1,501,1,1
2023HU0520472,2,501,1,1
2023HU0520472,3,501,1,1
2023HU0520477,1,501,1,1
2023HU0520477,2,501,1,1
2023HU0520477,3,501,1,1
2023HU0520477,4,501,1,1
2023HU0520657,1,501,1,1
2023HU0520657,2,501,1,1
2023HU0520676,1,501,2,1
2023HU0520676,2,501,2,1
2023HU0520707,1,501,1,1
2023HU0520707,2,501,1,1
2023HU0520831,1,501,3,1
2023HU0520831,2,501,3,1
2023HU0520913,1,501,1,1
2023HU0520913,2,501,1,1
2023HU0520913,3,501,1,1
2023HU0520913,4,501,1,1
2023HU0521222,1,101,3,1
2023HU0521222,2,101,3,1
2023HU0521222,3,101,3,1
2023HU0521259,1,133,3,1
2023HU0521259,2,153,3,1
2023HU0521268,1,501,1,1
2023HU0521494,1,382,2,1
2023HU0521494,2,382,2,1
2023HU0521545,1,462,1,1
2023HU0521545,2,462,1,1
2023HU0521545,3,462,1,1
2023HU0521545,4,462,1,1
2023HU0521545,5,462,1,1
2023HU0521556,1,395,1,1
2023HU0521556,2,395,1,1
2023HU0521556,3,395,1,1
2023HU0521556,4,395,1,1
2023HU0521706,1,133,4,1
2023HU0521710,1,472,1,1
2023HU0521710,2,472,1,1
2023HU0521710,3,472,1,1
2023HU0521710,4,472,1,1
2023HU0521951,1,202,1,1
2023HU0521951,2,202,1,1
2023HU0521951,3,202,1,1
2023HU0521951,4,202,1,1
2023HU0521951,5,202,1,1
2023HU0522045,1,501,1,1
2023HU0522045,2,501,1,1
2023HU0522045,3,501,1,1
2023HU0522045,4,501,1,1
2023HU0522045,5,501,1,1
2023HU0522122,1,501,1,1
2023HU0522122,2,501,1,1
2023HU0522124,1,319,2,1
2023HU0522233,1,501,1,1
2023HU0522233,2,501,1,1
2023HU0522233,3,501,1,1
2023HU0522321,1,157,1,1
2023HU0522321,2,157,1,1
2023HU0522321,3,157,1,1
2023HU0522321,4,157,1,1
2023HU0522321,5,157,1,1
2023HU0522509,1,162,1,1
2023HU0522509,2,162,1,1
2023HU0522509,3,162,1,1
2023HU0522509,4,162,1,1
2023HU0522541,1,501,3,1
2023HU0522591,1,177,1,1
2023HU0522591,2,177,1,1
2023HU0522591,3,177,1,1
2023HU0522591,4,177,1,1
2023HU0522591,5,177,1,1
2023HU0522591,6,177,1,1
2023HU0522591,7,177,1,1
2023HU0522591,8,177,1,1
2023HU0522591,9,177,1,1
2023HU0522591,10,177,1,1
2023HU0522630,1,196,2,1
2023HU0522630,2,196,2,1
2023HU0522630,3,196,2,1
2023HU0522829,1,63,1,1
2023HU0522948,1,273,1,1
2023HU0522948,2,273,1,1
2023HU0522948,3,273,1,1
2023HU0522948,4,273,1,1
2023HU0523075,1,501,1,1
2023HU0523075,2,501,1,1
2023HU0523075,3,501,1,1
2023HU0523075,4,501,1,1
2023HU0523075,5,501,1,1
2023HU0523081,1,206,3,1
2023HU0523117,1,501,1,1
2023HU0523117,2,501,1,1
2023HU0523117,3,501,1,1
2023HU0523117,4,501,1,1
2023HU0523117,5,501,1,1
2023HU0523197,1,347,3,1
2023HU0523197,2,347,3,1
2023HU0523216,1,501,2,1
2023HU0523216,2,501,2,1
2023HU0523288,1,288,3,1
2023HU0523288,2,91,3,1
2023HU0523288,3,288,3,1
2023HU0523306,1,370,2,1
2023HU0523306,2,370,2,1
2023HU0523342,1,421,1,1
2023HU0523342,2,421,1,1
2023HU0523342,3,421,1,1
2023HU0523342,4,421,1,1
2023HU0523361,1,182,1,1
2023HU0523361,2,182,1,1
2023HU0523361,3,182,1,1
2023HU0523361,4,182,1,1
2023HU0523361,5,182,1,1
2023HU0523361,6,182,1,1
2023HU0523496,1,193,2,1
2023HU0523496,2,0,2,1
2023HU0523503,1,501,2,1
2023HU0523503,2,501,2,1
2023HU0523603,1,320,1,1
2023HU0523603,2,320,1,1
2023HU0523603,3,320,1,1
2023HU0523603,4,320,1,1
2023HU0523706,1,438,2,1
2023HU0523706,2,438,2,1
2023HU0523904,1,501,1,1
2023HU0523904,2,501,1,1
2023HU0523923,1,501,1,1
2023HU0523923,2,501,1,1
2023HU0524091,1,432,1,1
2023HU0524091,2,432,1,1
2023HU0524091,3,432,1,1
2023HU0524091,4,432,1,1
2023HU0524091,5,432,1,1
2023HU0524091,6,432,1,1
2023HU0524207,1,85,3,1
2023HU0524207,2,85,3,1
2023HU0524207,3,85,3,1
2023HU0524207,4,85,3,1
2023HU0524207,5,85,3,1
2023HU0524290,1,177,2,1
2023HU0524290,2,177,2,1
2023HU0524306,1,501,1,1
2023HU0524306,2,501,1,1
2023HU0524306,3,501,1,1
2023HU0524306,4,501,1,1
2023HU0524306,5,501,1,1
2023HU0524306,6,114,1,1
2023HU0524446,1,501,1,1
2023HU0524730,1,133,3,1
2023HU0524730,2,133,3,1
2023HU0524730,3,133,3,1
2023HU0524730,4,133,3,1
2023HU0524806,1,501,1,1
2023HU0524806,2,501,1,1
2023HU0525077,1,105,3,1
2023HU0525077,2,105,3,1
2023HU0525077,3,105,3,1
2023HU0525077,4,105,3,1
2023HU0525174,1,312,3,1
2023HU0525174,2,468,3,1
2023HU0525240,1,51,1,1
2023HU0525240,2,51,1,1
2023HU0525309,1,501,1,1
2023HU0525309,2,501,1,1
2023HU0525309,3,501,1,1
2023HU0525378,1,501,1,1
2023HU0525378,2,501,1,1
2023HU0525405,1,11,3,1
2023HU0525500,1,291,1,1
2023HU0525500,2,291,1,1
2023HU0525500,3,291,1,1
2023HU0525548,1,501,1,1
2023HU0525548,2,501,1,1
2023HU0525726,1,501,3,1
2023HU0525726,2,98,3,1
2023HU0525820,1,280,3,1
2023HU0525893,1,331,3,1
2023HU0525959,1,501,1,1
2023HU0525959,2,501,1,1
2023HU0525959,3,501,1,1
2023HU0526110,1,268,3,1
2023HU0526110,2,473,3,1
2023HU0526200,1,454,3,1
2023HU0526200,2,454,3,1
2023HU0526230,1,501,2,1
2023HU0526230,2,501,2,1
2023HU0526263,1,442,1,1
2023HU0526263,2,442,1,1
2023HU0526263,3,442,1,1
2023HU0526263,4,442,1,1
2023HU0526263,5,442,1,1
2023HU0526351,1,430,2,1
2023HU0526351,2,430,2,1
2023HU0526351,3,430,2,1
2023HU0526351,4,430,2,1
2023HU0526361,1,405,3,1
2023HU0526361,2,405,3,1
2023HU0526361,3,405,3,1
2023HU0526412,1,501,1,1
2023HU0526412,2,501,1,1
2023HU0526440,1,501,1,1
2023HU0526440,2,501,1,1
2023HU0526440,3,501,1,1
2023HU0526440,4,501,1,1
2023HU0526440,5,501,1,1
2023HU0526456,1,221,3,1
2023HU0526521,1,321,3,1
2023HU0526521,2,321,3,1
2023HU0526795,1,256,3,1
2023HU0526897,1,15,1,1
2023HU0526897,2,15,1,1
2023HU0526897,3,15,1,1
2023HU0526900,1,501,1,1
2023HU0526900,2,501,1,1
2023HU0526946,1,354,2,1
2023HU0526946,2,354,2,1
2023HU0527091,1,501,1,1
2023HU0527091,2,501,1,1
2023HU0527091,3,501,1,1
2023HU0527140,1,501,1,1
2023HU0527140,2,501,1,1
2023HU0527285,1,501,1,1
2023HU0527285,2,501,1,1
2023HU0527285,3,501,1,1
2023HU0527314,1,501,1,1
2023HU0527314,2,501,1,1
2023HU0527419,1,501,1,1
2023HU0527419,2,501,1,1
2023HU0527419,3,501,1,1
2023HU0527452,1,389,1,1
2023HU0527452,2,389,1,1
2023HU0527452,3,389,1,1
2023HU0527478,1,4,1,1
2023HU0527488,1,501,1,1
2023HU0527488,2,501,1,1
2023HU0527497,1,279,1,1
2023HU0527497,2,279,1,1
2023HU0527497,3,279,1,1
2023HU0527497,4,279,1,1
2023HU0527550,1,501,1,1
2023HU0527550,2,501,1,1
2023HU0527550,3,501,1,1
2023HU0527550,4,501,1,1
2023HU0527550,5,501,1,1
2023HU0527555,1,501,2,1
2023HU0527555,2,501,2,1
2023HU0527610,1,501,3,1
2023HU0527787,1,99,1,1
2023HU0527787,2,99,1,1
2023HU0527787,3,99,1,1
2023HU0527796,1,214,2,1
2023HU0527796,2,214,2,1
2023HU0527817,1,0,3,1
2023HU0527817,2,0,3,1
2023HU0528011,1,462,2,1
2023HU0528011,2,462,2,1
2023HU0528011,3,462,2,1
2023HU0528426,1,501,2,1
2023HU0528426,2,501,2,1
2023HU0528430,1,320,2,1
2023HU0528544,1,137,1,1
2023HU0528544,2,137,1,1
2023HU0528544,3,137,1,1
2023HU0528544,4,137,1,1
2023HU0528622,1,501,2,1
2023HU0528622,2,501,2,1
2023HU0528622,3,501,2,1
2023HU0528624,1,267,1,1
2023HU0528624,2,267,1,1
2023HU0528624,3,267,1,1
2023HU0528624,4,267,1,1
2023HU0528624,5,267,1,1
2023HU0528693,1,501,1,1
2023HU0528693,2,501,1,1
2023HU0528735,1,324,2,1
2023HU0528735,2,324,2,1
2023HU0528832,1,362,1,1
2023HU0528832,2,362,1,1
2023HU0529031,1,334,3,1
2023HU0529031,2,334,3,1
2023HU0529081,1,108,2,1
2023HU0529155,1,0,3,1
2023HU0529155,2,0,3,1
2023HU0529155,3,0,3,1
2023HU0529252,1,501,1,1
2023HU0529529,1,501,2,1
2023HU0529529,2,501,2,1
2023HU0529615,1,13,2,1
2023HU0529682,1,102,1,1
2023HU0529903,1,422,2,1
2023HU0529903,2,0,2,1
2023HU0529903,3,325,2,1
2023HU0529903,4,79,2,1
2023HU0529932,1,372,3,1
2023HU0529932,2,372,3,1
2023HU0529968,1,501,2,1
2023HU0529968,2,501,2,1
2023HU0529977,1,501,1,1
2023HU0529977,2,501,1,1
2023HU0529977,3,501,1,1
2023HU0529977,4,501,1,1
2023HU0530056,1,121,2,1
2023HU0530114,1,501,3,1
2023HU0530114,2,11,3,1
2023HU0530254,1,0,3,1
2023HU0530348,1,501,1,1
2023HU0530348,2,501,1,1
2023HU0530348,3,501,1,1
2023HU0530348,4,501,1,1
2023HU0530373,1,498,3,1
2023HU0530373,2,498,3,1
2023HU0530434,1,292,3,1
2023HU0530434,2,237,3,1
2023HU0530634,1,501,2,1
2023HU0530634,2,501,2,1
2023HU0530660,1,501,1,1
2023HU0530676,1,100,3,1
2023HU0530817,1,445,1,1
2023HU0530829,1,501,2,1
2023HU0530829,2,501,2,1
2023HU0530832,1,501,1,1
2023HU0530832,2,501,1,1
2023HU0530832,3,501,1,1
2023HU0530870,1,267,1,1
2023HU0530870,2,267,1,1
2023HU0530876,1,501,3,1
2023HU0530929,1,90,2,1
2023HU0531039,1,309,3,1
2023HU0531127,1,501,1,1
2023HU0531127,2,501,1,1
2023HU0531127,3,501,1,1
2023HU0531152,1,315,1,1
2023HU0531341,1,151,3,1
2023HU0531433,1,460,1,1
2023HU0531529,1,412,3,1
2023HU0531677,1,130,3,1
2023HU0531705,1,270,1,1
2023HU0531705,2,270,1,1
2023HU0531838,1,501,1,1
2023HU0531838,2,501,1,1
2023HU0531838,3,501,1,1
2023HU0531838,4,501,1,1
2023HU0532124,1,114,3,1
2023HU0532124,2,501,3,1
2023HU0532124,3,432,3,1
2023HU0532199,1,501,2,1
2023HU0532199,2,501,2,1
2023HU0532199,3,501,2,1
2023HU0532272,1,317,1,1
2023HU0532272,2,317,1,1
2023HU0532467,1,501,1,1
2023HU0532467,2,501,1,1
2023HU0532467,3,501,1,1
2023HU0532467,4,501,1,1
2023HU0532477,1,482,1,1
2023HU0532477,2,482,1,1
2023HU0532519,1,431,2,1
2023HU0532523,1,501,1,1
2023HU0532523,2,501,1,1
2023HU0532758,1,501,1,1
2023HU0532758,2,501,1,1
2023HU0532758,3,501,1,1
2023HU0532758,4,501,1,1
2023HU0532811,1,458,1,1
2023HU0532811,2,458,1,1
2023HU0532935,1,390,2,1
2023HU0533018,1,414,3,1
2023HU0533134,1,501,1,1
2023HU0533134,2,501,1,1
2023HU0533134,3,501,1,1
2023HU0533141,1,81,2,1
2023HU0533141,2,81,2,1
2023HU0533141,3,81,2,1
2023HU0533141,4,81,2,1
2023HU0533144,1,501,2,1
2023HU0533176,1,501,2,1
2023HU0533176,2,501,2,1
2023HU0533568,1,315,1,1
2023HU0533568,2,315,1,1
2023HU0533568,3,315,1,1
2023HU0533568,4,315,1,1
2023HU0533568,5,315,1,1
2023HU0533651,1,257,1,1
2023HU0533718,1,391,1,1
2023HU0533718,2,391,1,1
2023HU0533724,1,501,2,1
2023HU0533724,2,501,2,1
2023HU0533724,3,501,2,1
2023HU0533725,1,501,1,1
2023HU0533725,2,489,1,1
2023HU0533763,1,501,3,1
2023HU0533763,2,501,3,1
2023HU0533763,3,501,3,1
2023HU0533765,1,91,2,1
2023HU0533851,1,446,2,1
2023HU0533851,2,446,2,1
2023HU0533851,3,446,2,1
2023HU0533851,4,446,2,1
2023HU0533851,5,446,2,1
2023HU0533889,1,311,2,1
2023HU0533889,2,311,2,1
2023HU0533889,3,148,2,1
2023HU0533962,1,23,3,1
2023HU0533962,2,23,3,1
2023HU0533962,3,23,3,1
2023HU0534129,1,501,1,1
2023HU0534129,2,501,1,1
2023HU0534146,1,501,1,1
2023HU0534146,2,501,1,1
2023HU0534179,1,462,1,1
2023HU0534179,2,462,1,1
2023HU0534223,1,501,1,1
2023HU0534223,2,501,1,1
2023HU0534223,3,501,1,1
2023HU0534223,4,501,1,1
2023HU0534373,1,200,1,1
2023HU0534440,1,501,1,1
2023HU0534440,2,501,1,1
2023HU0534649,1,228,1,1
2023HU0534649,2,228,1,1
2023HU0534745,1,490,3,1
2023HU0534763,1,462,1,1
2023HU0534763,2,462,1,1
2023HU0534773,1,501,3,1
2023HU0534773,2,501,3,1
2023HU0534773,3,501,3,1
2023HU0534814,1,210,1,1
2023HU0534834,1,259,1,1
2023HU0535054,1,255,3,1
2023HU0535231,1,501,2,1
2023HU0535231,2,501,2,1
2023HU0535231,3,501,2,1
2023HU0535293,1,196,2,1
2023HU0535293,2,196,2,1
2023HU0535293,3,196,2,1
2023HU0535424,1,501,1,1
2023HU0535497,1,232,1,1
2023HU0535497,2,232,1,1
2023HU0535497,3,232,1,1
2023HU0535500,1,42,3,1
2023HU0535500,2,42,3,1
2023HU0535500,3,42,3,1
2023HU0535500,4,42,3,1
2023HU0535500,5,42,3,1
2023HU0535500,6,42,3,1
2023HU0535600,1,501,1,1
2023HU0535752,1,501,1,1
2023HU0535774,1,453,3,1
2023HU0535865,1,397,1,1
2023HU0535865,2,397,1,1
2023HU0535865,3,397,1,1
2023HU0535865,4,259,1,1
2023HU0535912,1,501,2,1
2023HU0535912,2,501,2,1
2023HU0535912,3,501,2,1
2023HU0535912,4,501,2,1
2023HU0535980,1,0,3,1
2023HU0536193,1,371,2,1
2023HU0536193,2,371,2,1
2023HU0536250,1,334,2,1
2023HU0536250,2,334,2,1
2023HU0536457,1,212,3,1
2023HU0536569,1,501,3,1
2023HU0536610,1,501,3,1
2023HU0536610,2,501,3,1
2023HU0536636,1,95,3,1
2023HU0536823,1,501,2,1
2023HU0536823,2,501,2,1
2023HU0536868,1,105,3,1
2023HU0536868,2,128,3,1
2023HU0536926,1,315,3,1
2023HU0536926,2,164,3,1
2023HU0537241,1,263,2,1
2023HU0537241,2,263,2,1
2023HU0537263,1,501,1,1
2023HU0537263,2,501,1,1
2023HU0537263,3,501,1,1
2023HU0537430,1,184,1,1
2023HU0537430,2,184,1,1
2023HU0537430,3,184,1,1
2023HU0537454,1,384,1,1
2023HU0537454,2,384,1,1
2023HU0537467,1,58,2,1
2023HU0537488,1,31,1,1
2023HU0537488,2,501,1,1
2023HU0537650,1,289,1,1
2023HU0537700,1,223,3,1
2023HU0537710,1,388,3,1
2023HU0537710,2,388,3,1
2023HU0537729,1,501,3,1
2023HU0537814,1,501,1,1
2023HU0537820,1,501,1,1
2023HU0537820,2,501,1,1
2023HU0537852,1,482,2,1
2023HU0537852,2,501,2,1
2023HU0537852,3,482,2,1
2023HU0537871,1,188,3,1
2023HU0537871,2,188,3,1
2023HU0537871,3,188,3,1
2023HU0538015,1,341,1,1
2023HU0538055,1,135,3,1
2023HU0538092,1,501,1,1
2023HU0538092,2,501,1,1
2023HU0538092,3,501,1,1
2023HU0538179,1,501,1,1
2023HU0538179,2,501,1,1
2023HU0538203,1,501,2,1
2023HU0538203,2,501,2,1
2023HU0538242,1,501,1,1
2023HU0538242,2,501,1,1
2023HU0538242,3,501,1,1
2023HU0538242,4,501,1,1
2023HU0538242,5,501,1,1
2023HU0538265,1,501,3,1
2023HU0538432,1,161,3,1
2023HU0538558,1,141,3,1
2023HU0538655,1,11,3,1
2023HU0538794,1,445,1,1
2023HU0538794,2,445,1,1
2023HU0539061,1,190,1,1
2023HU0539061,2,190,1,1
2023HU0539061,3,190,1,1
2023HU0539061,4,190,1,1
2023HU0539061,5,190,1,1
2023HU0539061,6,190,1,1
2023HU0539078,1,168,1,1
2023HU0539078,2,168,1,1
2023HU0539078,3,168,1,1
2023HU0539078,4,168,1,1
2023HU0539397,1,28,3,1
2023HU0539397,2,0,3,1
2023HU0539600,1,475,2,1
2023HU0539600,2,475,2,1
2023HU0539615,1,501,1,1
2023HU0539615,2,501,1,1
2023HU0539615,3,501,1,1
2023HU0539615,4,501,1,1
2023HU0539640,1,501,3,1
2023HU0539700,1,501,2,1
2023HU0539786,1,501,3,1
2023HU0539786,2,501,3,1
2023HU0539816,1,501,1,1
2023HU0539816,2,501,1,1
2023HU0539825,1,501,1,1
2023HU0539825,2,501,1,1
2023HU0539926,1,501,3,1
2023HU0539967,1,468,1,1
2023HU0539967,2,468,1,1
2023HU0539967,3,468,1,1
2023HU0539967,4,468,1,1
2023HU0539967,5,468,1,1
2023HU0539967,6,468,1,1
2023HU0539967,7,468,1,1
2023HU0539967,8,468,1,1
2023HU0539983,1,352,3,1
2023HU0540012,1,199,2,1
2023HU0540012,2,199,2,1
2023HU0540012,3,199,2,1
2023HU0540012,4,199,2,1
2023HU0540052,1,93,3,1
2023HU0540120,1,411,3,1
2023HU0540144,1,270,1,1
2023HU0540146,1,501,1,1
2023HU0540146,2,501,1,1
2023HU0540146,3,501,1,1
2023HU0540426,1,501,2,1
2023HU0540426,2,501,2,1
2023HU0540426,3,501,2,1
2023HU0540426,4,501,2,1
2023HU0540484,1,77,2,1
2023HU0540484,2,77,2,1
2023HU0540502,1,501,3,1
2023HU0540555,1,501,2,1
2023HU0540555,2,501,2,1
2023HU0540612,1,492,1,1
2023HU0540623,1,167,1,1
2023HU0540676,1,475,3,1
2023HU0540710,1,117,3,1
2023HU0540891,1,501,2,1
2023HU0540891,2,501,2,1
2023HU0540891,3,501,2,1
2023HU0540924,1,215,1,1
2023HU0540976,1,501,2,1
2023HU0541171,1,501,1,1
2023HU0541223,1,101,3,1
2023HU0541223,2,46,3,1
2023HU0541223,3,101,3,1
2023HU0541223,4,101,3,1
2023HU0541223,5,101,3,1
2023HU0541426,1,187,1,1
2023HU0541426,2,187,1,1
2023HU0541426,3,187,1,1
2023HU0541615,1,501,1,1
2023HU0541615,2,501,1,1
2023HU0541615,3,501,1,1
2023HU0541662,1,501,1,1
2023HU0541662,2,501,1,1
2023HU0541743,1,501,3,1
2023HU0541743,2,501,3,1
2023HU0541743,3,501,3,1
2023HU0541783,1,84,3,1
2023HU0541783,2,130,3,1
2023HU0541787,1,134,2,1
2023HU0542313,1,501,1,1
2023HU0542313,2,132,1,1
2023HU0542313,3,112,1,1
2023HU0542412,1,358,2,1
2023HU0542412,2,358,2,1
2023HU0542412,3,358,2,1
2023HU0542412,4,358,2,1
2023HU0542504,1,213,3,1
2023HU0542504,2,213,3,1
2023HU0542504,3,213,3,1
2023HU0542504,4,213,3,1
2023HU0542504,5,213,3,1
2023HU0542504,6,213,3,1
2023HU0542504,7,213,3,1
2023HU0542504,8,213,3,1
2023HU0542841,1,159,3,1
2023HU0542841,2,159,3,1
2023HU0542993,1,501,1,1
2023HU0542993,2,501,1,1
2023HU0543073,1,209,3,1
2023HU0543467,1,501,1,1
2023HU0543467,2,501,1,1
2023HU0543467,3,501,1,1
2023HU0543467,4,501,1,1
2023HU0543467,5,501,1,1
2023HU0543467,6,501,1,1
2023HU0543467,7,501,1,1
2023HU0543474,1,392,1,1
2023HU0543627,1,501,2,1
2023HU0543627,2,501,2,1
2023HU0543722,1,0,3,1
2023HU0543722,2,0,3,1
2023HU0543722,3,0,3,1
2023HU0543955,1,329,1,1
2023HU0543955,2,329,1,1
2023HU0543955,3,329,1,1
2023HU0543955,4,329,1,1
2023HU0543955,5,329,1,1
2023HU0543955,6,329,1,1
2023HU0543955,7,,1,1
2023HU0543955,8,,1,1
2023HU0544022,1,193,1,1
2023HU0544022,2,391,1,1
2023HU0544022,3,23,1,1
2023HU0544041,1,425,2,1
2023HU0544041,2,425,2,1
2023HU0544205,1,439,1,1
2023HU0544205,2,439,1,1
2023HU0544262,1,150,3,1
2023HU0544262,2,150,3,1
2023HU0544549,1,6,3,1
2023HU0544549,2,6,3,1
2023HU0544558,1,370,3,1
2023HU0544558,2,370,3,1
2023HU0544831,1,175,1,1
2023HU0544831,2,175,1,1
2023HU0544831,3,0,1,1
2023HU0544906,1,323,3,1
2023HU0544906,2,323,3,1
2023HU0544937,1,501,2,1
2023HU0544937,2,501,2,1
2023HU0545055,1,501,1,1
2023HU0545055,2,501,1,1
2023HU0545055,3,501,1,1
2023HU0545058,1,501,1,1
2023HU0545058,2,501,1,1
2023HU0545058,3,501,1,1
2023HU0545058,4,501,1,1
2023HU0545093,1,501,1,1
2023HU0545093,2,501,1,1
2023HU0545093,3,501,1,1
2023HU0545093,4,501,1,1
2023HU0545188,1,220,3,1
2023HU0545188,2,220,3,1
2023HU0545217,1,501,1,1
2023HU0545394,1,501,1,1
2023HU0545394,2,501,1,1
2023HU0545410,1,501,2,1
2023HU0545410,2,501,2,1
2023HU0545410,3,501,2,1
2023HU0545410,4,501,2,1
2023HU0545410,5,501,2,1
2023HU0545410,6,501,2,1
2023HU0545411,1,282,2,1
2023HU0545411,2,282,2,1
2023HU0545411,3,282,2,1
2023HU0545411,4,282,2,1
2023HU0545411,5,282,2,1
2023HU0545411,6,282,2,1
2023HU0545411,7,282,2,1
2023HU0545451,1,161,3,1
2023HU0545514,1,501,3,1
2023HU0545838,1,156,1,1
2023HU0545838,2,272,1,1
2023HU0545845,1,224,2,1
2023HU0545860,1,225,1,1
2023HU0545860,2,225,1,1
2023HU0545860,3,225,1,1
2023HU0545860,4,225,1,1
2023HU0545914,1,334,3,1
2023HU0545914,2,334,3,1
2023HU0545914,3,334,3,1
2023HU0545914,4,334,3,1
2023HU0545914,5,334,3,1
2023HU0545914,6,0,3,1
2023HU0545914,7,0,3,1
2023HU0546007,1,104,2,1
2023HU0546007,2,104,2,1
2023HU0546007,3,104,2,1
2023HU0546007,4,104,2,1
2023HU0546027,1,501,2,1
2023HU0546027,2,501,2,1
2023HU0546027,3,501,2,1
2023HU0546204,1,501,4,1
2023HU0546307,1,306,2,1
2023HU0546307,2,306,2,1
2023HU0546307,3,306,2,1
2023HU0546496,1,265,3,1
2023HU0546498,1,286,3,1
2023HU0546498,2,414,3,1
2023HU0546498,3,408,3,1
2023HU0546559,1,501,2,1
2023HU0546559,2,501,2,1
2023HU0546902,1,501,1,1
2023HU0546902,2,501,1,1
2023HU0547014,1,103,2,1
2023HU0547014,2,103,2,1
2023HU0547014,3,103,2,1
2023HU0547217,1,305,2,1
2023HU0547217,2,501,2,1
2023HU0547246,1,405,2,1
2023HU0547246,2,405,2,1
2023HU0547366,1,231,3,1
2023HU0547366,2,231,3,1
2023HU0547581,1,501,1,1
2023HU0547581,2,501,1,1
2023HU0547625,1,389,2,1
2023HU0547625,2,389,2,1
2023HU0547701,1,501,1,1
2023HU0547871,1,247,2,1
2023HU0547871,2,247,2,1
2023HU0547919,1,469,2,1
2023HU0547991,1,501,1,1
2023HU0547991,2,501,1,1
2023HU0547991,3,501,1,1
2023HU0547991,4,501,1,1
2023HU0548006,1,394,2,1
2023HU0548006,2,394,2,1
2023HU0548076,1,257,1,1
2023HU0548076,2,257,1,1
2023HU0548076,3,257,1,1
2023HU0548076,4,257,1,1
2023HU0548347,1,78,3,1
2023HU0548380,1,329,1,1
2023HU0548600,1,485,1,1
2023HU0548647,1,501,1,1
2023HU0548647,2,501,1,1
2023HU0548687,1,501,1,1
2023HU0548697,1,119,3,1
2023HU0548697,2,119,3,1
2023HU0548747,1,289,3,1
2023HU0548747,2,501,3,1
2023HU0548747,3,21,3,1
2023HU0548764,1,501,4,1
2023HU0548764,2,501,4,1
2023HU0548764,3,501,4,1
2023HU0548774,1,170,3,1
2023HU0548895,1,501,1,1
2023HU0548895,2,501,1,1
2023HU0548895,3,501,1,1
2023HU0548910,1,0,3,1
2023HU0548923,1,501,1,1
2023HU0548926,1,380,1,1
2023HU0548938,1,340,3,1
2023HU0548938,2,340,3,1
2023HU0548938,3,340,3,1
2023HU0548938,4,340,3,1
2023HU0548938,5,340,3,1
2023HU0548943,1,501,1,1
2023HU0548943,2,501,1,1
2023HU0548943,3,501,1,1
2023HU0548943,4,501,1,1
2023HU0549107,1,501,1,1
2023HU0549252,1,495,2,1
2023HU0549252,2,495,2,1
2023HU0549252,3,495,2,1
2023HU0549299,1,446,1,1
2023HU0549346,1,501,1,1
2023HU0549346,2,501,1,1
2023HU0549612,1,474,1,1
2023HU0549639,1,501,1,1
2023HU0549639,2,501,1,1
2023HU0549639,3,501,1,1
2023HU0549816,1,214,3,1
2023HU0549816,2,214,3,1
2023HU0549932,1,188,3,1
2023HU0550108,1,286,1,1
2023HU0550108,2,286,1,1
2023HU0550232,1,501,2,1
2023HU0550232,2,501,2,1
2023HU0550232,3,501,2,1
2023HU0550353,1,318,1,1
2023HU0550353,2,501,1,1
2023HU0550374,1,180,1,1
2023HU0550374,2,180,1,1
2023HU0550374,3,180,1,1
2023HU0550374,4,180,1,1
2023HU0550379,1,501,2,1
2023HU0550379,2,501,2,1
2023HU0550379,3,501,2,1
2023HU0550379,4,501,2,1
2023HU0550531,1,268,1,1
2023HU0550531,2,268,1,1
2023HU0550531,3,268,1,1
2023HU0550548,1,158,3,1
2023HU0550548,2,158,3,1
2023HU0550589,1,167,1,1
2023HU0550589,2,167,1,1
2023HU0550589,3,167,1,1
2023HU0550589,4,167,1,1
2023HU0550676,1,501,1,1
2023HU0550676,2,501,1,1
2023HU0550676,3,501,1,1
2023HU0550699,1,55,3,1
2023HU0550699,2,55,3,1
2023HU0550699,3,55,3,1
2023HU0550699,4,55,3,1
2023HU0550726,1,501,1,1
2023HU0550726,2,501,1,1
2023HU0550958,1,501,1,1
2023HU0550958,2,501,1,1
2023HU0550962,1,203,1,1
2023HU0551053,1,392,3,1
2023HU0551053,2,326,3,1
2023HU0551177,1,122,1,1
2023HU0551177,2,122,1,1
2023HU0551177,3,122,1,1
2023HU0551177,4,122,1,1
2023HU0551177,5,122,1,1
2023HU0551177,6,122,1,1
2023HU0551177,7,122,1,1
2023HU0551591,1,255,1,1
2023HU0551692,1,501,1,1
2023HU0551692,2,292,1,1
2023HU0551692,3,501,1,1
2023HU0551692,4,501,1,1
2023HU0551713,1,501,1,1
2023HU0551713,2,501,1,1
2023HU0551713,3,501,1,1
2023HU0551713,4,501,1,1
2023HU0551713,5,501,1,1
2023HU0551713,6,501,1,1
2023HU0551723,1,501,2,1
2023HU0551723,2,501,2,1
2023HU0551724,1,304,3,1
2023HU0551724,2,304,3,1
2023HU0551734,1,306,2,1
2023HU0551734,2,306,2,1
2023HU0551734,3,306,2,1
2023HU0551734,4,306,2,1
2023HU0551760,1,501,1,1
2023HU0551760,2,501,1,1
2023HU0551760,3,501,1,1
2023HU0551860,1,295,1,1
2023HU0551860,2,295,1,1
2023HU0551867,1,470,1,1
2023HU0551872,1,38,1,1
2023HU0551880,1,501,2,1
2023HU0551880,2,501,2,1
2023HU0551880,3,501,2,1
2023HU0551880,4,501,2,1
2023HU0551886,1,98,1,1
2023HU0551886,2,98,1,1
2023HU0551886,3,98,1,1
2023HU0552034,1,236,2,1
2023HU0552034,2,236,2,1
2023HU0552057,1,501,1,1
2023HU0552057,2,501,1,1
2023HU0552135,1,501,4,1
2023HU0552135,2,501,4,1
2023HU0552135,3,501,4,1
2023HU0552255,1,501,3,1
2023HU0552255,2,501,3,1
2023HU0552271,1,243,1,1
2023HU0552271,2,243,1,1
2023HU0552289,1,449,3,1
2023HU0552531,1,139,3,1
2023HU0552531,2,139,3,1
2023HU0552531,3,139,3,1
2023HU0552576,1,0,1,1
2023HU0552686,1,275,3,1
2023HU0552686,2,275,3,1
2023HU0552686,3,275,3,1
2023HU0552686,4,275,3,1
2023HU0552731,1,331,1,1
2023HU0552731,2,331,1,1
2023HU0552731,3,331,1,1
2023HU0552731,4,331,1,1
2023HU0552731,5,331,1,1
2023HU0552822,1,501,1,1
2023HU0552822,2,501,1,1
2023HU0552939,1,501,3,1
2023HU0552939,2,77,3,1
2023HU0552939,3,38,3,1
2023HU0552939,4,,3,1
2023HU0552939,5,,3,1
2023HU0552939,6,,3,1
2023HU0553070,1,501,1,1
2023HU0553197,1,443,1,1
2023HU0553213,1,413,3,1
2023HU0553213,2,413,3,1
2023HU0553313,1,116,1,1
2023HU0553375,1,501,1,1
2023HU0553375,2,501,1,1
2023HU0553375,3,501,1,1
2023HU0553375,4,501,1,1
2023HU0553375,5,501,1,1
2023HU0553375,6,501,1,1
2023HU0553389,1,501,1,1
2023HU0553400,1,348,2,1
2023HU0553400,2,348,2,1
2023HU0553484,1,0,2,1
2023HU0553484,2,0,2,1
2023HU0553484,3,0,2,1
2023HU0553484,4,0,2,1
2023HU0553484,5,0,2,1
2023HU0553484,6,0,2,1
2023HU0553553,1,349,2,1
2023HU0553553,2,349,2,1
2023HU0553553,3,349,2,1
2023HU0553553,4,349,2,1
2023HU0553628,1,501,3,1
2023HU0553629,1,416,3,1
2023HU0553641,1,191,2,1
2023HU0553661,1,501,1,1
2023HU0553661,2,501,1,1
2023HU0553661,3,501,1,1
2023HU0553692,1,59,2,1
2023HU0553736,1,184,3,1
2023HU0553736,2,184,3,1
2023HU0553749,1,320,3,1
2023HU0553749,2,500,3,1
2023HU0553858,1,501,1,1
2023HU0553858,2,501,1,1
2023HU0554004,1,486,1,1
2023HU0554004,2,486,1,1
2023HU0554004,3,486,1,1
2023HU0554004,4,486,1,1
2023HU0554248,1,501,1,1
2023HU0554248,2,501,1,1
2023HU0554248,3,501,1,1
2023HU0554248,4,501,1,1
2023HU0554339,1,501,2,1
2023HU0554339,2,501,2,1
2023HU0554341,1,501,1,1
2023HU0554391,1,417,1,1
2023HU0554391,2,417,1,1
2023HU0554427,1,501,1,1
2023HU0554427,2,501,1,1
2023HU0554427,3,501,1,1
2023HU0554427,4,501,1,1
2023HU0554427,5,501,1,1
2023HU0554480,1,383,1,1
2023HU0554480,2,383,1,1
2023HU0554480,3,383,1,1
2023HU0554673,1,501,1,1
2023HU0554673,2,501,1,1
2023HU0554673,3,501,1,1
2023HU0554687,1,195,1,1
2023HU0554687,2,253,1,1
2023HU0554776,1,399,3,1
2023HU0554776,2,399,3,1
2023HU0554776,3,399,3,1
2023HU0554881,1,477,1,1
2023HU0554881,2,438,1,1
2023HU0555144,1,272,1,1
2023HU0555144,2,272,1,1
2023HU0555144,3,272,1,1
2023HU0555144,4,272,1,1
2023HU0555144,5,272,1,1
2023HU0555428,1,61,2,1
2023HU0555428,2,61,2,1
2023HU0555555,1,217,3,1
2023HU0555555,2,217,3,1
2023HU0555555,3,217,3,1
2023HU0555674,1,134,1,1
2023HU0555674,2,134,1,1
2023HU0555674,3,134,1,1
2023HU0555694,1,442,1,1
2023HU0555694,2,442,1,1
2023HU0555694,3,442,1,1
2023HU0555694,4,442,1,1
2023HU0555917,1,501,1,1
2023HU0555937,1,501,3,1
2023HU0555937,2,501,3,1
2023HU0556021,1,501,1,1
2023HU0556021,2,501,1,1
2023HU0556142,1,373,2,1
2023HU0556142,2,373,2,1
2023HU0556301,1,501,1,1
2023HU0556339,1,501,1,1
2023HU0556339,2,501,1,1
2023HU0556339,3,501,1,1
2023HU0556426,1,329,3,1
2023HU0556444,1,447,1,1
2023HU0556474,1,501,1,1
2023HU0556501,1,133,2,1
2023HU0556501,2,133,2,1
2023HU0556501,3,133,2,1
2023HU0556501,4,133,2,1
2023HU0556501,5,133,2,1
2023HU0556518,1,249,1,1
2023HU0556518,2,249,1,1
2023HU0556616,1,235,2,1
2023HU0556629,1,501,3,1
2023HU0556629,2,501,3,1
2023HU0556927,1,452,1,1
2023HU0556927,2,452,1,1
2023HU0556927,3,452,1,1
2023HU0556927,4,452,1,1
2023HU0557095,1,31,2,1
2023HU0557095,2,31,2,1
2023HU0557095,3,31,2,1
2023HU0557095,4,31,2,1
2023HU0557209,1,501,3,1
2023HU0557209,2,446,3,1
2023HU0557238,1,501,1,1
2023HU0557238,2,501,1,1
2023HU0557238,3,501,1,1
2023HU0557238,4,501,1,1
2023HU0557238,5,501,1,1
2023HU0557484,1,14,1,1
2023HU0557484,2,14,1,1
2023HU0557484,3,14,1,1
2023HU0557484,4,14,1,1
2023HU0557488,1,78,2,1
2023HU0558085,1,501,1,1
2023HU0558085,2,501,1,1
2023HU0558095,1,501,1,1
2023HU0558095,2,501,1,1
2023HU0558553,1,323,1,1
2023HU0558573,1,213,3,1
2023HU0558573,2,213,3,1
2023HU0558607,1,501,3,1
2023HU0558669,1,319,3,1
2023HU0558710,1,501,1,1
2023HU0558728,1,322,3,1
2023HU0558794,1,144,3,1
2023HU0558794,2,351,3,1
2023HU0558794,3,144,3,1
2023HU0558935,1,501,1,1
2023HU0558935,2,501,1,1
2023HU0558950,1,501,1,1
2023HU0558950,2,501,1,1
2023HU0558950,3,501,1,1
2023HU0558950,4,501,1,1
2023HU0559016,1,250,1,1
2023HU0559044,1,501,2,1
2023HU0559044,2,501,2,1
2023HU0559044,3,501,2,1
2023HU0559044,4,501,2,1
2023HU0559133,1,501,1,1
2023HU0559133,2,501,1,1
2023HU0559138,1,234,1,1
2023HU0559138,2,234,1,1
2023HU0559297,1,155,4,1
2023HU0559297,2,155,4,1
2023HU0559331,1,455,3,1
2023HU0559331,2,455,3,1
2023HU0559331,3,455,3,1
2023HU0559359,1,134,4,1
2023HU0559359,2,134,4,1
2023HU0559359,3,221,4,1
2023HU0559462,1,48,1,1
2023HU0559462,2,48,1,1
2023HU0559462,3,48,1,1
2023HU0559462,4,48,1,1
2023HU0559696,1,365,1,1
2023HU0559722,1,501,2,1
2023HU0559722,2,501,2,1
2023HU0559722,3,501,2,1
2023HU0559783,1,83,3,1
2023HU0559905,1,170,1,1
2023HU0559905,2,170,1,1
2023HU0559905,3,170,1,1
2023HU0559905,4,170,1,1
2023HU0559976,1,161,1,1
2023HU0559976,2,161,1,1
2023HU0559976,3,161,1,1
2023HU0559976,4,161,1,1
2023HU0559976,5,161,1,1
2023HU0560039,1,317,1,1
2023HU0560039,2,317,1,1
2023HU0560083,1,501,1,1
2023HU0560083,2,501,1,1
2023HU0560083,3,501,1,1
2023HU0560083,4,501,1,1
2023HU0560178,1,75,3,1
2023HU0560270,1,184,3,1
2023HU0560544,1,501,2,1
2023HU0560544,2,501,2,1
2023HU0560544,3,501,2,1
2023HU0560601,1,106,3,1
2023HU0560601,2,106,3,1
2023HU0560730,1,254,2,1
2023HU0560761,1,69,3,1
2023HU0560761,2,478,3,1
2023HU0560905,1,39,3,1
2023HU0561074,1,168,1,1
2023HU0561074,2,168,1,1
2023HU0561074,3,168,1,1
2023HU0561074,4,168,1,1
2023HU0561394,1,478,1,1
2023HU0561394,2,444,1,1
2023HU0561394,3,478,1,1
2023HU0561429,1,76,2,1
2023HU0561650,1,43,1,1
2023HU0561785,1,309,1,1
2023HU0561892,1,251,2,1
2023HU0562071,1,370,2,1
2023HU0562071,2,370,2,1
2023HU0562125,1,442,2,1
2023HU0562125,2,442,2,1
2023HU0562135,1,501,3,1
2023HU0562135,2,501,3,1
2023HU0562135,3,501,3,1
2023HU0562135,4,501,3,1
2023HU0562242,1,348,4,1
2023HU0562242,2,348,4,1
2023HU0562242,3,348,4,1
2023HU0562242,4,348,4,1
2023HU0562352,1,259,2,1
2023HU0562352,2,259,2,1
2023HU0562417,1,13,3,1
2023HU0562473,1,501,1,1
2023HU0562473,2,501,1,1
2023HU0562473,3,501,1,1
2023HU0562555,1,501,1,1
2023HU0562555,2,501,1,1
2023HU0562556,1,27,2,1
2023HU0562556,2,27,2,1
2023HU0562650,1,477,3,1
2023HU0562678,1,501,1,1
2023HU0562678,2,501,1,1
2023HU0562679,1,501,1,1
2023HU0562679,2,501,1,1
2023HU0562716,1,372,1,1
2023HU0562716,2,372,1,1
2023HU0562716,3,372,1,1
2023HU0562716,4,372,1,1
2023HU0562809,1,501,1,1
2023HU0562816,1,14,3,1
2023HU0562816,2,394,3,1
2023HU0562834,1,501,1,1
2023HU0562834,2,501,1,1
2023HU0562834,3,501,1,1
2023HU0562922,1,466,2,1
2023HU0562951,1,501,1,1
2023HU0562951,2,501,1,1
2023HU0562951,3,501,1,1
2023HU0562951,4,501,1,1
2023HU0562968,1,501,3,1
2023HU0562979,1,448,1,1
2023HU0562979,2,448,1,1
2023HU0562979,3,448,1,1
2023HU0563050,1,501,1,1
2023HU0563050,2,501,1,1
2023HU0563192,1,288,1,1
2023HU0563278,1,213,2,1
2023HU0563278,2,213,2,1
2023HU0563278,3,213,2,1
2023HU0563278,4,213,2,1
2023HU0563292,1,389,2,1
2023HU0563292,2,389,2,1
2023HU0563294,1,501,3,1
2023HU0563294,2,501,3,1
2023HU0563461,1,445,1,1
2023HU0563544,1,319,1,1
2023HU0563544,2,319,1,1
2023HU0563544,3,319,1,1
2023HU0563544,4,319,1,1
2023HU0563561,1,501,1,1
2023HU0563561,2,341,1,1
2023HU0563717,1,99,1,1
2023HU0563771,1,501,3,1
2023HU0563771,2,501,3,1
2023HU0563936,1,207,2,1
2023HU0563971,1,427,4,1
2023HU0563992,1,294,3,1
2023HU0563992,2,268,3,1
2023HU0563992,3,235,3,1
2023HU0564049,1,197,1,1
2023HU0564049,2,197,1,1
2023HU0564152,1,501,2,1
2023HU0564152,2,501,2,1
2023HU0564273,1,207,3,1
2023HU0564280,1,326,1,1
2023HU0564280,2,326,1,1
2023HU0564295,1,475,2,1
2023HU0564295,2,475,2,1
2023HU0564344,1,321,2,1
2023HU0564344,2,321,2,1
2023HU0564465,1,414,2,1
2023HU0564465,2,414,2,1
2023HU0564465,3,414,2,1
2023HU0564465,4,414,2,1
2023HU0564465,5,414,2,1
2023HU0564465,6,414,2,1
2023HU0564494,1,358,2,1
2023HU0564494,2,358,2,1
2023HU0564635,1,501,1,1
2023HU0564694,1,195,3,1
2023HU0564694,2,203,3,1
2023HU0564694,3,435,3,1
2023HU0564701,1,185,2,1
2023HU0564701,2,185,2,1
2023HU0564849,1,501,3,1
2023HU0564849,2,501,3,1
2023HU0564998,1,501,1,1
2023HU0564998,2,501,1,1
2023HU0565034,1,501,1,1
2023HU0565034,2,501,1,1
2023HU0565092,1,153,2,1
2023HU0565092,2,153,2,1
2023HU0565380,1,494,3,1
2023HU0565380,2,494,3,1
2023HU0565468,1,501,1,1
2023HU0565468,2,501,1,1
2023HU0565468,3,501,1,1
2023HU0565468,4,501,1,1
2023HU0565821,1,414,2,1
2023HU0565821,2,414,2,1
2023HU0565821,3,414,2,1
2023HU0565830,1,21,3,1
2023HU0565830,2,21,3,1
2023HU0565830,3,21,3,1
2023HU0565830,4,21,3,1
2023HU0565830,5,21,3,1
2023HU0565830,6,21,3,1
2023HU0566146,1,501,1,1
2023HU0566146,2,501,1,1
2023HU0566170,1,501,2,1
2023HU0566170,2,501,2,1
2023HU0566262,1,187,2,1
2023HU0566262,2,187,2,1
2023HU0566283,1,160,2,1
2023HU0566409,1,385,2,1
2023HU0566409,2,385,2,1
2023HU0566460,1,501,2,1
2023HU0566460,2,501,2,1
2023HU0566609,1,382,1,1
2023HU0566609,2,382,1,1
2023HU0566715,1,103,3,1
2023HU0566755,1,434,1,1
2023HU0566817,1,0,3,1
2023HU0566832,1,193,3,1
2023HU0566902,1,66,2,1
2023HU0566902,2,66,2,1
2023HU0567035,1,208,1,1
2023HU0567035,2,208,1,1
2023HU0567035,3,208,1,1
2023HU0567035,4,208,1,1
2023HU0567059,1,6,2,1
2023HU0567059,2,6,2,1
2023HU0567059,3,6,2,1
2023HU0567059,4,6,2,1
2023HU0567063,1,416,2,1
2023HU0567106,1,501,1,1
2023HU0567117,1,239,3,1
2023HU0567117,2,388,3,1
2023HU0567117,3,323,3,1
2023HU0567187,1,477,1,1
2023HU0567187,2,477,1,1
2023HU0567187,3,477,1,1
2023HU0567187,4,477,1,1
2023HU0567191,1,0,2,1
2023HU0567191,2,0,2,1
2023HU0567269,1,501,1,1
2023HU0567382,1,407,1,1
2023HU0567382,2,407,1,1
2023HU0567382,3,407,1,1
2023HU0567382,4,407,1,1
2023HU0567382,5,407,1,1
2023HU0567530,1,501,1,1
2023HU0567530,2,501,1,1
2023HU0567577,1,194,3,1
2023HU0567577,2,194,3,1
2023HU0567577,3,194,3,1
2023HU0567671,1,388,1,1
2023HU0567671,2,388,1,1
2023HU0567671,3,388,1,1
2023HU0567671,4,388,1,1
2023HU0567813,1,129,3,1
2023HU0567905,1,501,2,1
2023HU0567905,2,501,2,1
2023HU0567905,3,501,2,1
2023HU0567905,4,501,2,1
2023HU0567928,1,127,1,1
2023HU0567928,2,127,1,1
2023HU0567937,1,184,1,1
2023HU0567937,2,184,1,1
2023HU0567937,3,184,1,1
2023HU0567937,4,184,1,1
2023HU0567937,5,184,1,1
2023HU0567937,6,,1,1
2023HU0568191,1,0,1,1
2023HU0568191,2,0,1,1
2023HU0568335,1,501,1,1
2023HU0568357,1,104,1,1
2023HU0568357,2,104,1,1
2023HU0568357,3,104,1,1
2023HU0568357,4,104,1,1
2023HU0568357,5,104,1,1
2023HU0568671,1,222,1,1
2023HU0568671,2,501,1,1
2023HU0568769,1,242,2,1
2023HU0568857,1,501,1,1
2023HU0568857,2,501,1,1
2023HU0568866,1,501,1,1
2023HU0568866,2,501,1,1
2023HU0568866,3,501,1,1
2023HU0568866,4,501,1,1
2023HU0568919,1,223,1,1
2023HU0568919,2,223,1,1
2023HU0568919,3,223,1,1
2023HU0568919,4,223,1,1
2023HU0568924,1,501,3,1
2023HU0569061,1,472,1,1
2023HU0569061,2,472,1,1
2023HU0569061,3,472,1,1
2023HU0569061,4,472,1,1
2023HU0569063,1,501,1,1
2023HU0569063,2,501,1,1
2023HU0569063,3,501,1,1
2023HU0569063,4,501,1,1
2023HU0569226,1,501,1,1
2023HU0569226,2,501,1,1
2023HU0569226,3,501,1,1
2023HU0569226,4,501,1,1
2023HU0569338,1,501,1,1
2023HU0569357,1,299,2,1
2023HU0569357,2,253,2,1
2023HU0569394,1,187,3,1
2023HU0569399,1,501,1,1
2023HU0569399,2,501,1,1
2023HU0569432,1,479,2,1
2023HU0569447,1,501,1,1
2023HU0569447,2,388,1,1
2023HU0569447,3,318,1,1
2023HU0569730,1,9,3,1
2023HU0569853,1,409,2,1
2023HU0569853,2,409,2,1
2023HU0569904,1,0,4,1
2023HU0569904,2,0,4,1
2023HU0569958,1,84,1,1
2023HU0570365,1,384,3,1
2023HU0570489,1,501,2,1
2023HU0570681,1,224,3,1
2023HU0570681,2,224,3,1
2023HU0570681,3,224,3,1
2023HU0570681,4,224,3,1
2023HU0570852,1,116,3,1
2023HU0570936,1,501,2,1
2023HU0571332,1,247,2,1
2023HU0571413,1,476,3,1
2023HU0571413,2,476,3,1
2023HU0571413,3,476,3,1
2023HU0571492,1,43,4,1
2023HU0571560,1,372,2,1
2023HU0571560,2,372,2,1
2023HU0571655,1,388,1,1
2023HU0571655,2,388,1,1
2023HU0571730,1,418,1,1
2023HU0571848,1,501,1,1
2023HU0571848,2,501,1,1
2023HU0571848,3,501,1,1
2023HU0572055,1,270,2,1
2023HU0572103,1,102,3,1
2023HU0572204,1,501,1,1
2023HU0572204,2,501,1,1
2023HU0572273,1,501,3,1
2023HU0572381,1,285,3,1
2023HU0572606,1,501,1,1
2023HU0572606,2,501,1,1
2023HU0572606,3,501,1,1
2023HU0572606,4,501,1,1
2023HU0572659,1,501,1,1
2023HU0572659,2,501,1,1
2023HU0572659,3,501,1,1
2023HU0572659,4,501,1,1
2023HU0572702,1,501,3,1
2023HU0572762,1,501,3,1
2023HU0572774,1,501,2,1
2023HU0572774,2,501,2,1
2023HU0572774,3,501,2,1
2023HU0572924,1,501,3,1
2023HU0572935,1,499,1,1
2023HU0573076,1,144,2,1
2023HU0573076,2,144,2,1
2023HU0573295,1,501,1,1
2023HU0573295,2,501,1,1
2023HU0573295,3,501,1,1
2023HU0573295,4,501,1,1
2023HU0573318,1,501,2,1
2023HU0573318,2,501,2,1
2023HU0573318,3,501,2,1
2023HU0573471,1,175,3,1
2023HU0573476,1,76,3,1
2023HU0573660,1,501,1,1
2023HU0573660,2,501,1,1
2023HU0573660,3,501,1,1
2023HU0573660,4,501,1,1
2023HU0573780,1,501,2,1
2023HU0573842,1,501,1,1
2023HU0573842,2,315,1,1
2023HU0573842,3,501,1,1
2023HU0573978,1,236,2,1
2023HU0573990,1,501,2,1
2023HU0573990,2,501,2,1
2023HU0573990,3,501,2,1
2023HU0573990,4,501,2,1
2023HU0574100,1,0,2,1
2023HU0574229,1,337,1,1
2023HU0574229,2,337,1,1
2023HU0574229,3,337,1,1
2023HU0574229,4,337,1,1
2023HU0574229,5,337,1,1
2023HU0574340,1,501,3,1
2023HU0574381,1,501,2,1
2023HU0574381,2,501,2,1
2023HU0574501,1,338,1,1
2023HU0574608,1,501,1,1
2023HU0574608,2,501,1,1
2023HU0574752,1,205,3,1
2023HU0574936,1,51,2,1
2023HU0574936,2,51,2,1
2023HU0574936,3,51,2,1
2023HU0574936,4,51,2,1
2023HU0574936,5,51,2,1
2023HU0575171,1,268,1,1
2023HU0575244,1,501,2,1
2023HU0575244,2,501,2,1
2023HU0575460,1,501,1,1
2023HU0575460,2,501,1,1
2023HU0575460,3,501,1,1
2023HU0575460,4,501,1,1
2023HU0575460,5,501,1,1
2023HU0575590,1,68,3,1
2023HU0575652,1,501,3,1
2023HU0575652,2,501,3,1
2023HU0575708,1,153,3,1
2023HU0575740,1,501,1,1
2023HU0575740,2,501,1,1
2023HU0575740,3,501,1,1
2023HU0575939,1,256,2,1
2023HU0575939,2,256,2,1
2023HU0575939,3,256,2,1
2023HU0575944,1,501,1,1
2023HU0576106,1,352,3,1
2023HU0576402,1,194,1,1
2023HU0576442,1,120,3,1
2023HU0576442,2,120,3,1
2023HU0576442,3,120,3,1
2023HU0576570,1,501,2,1
2023HU0576570,2,501,2,1
2023HU0576570,3,501,2,1
2023HU0576715,1,501,3,1
2023HU0576715,2,501,3,1
2023HU0576825,1,501,2,1
2023HU0576825,2,501,2,1
2023HU0577140,1,175,1,1
2023HU0577140,2,175,1,1
2023HU0577199,1,501,3,1
2023HU0577220,1,347,3,1
2023HU0577298,1,501,1,1
2023HU0577298,2,501,1,1
2023HU0577298,3,501,1,1
2023HU0577298,4,501,1,1
2023HU0577458,1,150,3,1
2023HU0577458,2,0,3,1
2023HU0577458,3,150,3,1
2023HU0577458,4,150,3,1
2023HU0577517,1,200,3,1
2023HU0577517,2,151,3,1
2023HU0577560,1,501,1,1
2023HU0577560,2,501,1,1
2023HU0577560,3,501,1,1
2023HU0577560,4,501,1,1
2023HU0577585,1,65,3,1
2023HU0577623,1,183,2,1
2023HU0577623,2,183,2,1
2023HU0577735,1,501,1,1
2023HU0577735,2,501,1,1
2023HU0577756,1,165,2,1
2023HU0577807,1,488,1,1
2023HU0577864,1,105,1,1
2023HU0577996,1,501,1,1
2023HU0577996,2,501,1,1
2023HU0577996,3,501,1,1
2023HU0577996,4,501,1,1
2023HU0578008,1,145,2,1
2023HU0578008,2,145,2,1
2023HU0578081,1,501,1,1
2023HU0578081,2,501,1,1
2023HU0578081,3,501,1,1
2023HU0578081,4,501,1,1
2023HU0578081,5,501,1,1
2023HU0578146,1,338,4,1
2023HU0578146,2,338,4,1
2023HU0578446,1,403,2,1
2023HU0578446,2,403,2,1
2023HU0578721,1,103,1,1
2023HU0578802,1,180,2,1
2023HU0579290,1,451,1,1
2023HU0579290,2,258,1,1
2023HU0579306,1,11,3,1
2023HU0579347,1,501,3,1
2023HU0579347,2,501,3,1
2023HU0579429,1,473,1,1
2023HU0579497,1,501,1,1
2023HU0579497,2,501,1,1
2023HU0579497,3,501,1,1
2023HU0579503,1,342,1,1
2023HU0579510,1,501,1,1
2023HU0579510,2,501,1,1
2023HU0579510,3,501,1,1
2023HU0579510,4,501,1,1
2023HU0579606,1,501,1,1
2023HU0579606,2,501,1,1
2023HU0579606,3,501,1,1
2023HU0579641,1,501,1,1
2023HU0579641,2,501,1,1
2023HU0579641,3,501,1,1
2023HU0579641,4,501,1,1
2023HU0579644,1,501,1,1
2023HU0579644,2,501,1,1
2023HU0579644,3,501,1,1
2023HU0579644,4,501,1,1
2023HU0579683,1,119,3,1
2023HU0579700,1,29,3,1
2023HU0579700,2,29,3,1
2023HU0579700,3,29,3,1
2023HU0579700,4,29,3,1
2023HU0579740,1,369,3,1
2023HU0580017,1,20,3,1
2023HU0580115,1,501,3,1
2023HU0580200,1,501,1,1
2023HU0580200,2,501,1,1
2023HU0580228,1,501,2,1
2023HU0580332,1,291,1,1
2023HU0580332,2,291,1,1
2023HU0580332,3,291,1,1
2023HU0580332,4,291,1,1
2023HU0580468,1,501,2,1
2023HU0580468,2,501,2,1
2023HU0580468,3,501,2,1
2023HU0580468,4,501,2,1
2023HU0580638,1,404,3,1
2023HU0580638,2,404,3,1
2023HU0580648,1,346,3,1
2023HU0580648,2,501,3,1
2023HU0580672,1,501,1,1
2023HU0580672,2,501,1,1
2023HU0580672,3,501,1,1
2023HU0580672,4,501,1,1
2023HU0580709,1,66,3,1
2023HU0580710,1,464,1,1
2023HU0580746,1,501,1,1
2023HU0580746,2,501,1,1
2023HU0580746,3,501,1,1
2023HU0580746,4,501,1,1
2023HU0580746,5,501,1,1
2023HU0580746,6,501,1,1
2023HU0580790,1,179,1,1
2023HU0580790,2,179,1,1
2023HU0580790,3,179,1,1
2023HU0580790,4,179,1,1
2023HU0580852,1,501,1,1
2023HU0580852,2,501,1,1
2023HU0580857,1,501,3,1
2023HU0580874,1,228,2,1
2023HU0580965,1,501,1,1
2023HU0580965,2,501,1,1
2023HU0581013,1,301,2,1
2023HU0581013,2,301,2,1
2023HU0581046,1,501,3,1
2023HU0581046,2,432,3,1
2023HU0581190,1,24,3,1
2023HU0581190,2,24,3,1
2023HU0581190,3,24,3,1
2023HU0581190,4,63,3,1
2023HU0581433,1,437,3,1
2023HU0581433,2,501,3,1
2023HU0581689,1,501,2,1
2023HU0581689,2,501,2,1
2023HU0581846,1,183,3,1
2023HU0582266,1,203,2,1
2023HU0582266,2,203,2,1
2023HU0582266,3,203,2,1
2023HU0582424,1,501,2,1
2023HU0582424,2,501,2,1
2023HU0582666,1,501,1,1
2023HU0582666,2,501,1,1
2023HU0582708,1,501,1,1
2023HU0582708,2,501,1,1
2023HU0582730,1,484,3,1
2023HU0582730,2,484,3,1
2023HU0582730,3,5,3,1
2023HU0582831,1,501,2,1
2023HU0582877,1,273,1,1
2023HU0582877,2,273,1,1
2023HU0582877,3,273,1,1
2023HU0582911,1,273,2,1
2023HU0583075,1,487,1,1
2023HU0583096,1,96,3,1
2023HU0583128,1,501,2,1
2023HU0583128,2,501,2,1
2023HU0583128,3,501,2,1
2023HU0583458,1,217,2,1
2023HU0583458,2,217,2,1
2023HU0583458,3,217,2,1
2023HU0583458,4,217,2,1
2023HU0583539,1,501,1,1
2023HU0583539,2,501,1,1
2023HU0583555,1,501,1,1
2023HU0583555,2,501,1,1
2023HU0583555,3,501,1,1
2023HU0583911,1,449,1,1
2023HU0583911,2,449,1,1
2023HU0584156,1,192,1,1
2023HU0584179,1,248,3,1
2023HU0584357,1,405,3,1
2023HU0584357,2,405,3,1
2023HU0584362,1,501,1,1
2023HU0584362,2,319,1,1
2023HU0584406,1,336,2,1
2023HU0584559,1,73,1,1
2023HU0584559,2,73,1,1
2023HU0584559,3,73,1,1
2023HU0584559,4,73,1,1
2023HU0584698,1,501,3,1
2023HU0584824,1,388,1,1
2023HU0584824,2,388,1,1
2023HU0584824,3,388,1,1
2023HU0584824,4,388,1,1
2023HU0585154,1,214,1,1
2023HU0585154,2,214,1,1
2023HU0585154,3,214,1,1
2023HU0585238,1,501,1,1
2023HU0585370,1,501,2,1
2023HU0585478,1,152,3,1
2023HU0585707,1,501,2,1
2023HU0585707,2,501,2,1
2023HU0585747,1,479,1,1
2023HU0585747,2,479,1,1
2023HU0585843,1,501,2,1
2023HU0585843,2,501,2,1
2023HU0585843,3,501,2,1
2023HU0585868,1,32,1,1
2023HU0586166,1,501,3,1
2023HU0586292,1,501,3,1
2023HU0586292,2,501,3,1
2023HU0586439,1,129,2,1
2023HU0586439,2,129,2,1
2023HU0586439,3,129,2,1
2023HU0586512,1,501,1,1
2023HU0586512,2,501,1,1
2023HU0586512,3,501,1,1
2023HU0586512,4,501,1,1
2023HU0586842,1,221,2,1
2023HU0587133,1,501,1,1
2023HU0587135,1,501,1,1
2023HU0587421,1,501,1,1
2023HU0587421,2,501,1,1
2023HU0587421,3,501,1,1
2023HU0587529,1,501,3,1
2023HU0587529,2,501,3,1
2023HU0587590,1,31,2,1
2023HU0587686,1,339,2,1
2023HU0587686,2,339,2,1
2023HU0587686,3,339,2,1
2023HU0587686,4,305,2,1
2023HU0587748,1,178,1,1
2023HU0587748,2,178,1,1
2023HU0587748,3,178,1,1
2023HU0587897,1,492,1,1
2023HU0588042,1,501,1,1
2023HU0588042,2,501,1,1
2023HU0588075,1,501,3,1
2023HU0588084,1,501,4,1
2023HU0588084,2,501,4,1
2023HU0588088,1,273,3,1
2023HU0588088,2,273,3,1
2023HU0588112,1,501,2,1
2023HU0588112,2,501,2,1
2023HU0588250,1,367,3,1
2023HU0588263,1,501,1,1
2023HU0588263,2,259,1,1
2023HU0588288,1,501,1,1
2023HU0588367,1,501,1,1
2023HU0588367,2,501,1,1
2023HU0588444,1,443,1,1
2023HU0588444,2,443,1,1
2023HU0588444,3,443,1,1
2023HU0588444,4,443,1,1
2023HU0588444,5,443,1,1
2023HU0588444,6,443,1,1
2023HU0588445,1,501,2,1
2023HU0588445,2,501,2,1
2023HU0588770,1,501,1,1
2023HU0588770,2,501,1,1
2023HU0588793,1,105,3,1
2023HU0588793,2,105,3,1
2023HU0588793,3,105,3,1
2023HU0588978,1,409,1,1
2023HU0588978,2,409,1,1
2023HU0588978,3,409,1,1
2023HU0588978,4,409,1,1
2023HU0588978,5,409,1,1
2023HU0589102,1,175,3,1
2023HU0589102,2,175,3,1
2023HU0589102,3,175,3,1
2023HU0589127,1,126,2,1
2023HU0589127,2,126,2,1
2023HU0589231,1,234,3,1
2023HU0589314,1,124,2,1
2023HU0589314,2,124,2,1
2023HU0589314,3,124,2,1
2023HU0589385,1,94,3,1
2023HU0589385,2,94,3,1
2023HU0589385,3,94,3,1
2023HU0589420,1,501,2,1
2023HU0589420,2,501,2,1
2023HU0589587,1,439,1,1
2023HU0589702,1,94,3,1
2023HU0589702,2,94,3,1
2023HU0589760,1,265,1,1
2023HU0589865,1,501,3,1
2023HU0589865,2,501,3,1
2023HU0589967,1,382,2,1
2023HU0589967,2,382,2,1
2023HU0589967,3,382,2,1
2023HU0589967,4,382,2,1
2023HU0589967,5,382,2,1
2023HU0589967,6,382,2,1
2023HU0589974,1,87,1,1
2023HU0589974,2,87,1,1
2023HU0589974,3,87,1,1
2023HU0589974,4,87,1,1
2023HU0589974,5,87,1,1
2023HU0590008,1,501,1,1
2023HU0590113,1,398,4,1
2023HU0590158,1,337,1,1
2023HU0590158,2,337,1,1
2023HU0590158,3,337,1,1
2023HU0590158,4,337,1,1
2023HU0590198,1,501,3,1
2023HU0590222,1,212,3,1
2023HU0590222,2,212,3,1
2023HU0590222,3,161,3,1
2023HU0590255,1,264,1,1
2023HU0590255,2,264,1,1
2023HU0590255,3,264,1,1
2023HU0590255,4,264,1,1
2023HU0590388,1,459,1,1
2023HU0590388,2,459,1,1
2023HU0590444,1,501,1,1
2023HU0590444,2,501,1,1
2023HU0590461,1,483,3,1
2023HU0590461,2,388,3,1
2023HU0590461,3,387,3,1
2023HU0590468,1,501,2,1
2023HU0590468,2,501,2,1
2023HU0590510,1,161,3,1
2023HU0590555,1,320,1,1
2023HU0590555,2,320,1,1
2023HU0590599,1,501,1,1
2023HU0590599,2,501,1,1
2023HU0590646,1,501,1,1
2023HU0590646,2,501,1,1
2023HU0590646,3,501,1,1
2023HU0590646,4,501,1,1
2023HU0590657,1,501,1,1
2023HU0590657,2,501,1,1
2023HU0591052,1,501,1,1
2023HU0591071,1,163,1,1
2023HU0591071,2,163,1,1
2023HU0591124,1,126,3,1
2023HU0591124,2,126,3,1
2023HU0591124,3,126,3,1
2023HU0591124,4,126,3,1
2023HU0591124,5,126,3,1
2023HU0591444,1,501,1,1
2023HU0591444,2,501,1,1
2023HU0591444,3,501,1,1
2023HU0591514,1,88,3,1
2023HU0591514,2,88,3,1
2023HU0591550,1,501,2,1
2023HU0591550,2,501,2,1
2023HU0591671,1,263,3,1
2023HU0591671,2,397,3,1
2023HU0591836,1,375,3,1
2023HU0591836,2,375,3,1
2023HU0591836,3,375,3,1
2023HU0592056,1,284,3,1
2023HU0592111,1,501,2,1
2023HU0592111,2,501,2,1
2023HU0592111,3,501,2,1
2023HU0592151,1,501,3,1
2023HU0592151,2,501,3,1
2023HU0592172,1,14,4,1
2023HU0592248,1,501,1,1
2023HU0592292,1,496,2,1
2023HU0592292,2,496,2,1
2023HU0592317,1,4,3,1
2023HU0592317,2,4,3,1
2023HU0592317,3,4,3,1
2023HU0592317,4,4,3,1
2023HU0592350,1,185,3,1
2023HU0592350,2,145,3,1
2023HU0592388,1,173,2,1
2023HU0592475,1,317,3,1
2023HU0592623,1,413,1,1
2023HU0592623,2,319,1,1
2023HU0592623,3,413,1,1
2023HU0592623,4,413,1,1
2023HU0592750,1,501,1,1
2023HU0592896,1,290,1,1
2023HU0592896,2,290,1,1
2023HU0592899,1,239,3,1
2023HU0592899,2,239,3,1
2023HU0593207,1,501,2,1
2023HU0593207,2,501,2,1
2023HU0593251,1,501,1,1
2023HU0593251,2,501,1,1
2023HU0593251,3,501,1,1
2023HU0593251,4,501,1,1
2023HU0593410,1,501,2,1
2023HU0593508,1,411,1,1
2023HU0593508,2,411,1,1
2023HU0593510,1,501,1,1
2023HU0593510,2,261,1,1
2023HU0593510,3,501,1,1
2023HU0593556,1,501,1,1
2023HU0593556,2,501,1,1
2023HU0593556,3,501,1,1
2023HU0593592,1,468,1,1
2023HU0593682,1,112,3,1
2023HU0593696,1,71,3,1
2023HU0593765,1,384,3,1
2023HU0593799,1,50,4,1
2023HU0594021,1,501,3,1
2023HU0594021,2,501,3,1
2023HU0594021,3,501,3,1
2023HU0594036,1,501,3,1
2023HU0594036,2,501,3,1
2023HU0594209,1,219,1,1
2023HU0594310,1,312,3,1
2023HU0594374,1,501,1,1
2023HU0594469,1,389,1,1
2023HU0594469,2,465,1,1
2023HU0594469,3,389,1,1
2023HU0594542,1,140,3,1
2023HU0594542,2,140,3,1
2023HU0594542,3,140,3,1
2023HU0594768,1,501,1,1
2023HU0594768,2,501,1,1
2023HU0594768,3,501,1,1
2023HU0594768,4,501,1,1
2023HU0594770,1,357,2,1
2023HU0594770,2,357,2,1
2023HU0594801,1,184,1,1
2023HU0594801,2,184,1,1
2023HU0594925,1,243,3,1
2023HU0594925,2,0,3,1
2023HU0594984,1,501,1,1
2023HU0594984,2,501,1,1
2023HU0595066,1,39,3,1
2023HU0595066,2,39,3,1
2023HU0595080,1,457,2,1
2023HU0595080,2,457,2,1
2023HU0595204,1,17,3,1
2023HU0595204,2,17,3,1
2023HU0595235,1,499,1,1
2023HU0595235,2,499,1,1
2023HU0595235,3,499,1,1
2023HU0595235,4,499,1,1
2023HU0595235,5,499,1,1
2023HU0595235,6,0,1,1
2023HU0595297,1,501,3,1
2023HU0595297,2,501,3,1
2023HU0595449,1,213,1,1
2023HU0595449,2,213,1,1
2023HU0595449,3,213,1,1
2023HU0595449,4,213,1,1
2023HU0595449,5,213,1,1
2023HU0595522,1,325,1,1
2023HU0595522,2,501,1,1
2023HU0595600,1,137,3,1
2023HU0595600,2,137,3,1
2023HU0595600,3,137,3,1
2023HU0595658,1,501,3,1
2023HU0595658,2,501,3,1
2023HU0595673,1,501,2,1
2023HU0595673,2,501,2,1
2023HU0595673,3,501,2,1
2023HU0595715,1,501,3,1
2023HU0595715,2,501,3,1
2023HU0595715,3,501,3,1
2023HU0595742,1,392,2,1
2023HU0595964,1,191,3,1
2023HU0595964,2,63,3,1
2023HU0595983,1,501,1,1
2023HU0595983,2,501,1,1
2023HU0595983,3,501,1,1
2023HU0595983,4,501,1,1
2023HU0595983,5,501,1,1
2023HU0596008,1,470,3,1
2023HU0596008,2,501,3,1
2023HU0596200,1,75,2,1
2023HU0596200,2,75,2,1
2023HU0596398,1,402,2,1
2023HU0596398,2,402,2,1
2023HU0596415,1,80,2,1
2023HU0596415,2,411,2,1
2023HU0596586,1,501,1,1
2023HU0596586,2,501,1,1
2023HU0596586,3,501,1,1
2023HU0596610,1,501,1,1
2023HU0596610,2,501,1,1
2023HU0596780,1,212,3,1
2023HU0596780,2,212,3,1
2023HU0596780,3,212,3,1
2023HU0596780,4,212,3,1
2023HU0596939,1,439,1,1
2023HU0596939,2,439,1,1
2023HU0597018,1,407,1,1
2023HU0597018,2,407,1,1
2023HU0597018,3,407,1,1
2023HU0597018,4,407,1,1
2023HU0597137,1,501,1,1
2023HU0597137,2,501,1,1
2023HU0597137,3,501,1,1
2023HU0597137,4,501,1,1
2023HU0597137,5,501,1,1
2023HU0597176,1,501,1,1
2023HU0597176,2,501,1,1
2023HU0597212,1,288,2,1
2023HU0597212,2,288,2,1
2023HU0597359,1,501,1,1
2023HU0597359,2,501,1,1
2023HU0597482,1,501,3,1
2023HU0597482,2,501,3,1
2023HU0597482,3,501,3,1
2023HU0597595,1,501,2,1
2023HU0597595,2,501,2,1
2023HU0597980,1,491,3,1
2023HU0597980,2,382,3,1
2023HU0598060,1,501,2,1
2023HU0598060,2,501,2,1
2023HU0598060,3,501,2,1
2023HU0598060,4,501,2,1
2023HU0598060,5,130,2,1
2023HU0598159,1,127,1,1
2023HU0598159,2,127,1,1
2023HU0598159,3,127,1,1
2023HU0598159,4,127,1,1
2023HU0598159,5,127,1,1
2023HU0598159,6,127,1,1
2023HU0598202,1,114,3,1
2023HU0598311,1,178,1,1
2023HU0598311,2,178,1,1
2023HU0598311,3,178,1,1
2023HU0598391,1,302,1,1
2023HU0598391,2,302,1,1
2023HU0598391,3,302,1,1
2023HU0598407,1,151,3,1
2023HU0598544,1,501,3,1
2023HU0598544,2,501,3,1
2023HU0598742,1,146,1,1
2023HU0598742,2,146,1,1
2023HU0598742,3,146,1,1
2023HU0598742,4,146,1,1
2023HU0598742,5,146,1,1
2023HU0598754,1,111,1,1
2023HU0598754,2,111,1,1
2023HU0598754,3,111,1,1
2023HU0598754,4,111,1,1
2023HU0598754,5,111,1,1
2023HU0599094,1,268,3,1
2023HU0599094,2,268,3,1
2023HU0599094,3,268,3,1
2023HU0599138,1,443,1,1
2023HU0599138,2,443,1,1
2023HU0599138,3,443,1,1
2023HU0599138,4,443,1,1
2023HU0599184,1,481,1,1
2023HU0599184,2,481,1,1
2023HU0599270,1,294,3,1
2023HU0599270,2,294,3,1
2023HU0599270,3,294,3,1
2023HU0599270,4,294,3,1
2023HU0599270,5,294,3,1
2023HU0599309,1,501,1,1
2023HU0599309,2,501,1,1
2023HU0599309,3,501,1,1
2023HU0599309,4,501,1,1
2023HU0599376,1,266,1,1
2023HU0599376,2,266,1,1
2023HU0599376,3,266,1,1
2023HU0599376,4,266,1,1
2023HU0599384,1,118,3,1
2023HU0599384,2,118,3,1
2023HU0599384,3,118,3,1
2023HU0599384,4,118,3,1
2023HU0599384,5,225,3,1
2023HU0599384,6,,3,1
2023HU0599420,1,501,1,1
2023HU0599420,2,501,1,1
2023HU0599420,3,501,1,1
2023HU0599720,1,183,1,1
2023HU0599968,1,501,1,1
2023HU0599968,2,501,1,1
2023HU0599968,3,501,1,1
2023HU0599970,1,501,1,1
2023HU0599970,2,501,1,1
2023HU0599970,3,501,1,1
2023HU0599970,4,501,1,1
2023HU0600098,1,501,1,1
2023HU0600098,2,501,1,1
2023HU0600205,1,307,3,1
2023HU0600205,2,307,3,1
2023HU0600253,1,319,3,1
2023HU0600709,1,0,3,1
2023HU0600709,2,0,3,1
2023HU0600930,1,177,2,1
2023HU0600930,2,177,2,1
2023HU0600930,3,177,2,1
2023HU0600930,4,177,2,1
2023HU0601020,1,501,1,1
2023HU0601020,2,501,1,1
2023HU0601180,1,231,3,1
2023HU0601310,1,258,4,1
2023HU0601564,1,44,2,1
2023HU0601564,2,44,2,1
2023HU0601630,1,456,1,1
2023HU0601630,2,456,1,1
2023HU0601630,3,456,1,1
2023HU0601852,1,71,2,1
2023HU0601959,1,501,2,1
2023HU0601959,2,501,2,1
2023HU0601959,3,501,2,1
2023HU0601959,4,501,2,1
2023HU0601959,5,501,2,1
2023HU0601959,6,501,2,1
2023HU0602039,1,501,1,1
2023HU0602113,1,501,2,1
2023HU0602113,2,501,2,1
2023HU0602313,1,412,3,1
2023HU0602313,2,412,3,1
2023HU0602492,1,187,3,1
2023HU0602525,1,305,3,1
2023HU0602604,1,501,1,1
2023HU0602604,2,415,1,1
2023HU0602675,1,464,3,1
2023HU0602675,2,464,3,1
2023HU0602785,1,69,4,1
2023HU0602866,1,501,1,1
2023HU0602866,2,501,1,1
2023HU0602866,3,501,1,1
2023HU0602866,4,501,1,1
2023HU0602904,1,497,2,1
2023HU0602904,2,497,2,1
2023HU0603018,1,324,3,1
2023HU0603018,2,324,3,1
2023HU0603018,3,324,3,1
2023HU0603018,4,324,3,1
2023HU0603118,1,501,1,1
2023HU0603118,2,501,1,1
2023HU0603259,1,108,2,1
2023HU0603259,2,108,2,1
2023HU0603388,1,197,3,1
2023HU0603388,2,197,3,1
2023HU0603412,1,206,3,1
2023HU0603412,2,206,3,1
2023HU0603436,1,132,1,1
2023HU0603593,1,490,1,1
2023HU0603593,2,490,1,1
2023HU0603593,3,490,1,1
2023HU0603593,4,490,1,1
2023HU0603793,1,180,2,1
2023HU0603828,1,415,1,1
2023HU0603828,2,415,1,1
2023HU0603828,3,415,1,1
2023HU0603828,4,415,1,1
2023HU0603848,1,426,1,1
2023HU0603848,2,426,1,1
2023HU0603848,3,426,1,1
2023HU0603848,4,426,1,1
2023HU0603848,5,426,1,1
2023HU0603848,6,426,1,1
2023HU0603979,1,501,2,1
2023HU0603985,1,501,3,1
2023HU0604107,1,501,1,1
2023HU0604180,1,96,1,1
2023HU0604182,1,311,1,1
2023HU0604182,2,311,1,1
2023HU0604364,1,501,1,1
2023HU0604364,2,501,1,1
2023HU0604364,3,501,1,1
2023HU0604364,4,501,1,1
2023HU0604386,1,34,3,1
2023HU0604386,2,212,3,1
2023HU0604531,1,6,3,1
2023HU0604781,1,279,2,1
2023HU0604798,1,501,2,1
2023HU0604798,2,501,2,1
2023HU0604860,1,305,1,1
2023HU0604860,2,305,1,1
2023HU0604860,3,305,1,1
2023HU0604860,4,305,1,1
2023HU0604938,1,501,3,1
2023HU0604938,2,501,3,1
2023HU0604970,1,348,1,1
2023HU0605037,1,408,4,1
2023HU0605069,1,501,2,1
2023HU0605069,2,501,2,1
2023HU0605084,1,501,1,1
2023HU0605234,1,384,2,1
2023HU0605288,1,501,3,1
2023HU0605288,2,501,3,1
2023HU0605288,3,501,3,1
2023HU0605288,4,501,3,1
2023HU0605292,1,179,1,1
2023HU0605292,2,179,1,1
2023HU0605292,3,179,1,1
2023HU0605292,4,179,1,1
2023HU0605408,1,365,1,1
2023HU0605408,2,365,1,1
2023HU0605408,3,365,1,1
2023HU0605408,4,365,1,1
2023HU0605408,5,365,1,1
2023HU0605408,6,365,1,1
2023HU0605408,7,365,1,1
2023HU0605431,1,501,2,1
2023HU0605431,2,501,2,1
2023HU0605509,1,501,3,1
2023HU0605509,2,501,3,1
2023HU0605525,1,19,2,1
2023HU0605541,1,501,2,1
2023HU0605608,1,47,3,1
2023HU0605608,2,0,3,1
2023HU0605608,3,47,3,1
2023HU0605608,4,47,3,1
2023HU0605608,5,47,3,1
2023HU0605608,6,47,3,1
2023HU0605608,7,47,3,1
2023HU0605608,8,47,3,1
2023HU0605612,1,366,2,1
2023HU0605612,2,366,2,1
2023HU0605612,3,366,2,1
2023HU0605612,4,366,2,1
2023HU0605612,5,366,2,1
2023HU0605652,1,501,1,1
2023HU0605652,2,501,1,1
2023HU0605652,3,501,1,1
2023HU0605652,4,501,1,1
2023HU0605668,1,501,1,1
2023HU0605734,1,353,1,1
2023HU0605734,2,353,1,1
2023HU0605734,3,353,1,1
2023HU0605813,1,479,1,1
2023HU0605813,2,479,1,1
2023HU0605870,1,355,2,1
2023HU0605917,1,501,3,1
2023HU0605917,2,501,3,1
2023HU0606121,1,475,3,1
2023HU0606170,1,501,3,1
2023HU0606170,2,501,3,1
2023HU0606202,1,168,3,1
2023HU0606262,1,501,1,1
2023HU0606262,2,501,1,1
2023HU0606262,3,501,1,1
2023HU0606262,4,501,1,1
2023HU0606262,5,501,1,1
2023HU0606262,6,501,1,1
2023HU0606263,1,501,1,1
2023HU0606263,2,501,1,1
2023HU0606263,3,501,1,1
2023HU0606313,1,140,1,1
2023HU0606313,2,140,1,1
2023HU0606313,3,140,1,1
2023HU0606313,4,140,1,1
2023HU0606313,5,130,1,1
2023HU0606313,6,196,1,1
2023HU0606534,1,419,3,1
2023HU0606536,1,426,1,1
2023HU0606536,2,426,1,1
2023HU0606553,1,501,3,1
2023HU0606839,1,501,2,1
2023HU0606839,2,501,2,1
2023HU0606839,3,501,2,1
2023HU0606839,4,501,2,1
2023HU0606887,1,343,1,1
2023HU0606887,2,343,1,1
2023HU0606887,3,343,1,1
2023HU0606887,4,343,1,1
2023HU0607186,1,225,2,1
2023HU0607186,2,225,2,1
2023HU0607200,1,501,1,1
2023HU0607200,2,501,1,1
2023HU0607405,1,230,2,1
2023HU0607498,1,310,2,1
2023HU0607498,2,310,2,1
2023HU0607551,1,334,3,1
2023HU0607551,2,334,3,1
2023HU0607551,3,334,3,1
2023HU0607551,4,334,3,1
2023HU0607551,5,334,3,1
2023HU0607582,1,304,3,1
2023HU0607582,2,304,3,1
2023HU0607745,1,501,2,1
2023HU0607745,2,501,2,1
2023HU0607752,1,501,1,1
2023HU0607752,2,501,1,1
2023HU0607752,3,501,1,1
2023HU0607752,4,501,1,1
2023HU0607989,1,365,2,1
2023HU0607996,1,91,3,1
2023HU0608202,1,501,1,1
2023HU0608202,2,501,1,1
2023HU0608229,1,116,1,1
2023HU0608229,2,116,1,1
2023HU0608229,3,116,1,1
2023HU0608313,1,53,2,1
2023HU0608313,2,53,2,1
2023HU0608419,1,231,3,1
2023HU0608419,2,231,3,1
2023HU0608455,1,501,2,1
2023HU0608455,2,501,2,1
2023HU0608455,3,501,2,1
2023HU0608507,1,501,1,1
2023HU0608532,1,501,2,1
2023HU0608532,2,501,2,1
2023HU0608572,1,300,3,1
2023HU0608572,2,300,3,1
2023HU0608583,1,501,1,1
2023HU0608583,2,501,1,1
2023HU0608676,1,449,1,1
2023HU0608676,2,449,1,1
2023HU0608706,1,501,3,1
2023HU0608741,1,280,1,1
2023HU0608741,2,280,1,1
2023HU0608741,3,280,1,1
2023HU0608764,1,437,3,1
2023HU0608918,1,501,2,1
2023HU0609008,1,443,1,1
2023HU0609008,2,443,1,1
2023HU0609008,3,443,1,1
2023HU0609008,4,443,1,1
2023HU0609009,1,501,1,1
2023HU0609009,2,501,1,1
2023HU0609140,1,501,2,1
2023HU0609140,2,501,2,1
2023HU0609241,1,8,1,1
2023HU0609241,2,8,1,1
2023HU0609274,1,245,2,1
2023HU0609274,2,245,2,1
2023HU0609274,3,245,2,1
2023HU0609274,4,245,2,1
2023HU0609583,1,501,3,1
2023HU0609612,1,501,1,1
2023HU0609612,2,501,1,1
2023HU0609761,1,359,3,1
2023HU0609761,2,222,3,1
2023HU0609761,3,359,3,1
2023HU0609761,4,359,3,1
2023HU0609766,1,66,1,1
2023HU0609785,1,0,3,1
2023HU0609785,2,0,3,1
2023HU0609785,3,0,3,1
2023HU0609914,1,397,2,1
2023HU0609914,2,397,2,1
2023HU0609914,3,397,2,1
2023HU0609914,4,397,2,1
2023HU0609914,5,397,2,1
2023HU0610125,1,0,3,1
2023HU0610139,1,214,3,1
2023HU0610139,2,214,3,1
2023HU0610398,1,501,3,1
2023HU0610398,2,501,3,1
2023HU0610730,1,143,3,1
2023HU0610730,2,143,3,1
2023HU0610794,1,501,1,1
2023HU0610794,2,501,1,1
2023HU0610794,3,501,1,1
2023HU0610794,4,501,1,1
2023HU0610836,1,501,2,1
2023HU0610893,1,99,1,1
2023HU0610893,2,99,1,1
2023HU0610907,1,213,3,1
2023HU0611229,1,88,1,1
2023HU0611229,2,88,1,1
2023HU0611338,1,501,1,1
2023HU0611338,2,501,1,1
2023HU0611348,1,455,2,1
2023HU0611488,1,501,1,1
2023HU0611488,2,501,1,1
2023HU0611488,3,501,1,1
2023HU0611488,4,501,1,1
2023HU0611488,5,501,1,1
2023HU0611598,1,200,1,1
2023HU0611598,2,200,1,1
2023HU0611598,3,200,1,1
2023HU0611598,4,200,1,1
2023HU0611688,1,501,2,1
2023HU0611688,2,10,2,1
2023HU0611710,1,501,1,1
2023HU0611727,1,501,1,1
2023HU0611727,2,501,1,1
2023HU0611757,1,501,1,1
2023HU0611757,2,501,1,1
2023HU0611757,3,501,1,1
2023HU0611760,1,501,1,1
2023HU0611784,1,1,3,1
2023HU0611784,2,1,3,1
2023HU0611784,3,1,3,1
2023HU0611920,1,501,1,1
2023HU0612178,1,501,3,1
2023HU0612178,2,501,3,1
2023HU0612250,1,501,2,1
2023HU0612250,2,501,2,1
2023HU0612399,1,50,3,1
2023HU0612682,1,501,3,1
2023HU0612713,1,501,1,1
2023HU0612778,1,279,3,1
2023HU0612813,1,0,3,1
2023HU0612813,2,0,3,1
2023HU0612832,1,461,2,1
2023HU0612832,2,461,2,1
2023HU0612988,1,501,2,1
2023HU0612988,2,501,2,1
2023HU0612988,3,501,2,1
2023HU0613223,1,501,1,1
2023HU0613223,2,501,1,1
2023HU0613450,1,369,1,1
2023HU0613450,2,369,1,1
2023HU0613450,3,369,1,1
2023HU0613450,4,369,1,1
2023HU0613586,1,501,3,1
2023HU0613586,2,501,3,1
2023HU0613586,3,501,3,1
2023HU0613586,4,501,3,1
2023HU0613588,1,501,2,1
2023HU0614002,1,123,4,1
2023HU0614002,2,123,4,1
2023HU0614002,3,123,4,1
2023HU0614002,4,123,4,1
2023HU0614002,5,123,4,1
2023HU0614002,6,123,4,1
2023HU0614002,7,123,4,1
2023HU0614032,1,329,2,1
2023HU0614032,2,329,2,1
2023HU0614046,1,501,2,1
2023HU0614046,2,501,2,1
2023HU0614164,1,501,1,1
2023HU0614357,1,501,1,1
2023HU0614357,2,501,1,1
2023HU0614357,3,501,1,1
2023HU0614357,4,501,1,1
2023HU0614378,1,501,1,1
2023HU0614378,2,501,1,1
2023HU0614442,1,501,1,1
2023HU0614442,2,501,1,1
2023HU0614655,1,465,1,1
2023HU0614655,2,465,1,1
2023HU0614692,1,501,1,1
2023HU0614692,2,501,1,1
2023HU0614801,1,319,3,1
2023HU0615102,1,501,1,1
2023HU0615102,2,501,1,1
2023HU0615219,1,288,3,1
2023HU0615284,1,501,3,1
2023HU0615315,1,501,3,1
2023HU0615345,1,342,3,1
2023HU0615345,2,342,3,1
2023HU0615358,1,501,2,1
2023HU0615358,2,501,2,1
2023HU0615421,1,125,3,1
2023HU0615421,2,125,3,1
2023HU0615421,3,125,3,1
2023HU0615458,1,215,1,1
2023HU0615458,2,215,1,1
2023HU0615458,3,215,1,1
2023HU0615458,4,215,1,1
2023HU0615463,1,127,3,1
2023HU0615479,1,501,2,1
2023HU0615538,1,109,2,1
2023HU0615538,2,109,2,1
2023HU0615714,1,303,3,1
2023HU0615714,2,303,3,1
2023HU0615737,1,501,1,1
2023HU0615854,1,116,3,1
2023HU0615874,1,130,3,1
2023HU0615874,2,130,3,1
2023HU0615894,1,381,3,1
2023HU0615894,2,400,3,1
2023HU0616226,1,0,3,1
2023HU0616226,2,0,3,1
2023HU0616262,1,501,1,1
2023HU0616262,2,501,1,1
2023HU0616262,3,501,1,1
2023HU0616262,4,501,1,1
2023HU0616305,1,456,2,1
2023HU0616305,2,456,2,1
2023HU0616557,1,314,1,1
2023HU0616557,2,314,1,1
2023HU0616557,3,314,1,1
2023HU0616577,1,501,2,1
2023HU0616634,1,192,2,1
2023HU0616634,2,192,2,1
2023HU0616634,3,192,2,1
2023HU0616634,4,192,2,1
2023HU0616634,5,192,2,1
2023HU0616634,6,192,2,1
2023HU0616664,1,348,3,1
2023HU0616677,1,153,3,1
2023HU0616677,2,153,3,1
2023HU0616797,1,144,3,1
2023HU0616797,2,144,3,1
2023HU0616797,3,144,3,1
2023HU0616797,4,144,3,1
2023HU0616797,5,144,3,1
2023HU0616797,6,144,3,1
2023HU0616994,1,501,1,1
2023HU0616994,2,114,1,1
2023HU0616994,3,96,1,1
2023HU0617041,1,332,3,1
2023HU0617041,2,9,3,1
2023HU0617213,1,432,3,1
2023HU0617215,1,54,3,1
2023HU0617215,2,54,3,1
2023HU0617215,3,54,3,1
2023HU0617215,4,54,3,1
2023HU0617284,1,295,3,1
2023HU0617284,2,295,3,1
2023HU0617322,1,247,2,1
2023HU0617322,2,247,2,1
2023HU0617322,3,247,2,1
2023HU0617322,4,247,2,1
2023HU0617324,1,392,1,1
2023HU0617324,2,392,1,1
2023HU0617324,3,392,1,1
2023HU0617324,4,392,1,1
2023HU0617547,1,401,1,1
2023HU0617547,2,401,1,1
2023HU0617547,3,401,1,1
2023HU0617547,4,401,1,1
2023HU0617547,5,401,1,1
2023HU0617553,1,490,1,1
2023HU0617553,2,490,1,1
2023HU0617553,3,490,1,1
2023HU0617604,1,438,2,1
2023HU0617604,2,438,2,1
2023HU0617884,1,501,3,1
2023HU0618092,1,0,2,1
2023HU0618092,2,0,2,1
2023HU0618165,1,81,3,1
2023HU0618165,2,93,3,1
2023HU0618217,1,274,3,1
2023HU0618217,2,274,3,1
2023HU0618247,1,287,1,1
2023HU0618247,2,287,1,1
2023HU0618268,1,501,1,1
2023HU0618268,2,501,1,1
2023HU0618642,1,501,1,1
2023HU0618666,1,187,2,1
2023HU0618666,2,187,2,1
2023HU0618791,1,2,2,1
2023HU0618791,2,2,2,1
2023HU0618888,1,419,1,1
2023HU0618888,2,419,1,1
2023HU0618929,1,363,1,1
2023HU0618929,2,363,1,1
2023HU0618929,3,363,1,1
2023HU0618929,4,363,1,1
2023HU0618995,1,501,1,1
2023HU0618995,2,501,1,1
2023HU0618995,3,501,1,1
2023HU0619010,1,336,3,1
2023HU0619010,2,336,3,1
2023HU0619017,1,501,2,1
2023HU0619043,1,501,2,1
2023HU0619043,2,501,2,1
2023HU0619185,1,289,2,1
2023HU0619189,1,338,1,1
2023HU0619189,2,338,1,1
2023HU0619222,1,501,1,1
2023HU0619222,2,501,1,1
2023HU0619475,1,216,1,1
2023HU0619478,1,480,2,1
2023HU0619501,1,501,1,1
2023HU0619501,2,501,1,1
2023HU0619527,1,501,3,1
2023HU0619527,2,501,3,1
2023HU0619787,1,501,2,1
2023HU0619787,2,501,2,1
2023HU0619878,1,501,1,1
2023HU0619878,2,501,1,1
2023HU0619878,3,501,1,1
2023HU0620406,1,501,2,1
2023HU0620406,2,501,2,1
2023HU0620508,1,501,1,1
2023HU0620508,2,501,1,1
2023HU0620522,1,10,3,1
2023HU0620593,1,501,1,1
2023HU0620593,2,501,1,1
2023HU0620593,3,325,1,1
2023HU0620633,1,87,3,1
2023HU0620633,2,89,3,1
2023HU0620697,1,477,1,1
2023HU0620697,2,254,1,1
2023HU0620748,1,501,1,1
2023HU0620749,1,338,1,1
2023HU0620749,2,338,1,1
2023HU0620749,3,338,1,1
2023HU0620750,1,0,3,1
2023HU0620935,1,326,3,1
2023HU0620935,2,326,3,1
2023HU0620935,3,326,3,1
2023HU0620935,4,326,3,1
2023HU0620935,5,326,3,1
2023HU0620991,1,501,1,1
2023HU0620991,2,501,1,1
2023HU0620991,3,501,1,1
2023HU0620991,4,501,1,1
2023HU0620991,5,501,1,1
2023HU0620996,1,428,1,1
2023HU0620996,2,428,1,1
2023HU0620996,3,428,1,1
2023HU0620996,4,428,1,1
2023HU0621004,1,1,3,1
2023HU0621004,2,101,3,1
2023HU0621047,1,225,3,1
2023HU0621047,2,290,3,1
2023HU0621194,1,501,1,1
2023HU0621209,1,290,3,1
2023HU0621355,1,501,3,1
2023HU0621542,1,501,1,1
2023HU0621542,2,501,1,1
2023HU0621585,1,431,3,1
2023HU0621585,2,431,3,1
2023HU0621652,1,500,3,1
2023HU0621652,2,500,3,1
2023HU0621652,3,500,3,1
2023HU0621664,1,501,2,1
2023HU0621664,2,501,2,1
2023HU0621673,1,229,3,1
2023HU0621673,2,501,3,1
2023HU0621673,3,229,3,1
2023HU0621780,1,81,1,1
2023HU0621780,2,81,1,1
2023HU0621780,3,81,1,1
2023HU0621780,4,81,1,1
2023HU0621815,1,399,3,1
2023HU0621815,2,233,3,1
2023HU0621815,3,41,3,1
2023HU0621909,1,396,1,1
2023HU0621909,2,396,1,1
2023HU0621916,1,501,3,1
2023HU0621961,1,501,3,1
2023HU0622030,1,501,1,1
2023HU0622059,1,164,2,1
2023HU0622059,2,164,2,1
2023HU0622059,3,164,2,1
2023HU0622059,4,164,2,1
2023HU0622131,1,0,3,1
2023HU0622344,1,501,1,1
2023HU0622344,2,501,1,1
2023HU0622365,1,0,4,1
2023HU0622408,1,159,1,1
2023HU0622408,2,159,1,1
2023HU0622427,1,501,3,1
2023HU0622427,2,501,3,1
2023HU0622427,3,501,3,1
2023HU0622482,1,501,3,1
2023HU0622543,1,501,1,1
2023HU0622543,2,501,1,1
2023HU0622553,1,501,2,1
2023HU0622553,2,501,2,1
2023HU0622554,1,477,3,1
2023HU0622567,1,42,2,1
2023HU0622660,1,177,3,1
2023HU0622660,2,177,3,1
2023HU0622820,1,338,3,1
2023HU0622874,1,296,2,1
2023HU0622874,2,296,2,1
2023HU0623004,1,501,1,1
2023HU0623004,2,501,1,1
2023HU0623004,3,501,1,1
2023HU0623004,4,501,1,1
2023HU0623065,1,388,2,1
2023HU0623256,1,501,1,1
2023HU0623256,2,501,1,1
2023HU0623393,1,68,4,1
2023HU0623393,2,68,4,1
2023HU0623393,3,68,4,1
2023HU0623393,4,68,4,1
2023HU0623393,5,68,4,1
2023HU0623479,1,226,1,1
2023HU0623479,2,226,1,1
2023HU0623479,3,226,1,1
2023HU0623479,4,226,1,1
2023HU0623488,1,119,3,1
2023HU0623714,1,251,1,1
2023HU0623714,2,251,1,1
2023HU0623774,1,501,3,1
2023HU0624150,1,501,3,1
2023HU0624150,2,12,3,1
2023HU0624297,1,357,2,1
2023HU0624297,2,357,2,1
2023HU0624344,1,501,1,1
2023HU0624344,2,501,1,1
2023HU0624344,3,501,1,1
2023HU0624344,4,501,1,1
2023HU0624489,1,155,3,1
2023HU0624489,2,133,3,1
2023HU0624489,3,155,3,1
2023HU0624504,1,501,3,1
2023HU0624504,2,159,3,1
2023HU0624782,1,398,1,1
2023HU0624782,2,398,1,1
2023HU0624782,3,398,1,1
2023HU0624782,4,398,1,1
2023HU0624782,5,398,1,1
2023HU0624782,6,398,1,1
2023HU0624786,1,501,1,1
2023HU0624786,2,501,1,1
2023HU0624798,1,102,3,1
2023HU0624798,2,102,3,1
2023HU0624868,1,501,2,1
2023HU0624868,2,501,2,1
2023HU0624888,1,501,2,1
2023HU0624888,2,501,2,1
2023HU0624888,3,501,2,1
2023HU0624894,1,501,1,1
2023HU0624894,2,501,1,1
2023HU0624894,3,,1,1
2023HU0624894,4,,1,1
2023HU0624917,1,127,1,1
2023HU0624917,2,127,1,1
2023HU0624968,1,501,1,1
2023HU0624968,2,501,1,1
2023HU0624968,3,501,1,1
2023HU0625033,1,400,2,1
2023HU0625033,2,400,2,1
2023HU0625099,1,141,1,1
2023HU0625106,1,501,3,1
2023HU0625542,1,501,1,1
2023HU0625542,2,501,1,1
2023HU0625542,3,501,1,1
2023HU0625542,4,501,1,1
2023HU0625593,1,171,3,1
2023HU0625593,2,171,3,1
2023HU0625593,3,171,3,1
2023HU0625593,4,171,3,1
2023HU0625650,1,501,2,1
2023HU0625650,2,501,2,1
2023HU0625695,1,501,1,1
2023HU0625695,2,501,1,1
2023HU0625695,3,501,1,1
2023HU0625695,4,501,1,1
2023HU0625794,1,501,3,1
2023HU0625804,1,501,1,1
2023HU0625804,2,501,1,1
2023HU0625804,3,501,1,1
2023HU0625804,4,501,1,1
2023HU0625910,1,156,2,1
2023HU0625910,2,156,2,1
2023HU0625910,3,156,2,1
2023HU0625910,4,156,2,1
2023HU0625971,1,165,2,1
2023HU0625971,2,165,2,1
2023HU0626009,1,317,3,1
2023HU0626009,2,317,3,1
2023HU0626064,1,497,2,1
2023HU0626064,2,497,2,1
2023HU0626122,1,501,1,1
2023HU0626122,2,501,1,1
2023HU0626122,3,501,1,1
2023HU0626176,1,331,1,1
2023HU0626176,2,331,1,1
2023HU0626176,3,331,1,1
2023HU0626176,4,331,1,1
2023HU0626201,1,390,2,1
2023HU0626286,1,499,3,1
2023HU0626309,1,501,2,1
2023HU0626309,2,501,2,1
2023HU0626374,1,501,3,1
2023HU0626408,1,93,2,1
2023HU0626609,1,501,1,1
2023HU0626609,2,501,1,1
2023HU0626609,3,501,1,1
2023HU0626669,1,501,2,1
2023HU0626669,2,501,2,1
2023HU0626971,1,501,1,1
2023HU0626971,2,501,1,1
2023HU0626971,3,501,1,1
2023HU0627016,1,13,1,1
2023HU0627022,1,489,1,1
2023HU0627022,2,489,1,1
2023HU0627022,3,489,1,1
2023HU0627022,4,489,1,1
2023HU0627033,1,1,3,1
2023HU0627097,1,437,1,1
2023HU0627097,2,501,1,1
2023HU0627097,3,399,1,1
2023HU0627272,1,232,3,1
2023HU0627466,1,225,3,1
2023HU0627466,2,258,3,1
2023HU0627477,1,94,1,1
2023HU0627477,2,94,1,1
2023HU0627477,3,94,1,1
2023HU0627493,1,381,1,1
2023HU0627493,2,311,1,1
2023HU0627550,1,404,1,1
2023HU0627550,2,404,1,1
2023HU0627550,3,404,1,1
2023HU0627550,4,404,1,1
2023HU0627550,5,404,1,1
2023HU0627765,1,199,1,1
2023HU0627765,2,199,1,1
2023HU0627899,1,127,3,1
2023HU0627899,2,127,3,1
2023HU0627974,1,459,1,1
2023HU0627974,2,459,1,1
2023HU0627985,1,335,3,1
2023HU0628083,1,61,3,1
2023HU0628083,2,61,3,1
2023HU0628184,1,501,1,1
2023HU0628184,2,501,1,1
2023HU0628222,1,303,2,1
2023HU0628222,2,303,2,1
2023HU0628300,1,501,1,1
2023HU0628300,2,501,1,1
2023HU0628300,3,501,1,1
2023HU0628300,4,501,1,1
2023HU0628300,5,501,1,1
2023HU0628327,1,501,1,1
2023HU0628327,2,501,1,1
2023HU0628327,3,0,1,1
2023HU0628354,1,337,1,1
2023HU0628354,2,337,1,1
2023HU0628354,3,337,1,1
2023HU0628354,4,337,1,1
2023HU0628576,1,89,1,1
2023HU0628576,2,0,1,1
2023HU0628635,1,184,2,1
2023HU0628635,2,184,2,1
2023HU0628635,3,184,2,1
2023HU0628635,4,184,2,1
2023HU0628635,5,184,2,1
2023HU0628635,6,184,2,1
2023HU0628635,7,184,2,1
2023HU0628635,8,184,2,1
2023HU0628635,9,184,2,1
2023HU0628743,1,501,2,1
2023HU0628766,1,501,2,1
2023HU0628766,2,501,2,1
2023HU0628766,3,501,2,1
2023HU0628889,1,176,3,1
2023HU0628889,2,176,3,1
2023HU0628889,3,176,3,1
2023HU0628889,4,176,3,1
2023HU0628905,1,183,1,1
2023HU0628905,2,183,1,1
2023HU0628905,3,183,1,1
2023HU0628931,1,501,3,1
2023HU0629211,1,186,2,1
2023HU0629341,1,399,1,1
2023HU0629341,2,399,1,1
2023HU0629611,1,363,1,1
2023HU0629642,1,222,2,1
2023HU0630018,1,501,2,1
2023HU0630018,2,501,2,1
2023HU0630039,1,501,3,1
2023HU0630039,2,501,3,1
2023HU0630065,1,253,3,1
2023HU0630065,2,272,3,1
2023HU0630065,3,50,3,1
2023HU0630065,4,316,3,1
2023HU0630065,5,126,3,1
2023HU0630120,1,241,2,1
2023HU0630120,2,241,2,1
2023HU0630120,3,241,2,1
2023HU0630232,1,348,3,1
2023HU0630311,1,501,1,1
2023HU0630311,2,501,1,1
2023HU0630311,3,501,1,1
2023HU0630311,4,95,1,1
2023HU0630338,1,344,2,1
2023HU0630338,2,344,2,1
2023HU0630381,1,501,1,1
2023HU0630381,2,501,1,1
2023HU0630381,3,501,1,1
2023HU0630381,4,501,1,1
2023HU0630400,1,246,1,1
2023HU0630400,2,246,1,1
2023HU0630400,3,246,1,1
2023HU0630400,4,246,1,1
2023HU0630400,5,246,1,1
2023HU0630523,1,227,1,1
2023HU0630523,2,227,1,1
2023HU0630586,1,300,2,1
2023HU0630753,1,69,3,1
2023HU0630753,2,158,3,1
2023HU0630753,3,69,3,1
2023HU0630753,4,69,3,1
2023HU0630784,1,90,3,1
2023HU0630907,1,234,3,1
2023HU0630907,2,234,3,1
2023HU0630931,1,501,2,1
2023HU0630931,2,501,2,1
2023HU0631092,1,5,2,1
2023HU0631132,1,88,3,1
2023HU0631132,2,88,3,1
2023HU0631132,3,88,3,1
2023HU0631132,4,88,3,1
2023HU0631264,1,501,3,1
2023HU0631264,2,501,3,1
2023HU0631277,1,0,3,1
2023HU0631313,1,34,1,1
2023HU0631313,2,25,1,1
2023HU0631313,3,34,1,1
2023HU0631313,4,34,1,1
2023HU0631335,1,501,1,1
2023HU0631335,2,501,1,1
2023HU0631584,1,203,2,1
2023HU0631593,1,295,3,1
2023HU0631634,1,142,2,1
2023HU0631634,2,142,2,1
2023HU0631634,3,142,2,1
2023HU0631634,4,142,2,1
2023HU0631634,5,142,2,1
2023HU0631634,6,142,2,1
2023HU0631634,7,142,2,1
2023HU0631720,1,501,1,1
2023HU0631720,2,501,1,1
2023HU0631720,3,501,1,1
2023HU0631724,1,437,3,1
2023HU0631851,1,124,1,1
2023HU0631851,2,51,1,1
2023HU0631851,3,124,1,1
2023HU0631851,4,124,1,1
2023HU0631895,1,501,3,1
2023HU0632010,1,501,3,1
2023HU0632010,2,501,3,1
2023HU0632020,1,0,3,1
2023HU0632020,2,0,3,1
2023HU0632066,1,501,1,1
2023HU0632066,2,501,1,1
2023HU0632121,1,131,1,1
2023HU0632126,1,501,2,1
2023HU0632126,2,501,2,1
2023HU0632171,1,146,3,1
2023HU0632171,2,146,3,1
2023HU0632281,1,93,1,1
2023HU0632281,2,501,1,1
2023HU0632281,3,93,1,1
2023HU0632335,1,501,1,1
2023HU0632335,2,501,1,1
2023HU0632432,1,264,3,1
2023HU0632460,1,231,3,1
2023HU0632492,1,0,2,1
2023HU0632708,1,148,2,1
2023HU0632860,1,341,3,1
2023HU0632860,2,341,3,1
2023HU0632998,1,34,2,1
2023HU0633126,1,501,3,1
2023HU0633126,2,501,3,1
2023HU0633530,1,501,1,1
2023HU0633530,2,501,1,1
2023HU0633530,3,501,1,1
2023HU0633530,4,501,1,1
2023HU0633537,1,318,1,1
2023HU0633537,2,318,1,1
2023HU0633583,1,501,1,1
2023HU0633583,2,501,1,1
2023HU0633583,3,501,1,1
2023HU0633588,1,501,2,1
2023HU0633588,2,501,2,1
2023HU0633595,1,390,2,1
2023HU0633644,1,481,3,1
2023HU0633805,1,124,3,1
2023HU0633888,1,501,3,1
2023HU0633902,1,501,3,1
2023HU0633931,1,501,3,1
2023HU0633931,2,501,3,1
2023HU0633931,3,501,3,1
2023HU0633969,1,501,2,1
2023HU0633969,2,501,2,1
2023HU0633986,1,387,2,1
2023HU0633986,2,387,2,1
2023HU0633986,3,387,2,1
2023HU0633986,4,387,2,1
2023HU0633986,5,387,2,1
2023HU0634117,1,501,3,1
2023HU0634136,1,0,4,1
2023HU0634205,1,423,2,1
2023HU0634230,1,116,1,1
2023HU0634230,2,116,1,1
2023HU0634366,1,123,2,1
2023HU0634366,2,123,2,1
2023HU0634370,1,453,3,1
2023HU0634370,2,49,3,1
2023HU0634394,1,501,1,1
2023HU0634524,1,501,1,1
2023HU0634524,2,501,1,1
2023HU0634590,1,179,2,1
2023HU0634633,1,243,3,1
2023HU0634816,1,501,2,1
2023HU0634816,2,501,2,1
2023HU0634829,1,347,1,1
2023HU0634829,2,347,1,1
2023HU0634829,3,347,1,1
2023HU0634829,4,347,1,1
2023HU0634872,1,0,3,1
2023HU0634915,1,282,1,1
2023HU0634952,1,310,2,1
2023HU0634952,2,310,2,1
2023HU0635164,1,501,2,1
2023HU0635172,1,95,3,1
2023HU0635172,2,95,3,1
2023HU0635227,1,501,1,1
2023HU0635227,2,501,1,1
2023HU0635227,3,501,1,1
2023HU0635360,1,198,2,1
2023HU0635407,1,19,2,1
2023HU0635407,2,19,2,1
2023HU0635407,3,19,2,1
2023HU0635407,4,19,2,1
2023HU0635407,5,19,2,1
2023HU0635407,6,19,2,1
2023HU0635407,7,19,2,1
2023HU0635413,1,501,2,1
2023HU0635413,2,501,2,1
2023HU0635413,3,501,2,1
2023HU0635413,4,501,2,1
2023HU0635724,1,501,1,1
2023HU0635724,2,501,1,1
2023HU0635984,1,361,3,1
2023HU0636131,1,226,3,1
2023HU0636131,2,226,3,1
2023HU0636178,1,83,3,1
2023HU0636275,1,501,1,1
2023HU0636275,2,501,1,1
2023HU0636275,3,501,1,1
2023HU0636275,4,501,1,1
2023HU0636289,1,501,2,1
2023HU0636298,1,398,2,1
2023HU0636298,2,398,2,1
2023HU0636393,1,12,2,1
2023HU0636393,2,12,2,1
2023HU0636566,1,496,3,1
2023HU0636582,1,411,1,1
2023HU0636582,2,411,1,1
2023HU0636582,3,411,1,1
2023HU0636582,4,411,1,1
2023HU0636582,5,411,1,1
2023HU0636670,1,501,3,1
2023HU0636678,1,358,3,1
2023HU0636747,1,501,2,1
2023HU0636747,2,501,2,1
2023HU0636747,3,501,2,1
2023HU0636873,1,501,2,1
2023HU0636873,2,501,2,1
2023HU0636878,1,501,1,1
2023HU0636878,2,501,1,1
2023HU0636878,3,501,1,1
2023HU0636962,1,413,1,1
2023HU0636962,2,413,1,1
2023HU0637183,1,6,1,1
2023HU0637183,2,76,1,1
2023HU0637241,1,146,1,1
2023HU0637241,2,260,1,1
2023HU0637241,3,146,1,1
2023HU0637264,1,501,1,1
2023HU0637264,2,501,1,1
2023HU0637396,1,501,1,1
2023HU0637396,2,501,1,1
2023HU0637400,1,483,3,1
2023HU0637729,1,483,1,1
2023HU0637741,1,278,3,1
2023HU0637813,1,382,1,1
2023HU0637813,2,382,1,1
2023HU0637813,3,131,1,1
2023HU0637841,1,75,3,1
2023HU0637905,1,501,1,1
2023HU0637905,2,501,1,1
2023HU0637905,3,501,1,1
2023HU0637905,4,501,1,1
2023HU0638011,1,435,1,1
2023HU0638205,1,501,3,1
2023HU0638233,1,257,3,1
2023HU0638233,2,257,3,1
2023HU0638233,3,257,3,1
2023HU0638233,4,257,3,1
2023HU0638268,1,501,1,1
2023HU0638268,2,501,1,1
2023HU0638268,3,501,1,1
2023HU0638268,4,501,1,1
2023HU0638308,1,254,1,1
2023HU0638308,2,254,1,1
2023HU0638308,3,254,1,1
2023HU0638308,4,254,1,1
2023HU0638459,1,501,3,1
2023HU0638459,2,501,3,1
2023HU0638548,1,261,3,1
2023HU0638556,1,455,3,1
2023HU0638572,1,165,2,1
2023HU0638572,2,165,2,1
2023HU0638572,3,165,2,1
2023HU0638572,4,165,2,1
2023HU0638572,5,165,2,1
2023HU0638595,1,232,2,1
2023HU0638595,2,232,2,1
2023HU0638595,3,232,2,1
2023HU0638595,4,232,2,1
2023HU0638595,5,232,2,1
2023HU0638605,1,501,3,1
2023HU0638605,2,501,3,1
2023HU0638605,3,501,3,1
2023HU0638605,4,501,3,1
2023HU0638645,1,501,1,1
2023HU0638645,2,501,1,1
2023HU0638681,1,501,2,1
2023HU0638681,2,501,2,1
2023HU0638681,3,501,2,1
2023HU0638681,4,501,2,1
2023HU0638892,1,443,3,1
2023HU0638892,2,443,3,1
2023HU0638895,1,454,2,1
2023HU0638895,2,454,2,1
2023HU0638895,3,454,2,1
2023HU0639186,1,445,1,1
2023HU0639186,2,445,1,1
2023HU0639186,3,445,1,1
2023HU0639186,4,445,1,1
2023HU0639205,1,248,1,1
2023HU0639205,2,248,1,1
2023HU0639274,1,377,1,1
2023HU0639274,2,377,1,1
2023HU0639274,3,377,1,1
2023HU0639274,4,377,1,1
2023HU0639281,1,501,1,1
2023HU0639281,2,501,1,1
2023HU0639281,3,501,1,1
2023HU0639281,4,501,1,1
2023HU0639294,1,61,1,1
2023HU0639465,1,501,1,1
2023HU0639465,2,501,1,1
2023HU0639465,3,501,1,1
2023HU0639557,1,501,1,1
2023HU0639557,2,501,1,1
2023HU0639557,3,501,1,1
2023HU0639706,1,501,1,1
2023HU0639706,2,501,1,1
2023HU0639706,3,501,1,1
2023HU0639706,4,501,1,1
2023HU0639863,1,213,2,1
2023HU0639893,1,276,2,1
2023HU0639893,2,276,2,1
2023HU0639893,3,276,2,1
2023HU0639893,4,276,2,1
2023HU0639893,5,276,2,1
2023HU0639998,1,501,4,1
2023HU0639998,2,501,4,1
2023HU0640098,1,501,2,1
2023HU0640109,1,348,1,1
2023HU0640109,2,348,1,1
2023HU0640109,3,348,1,1
2023HU0640109,4,348,1,1
2023HU0640109,5,348,1,1
2023HU0640109,6,348,1,1
2023HU0640194,1,501,1,1
2023HU0640239,1,12,3,1
2023HU0640272,1,380,2,1
2023HU0640325,1,194,2,1
2023HU0640325,2,194,2,1
2023HU0640363,1,211,2,1
2023HU0640363,2,211,2,1
2023HU0640363,3,211,2,1
2023HU0640363,4,211,2,1
2023HU0640363,5,211,2,1
2023HU0640363,6,211,2,1
2023HU0640363,7,211,2,1
2023HU0640437,1,309,1,1
2023HU0640524,1,501,1,1
2023HU0640524,2,385,1,1
2023HU0640567,1,316,1,1
2023HU0640567,2,316,1,1
2023HU0640567,3,316,1,1
2023HU0640567,4,316,1,1
2023HU0640567,5,316,1,1
2023HU0640620,1,501,3,1
2023HU0640620,2,1,3,1
2023HU0640790,1,501,1,1
2023HU0640790,2,501,1,1
2023HU0640908,1,52,3,1
2023HU0640908,2,52,3,1
2023HU0640908,3,52,3,1
2023HU0640908,4,52,3,1
2023HU0640937,1,51,3,1
2023HU0641134,1,403,1,1
2023HU0641134,2,403,1,1
2023HU0641134,3,403,1,1
2023HU0641134,4,403,1,1
2023HU0641379,1,256,2,1
2023HU0641379,2,256,2,1
2023HU0641379,3,256,2,1
2023HU0641379,4,256,2,1
2023HU0641435,1,501,1,1
2023HU0641435,2,501,1,1
2023HU0641435,3,501,1,1
2023HU0641457,1,0,1,1
2023HU0641457,2,0,1,1
2023HU0641468,1,110,1,1
2023HU0641468,2,110,1,1
2023HU0641468,3,110,1,1
2023HU0641468,4,110,1,1
2023HU0641481,1,501,1,1
2023HU0641481,2,501,1,1
2023HU0641481,3,501,1,1
2023HU0641560,1,113,1,1
2023HU0641625,1,316,1,1
2023HU0641625,2,316,1,1
2023HU0641625,3,316,1,1
2023HU0641625,4,316,1,1
2023HU0641625,5,316,1,1
2023HU0641625,6,316,1,1
2023HU0641720,1,501,1,1
2023HU0641720,2,501,1,1
2023HU0641802,1,285,3,1
2023HU0641841,1,424,1,1
2023HU0641842,1,501,1,1
2023HU0641842,2,501,1,1
2023HU0641994,1,501,1,1
2023HU0641994,2,501,1,1
2023HU0641994,3,501,1,1
2023HU0642050,1,330,2,1
2023HU0642085,1,222,2,1
2023HU0642085,2,222,2,1
2023HU0642111,1,501,1,1
2023HU0642111,2,501,1,1
2023HU0642511,1,501,3,1
2023HU0642511,2,384,3,1
2023HU0642600,1,114,3,1
2023HU0642631,1,501,2,1
2023HU0642631,2,501,2,1
2023HU0642673,1,107,3,1
2023HU0642673,2,0,3,1
2023HU0642673,3,107,3,1
2023HU0642673,4,107,3,1
2023HU0642673,5,107,3,1
2023HU0642673,6,107,3,1
2023HU0642675,1,501,2,1
2023HU0642723,1,427,1,1
2023HU0642819,1,501,1,1
2023HU0642819,2,501,1,1
2023HU0642819,3,501,1,1
2023HU0642819,4,501,1,1
2023HU0642819,5,501,1,1
2023HU0642830,1,501,1,1
2023HU0642841,1,349,3,1
2023HU0642841,2,222,3,1
2023HU0642875,1,501,1,1
2023HU0642875,2,501,1,1
2023HU0642886,1,501,1,1
2023HU0642910,1,329,1,1
2023HU0643116,1,501,1,1
2023HU0643116,2,501,1,1
2023HU0643116,3,501,1,1
2023HU0643131,1,105,2,1
2023HU0643288,1,501,1,1
2023HU0643288,2,501,1,1
2023HU0643382,1,501,1,1
2023HU0643382,2,501,1,1
2023HU0643382,3,501,1,1
2023HU0643408,1,161,3,1
2023HU0643419,1,216,1,1
2023HU0643419,2,216,1,1
2023HU0643460,1,501,1,1
2023HU0643502,1,501,3,1
2023HU0643597,1,83,3,1
2023HU0643681,1,271,3,1
2023HU0643681,2,271,3,1
2023HU0643681,3,271,3,1
2023HU0643708,1,97,2,1
2023HU0643708,2,97,2,1
2023HU0643708,3,97,2,1
2023HU0643708,4,97,2,1
2023HU0643729,1,181,3,1
2023HU0643729,2,181,3,1
2023HU0643858,1,501,1,1
2023HU0643858,2,501,1,1
2023HU0643899,1,396,1,1
2023HU0643899,2,396,1,1
2023HU0643899,3,396,1,1
2023HU0643899,4,396,1,1
2023HU0643923,1,452,1,1
2023HU0644081,1,501,2,1
2023HU0644081,2,501,2,1
2023HU0644081,3,501,2,1
2023HU0644344,1,501,2,1
2023HU0644344,2,501,2,1
2023HU0644344,3,501,2,1
2023HU0644344,4,501,2,1
2023HU0644487,1,501,1,1
2023HU0644509,1,167,2,1
2023HU0644668,1,501,1,1
2023HU0644668,2,501,1,1
2023HU0644668,3,501,1,1
2023HU0644797,1,247,2,1
2023HU0644797,2,247,2,1
2023HU0644797,3,247,2,1
2023HU0644797,4,247,2,1
2023HU0644797,5,247,2,1
2023HU0644876,1,501,1,1
2023HU0644876,2,501,1,1
2023HU0644960,1,501,2,1
2023HU0644960,2,501,2,1
2023HU0644960,3,501,2,1
2023HU0644960,4,501,2,1
2023HU0645023,1,501,2,1
2023HU0645023,2,501,2,1
2023HU0645030,1,36,3,1
2023HU0645280,1,328,1,1
2023HU0645280,2,328,1,1
2023HU0645291,1,501,3,1
2023HU0645355,1,68,3,1
2023HU0645371,1,501,1,1
2023HU0645371,2,501,1,1
2023HU0645371,3,501,1,1
2023HU0645371,4,501,1,1
2023HU0645638,1,234,3,1
2023HU0645638,2,0,3,1
2023HU0645638,3,423,3,1
2023HU0645728,1,501,1,1
2023HU0645728,2,501,1,1
2023HU0645728,3,501,1,1
2023HU0645736,1,192,3,1
2023HU0645736,2,501,3,1
2023HU0645795,1,481,3,1
2023HU0645842,1,501,1,1
2023HU0645852,1,146,3,1
2023HU0645893,1,400,1,1
2023HU0645893,2,400,1,1
2023HU0645893,3,400,1,1
2023HU0646010,1,135,1,1
2023HU0646010,2,135,1,1
2023HU0646049,1,501,1,1
2023HU0646049,2,501,1,1
2023HU0646070,1,501,3,1
2023HU0646070,2,322,3,1
2023HU0646148,1,82,1,1
2023HU0646148,2,82,1,1
2023HU0646148,3,82,1,1
2023HU0646148,4,82,1,1
2023HU0646148,5,82,1,1
2023HU0646223,1,361,2,1
2023HU0646223,2,501,2,1
2023HU0646411,1,16,2,1
2023HU0646725,1,12,1,1
2023HU0646754,1,501,1,1
2023HU0646754,2,501,1,1
2023HU0646754,3,501,1,1
2023HU0646754,4,501,1,1
2023HU0646803,1,459,1,1
2023HU0647051,1,139,3,1
2023HU0647120,1,425,2,1
2023HU0647120,2,42,2,1
2023HU0647120,3,425,2,1
2023HU0647133,1,501,3,1
2023HU0647133,2,501,3,1
2023HU0647133,3,501,3,1
2023HU0647173,1,501,3,1
2023HU0647202,1,196,3,1
2023HU0647202,2,372,3,1
2023HU0647237,1,501,2,1
2023HU0647237,2,501,2,1
2023HU0647269,1,438,1,1
2023HU0647269,2,438,1,1
2023HU0647269,3,438,1,1
2023HU0647269,4,438,1,1
2023HU0647285,1,446,3,1
2023HU0647285,2,446,3,1
2023HU0647395,1,436,1,1
2023HU0647395,2,436,1,1
2023HU0647395,3,436,1,1
2023HU0647527,1,68,3,1
2023HU0647557,1,483,1,1
2023HU0647557,2,483,1,1
2023HU0647557,3,483,1,1
2023HU0647557,4,483,1,1
2023HU0647608,1,382,3,1
2023HU0647719,1,25,3,1
2023HU0647806,1,82,1,1
2023HU0647958,1,501,1,1
2023HU0647958,2,501,1,1
2023HU0647978,1,501,2,1
2023HU0648033,1,50,2,1
2023HU0648047,1,501,3,1
2023HU0648192,1,501,3,1
2023HU0648478,1,294,1,1
2023HU0648478,2,294,1,1
2023HU0648565,1,366,2,1
2023HU0648565,2,366,2,1
2023HU0648717,1,290,1,1
2023HU0648717,2,290,1,1
2023HU0648893,1,501,1,1
2023HU0648893,2,501,1,1
2023HU0648893,3,501,1,1
2023HU0649068,1,468,3,1
2023HU0649068,2,468,3,1
2023HU0649068,3,468,3,1
2023HU0649152,1,501,3,1
2023HU0649206,1,501,1,1
2023HU0649206,2,501,1,1
2023HU0649219,1,387,2,1
2023HU0649219,2,387,2,1
2023HU0649219,3,387,2,1
2023HU0649219,4,387,2,1
2023HU0649219,5,387,2,1
2023HU0649274,1,250,1,1
2023HU0649331,1,365,3,1
2023HU0649331,2,365,3,1
2023HU0649385,1,82,3,1
2023HU0649407,1,499,3,1
2023HU0649407,2,499,3,1
2023HU0649533,1,74,3,1
2023HU0649533,2,74,3,1
2023HU0649533,3,74,3,1
2023HU0649533,4,74,3,1
2023HU0649644,1,501,1,1
2023HU0649644,2,501,1,1
2023HU0649644,3,501,1,1
2023HU0649712,1,501,1,1
2023HU0649712,2,501,1,1
2023HU0649848,1,399,1,1
2023HU0649848,2,399,1,1
2023HU0649848,3,399,1,1
2023HU0649848,4,399,1,1
2023HU0649866,1,305,2,1
2023HU0649866,2,305,2,1
2023HU0650004,1,0,3,1
2023HU0650004,2,144,3,1
2023HU0650094,1,501,1,1
2023HU0650094,2,501,1,1
2023HU0650094,3,501,1,1
2023HU0650094,4,501,1,1
2023HU0650226,1,184,1,1
2023HU0650226,2,262,1,1
2023HU0650226,3,184,1,1
2023HU0650226,4,184,1,1
2023HU0650226,5,184,1,1
2023HU0650226,6,184,1,1
2023HU0650339,1,187,3,1
2023HU0650339,2,187,3,1
2023HU0650339,3,187,3,1
2023HU0650339,4,187,3,1
2023HU0650508,1,2,3,1
2023HU0650508,2,152,3,1
2023HU0650941,1,123,3,1
2023HU0650941,2,123,3,1
2023HU0650969,1,179,2,1
2023HU0650975,1,501,1,1
2023HU0650975,2,501,1,1
2023HU0650975,3,501,1,1
2023HU0650975,4,501,1,1
2023HU0651098,1,501,2,1
2023HU0651160,1,275,1,1
2023HU0651177,1,255,3,1
2023HU0651178,1,156,3,1
2023HU0651178,2,156,3,1
2023HU0651185,1,501,3,1
2023HU0651322,1,211,3,1
2023HU0651334,1,72,2,1
2023HU0651334,2,72,2,1
2023HU0651334,3,72,2,1
2023HU0651334,4,72,2,1
2023HU0651334,5,72,2,1
2023HU0651334,6,72,2,1
2023HU0651403,1,272,1,1
2023HU0651609,1,501,2,1
2023HU0651609,2,501,2,1
2023HU0651737,1,501,1,1
2023HU0651737,2,501,1,1
2023HU0651896,1,365,1,1
2023HU0651896,2,365,1,1
2023HU0652054,1,158,3,1
2023HU0652165,1,166,1,1
2023HU0652165,2,166,1,1
2023HU0652165,3,166,1,1
2023HU0652165,4,166,1,1
2023HU0652214,1,501,1,1
2023HU0652214,2,501,1,1
2023HU0652430,1,501,1,1
2023HU0652430,2,501,1,1
2023HU0652430,3,501,1,1
2023HU0652503,1,212,3,1
2023HU0652503,2,212,3,1
2023HU0652503,3,212,3,1
2023HU0652503,4,212,3,1
2023HU0652563,1,487,1,1
2023HU0652635,1,183,2,1
2023HU0652635,2,183,2,1
2023HU0652635,3,183,2,1
2023HU0652635,4,183,2,1
2023HU0652635,5,183,2,1
2023HU0652635,6,183,2,1
2023HU0652635,7,183,2,1
2023HU0652639,1,501,2,1
2023HU0652666,1,501,3,1
2023HU0652854,1,332,1,1
2023HU0652854,2,0,1,1
2023HU0652854,3,332,1,1
2023HU0652854,4,332,1,1
2023HU0652854,5,332,1,1
2023HU0652854,6,332,1,1
2023HU0652854,7,332,1,1
2023HU0652854,8,501,1,1
2023HU0653008,1,449,1,1
2023HU0653091,1,495,2,1
2023HU0653091,2,495,2,1
2023HU0653091,3,495,2,1
2023HU0653091,4,495,2,1
2023HU0653169,1,501,3,1
2023HU0653421,1,343,1,1
2023HU0653421,2,343,1,1
2023HU0653421,3,343,1,1
2023HU0653521,1,501,2,1
2023HU0653660,1,501,1,1
2023HU0653660,2,501,1,1
2023HU0653901,1,484,2,1
2023HU0653901,2,484,2,1
2023HU0653947,1,473,1,1
2023HU0653947,2,473,1,1
2023HU0653982,1,276,3,1
2023HU0653982,2,276,3,1
2023HU0654024,1,357,1,1
2023HU0654041,1,286,1,1
2023HU0654041,2,286,1,1
2023HU0654158,1,501,1,1
2023HU0654200,1,415,2,1
2023HU0654287,1,293,2,1
2023HU0654287,2,293,2,1
2023HU0654287,3,293,2,1
2023HU0654396,1,132,3,1
2023HU0654396,2,132,3,1
2023HU0654396,3,162,3,1
2023HU0654408,1,501,1,1
2023HU0654481,1,123,1,1
2023HU0654539,1,411,3,1
2023HU0654539,2,411,3,1
2023HU0654539,3,411,3,1
2023HU0654539,4,411,3,1
2023HU0654584,1,501,1,1
2023HU0654584,2,501,1,1
2023HU0654584,3,501,1,1
2023HU0654584,4,501,1,1
2023HU0654584,5,501,1,1
2023HU0654602,1,387,4,1
2023HU0654602,2,387,4,1
2023HU0654771,1,501,1,1
2023HU0654771,2,501,1,1
2023HU0654771,3,501,1,1
2023HU0654853,1,28,3,1
2023HU0654889,1,375,1,1
2023HU0654889,2,375,1,1
2023HU0654889,3,375,1,1
2023HU0654889,4,375,1,1
2023HU0654889,5,375,1,1
2023HU0654891,1,197,3,1
2023HU0654891,2,197,3,1
2023HU0654891,3,197,3,1
2023HU0654891,4,197,3,1
2023HU0655038,1,501,2,1
2023HU0655092,1,501,2,1
2023HU0655136,1,130,3,1
2023HU0655136,2,487,3,1
2023HU0655186,1,205,2,1
2023HU0655335,1,501,1,1
2023HU0655368,1,501,2,1
2023HU0655368,2,501,2,1
2023HU0655368,3,501,2,1
2023HU0655368,4,501,2,1
2023HU0655368,5,501,2,1
2023HU0655402,1,220,3,1
2023HU0655509,1,291,2,1
2023HU0655512,1,209,2,1
2023HU0655512,2,209,2,1
2023HU0655912,1,501,3,1
2023HU0655912,2,501,3,1
2023HU0655912,3,501,3,1
2023HU0655966,1,390,1,1
2023HU0655966,2,390,1,1
2023HU0655966,3,390,1,1
2023HU0655966,4,390,1,1
2023HU0656207,1,501,1,1
2023HU0656207,2,501,1,1
2023HU0656207,3,501,1,1
2023HU0656207,4,501,1,1
2023HU0656240,1,327,2,1
2023HU0656240,2,327,2,1
2023HU0656240,3,327,2,1
2023HU0656390,1,501,3,1
2023HU0656390,2,501,3,1
2023HU0656500,1,501,3,1
2023HU0656500,2,501,3,1
2023HU0656674,1,501,2,1
2023HU0656674,2,501,2,1
2023HU0656674,3,501,2,1
2023HU0656674,4,501,2,1
2023HU0656777,1,501,2,1
2023HU0656831,1,169,2,1
2023HU0656831,2,169,2,1
2023HU0656831,3,169,2,1
2023HU0656831,4,169,2,1
2023HU0656831,5,169,2,1
2023HU0656831,6,169,2,1
2023HU0656831,7,169,2,1
2023HU0656831,8,77,2,1
2023HU0656831,9,12,2,1
2023HU0656931,1,238,1,1
2023HU0656931,2,238,1,1
2023HU0656931,3,238,1,1
2023HU0656931,4,238,1,1
2023HU0656931,5,238,1,1
2023HU0656931,6,501,1,1
2023HU0656931,7,0,1,1
2023HU0656931,8,210,1,1
2023HU0656931,9,106,1,1
2023HU0656931,10,205,1,1
2023HU0656931,11,160,1,1
2023HU0656931,12,0,1,1
2023HU0656931,13,,1,1
2023HU0657037,1,320,3,1
2023HU0657146,1,405,1,1
2023HU0657146,2,405,1,1
2023HU0657146,3,405,1,1
2023HU0657146,4,405,1,1
2023HU0657276,1,269,2,1
2023HU0657370,1,501,1,1
2023HU0657370,2,501,1,1
2023HU0657370,3,501,1,1
2023HU0657370,4,501,1,1
2023HU0657605,1,65,2,1
2023HU0657895,1,501,1,1
2023HU0657895,2,501,1,1
2023HU0657895,3,501,1,1
2023HU0657895,4,501,1,1
2023HU0657895,5,501,1,1
2023HU0658010,1,389,1,1
2023HU0658010,2,389,1,1
2023HU0658036,1,501,1,1
2023HU0658036,2,501,1,1
2023HU0658036,3,501,1,1
2023HU0658036,4,501,1,1
2023HU0658036,5,501,1,1
2023HU0658121,1,296,3,1
2023HU0658121,2,296,3,1
2023HU0658152,1,320,1,1
2023HU0658152,2,279,1,1
2023HU0658181,1,23,1,1
2023HU0658181,2,23,1,1
2023HU0658253,1,244,2,1
2023HU0658253,2,244,2,1
2023HU0658279,1,501,1,1
2023HU0658279,2,501,1,1
2023HU0658279,3,501,1,1
2023HU0658315,1,501,3,1
2023HU0658336,1,273,1,1
2023HU0658336,2,273,1,1
2023HU0658336,3,273,1,1
2023HU0658336,4,273,1,1
2023HU0658366,1,289,3,1
2023HU0658494,1,192,1,1
2023HU0658494,2,192,1,1
2023HU0658494,3,192,1,1
2023HU0658494,4,192,1,1
2023HU0658494,5,192,1,1
2023HU0658494,6,192,1,1
2023HU0658494,7,192,1,1
2023HU0658494,8,192,1,1
2023HU0658494,9,192,1,1
2023HU0658520,1,501,1,1
2023HU0658520,2,501,1,1
2023HU0658520,3,501,1,1
2023HU0658814,1,248,2,1
2023HU0658814,2,248,2,1
2023HU0658814,3,248,2,1
2023HU0658814,4,248,2,1
2023HU0658832,1,349,3,1
2023HU0658832,2,349,3,1
2023HU0658896,1,501,1,1
2023HU0658896,2,501,1,1
2023HU0658896,3,501,1,1
2023HU0658896,4,501,1,1
2023HU0658925,1,501,2,1
2023HU0658925,2,501,2,1
2023HU0658925,3,501,2,1
2023HU0658925,4,501,2,1
2023HU0658925,5,501,2,1
2023HU0658934,1,474,1,1
2023HU0658934,2,474,1,1
2023HU0658934,3,501,1,1
2023HU0658947,1,501,1,1
2023HU0658947,2,501,1,1
2023HU0658947,3,501,1,1
2023HU0658947,4,501,1,1
2023HU0658948,1,321,1,1
2023HU0659060,1,501,3,1
2023HU0659060,2,501,3,1
2023HU0659063,1,345,1,1
2023HU0659063,2,345,1,1
2023HU0659197,1,196,3,1
2023HU0659197,2,196,3,1
2023HU0659210,1,423,1,1
2023HU0659270,1,123,3,1
2023HU0659270,2,123,3,1
2023HU0659270,3,123,3,1
2023HU0659270,4,123,3,1
2023HU0659358,1,501,1,1
2023HU0659358,2,501,1,1
2023HU0659381,1,501,1,1
2023HU0659381,2,501,1,1
2023HU0659381,3,501,1,1
2023HU0659392,1,64,3,1
2023HU0659392,2,0,3,1
2023HU0659392,3,320,3,1
2023HU0659392,4,0,3,1
2023HU0659456,1,68,3,1
2023HU0659509,1,152,2,1
2023HU0659547,1,501,1,1
2023HU0659547,2,501,1,1
2023HU0659568,1,356,3,1
2023HU0659568,2,501,3,1
2023HU0659664,1,3,1,1
2023HU0659776,1,501,2,1
2023HU0659776,2,501,2,1
2023HU0659776,3,501,2,1
2023HU0659919,1,501,1,1
2023HU0659941,1,501,1,1
2023HU0659941,2,501,1,1
2023HU0659941,3,501,1,1
2023HU0659974,1,501,1,1
2023HU0659974,2,501,1,1
2023HU0659974,3,501,1,1
2023HU0659989,1,501,1,1
2023HU0659989,2,501,1,1
2023HU0660214,1,199,1,1
2023HU0660214,2,199,1,1
2023HU0660214,3,199,1,1
2023HU0660251,1,501,1,1
2023HU0660251,2,501,1,1
2023HU0660251,3,501,1,1
2023HU0660252,1,493,1,1
2023HU0660252,2,493,1,1
2023HU0660310,1,501,1,1
2023HU0660310,2,501,1,1
2023HU0660336,1,269,1,1
2023HU0660374,1,501,1,1
2023HU0660416,1,501,1,1
2023HU0660416,2,501,1,1
2023HU0660416,3,501,1,1
2023HU0660416,4,501,1,1
2023HU0660519,1,501,2,1
2023HU0660519,2,501,2,1
2023HU0660519,3,501,2,1
2023HU0660610,1,143,3,1
2023HU0660610,2,143,3,1
2023HU0660610,3,143,3,1
2023HU0660718,1,501,2,1
2023HU0660718,2,501,2,1
2023HU0660802,1,52,3,1
2023HU0660802,2,58,3,1
2023HU0660848,1,501,1,1
2023HU0660848,2,501,1,1
2023HU0660848,3,501,1,1
2023HU0660848,4,501,1,1
2023HU0660852,1,160,2,1
2023HU0660852,2,160,2,1
2023HU0660852,3,160,2,1
2023HU0661180,1,501,1,1
2023HU0661180,2,501,1,1
2023HU0661180,3,501,1,1
2023HU0661180,4,501,1,1
2023HU0661198,1,0,3,1
2023HU0661198,2,127,3,1
2023HU0661331,1,501,3,1
2023HU0661331,2,501,3,1
2023HU0661339,1,501,3,1
2023HU0661339,2,501,3,1
2023HU0661339,3,501,3,1
2023HU0661339,4,501,3,1
2023HU0661395,1,320,2,1
2023HU0661448,1,87,3,1
2023HU0661603,1,501,1,1
2023HU0661603,2,501,1,1
2023HU0661611,1,36,3,1
2023HU0661611,2,36,3,1
2023HU0661611,3,36,3,1
2023HU0661713,1,501,3,1
2023HU0661713,2,51,3,1
2023HU0661814,1,479,2,1
2023HU0661839,1,501,1,1
2023HU0661839,2,501,1,1
2023HU0661880,1,59,1,1
2023HU0661880,2,59,1,1
2023HU0661880,3,59,1,1
2023HU0661885,1,501,3,1
2023HU0661885,2,501,3,1
2023HU0661892,1,159,3,1
2023HU0661892,2,159,3,1
2023HU0661968,1,501,2,1
2023HU0661968,2,501,2,1
2023HU0661968,3,501,2,1
2023HU0661968,4,501,2,1
2023HU0662197,1,177,2,1
2023HU0662215,1,92,3,1
2023HU0662215,2,92,3,1
2023HU0662215,3,92,3,1
2023HU0662291,1,501,1,1
2023HU0662291,2,501,1,1
2023HU0662544,1,472,1,1
2023HU0662544,2,472,1,1
2023HU0662612,1,501,1,1
2023HU0662612,2,501,1,1
2023HU0662708,1,501,1,1
2023HU0662708,2,501,1,1
2023HU0662708,3,501,1,1
2023HU0662711,1,379,3,1
2023HU0662711,2,221,3,1
2023HU0662850,1,501,1,1
2023HU0662850,2,501,1,1
2023HU0662966,1,501,2,1
2023HU0662966,2,501,2,1
2023HU0662966,3,501,2,1
2023HU0662966,4,501,2,1
2023HU0663035,1,97,1,1
2023HU0663067,1,206,2,1
2023HU0663067,2,206,2,1
2023HU0663067,3,206,2,1
2023HU0663244,1,501,1,1
2023HU0663244,2,501,1,1
2023HU0663325,1,203,3,1
2023HU0663325,2,50,3,1
2023HU0663325,3,116,3,1
2023HU0663518,1,501,2,1
2023HU0663518,2,501,2,1
2023HU0663518,3,501,2,1
2023HU0663625,1,501,3,1
2023HU0663663,1,501,2,1
2023HU0663663,2,501,2,1
2023HU0663703,1,501,2,1
2023HU0663703,2,501,2,1
2023HU0663704,1,501,1,1
2023HU0663733,1,337,2,1
2023HU0663733,2,337,2,1
2023HU0663758,1,403,1,1
2023HU0663758,2,403,1,1
2023HU0663758,3,403,1,1
2023HU0663758,4,403,1,1
2023HU0663758,5,403,1,1
2023HU0664029,1,501,1,1
2023HU0664029,2,501,1,1
2023HU0664062,1,396,1,1
2023HU0664114,1,53,3,1
2023HU0664114,2,53,3,1
2023HU0664221,1,501,1,1
2023HU0664384,1,501,1,1
2023HU0664384,2,501,1,1
2023HU0664384,3,501,1,1
2023HU0664384,4,501,1,1
2023HU0664384,5,501,1,1
2023HU0664384,6,117,1,1
2023HU0664386,1,495,1,1
2023HU0664386,2,495,1,1
2023HU0664386,3,495,1,1
2023HU0664734,1,501,2,1
2023HU0664929,1,441,1,1
2023HU0664929,2,441,1,1
2023HU0664929,3,441,1,1
2023HU0664929,4,441,1,1
2023HU0664968,1,501,1,1
2023HU0664968,2,80,1,1
2023HU0664968,3,501,1,1
2023HU0664968,4,501,1,1
2023HU0664968,5,109,1,1
2023HU0664976,1,501,1,1
2023HU0664976,2,501,1,1
2023HU0664976,3,501,1,1
2023HU0664976,4,501,1,1
2023HU0665087,1,126,2,1
2023HU0665170,1,501,2,1
2023HU0665170,2,501,2,1
2023HU0665170,3,501,2,1
2023HU0665213,1,501,2,1
2023HU0665213,2,501,2,1
2023HU0665213,3,501,2,1
2023HU0665301,1,367,1,1
2023HU0665301,2,367,1,1
2023HU0665301,3,367,1,1
2023HU0665301,4,367,1,1
2023HU0665556,1,501,1,1
2023HU0665556,2,501,1,1
2023HU0665556,3,501,1,1
2023HU0665556,4,501,1,1
2023HU0665579,1,74,3,1
2023HU0665579,2,74,3,1
2023HU0665647,1,299,3,1
2023HU0665726,1,501,1,1
2023HU0665726,2,501,1,1
2023HU0665729,1,0,3,1
2023HU0665824,1,501,2,1
2023HU0665824,2,501,2,1
2023HU0665897,1,268,1,1
2023HU0665897,2,268,1,1
2023HU0665897,3,268,1,1
2023HU0665897,4,268,1,1
2023HU0665897,5,268,1,1
2023HU0665949,1,420,1,1
2023HU0665949,2,420,1,1
2023HU0665949,3,420,1,1
2023HU0665949,4,420,1,1
2023HU0666204,1,303,3,1
2023HU0666204,2,303,3,1
2023HU0666204,3,303,3,1
2023HU0666204,4,303,3,1
2023HU0666204,5,303,3,1
2023HU0666220,1,371,1,1
2023HU0666220,2,371,1,1
2023HU0666237,1,501,1,1
2023HU0666237,2,501,1,1
2023HU0666237,3,501,1,1
2023HU0666237,4,501,1,1
2023HU0666266,1,222,3,1
2023HU0666266,2,222,3,1
2023HU0666266,3,222,3,1
2023HU0666266,4,222,3,1
2023HU0666350,1,77,3,1
2023HU0666357,1,501,1,1
2023HU0666357,2,501,1,1
2023HU0666358,1,441,1,1
2023HU0666358,2,441,1,1
2023HU0666358,3,441,1,1
2023HU0666508,1,501,1,1
2023HU0666737,1,230,1,1
2023HU0666737,2,230,1,1
2023HU0666737,3,230,1,1
2023HU0666844,1,235,2,1
2023HU0666844,2,235,2,1
2023HU0666844,3,235,2,1
2023HU0666844,4,235,2,1
2023HU0666844,5,235,2,1
2023HU0666900,1,374,1,1
2023HU0666909,1,303,2,1
2023HU0667104,1,398,2,1
2023HU0667104,2,398,2,1
2023HU0667142,1,501,1,1
2023HU0667142,2,501,1,1
2023HU0667142,3,501,1,1
2023HU0667142,4,501,1,1
2023HU0667142,5,501,1,1
2023HU0667148,1,51,2,1
2023HU0667215,1,501,1,1
2023HU0667215,2,501,1,1
2023HU0667368,1,501,3,1
2023HU0667368,2,501,3,1
2023HU0667696,1,313,1,1
2023HU0667895,1,311,2,1
2023HU0667895,2,311,2,1
2023HU0667920,1,190,3,1
2023HU0667920,2,190,3,1
2023HU0667920,3,190,3,1
2023HU0667924,1,0,3,1
2023HU0667990,1,407,1,1
2023HU0667990,2,407,1,1
2023HU0667990,3,407,1,1
2023HU0667999,1,501,2,1
2023HU0667999,2,501,2,1
2023HU0668067,1,0,3,1
2023HU0668087,1,208,1,1
2023HU0668087,2,208,1,1
2023HU0668087,3,208,1,1
2023HU0668181,1,170,2,1
2023HU0668181,2,170,2,1
2023HU0668213,1,146,2,1
2023HU0668531,1,377,2,1
2023HU0668791,1,159,3,1
2023HU0668828,1,501,1,1
2023HU0668828,2,501,1,1
2023HU0668828,3,501,1,1
2023HU0668838,1,501,3,1
2023HU0668838,2,485,3,1
2023HU0668891,1,31,3,1
2023HU0668891,2,25,3,1
2023HU0668910,1,501,1,1
2023HU0668910,2,501,1,1
2023HU0668910,3,501,1,1
2023HU0668952,1,162,1,1
2023HU0668952,2,162,1,1
2023HU0668952,3,162,1,1
2023HU0668952,4,162,1,1
2023HU0668952,5,162,1,1
2023HU0669764,1,501,3,1
2023HU0669845,1,501,3,1
2023HU0669932,1,352,2,1
2023HU0669932,2,352,2,1
2023HU0669932,3,352,2,1
2023HU0669990,1,92,3,1
2023HU0670007,1,501,2,1
2023HU0670007,2,501,2,1
2023HU0670007,3,501,2,1
2023HU0670104,1,171,3,1
2023HU0670104,2,171,3,1
2023HU0670117,1,501,1,1
2023HU0670117,2,501,1,1
2023HU0670154,1,501,2,1
2023HU0670173,1,328,2,1
2023HU0670177,1,501,1,1
2023HU0670177,2,501,1,1
2023HU0670190,1,134,3,1
2023HU0670368,1,495,1,1
2023HU0670368,2,495,1,1
2023HU0670487,1,129,3,1
2023HU0670487,2,129,3,1
2023HU0670639,1,501,1,1
2023HU0670639,2,501,1,1
2023HU0670695,1,267,3,1
2023HU0670711,1,244,3,1
2023HU0670711,2,244,3,1
2023HU0670711,3,244,3,1
2023HU0670766,1,76,3,1
2023HU0670766,2,114,3,1
2023HU0670766,3,152,3,1
2023HU0670875,1,352,2,1
2023HU0670887,1,501,1,1
2023HU0670887,2,501,1,1
2023HU0670962,1,501,2,1
2023HU0670985,1,15,3,1
2023HU0670985,2,15,3,1
2023HU0671081,1,501,1,1
2023HU0671081,2,501,1,1
2023HU0671081,3,501,1,1
2023HU0671081,4,501,1,1
2023HU0671081,5,,1,1
2023HU0671205,1,261,3,1
2023HU0671263,1,501,3,1
2023HU0671269,1,162,2,1
2023HU0671269,2,162,2,1
2023HU0671269,3,162,2,1
2023HU0671269,4,162,2,1
2023HU0671269,5,162,2,1
2023HU0671269,6,162,2,1
2023HU0671269,7,162,2,1
2023HU0671269,8,162,2,1
2023HU0671332,1,501,1,1
2023HU0671500,1,501,1,1
2023HU0671500,2,501,1,1
2023HU0671500,3,501,1,1
2023HU0671500,4,501,1,1
2023HU0671657,1,469,3,1
2023HU0671657,2,39,3,1
2023HU0671738,1,290,1,1
2023HU0671738,2,290,1,1
2023HU0671738,3,290,1,1
2023HU0671738,4,290,1,1
2023HU0671787,1,501,1,1
2023HU0671787,2,501,1,1
2023HU0671787,3,501,1,1
2023HU0671787,4,501,1,1
2023HU0671946,1,501,2,1
2023HU0672005,1,501,1,1
2023HU0672005,2,501,1,1
2023HU0672005,3,501,1,1
2023HU0672091,1,261,1,1
2023HU0672165,1,501,3,1
2023HU0672175,1,318,2,1
2023HU0672175,2,318,2,1
2023HU0672175,3,318,2,1
2023HU0672369,1,501,2,1
2023HU0672369,2,501,2,1
2023HU0672399,1,100,3,1
2023HU0672402,1,501,3,1
2023HU0672516,1,501,1,1
2023HU0672516,2,501,1,1
2023HU0672516,3,501,1,1
2023HU0672760,1,501,1,1
2023HU0672760,2,501,1,1
2023HU0672783,1,501,1,1
2023HU0672783,2,501,1,1
2023HU0672793,1,244,2,1
2023HU0672816,1,327,3,1
2023HU0673202,1,455,3,1
2023HU0673206,1,501,2,1
2023HU0673206,2,501,2,1
2023HU0673212,1,501,1,1
2023HU0673212,2,501,1,1
2023HU0673212,3,501,1,1
2023HU0673236,1,267,1,1
2023HU0673236,2,267,1,1
2023HU0673236,3,267,1,1
2023HU0673296,1,490,2,1
2023HU0673296,2,490,2,1
2023HU0673444,1,501,3,1
2023HU0673490,1,239,3,1
2023HU0673490,2,164,3,1
2023HU0673490,3,189,3,1
2023HU0673490,4,133,3,1
2023HU0673652,1,381,2,1
2023HU0673652,2,381,2,1
2023HU0673723,1,326,1,1
2023HU0673723,2,326,1,1
2023HU0673723,3,326,1,1
2023HU0674028,1,202,2,1
2023HU0674028,2,202,2,1
2023HU0674028,3,202,2,1
2023HU0674028,4,202,2,1
2023HU0674039,1,501,1,1
2023HU0674039,2,501,1,1
2023HU0674604,1,315,2,1
2023HU0674604,2,315,2,1
2023HU0674677,1,221,3,1
2023HU0674677,2,221,3,1
2023HU0674693,1,501,3,1
2023HU0675030,1,501,1,1
2023HU0675030,2,501,1,1
2023HU0675030,3,501,1,1
2023HU0675030,4,501,1,1
2023HU0675030,5,501,1,1
2023HU0675030,6,501,1,1
2023HU0675186,1,381,2,1
2023HU0675312,1,209,3,1
2023HU0675321,1,501,2,1
2023HU0675321,2,501,2,1
2023HU0675321,3,501,2,1
2023HU0675321,4,501,2,1
2023HU0675371,1,442,1,1
2023HU0675379,1,501,2,1
2023HU0675379,2,501,2,1
2023HU0675687,1,61,1,1
2023HU0675687,2,61,1,1
2023HU0675687,3,61,1,1
2023HU0675771,1,39,3,1
2023HU0675771,2,39,3,1
2023HU0675853,1,501,1,1
2023HU0675853,2,268,1,1
2023HU0675853,3,501,1,1
2023HU0675910,1,501,1,1
2023HU0675910,2,501,1,1
2023HU0675910,3,501,1,1
2023HU0675910,4,501,1,1
2023HU0675942,1,477,3,1
2023HU0676012,1,76,2,1
2023HU0676012,2,478,2,1
2023HU0676012,3,63,2,1
2023HU0676012,4,133,2,1
2023HU0676012,5,344,2,1
2023HU0676012,6,,2,1
2023HU0676036,1,322,3,1
2023HU0676036,2,180,3,1
2023HU0676131,1,32,3,1
2023HU0676131,2,38,3,1
2023HU0676131,3,32,3,1
2023HU0676161,1,367,3,1
2023HU0676161,2,453,3,1
2023HU0676165,1,316,3,1
2023HU0676165,2,316,3,1
2023HU0676168,1,501,2,1
2023HU0676195,1,268,2,1
2023HU0676195,2,268,2,1
2023HU0676195,3,268,2,1
2023HU0676195,4,268,2,1
2023HU0676216,1,379,3,1
2023HU0676321,1,278,1,1
2023HU0676406,1,501,1,1
2023HU0676406,2,501,1,1
2023HU0676406,3,501,1,1
2023HU0676449,1,261,1,1
2023HU0676449,2,261,1,1
2023HU0676449,3,261,1,1
2023HU0676449,4,261,1,1
2023HU0676449,5,261,1,1
2023HU0676449,6,261,1,1
2023HU0676449,7,261,1,1
2023HU0676597,1,221,2,1
2023HU0676597,2,221,2,1
2023HU0676597,3,31,2,1
2023HU0676728,1,366,3,1
2023HU0676728,2,366,3,1
2023HU0677032,1,501,1,1
2023HU0677032,2,501,1,1
2023HU0677070,1,501,1,1
2023HU0677070,2,501,1,1
2023HU0677070,3,501,1,1
2023HU0677070,4,501,1,1
2023HU0677070,5,501,1,1
2023HU0677100,1,501,3,1
2023HU0677113,1,0,2,1
2023HU0677150,1,379,3,1
2023HU0677174,1,359,1,1
2023HU0677174,2,359,1,1
2023HU0677174,3,359,1,1
2023HU0677332,1,501,1,1
2023HU0677332,2,501,1,1
2023HU0677332,3,501,1,1
2023HU0677416,1,340,3,1
2023HU0677497,1,197,3,1
2023HU0677529,1,222,2,1
2023HU0677607,1,319,1,1
2023HU0677607,2,319,1,1
2023HU0677697,1,501,1,1
2023HU0677697,2,501,1,1
2023HU0677697,3,501,1,1
2023HU0677697,4,501,1,1
2023HU0677698,1,259,3,1
2023HU0677698,2,259,3,1
2023HU0677698,3,259,3,1
2023HU0677698,4,259,3,1
2023HU0677698,5,259,3,1
2023HU0677698,6,259,3,1
2023HU0677698,7,259,3,1
2023HU0677698,8,259,3,1
2023HU0677763,1,501,3,1
2023HU0677763,2,501,3,1
2023HU0677802,1,9,1,1
2023HU0677990,1,405,1,1
2023HU0677990,2,405,1,1
2023HU0678000,1,499,1,1
2023HU0678165,1,180,2,1
2023HU0678165,2,180,2,1
2023HU0678165,3,180,2,1
2023HU0678165,4,0,2,1
2023HU0678243,1,501,1,1
2023HU0678243,2,501,1,1
2023HU0678243,3,501,1,1
2023HU0678433,1,501,1,1
2023HU0678433,2,501,1,1
2023HU0678433,3,501,1,1
2023HU0678597,1,474,1,1
2023HU0678749,1,3,3,1
2023HU0678749,2,17,3,1
2023HU0678772,1,501,2,1
2023HU0678772,2,501,2,1
2023HU0678772,3,501,2,1
2023HU0678772,4,501,2,1
2023HU0678913,1,501,1,1
2023HU0678913,2,501,1,1
2023HU0678931,1,130,2,1
2023HU0678975,1,501,3,1
2023HU0679003,1,376,2,1
2023HU0679003,2,376,2,1
2023HU0679003,3,376,2,1
2023HU0679029,1,257,2,1
2023HU0679029,2,257,2,1
2023HU0679059,1,234,3,1
2023HU0679059,2,234,3,1
2023HU0679084,1,259,2,1
2023HU0679109,1,178,1,1
2023HU0679109,2,178,1,1
2023HU0679135,1,501,1,1
2023HU0679135,2,501,1,1
2023HU0679160,1,501,1,1
2023HU0679160,2,501,1,1
2023HU0679160,3,501,1,1
2023HU0679160,4,501,1,1
2023HU0679240,1,501,1,1
2023HU0679240,2,501,1,1
2023HU0679240,3,501,1,1
2023HU0679240,4,501,1,1
2023HU0679339,1,414,3,1
2023HU0679576,1,501,1,1
2023HU0679576,2,501,1,1
2023HU0679650,1,501,2,1
2023HU0679650,2,501,2,1
2023HU0679659,1,317,3,1
2023HU0679705,1,429,2,1
2023HU0679705,2,429,2,1
2023HU0679705,3,429,2,1
2023HU0679808,1,324,2,1
2023HU0679830,1,224,1,1
2023HU0679830,2,224,1,1
2023HU0679830,3,224,1,1
2023HU0679830,4,224,1,1
2023HU0679850,1,116,3,1
2023HU0679850,2,91,3,1
2023HU0679906,1,501,2,1
2023HU0679906,2,501,2,1
2023HU0680124,1,346,3,1
2023HU0680124,2,346,3,1
2023HU0680124,3,346,3,1
2023HU0680124,4,346,3,1
2023HU0680288,1,0,3,1
2023HU0680288,2,0,3,1
2023HU0680288,3,0,3,1
2023HU0680485,1,235,1,1
2023HU0680624,1,501,3,1
2023HU0680688,1,501,1,1
2023HU0680701,1,229,1,1
2023HU0680701,2,229,1,1
2023HU0680701,3,229,1,1
2023HU0680706,1,501,1,1
2023HU0680706,2,501,1,1
2023HU0680720,1,392,1,1
2023HU0680720,2,392,1,1
2023HU0680812,1,321,2,1
2023HU0680827,1,213,2,1
2023HU0680836,1,475,3,1
2023HU0681137,1,433,2,1
2023HU0681137,2,433,2,1
2023HU0681137,3,433,2,1
2023HU0681137,4,433,2,1
2023HU0681137,5,433,2,1
2023HU0681225,1,68,3,1
2023HU0681226,1,152,3,1
2023HU0681226,2,71,3,1
2023HU0681226,3,0,3,1
2023HU0681226,4,0,3,1
2023HU0681226,5,0,3,1
2023HU0681226,6,0,3,1
2023HU0681247,1,90,3,1
2023HU0681247,2,292,3,1
2023HU0681247,3,90,3,1
2023HU0681247,4,90,3,1
2023HU0681323,1,65,3,1
2023HU0681464,1,501,3,1
2023HU0681464,2,232,3,1
2023HU0681473,1,77,3,1
2023HU0681586,1,501,3,1
2023HU0681586,2,501,3,1
2023HU0681648,1,100,3,1
2023HU0682434,1,279,1,1
2023HU0682434,2,279,1,1
2023HU0682512,1,501,1,1
2023HU0682512,2,501,1,1
2023HU0682512,3,501,1,1
2023HU0682538,1,501,1,1
2023HU0682538,2,501,1,1
2023HU0682625,1,501,1,1
2023HU0682625,2,501,1,1
2023HU0682625,3,501,1,1
2023HU0682625,4,501,1,1
2023HU0682625,5,501,1,1
2023HU0682676,1,91,3,1
2023HU0682765,1,501,1,1
2023HU0682765,2,501,1,1
2023HU0682765,3,501,1,1
2023HU0682765,4,501,1,1
2023HU0682794,1,187,2,1
2023HU0682794,2,187,2,1
2023HU0682988,1,501,1,1
2023HU0682988,2,501,1,1
2023HU0682988,3,501,1,1
2023HU0683203,1,489,2,1
2023HU0683203,2,489,2,1
2023HU0683203,3,489,2,1
2023HU0683203,4,489,2,1
2023HU0683203,5,117,2,1
2023HU0683203,6,145,2,1
2023HU0683210,1,256,3,1
2023HU0683386,1,159,1,1
2023HU0683386,2,159,1,1
2023HU0683386,3,159,1,1
2023HU0683386,4,159,1,1
2023HU0683386,5,159,1,1
2023HU0683386,6,159,1,1
2023HU0683519,1,420,1,1
2023HU0683519,2,420,1,1
2023HU0683519,3,420,1,1
2023HU0683552,1,183,3,1
2023HU0683552,2,66,3,1
2023HU0683964,1,186,1,1
2023HU0683964,2,186,1,1
2023HU0683964,3,186,1,1
2023HU0684107,1,319,1,1
2023HU0684216,1,501,1,1
2023HU0684216,2,501,1,1
2023HU0684216,3,501,1,1
2023HU0684216,4,501,1,1
2023HU0684233,1,208,1,1
2023HU0684233,2,208,1,1
2023HU0684233,3,208,1,1
2023HU0684233,4,208,1,1
2023HU0684233,5,208,1,1
2023HU0684233,6,208,1,1
2023HU0684233,7,208,1,1
2023HU0684233,8,208,1,1
2023HU0684233,9,208,1,1
2023HU0684254,1,501,2,1
2023HU0684254,2,501,2,1
2023HU0684254,3,501,2,1
2023HU0684254,4,501,2,1
2023HU0684395,1,501,3,1
2023HU0684395,2,501,3,1
2023HU0684447,1,501,1,1
2023HU0684447,2,501,1,1
2023HU0684447,3,501,1,1
2023HU0684541,1,501,2,1
2023HU0684541,2,501,2,1
2023HU0684640,1,501,2,1
2023HU0684640,2,0,2,1
2023HU0684805,1,211,2,1
2023HU0684805,2,211,2,1
2023HU0684805,3,211,2,1
2023HU0684805,4,211,2,1
2023HU0684854,1,432,1,1
2023HU0684926,1,501,1,1
2023HU0684926,2,501,1,1
2023HU0684926,3,501,1,1
2023HU0684940,1,1,3,1
2023HU0685062,1,449,1,1
2023HU0685062,2,449,1,1
2023HU0685062,3,449,1,1
2023HU0685079,1,501,2,1
2023HU0685096,1,418,2,1
2023HU0685126,1,501,2,1
2023HU0685171,1,319,3,1
2023HU0685171,2,28,3,1
2023HU0685185,1,501,1,1
2023HU0685185,2,501,1,1
2023HU0685185,3,501,1,1
2023HU0685331,1,368,3,1
2023HU0685331,2,368,3,1
2023HU0685473,1,501,2,1
2023HU0685473,2,501,2,1
2023HU0685543,1,501,2,1
2023HU0685622,1,120,3,1
2023HU0685622,2,120,3,1
2023HU0685786,1,0,4,1
2023HU0685883,1,127,3,1
2023HU0685883,2,191,3,1
2023HU0685961,1,409,1,1
2023HU0685961,2,409,1,1
2023HU0685961,3,409,1,1
2023HU0685961,4,409,1,1
2023HU0685961,5,409,1,1
2023HU0686034,1,501,1,1
2023HU0686095,1,501,3,1
2023HU0686095,2,501,3,1
2023HU0686119,1,501,1,1
2023HU0686278,1,279,3,1
2023HU0686287,1,433,1,1
2023HU0686287,2,433,1,1
2023HU0686287,3,433,1,1
2023HU0686287,4,433,1,1
2023HU0686422,1,340,1,1
2023HU0686422,2,340,1,1
2023HU0686422,3,340,1,1
2023HU0686439,1,501,1,1
2023HU0686439,2,501,1,1
2023HU0686439,3,501,1,1
2023HU0686439,4,501,1,1
2023HU0686439,5,501,1,1
2023HU0686568,1,501,1,1
2023HU0686886,1,501,2,1
2023HU0686886,2,501,2,1
2023HU0686941,1,501,3,1
2023HU0686970,1,133,3,1
2023HU0686970,2,133,3,1
2023HU0686970,3,133,3,1
2023HU0686970,4,133,3,1
2023HU0686970,5,133,3,1
2023HU0686970,6,133,3,1
2023HU0686970,7,133,3,1
2023HU0687083,1,501,1,1
2023HU0687083,2,501,1,1
2023HU0687083,3,501,1,1
2023HU0687120,1,501,2,1
2023HU0687388,1,501,2,1
2023HU0687388,2,501,2,1
2023HU0687394,1,501,2,1
2023HU0687470,1,501,1,1
2023HU0687568,1,89,3,1
2023HU0687673,1,501,1,1
2023HU0687673,2,501,1,1
2023HU0687673,3,501,1,1
2023HU0687767,1,346,2,1
2023HU0687767,2,346,2,1
2023HU0687767,3,346,2,1
2023HU0687767,4,346,2,1
2023HU0687927,1,486,1,1
2023HU0687927,2,322,1,1
2023HU0687927,3,486,1,1
2023HU0687977,1,253,2,1
2023HU0687977,2,253,2,1
2023HU0688040,1,501,1,1
2023HU0688056,1,501,1,1
2023HU0688056,2,501,1,1
2023HU0688056,3,501,1,1
2023HU0688056,4,501,1,1
2023HU0688056,5,501,1,1
2023HU0688068,1,501,2,1
2023HU0688068,2,501,2,1
2023HU0688068,3,501,2,1
2023HU0688068,4,501,2,1
2023HU0688068,5,501,2,1
2023HU0688068,6,501,2,1
2023HU0688153,1,402,1,1
2023HU0688153,2,402,1,1
2023HU0688189,1,501,2,1
2023HU0688358,1,492,3,1
2023HU0688358,2,501,3,1
2023HU0688473,1,317,3,1
2023HU0688479,1,501,3,1
2023HU0688479,2,501,3,1
2023HU0688524,1,501,3,1
2023HU0688635,1,501,1,1
2023HU0688635,2,501,1,1
2023HU0688716,1,501,1,1
2023HU0688716,2,501,1,1
2023HU0688716,3,501,1,1
2023HU0688716,4,501,1,1
2023HU0688716,5,501,1,1
2023HU0689145,1,501,1,1
2023HU0689145,2,501,1,1
2023HU0689254,1,204,3,1
2023HU0689254,2,191,3,1
2023HU0689408,1,310,3,1
2023HU0689408,2,310,3,1
2023HU0689408,3,310,3,1
2023HU0689408,4,310,3,1
2023HU0689477,1,341,2,1
2023HU0689483,1,501,1,1
2023HU0689483,2,245,1,1
2023HU0689494,1,202,2,1
2023HU0689494,2,202,2,1
2023HU0689494,3,202,2,1
2023HU0689494,4,202,2,1
2023HU0689494,5,202,2,1
2023HU0689494,6,202,2,1
2023HU0689610,1,501,4,1
2023HU0689968,1,233,2,1
2023HU0689968,2,233,2,1
2023HU0689993,1,199,1,1
2023HU0689993,2,199,1,1
2023HU0690085,1,184,1,1
2023HU0690085,2,184,1,1
2023HU0690125,1,501,1,1
2023HU0690125,2,501,1,1
2023HU0690454,1,69,1,1
2023HU0690454,2,69,1,1
2023HU0690479,1,430,2,1
2023HU0690542,1,16,3,1
2023HU0690720,1,387,1,1
2023HU0690720,2,387,1,1
2023HU0690720,3,387,1,1
2023HU0690742,1,501,3,1
2023HU0690747,1,172,2,1
2023HU0690747,2,172,2,1
2023HU0690747,3,172,2,1
2023HU0690883,1,501,1,1
2023HU0690883,2,2,1,1
2023HU0690908,1,402,1,1
2023HU0691060,1,226,3,1
2023HU0691060,2,325,3,1
2023HU0691060,3,226,3,1
2023HU0691060,4,226,3,1
2023HU0691060,5,226,3,1
2023HU0691178,1,501,3,1
2023HU0691178,2,501,3,1
2023HU0691204,1,501,2,1
2023HU0691204,2,501,2,1
2023HU0691236,1,501,1,1
2023HU0691236,2,501,1,1
2023HU0691439,1,137,2,1
2023HU0691443,1,476,2,1
2023HU0691443,2,476,2,1
2023HU0691443,3,476,2,1
2023HU0691448,1,325,2,1
2023HU0691806,1,93,1,1
2023HU0691806,2,93,1,1
2023HU0691806,3,93,1,1
2023HU0691887,1,501,3,1
2023HU0692034,1,68,3,1
2023HU0692034,2,68,3,1
2023HU0692314,1,295,3,1
2023HU0692314,2,44,3,1
2023HU0692406,1,501,1,1
2023HU0692406,2,501,1,1
2023HU0692406,3,501,1,1
2023HU0692406,4,501,1,1
2023HU0692406,5,501,1,1
2023HU0692433,1,205,2,1
2023HU0692534,1,501,1,1
2023HU0692634,1,60,1,1
2023HU0692634,2,60,1,1
2023HU0692634,3,60,1,1
2023HU0692634,4,60,1,1
2023HU0692635,1,9,3,1
2023HU0692635,2,9,3,1
2023HU0692699,1,501,1,1
2023HU0692802,1,501,1,1
2023HU0692919,1,104,3,1
2023HU0693066,1,71,3,1
2023HU0693066,2,71,3,1
2023HU0693066,3,71,3,1
2023HU0693066,4,71,3,1
2023HU0693066,5,71,3,1
2023HU0693131,1,501,1,1
2023HU0693131,2,501,1,1
2023HU0693131,3,501,1,1
2023HU0693680,1,363,1,1
2023HU0693680,2,363,1,1
2023HU0693680,3,363,1,1
2023HU0693680,4,363,1,1
2023HU0693765,1,4,2,1
2023HU0693765,2,4,2,1
2023HU0693889,1,501,2,1
2023HU0693889,2,501,2,1
2023HU0693896,1,501,3,1
2023HU0693938,1,222,2,1
2023HU0693938,2,222,2,1
2023HU0693938,3,222,2,1
2023HU0693938,4,222,2,1
2023HU0693938,5,222,2,1
2023HU0693981,1,436,3,1
2023HU0693981,2,436,3,1
2023HU0694115,1,501,3,1
2023HU0694115,2,501,3,1
2023HU0694184,1,0,3,1
2023HU0694184,2,0,3,1
2023HU0694271,1,428,3,1
2023HU0694271,2,428,3,1
2023HU0694271,3,428,3,1
2023HU0694325,1,133,3,1
2023HU0694441,1,501,3,1
2023HU0694527,1,266,1,1
2023HU0694527,2,501,1,1
2023HU0694527,3,266,1,1
2023HU0694527,4,266,1,1
2023HU0694527,5,266,1,1
2023HU0694591,1,49,3,1
2023HU0694591,2,49,3,1
2023HU0694591,3,49,3,1
2023HU0694709,1,167,1,1
2023HU0694709,2,167,1,1
2023HU0694817,1,468,1,1
2023HU0694817,2,468,1,1
2023HU0695004,1,299,1,1
2023HU0695097,1,193,3,1
2023HU0695175,1,501,2,1
2023HU0695183,1,462,1,1
2023HU0695183,2,462,1,1
2023HU0695183,3,462,1,1
2023HU0695183,4,462,1,1
2023HU0695228,1,501,1,1
2023HU0695228,2,501,1,1
2023HU0695228,3,501,1,1
2023HU0695235,1,498,3,1
2023HU0695235,2,340,3,1
2023HU0695340,1,33,1,1
2023HU0695340,2,33,1,1
2023HU0695340,3,33,1,1
2023HU0695340,4,33,1,1
2023HU0695349,1,153,3,1
2023HU0695349,2,153,3,1
2023HU0695349,3,153,3,1
2023HU0695349,4,153,3,1
2023HU0695349,5,153,3,1
2023HU0695361,1,376,3,1
2023HU0695361,2,376,3,1
2023HU0695585,1,335,3,1
2023HU0695888,1,158,3,1
2023HU0695888,2,243,3,1
2023HU0695889,1,344,3,1
2023HU0695889,2,344,3,1
2023HU0695889,3,344,3,1
2023HU0695983,1,501,1,1
2023HU0695983,2,501,1,1
2023HU0696042,1,309,2,1
2023HU0696042,2,309,2,1
2023HU0696240,1,497,1,1
2023HU0696240,2,497,1,1
2023HU0696240,3,497,1,1
2023HU0696240,4,497,1,1
2023HU0696240,5,497,1,1
2023HU0696240,6,497,1,1
2023HU0696371,1,269,3,1
2023HU0696371,2,269,3,1
2023HU0696381,1,501,1,1
2023HU0696381,2,501,1,1
2023HU0696381,3,501,1,1
2023HU0696381,4,501,1,1
2023HU0696391,1,501,1,1
2023HU0696391,2,501,1,1
2023HU0696474,1,501,1,1
2023HU0696474,2,501,1,1
2023HU0696500,1,301,2,1
2023HU0696500,2,301,2,1
2023HU0696500,3,301,2,1
2023HU0696500,4,301,2,1
2023HU0696500,5,301,2,1
2023HU0696523,1,433,1,1
2023HU0696545,1,501,1,1
2023HU0696545,2,501,1,1
2023HU0696545,3,501,1,1
2023HU0696549,1,501,2,1
2023HU0696599,1,277,3,1
2023HU0696599,2,501,3,1
2023HU0696686,1,344,2,1
2023HU0696736,1,492,2,1
2023HU0696758,1,501,2,1
2023HU0696758,2,501,2,1
2023HU0696830,1,501,1,1
2023HU0696830,2,427,1,1
2023HU0696928,1,286,3,1
2023HU0696928,2,286,3,1
2023HU0697146,1,501,1,1
2023HU0697146,2,501,1,1
2023HU0697146,3,501,1,1
2023HU0697146,4,501,1,1
2023HU0697371,1,181,1,1
2023HU0697371,2,181,1,1
2023HU0697446,1,360,2,1
2023HU0697446,2,360,2,1
2023HU0697451,1,340,1,1
2023HU0697530,1,115,3,1
2023HU0697530,2,115,3,1
2023HU0697530,3,115,3,1
2023HU0697530,4,115,3,1
2023HU0697530,5,,3,1
2023HU0697530,6,,3,1
2023HU0697530,7,,3,1
2023HU0697530,8,,3,1
2023HU0697922,1,501,3,1
2023HU0697922,2,501,3,1
2023HU0697922,3,501,3,1
2023HU0697922,4,501,3,1
2023HU0698112,1,501,4,1
2023HU0698112,2,231,4,1
2023HU0698410,1,436,1,1
2023HU0698410,2,436,1,1
2023HU0698454,1,33,3,1
2023HU0698454,2,8,3,1
2023HU0698570,1,447,2,1
2023HU0698570,2,447,2,1
2023HU0698578,1,501,3,1
2023HU0698707,1,257,3,1
2023HU0698783,1,501,1,1
2023HU0698783,2,501,1,1
2023HU0698869,1,501,2,1
2023HU0698869,2,501,2,1
2023HU0698869,3,501,2,1
2023HU0698869,4,501,2,1
2023HU0698956,1,224,1,1
2023HU0699036,1,299,3,1
2023HU0699036,2,299,3,1
2023HU0699119,1,201,2,1
2023HU0699147,1,409,2,1
2023HU0699147,2,409,2,1
2023HU0699339,1,501,1,1
2023HU0699339,2,501,1,1
2023HU0699654,1,501,3,1
2023HU0699759,1,501,1,1
2023HU0699759,2,501,1,1
2023HU0699759,3,501,1,1
2023HU0699817,1,374,1,1
2023HU0699817,2,374,1,1
2023HU0699817,3,374,1,1
2023HU0699817,4,374,1,1
2023HU0699851,1,501,1,1
2023HU0700076,1,501,2,1
2023HU0700210,1,501,1,1
2023HU0700210,2,501,1,1
2023HU0700210,3,501,1,1
2023HU0700361,1,501,1,1
2023HU0700361,2,501,1,1
2023HU0700361,3,501,1,1
2023HU0700361,4,501,1,1
2023HU0700372,1,501,2,1
2023HU0700372,2,501,2,1
2023HU0700438,1,310,2,1
2023HU0700438,2,127,2,1
2023HU0700438,3,310,2,1
2023HU0700438,4,310,2,1
2023HU0700545,1,501,1,1
2023HU0700545,2,501,1,1
2023HU0700598,1,271,2,1
2023HU0700771,1,0,2,1
2023HU0700809,1,69,3,1
2023HU0700820,1,42,3,1
2023HU0700820,2,42,3,1
2023HU0700820,3,42,3,1
2023HU0700820,4,42,3,1
2023HU0700843,1,487,1,1
2023HU0700977,1,501,1,1
2023HU0701059,1,501,1,1
2023HU0701250,1,82,1,1
2023HU0701250,2,82,1,1
2023HU0701250,3,82,1,1
2023HU0701285,1,501,2,1
2023HU0701644,1,316,2,1
2023HU0701763,1,128,2,1
2023HU0701820,1,65,3,1
2023HU0701894,1,446,2,1
2023HU0701894,2,446,2,1
2023HU0702095,1,419,3,1
2023HU0702107,1,319,1,1
2023HU0702107,2,319,1,1
2023HU0702107,3,319,1,1
2023HU0702107,4,319,1,1
2023HU0702107,5,319,1,1
2023HU0702107,6,319,1,1
2023HU0702107,7,68,1,1
2023HU0702142,1,318,1,1
2023HU0702303,1,70,1,1
2023HU0702303,2,70,1,1
2023HU0702337,1,364,1,1
2023HU0702407,1,408,1,1
2023HU0702407,2,473,1,1
2023HU0702407,3,408,1,1
2023HU0702407,4,408,1,1
2023HU0702407,5,408,1,1
2023HU0702471,1,335,1,1
2023HU0702471,2,30,1,1
2023HU0702471,3,335,1,1
2023HU0702501,1,501,1,1
2023HU0702501,2,501,1,1
2023HU0702501,3,501,1,1
2023HU0702517,1,100,2,1
2023HU0702517,2,100,2,1
2023HU0702517,3,100,2,1
2023HU0702524,1,66,3,1
2023HU0702526,1,29,1,1
2023HU0702526,2,501,1,1
2023HU0702545,1,233,2,1
2023HU0702550,1,278,3,1
2023HU0702551,1,501,1,1
2023HU0702551,2,501,1,1
2023HU0702551,3,501,1,1
2023HU0702798,1,501,2,1
2023HU0702798,2,501,2,1
2023HU0703006,1,501,1,1
2023HU0703006,2,501,1,1
2023HU0703006,3,501,1,1
2023HU0703019,1,180,1,1
2023HU0703019,2,180,1,1
2023HU0703019,3,180,1,1
2023HU0703019,4,180,1,1
2023HU0703019,5,180,1,1
2023HU0703043,1,501,1,1
2023HU0703043,2,501,1,1
2023HU0703043,3,501,1,1
2023HU0703043,4,501,1,1
2023HU0703043,5,501,1,1
2023HU0703073,1,501,1,1
2023HU0703073,2,501,1,1
2023HU0703073,3,501,1,1
2023HU0703073,4,501,1,1
2023HU0703224,1,54,3,1
2023HU0703277,1,226,1,1
2023HU0703277,2,226,1,1
2023HU0703277,3,226,1,1
2023HU0703277,4,226,1,1
2023HU0703895,1,379,2,1
2023HU0703895,2,379,2,1
2023HU0703895,3,379,2,1
2023HU0703944,1,25,3,1
2023HU0703995,1,98,2,1
2023HU0704019,1,501,1,1
2023HU0704019,2,501,1,1
2023HU0704019,3,501,1,1
2023HU0704106,1,501,2,1
2023HU0704106,2,501,2,1
2023HU0704106,3,501,2,1
2023HU0704106,4,501,2,1
2023HU0704106,5,501,2,1
2023HU0704120,1,466,3,1
2023HU0704120,2,466,3,1
2023HU0704120,3,466,3,1
2023HU0704133,1,501,3,1
2023HU0704133,2,501,3,1
2023HU0704211,1,461,1,1
2023HU0704226,1,501,1,1
2023HU0704226,2,501,1,1
2023HU0704240,1,275,3,1
2023HU0704369,1,206,2,1
2023HU0704369,2,206,2,1
2023HU0704457,1,435,2,1
2023HU0704457,2,435,2,1
2023HU0704547,1,425,2,1
2023HU0704635,1,78,3,1
2023HU0704635,2,307,3,1
2023HU0704635,3,35,3,1
2023HU0704663,1,501,1,1
2023HU0704663,2,501,1,1
2023HU0704677,1,261,3,1
2023HU0704677,2,261,3,1
2023HU0704677,3,261,3,1
2023HU0704677,4,261,3,1
2023HU0704677,5,261,3,1
2023HU0704699,1,432,1,1
2023HU0704699,2,432,1,1
2023HU0704699,3,432,1,1
2023HU0704840,1,319,3,1
2023HU0704840,2,0,3,1
2023HU0705076,1,501,1,1
2023HU0705076,2,501,1,1
2023HU0705076,3,501,1,1
2023HU0705103,1,501,2,1
2023HU0705103,2,501,2,1
2023HU0705132,1,212,1,1
2023HU0705309,1,321,3,1
2023HU0705309,2,102,3,1
2023HU0705309,3,321,3,1
2023HU0705309,4,51,3,1
2023HU0705309,5,,3,1
2023HU0705391,1,501,2,1
2023HU0705391,2,501,2,1
2023HU0705450,1,501,2,1
2023HU0705450,2,501,2,1
2023HU0705450,3,501,2,1
2023HU0705450,4,501,2,1
2023HU0705450,5,501,2,1
2023HU0705559,1,501,2,1
2023HU0705721,1,345,3,1
2023HU0705721,2,345,3,1
2023HU0705721,3,345,3,1
2023HU0705755,1,482,3,1
2023HU0705830,1,344,1,1
2023HU0705907,1,401,3,1
2023HU0705907,2,66,3,1
2023HU0705907,3,67,3,1
2023HU0706022,1,6,3,1
2023HU0706185,1,335,3,1
2023HU0706293,1,155,2,1
2023HU0706293,2,155,2,1
2023HU0706446,1,501,3,1
2023HU0706446,2,501,3,1
2023HU0706470,1,85,3,1
2023HU0706523,1,412,3,1
2023HU0706527,1,197,1,1
2023HU0706527,2,197,1,1
2023HU0706527,3,197,1,1
2023HU0706527,4,197,1,1
2023HU0706565,1,501,3,1
2023HU0706594,1,272,3,1
2023HU0706650,1,501,1,1
2023HU0706650,2,501,1,1
2023HU0706650,3,501,1,1
2023HU0706650,4,501,1,1
2023HU0706747,1,0,2,1
2023HU0706747,2,0,2,1
2023HU0706906,1,24,3,1
2023HU0707095,1,469,2,1
2023HU0707326,1,501,2,1
2023HU0707326,2,501,2,1
2023HU0707335,1,501,1,1
2023HU0707335,2,501,1,1
2023HU0707383,1,501,1,1
2023HU0707383,2,501,1,1
2023HU0707383,3,501,1,1
2023HU0707383,4,501,1,1
2023HU0707409,1,133,3,1
2023HU0707530,1,501,1,1
2023HU0707530,2,501,1,1
2023HU0707675,1,265,3,1
2023HU0707947,1,97,3,1
2023HU0707947,2,97,3,1
2023HU0708009,1,444,3,1
2023HU0708009,2,444,3,1
2023HU0708009,3,444,3,1
2023HU0708009,4,444,3,1
2023HU0708009,5,444,3,1
2023HU0708036,1,501,3,1
2023HU0708088,1,501,3,1
2023HU0708088,2,501,3,1
2023HU0708250,1,501,1,1
2023HU0708250,2,501,1,1
2023HU0708309,1,407,3,1
2023HU0708309,2,407,3,1
2023HU0708389,1,74,3,1
2023HU0708389,2,74,3,1
2023HU0708389,3,74,3,1
2023HU0708389,4,74,3,1
2023HU0708389,5,74,3,1
2023HU0708389,6,74,3,1
2023HU0708389,7,74,3,1
2023HU0708389,8,74,3,1
2023HU0708389,9,74,3,1
2023HU0708548,1,287,3,1
2023HU0708548,2,287,3,1
2023HU0708548,3,287,3,1
2023HU0708550,1,501,1,1
2023HU0708550,2,501,1,1
2023HU0708580,1,37,3,1
2023HU0708594,1,321,1,1
2023HU0708616,1,501,3,1
2023HU0708616,2,501,3,1
2023HU0708656,1,501,1,1
2023HU0708656,2,501,1,1
2023HU0708656,3,501,1,1
2023HU0708660,1,325,1,1
2023HU0708739,1,310,1,1
2023HU0708739,2,310,1,1
2023HU0708739,3,310,1,1
2023HU0708739,4,310,1,1
2023HU0708990,1,501,3,1
2023HU0708990,2,501,3,1
2023HU0708990,3,501,3,1
2023HU0709058,1,501,3,1
2023HU0709058,2,501,3,1
2023HU0709058,3,501,3,1
2023HU0709320,1,0,3,1
2023HU0709320,2,60,3,1
2023HU0709320,3,0,3,1
2023HU0709320,4,0,3,1
2023HU0709338,1,501,2,1
2023HU0709338,2,501,2,1
2023HU0709338,3,501,2,1
2023HU0709463,1,501,2,1
2023HU0709463,2,501,2,1
2023HU0709544,1,491,2,1
2023HU0709544,2,491,2,1
2023HU0709647,1,501,1,1
2023HU0709647,2,501,1,1
2023HU0709647,3,255,1,1
2023HU0709647,4,255,1,1
2023HU0709647,5,134,1,1
2023HU0709916,1,6,2,1
2023HU0710066,1,501,1,1
2023HU0710066,2,501,1,1
2023HU0710066,3,501,1,1
2023HU0710282,1,87,1,1
2023HU0710297,1,76,3,1
2023HU0710335,1,314,2,1
2023HU0710335,2,314,2,1
2023HU0710446,1,39,1,1
2023HU0710446,2,39,1,1
2023HU0710581,1,202,3,1
2023HU0710581,2,253,3,1
2023HU0710581,3,250,3,1
2023HU0710718,1,26,4,1
2023HU0710779,1,112,3,1
2023HU0710779,2,112,3,1
2023HU0710812,1,138,1,1
2023HU0710812,2,138,1,1
2023HU0710812,3,138,1,1
2023HU0710812,4,138,1,1
2023HU0710812,5,138,1,1
2023HU0710812,6,138,1,1
2023HU0710911,1,501,2,1
2023HU0710911,2,501,2,1
2023HU0710953,1,82,3,1
2023HU0710953,2,17,3,1
2023HU0710953,3,68,3,1
2023HU0710986,1,205,2,1
2023HU0711007,1,296,1,1
2023HU0711007,2,296,1,1
2023HU0711093,1,501,1,1
2023HU0711093,2,501,1,1
2023HU0711225,1,501,1,1
2023HU0711225,2,501,1,1
2023HU0711225,3,501,1,1
2023HU0711312,1,270,2,1
2023HU0711312,2,270,2,1
2023HU0711315,1,388,3,1
2023HU0711339,1,281,2,1
2023HU0711361,1,501,1,1
2023HU0711361,2,501,1,1
2023HU0711477,1,501,1,1
2023HU0711477,2,501,1,1
2023HU0711513,1,74,3,1
2023HU0711513,2,74,3,1
2023HU0711513,3,74,3,1
2023HU0711557,1,19,2,1
2023HU0711613,1,501,1,1
2023HU0711613,2,501,1,1
2023HU0711614,1,501,3,1
2023HU0711851,1,501,1,1
2023HU0711851,2,501,1,1
2023HU0711899,1,298,2,1
2023HU0711899,2,0,2,1
2023HU0711924,1,95,2,1
2023HU0711924,2,95,2,1
2023HU0711924,3,95,2,1
2023HU0711924,4,95,2,1
2023HU0711924,5,95,2,1
2023HU0711924,6,95,2,1
2023HU0711924,7,95,2,1
2023HU0711924,8,95,2,1
2023HU0711994,1,240,1,1
2023HU0712094,1,222,3,1
2023HU0712202,1,286,3,1
2023HU0712224,1,501,1,1
2023HU0712224,2,501,1,1
2023HU0712234,1,200,3,1
2023HU0712234,2,501,3,1
2023HU0712308,1,501,1,1
2023HU0712308,2,501,1,1
2023HU0712401,1,501,2,1
2023HU0712401,2,501,2,1
2023HU0712482,1,501,1,1
2023HU0712482,2,501,1,1
2023HU0712524,1,501,1,1
2023HU0712524,2,501,1,1
2023HU0712524,3,501,1,1
2023HU0712554,1,369,1,1
2023HU0712554,2,369,1,1
2023HU0712588,1,501,1,1
2023HU0712620,1,255,3,1
2023HU0712666,1,501,3,1
2023HU0712666,2,0,3,1
2023HU0712672,1,471,1,1
2023HU0712726,1,501,3,1
2023HU0712818,1,501,1,1
2023HU0712818,2,501,1,1
2023HU0712818,3,501,1,1
2023HU0712926,1,435,1,1
2023HU0712926,2,435,1,1
2023HU0712926,3,435,1,1
2023HU0712926,4,435,1,1
2023HU0713030,1,501,1,1
2023HU0713030,2,501,1,1
2023HU0713030,3,501,1,1
2023HU0713030,4,501,1,1
2023HU0713365,1,307,3,1
2023HU0713522,1,500,1,1
2023HU0713583,1,236,3,1
2023HU0713707,1,29,3,1
2023HU0713869,1,133,3,1
2023HU0714097,1,453,2,1
2023HU0714097,2,453,2,1
2023HU0714111,1,257,3,1
2023HU0714111,2,257,3,1
2023HU0714111,3,257,3,1
2023HU0714111,4,257,3,1
2023HU0714205,1,37,2,1
2023HU0714400,1,501,1,1
2023HU0714596,1,501,1,1
2023HU0714612,1,501,1,1
2023HU0714612,2,501,1,1
2023HU0714612,3,501,1,1
2023HU0714612,4,501,1,1
2023HU0714612,5,501,1,1
2023HU0714761,1,317,3,1
2023HU0714761,2,317,3,1
2023HU0714837,1,501,1,1
2023HU0714837,2,501,1,1
2023HU0715114,1,415,1,1
2023HU0715114,2,415,1,1
2023HU0715114,3,415,1,1
2023HU0715114,4,415,1,1
2023HU0715175,1,501,1,1
2023HU0715175,2,501,1,1
2023HU0715175,3,501,1,1
2023HU0715175,4,501,1,1
2023HU0715246,1,351,1,1
2023HU0715246,2,351,1,1
2023HU0715687,1,254,3,1
2023HU0715714,1,475,1,1
2023HU0715714,2,475,1,1
2023HU0715714,3,475,1,1
2023HU0715714,4,475,1,1
2023HU0715724,1,501,3,1
2023HU0715724,2,501,3,1
2023HU0715763,1,501,3,1
2023HU0715783,1,501,1,1
2023HU0715783,2,501,1,1
2023HU0715804,1,501,1,1
2023HU0715804,2,501,1,1
2023HU0715812,1,501,1,1
2023HU0715812,2,501,1,1
2023HU0715865,1,374,2,1
2023HU0715877,1,475,1,1
2023HU0715877,2,475,1,1
2023HU0715877,3,475,1,1
2023HU0715900,1,501,1,1
2023HU0715900,2,501,1,1
2023HU0715900,3,501,1,1
2023HU0715900,4,501,1,1
2023HU0716041,1,501,2,1
2023HU0716120,1,49,3,1
2023HU0716120,2,49,3,1
2023HU0716120,3,49,3,1
2023HU0716120,4,49,3,1
2023HU0716135,1,463,1,1
2023HU0716135,2,463,1,1
2023HU0716135,3,463,1,1
2023HU0716238,1,221,1,1
2023HU0716238,2,221,1,1
2023HU0716238,3,19,1,1
2023HU0716262,1,501,1,1
2023HU0716262,2,501,1,1
2023HU0716303,1,65,2,1
2023HU0716327,1,501,1,1
2023HU0716327,2,501,1,1
2023HU0716371,1,295,1,1
2023HU0716371,2,295,1,1
2023HU0716436,1,346,1,1
2023HU0716548,1,69,3,1
2023HU0716899,1,111,3,1
2023HU0716899,2,111,3,1
2023HU0716899,3,111,3,1
2023HU0716899,4,111,3,1
2023HU0716899,5,111,3,1
2023HU0716899,6,111,3,1
2023HU0716899,7,111,3,1
2023HU0716901,1,455,3,1
2023HU0716939,1,501,3,1
2023HU0717045,1,370,3,1
2023HU0717045,2,481,3,1
2023HU0717045,3,370,3,1
2023HU0717045,4,370,3,1
2023HU0717074,1,238,2,1
2023HU0717074,2,238,2,1
2023HU0717074,3,238,2,1
2023HU0717074,4,238,2,1
2023HU0717074,5,238,2,1
2023HU0717144,1,240,1,1
2023HU0717144,2,240,1,1
2023HU0717144,3,240,1,1
2023HU0717144,4,240,1,1
2023HU0717144,5,240,1,1
2023HU0717144,6,240,1,1
2023HU0717144,7,240,1,1
2023HU0717234,1,271,1,1
2023HU0717234,2,271,1,1
2023HU0717234,3,271,1,1
2023HU0717234,4,271,1,1
2023HU0717234,5,271,1,1
2023HU0717234,6,271,1,1
2023HU0717314,1,411,1,1
2023HU0717314,2,411,1,1
2023HU0717384,1,501,2,1
2023HU0717384,2,501,2,1
2023HU0717389,1,501,2,1
2023HU0717389,2,501,2,1
2023HU0717450,1,501,1,1
2023HU0717450,2,0,1,1
2023HU0717454,1,501,1,1
2023HU0717699,1,5,1,1
2023HU0717727,1,501,3,1
2023HU0717727,2,501,3,1
2023HU0717727,3,501,3,1
2023HU0717849,1,296,2,1
2023HU0717957,1,501,2,1
2023HU0718039,1,501,3,1
2023HU0718039,2,501,3,1
2023HU0718073,1,234,3,1
2023HU0718073,2,256,3,1
2023HU0718073,3,234,3,1
2023HU0718073,4,234,3,1
2023HU0718128,1,501,1,1
2023HU0718128,2,501,1,1
2023HU0718128,3,501,1,1
2023HU0718153,1,501,1,1
2023HU0718153,2,501,1,1
2023HU0718153,3,501,1,1
2023HU0718327,1,487,2,1
2023HU0718348,1,325,3,1
2023HU0718646,1,197,2,1
2023HU0718678,1,501,1,1
2023HU0718678,2,501,1,1
2023HU0718678,3,501,1,1
2023HU0718688,1,501,1,1
2023HU0718883,1,341,2,1
2023HU0718901,1,78,3,1
2023HU0718901,2,78,3,1
2023HU0718901,3,78,3,1
2023HU0718901,4,78,3,1
2023HU0718980,1,501,2,1
2023HU0718980,2,501,2,1
2023HU0719006,1,501,1,1
2023HU0719006,2,501,1,1
2023HU0719086,1,501,1,1
2023HU0719184,1,190,3,1
2023HU0719184,2,501,3,1
2023HU0719191,1,121,3,1
2023HU0719265,1,180,3,1
2023HU0719501,1,501,1,1
2023HU0719501,2,501,1,1
2023HU0719501,3,501,1,1
2023HU0719501,4,501,1,1
2023HU0719501,5,501,1,1
2023HU0719533,1,68,1,1
2023HU0719533,2,68,1,1
2023HU0719585,1,413,3,1
2023HU0719585,2,413,3,1
2023HU0719585,3,413,3,1
2023HU0719585,4,413,3,1
2023HU0719585,5,413,3,1
2023HU0719587,1,333,1,1
2023HU0720105,1,39,3,1
2023HU0720218,1,152,3,1
2023HU0720218,2,152,3,1
2023HU0720218,3,152,3,1
2023HU0720237,1,206,2,1
2023HU0720290,1,87,2,1
2023HU0720290,2,87,2,1
2023HU0720290,3,87,2,1
2023HU0720342,1,479,1,1
2023HU0720342,2,479,1,1
2023HU0720401,1,11,3,1
2023HU0720610,1,0,3,1
2023HU0720610,2,307,3,1
2023HU0720610,3,0,3,1
2023HU0720610,4,0,3,1
2023HU0720610,5,0,3,1
2023HU0720610,6,0,3,1
2023HU0720631,1,501,1,1
2023HU0720631,2,501,1,1
2023HU0720631,3,501,1,1
2023HU0720631,4,501,1,1
2023HU0720834,1,223,3,1
2023HU0720902,1,501,1,1
2023HU0720902,2,501,1,1
2023HU0720902,3,501,1,1
2023HU0720937,1,495,1,1
2023HU0720937,2,495,1,1
2023HU0720940,1,501,1,1
2023HU0720940,2,501,1,1
2023HU0720940,3,501,1,1
2023HU0720940,4,501,1,1
2023HU0720944,1,501,3,1
2023HU0721097,1,501,1,1
2023HU0721097,2,501,1,1
2023HU0721097,3,501,1,1
2023HU0721097,4,501,1,1
2023HU0721132,1,501,2,1
2023HU0721132,2,501,2,1
2023HU0721170,1,53,3,1
2023HU0721170,2,53,3,1
2023HU0721463,1,167,3,1
2023HU0721463,2,167,3,1
2023HU0721552,1,144,1,1
2023HU0721552,2,144,1,1
2023HU0721552,3,144,1,1
2023HU0721552,4,144,1,1
2023HU0721552,5,144,1,1
2023HU0721554,1,434,2,1
2023HU0721554,2,434,2,1
2023HU0721619,1,52,3,1
2023HU0721912,1,501,1,1
2023HU0721912,2,501,1,1
2023HU0721999,1,68,1,1
2023HU0721999,2,68,1,1
2023HU0722003,1,501,1,1
2023HU0722003,2,501,1,1
2023HU0722029,1,182,1,1
2023HU0722029,2,182,1,1
2023HU0722029,3,182,1,1
2023HU0722029,4,182,1,1
2023HU0722029,5,182,1,1
2023HU0722117,1,454,3,1
2023HU0722286,1,178,2,1
2023HU0722286,2,178,2,1
2023HU0722286,3,178,2,1
2023HU0722286,4,178,2,1
2023HU0722400,1,501,3,1
2023HU0722400,2,360,3,1
2023HU0722400,3,189,3,1
2023HU0722400,4,221,3,1
2023HU0722607,1,126,1,1
2023HU0722631,1,308,3,1
2023HU0722631,2,231,3,1
2023HU0722696,1,501,1,1
2023HU0722696,2,501,1,1
2023HU0722696,3,501,1,1
2023HU0722881,1,501,1,1
2023HU0722881,2,501,1,1
2023HU0722915,1,501,1,1
2023HU0722915,2,501,1,1
2023HU0722924,1,206,1,1
2023HU0722924,2,206,1,1
2023HU0723077,1,104,2,1
2023HU0723256,1,320,2,1
2023HU0723365,1,197,3,1
2023HU0723521,1,380,3,1
2023HU0723714,1,97,1,1
2023HU0723714,2,97,1,1
2023HU0723733,1,345,1,1
2023HU0723733,2,345,1,1
2023HU0723733,3,345,1,1
2023HU0723733,4,345,1,1
2023HU0723823,1,183,3,1
2023HU0723823,2,183,3,1
2023HU0723834,1,462,2,1
2023HU0723873,1,135,2,1
2023HU0723873,2,9,2,1
2023HU0723982,1,439,1,1
2023HU0723982,2,439,1,1
2023HU0723982,3,439,1,1
2023HU0723982,4,439,1,1
2023HU0724179,1,501,3,1
2023HU0724179,2,485,3,1
2023HU0724232,1,501,1,1
2023HU0724414,1,253,3,1
2023HU0724458,1,274,3,1
2023HU0724458,2,288,3,1
2023HU0724629,1,351,1,1
2023HU0724636,1,281,2,1
2023HU0724636,2,281,2,1
2023HU0724701,1,194,2,1
2023HU0724709,1,457,2,1
2023HU0725220,1,501,3,1
2023HU0725467,1,38,2,1
2023HU0725467,2,155,2,1
2023HU0725467,3,38,2,1
2023HU0725475,1,501,2,1
2023HU0725475,2,501,2,1
2023HU0725513,1,228,2,1
2023HU0725513,2,228,2,1
2023HU0725706,1,271,2,1
2023HU0725706,2,271,2,1
2023HU0725708,1,126,3,1
2023HU0725708,2,442,3,1
2023HU0725740,1,501,1,1
2023HU0725740,2,501,1,1
2023HU0725740,3,501,1,1
2023HU0725740,4,501,1,1
2023HU0725777,1,152,3,1
2023HU0725777,2,0,3,1
2023HU0725777,3,152,3,1
2023HU0725777,4,152,3,1
2023HU0725784,1,432,2,1
2023HU0725784,2,432,2,1
2023HU0725791,1,294,2,1
2023HU0725928,1,288,4,1
2023HU0725928,2,79,4,1
2023HU0726145,1,501,1,1
2023HU0726224,1,501,3,1
2023HU0726461,1,167,3,1
2023HU0726461,2,167,3,1
2023HU0726461,3,167,3,1
2023HU0726566,1,501,2,1
2023HU0726566,2,501,2,1
2023HU0726589,1,501,1,1
2023HU0726639,1,501,1,1
2023HU0726639,2,501,1,1
2023HU0726639,3,501,1,1
2023HU0726639,4,501,1,1
2023HU0726644,1,41,3,1
2023HU0726644,2,41,3,1
2023HU0726644,3,41,3,1
2023HU0726645,1,52,1,1
2023HU0726645,2,52,1,1
2023HU0726645,3,52,1,1
2023HU0726805,1,474,1,1
2023HU0726805,2,501,1,1
2023HU0726896,1,501,2,1
2023HU0726896,2,501,2,1
2023HU0727030,1,501,2,1
2023HU0727064,1,501,2,1
2023HU0727064,2,501,2,1
2023HU0727233,1,328,2,1
2023HU0727233,2,192,2,1
2023HU0727233,3,328,2,1
2023HU0727233,4,328,2,1
2023HU0727233,5,328,2,1
2023HU0727255,1,501,1,1
2023HU0727255,2,501,1,1
2023HU0727255,3,501,1,1
2023HU0727255,4,501,1,1
2023HU0727269,1,348,2,1
2023HU0727269,2,348,2,1
2023HU0727269,3,348,2,1
2023HU0727269,4,348,2,1
2023HU0727269,5,348,2,1
2023HU0727297,1,194,3,1
2023HU0727299,1,501,1,1
2023HU0727299,2,501,1,1
2023HU0727308,1,140,4,1
2023HU0727308,2,140,4,1
2023HU0727466,1,464,2,1
2023HU0727466,2,464,2,1
2023HU0727466,3,464,2,1
2023HU0727466,4,464,2,1
2023HU0727524,1,378,2,1
2023HU0727524,2,378,2,1
2023HU0727524,3,378,2,1
2023HU0727767,1,71,2,1
2023HU0727822,1,501,1,1
2023HU0727849,1,76,3,1
2023HU0727897,1,501,3,1
2023HU0727897,2,501,3,1
2023HU0727901,1,196,1,1
2023HU0727901,2,196,1,1
2023HU0727901,3,196,1,1
2023HU0728080,1,501,1,1
2023HU0728093,1,501,2,1
2023HU0728093,2,501,2,1
2023HU0728308,1,187,3,1
2023HU0728308,2,187,3,1
2023HU0728482,1,501,2,1
2023HU0728482,2,501,2,1
2023HU0728482,3,501,2,1
2023HU0728525,1,501,1,1
2023HU0728525,2,501,1,1
2023HU0728525,3,501,1,1
2023HU0728525,4,501,1,1
2023HU0728525,5,501,1,1
2023HU0728776,1,307,3,1
2023HU0728836,1,501,1,1
2023HU0728836,2,501,1,1
2023HU0728852,1,454,1,1
2023HU0728852,2,454,1,1
2023HU0728852,3,454,1,1
2023HU0728852,4,454,1,1
2023HU0728852,5,454,1,1
2023HU0728852,6,454,1,1
2023HU0728973,1,501,2,1
2023HU0728973,2,501,2,1
2023HU0728973,3,501,2,1
2023HU0728997,1,104,2,1
2023HU0729040,1,146,3,1
2023HU0729040,2,146,3,1
2023HU0729133,1,32,3,1
2023HU0729133,2,32,3,1
2023HU0729209,1,501,3,1
2023HU0729209,2,501,3,1
2023HU0729348,1,107,3,1
2023HU0729466,1,270,1,1
2023HU0729466,2,270,1,1
2023HU0729466,3,270,1,1
2023HU0729466,4,270,1,1
2023HU0729466,5,270,1,1
2023HU0729487,1,331,2,1
2023HU0729487,2,331,2,1
2023HU0729511,1,501,2,1
2023HU0729511,2,501,2,1
2023HU0729579,1,501,1,1
2023HU0729579,2,501,1,1
2023HU0729579,3,501,1,1
2023HU0729579,4,501,1,1
2023HU0729579,5,501,1,1
2023HU0729579,6,501,1,1
2023HU0729579,7,501,1,1
2023HU0729601,1,90,2,1
2023HU0729601,2,27,2,1
2023HU0729666,1,501,1,1
2023HU0729905,1,337,3,1
2023HU0729905,2,127,3,1
2023HU0729925,1,390,3,1
2023HU0729925,2,390,3,1
2023HU0729925,3,390,3,1
2023HU0729925,4,390,3,1
2023HU0729957,1,208,1,1
2023HU0729957,2,319,1,1
2023HU0729957,3,208,1,1
2023HU0729957,4,208,1,1
2023HU0730031,1,501,1,1
2023HU0730031,2,501,1,1
2023HU0730031,3,501,1,1
2023HU0730031,4,501,1,1
2023HU0730032,1,318,3,1
2023HU0730034,1,453,2,1
2023HU0730083,1,501,2,1
2023HU0730083,2,501,2,1
2023HU0730083,3,501,2,1
2023HU0730110,1,370,2,1
2023HU0730110,2,370,2,1
2023HU0730124,1,501,2,1
2023HU0730124,2,501,2,1
2023HU0730466,1,134,1,1
2023HU0730466,2,134,1,1
2023HU0730466,3,134,1,1
2023HU0730466,4,134,1,1
2023HU0730466,5,152,1,1
2023HU0730590,1,273,3,1
2023HU0730590,2,270,3,1
2023HU0730712,1,501,1,1
2023HU0730712,2,501,1,1
2023HU0730741,1,250,1,1
2023HU0730741,2,250,1,1
2023HU0730741,3,250,1,1
2023HU0730741,4,250,1,1
2023HU0730810,1,501,2,1
2023HU0730810,2,191,2,1
2023HU0730810,3,501,2,1
2023HU0731006,1,261,1,1
2023HU0731006,2,261,1,1
2023HU0731006,3,261,1,1
2023HU0731034,1,238,3,1
2023HU0731034,2,238,3,1
2023HU0731034,3,238,3,1
2023HU0731034,4,238,3,1
2023HU0731034,5,238,3,1
2023HU0731034,6,238,3,1
2023HU0731034,7,238,3,1
2023HU0731104,1,501,2,1
2023HU0731154,1,501,1,1
2023HU0731154,2,501,1,1
2023HU0731154,3,501,1,1
2023HU0731154,4,501,1,1
2023HU0731342,1,439,2,1
2023HU0731342,2,439,2,1
2023HU0731364,1,501,1,1
2023HU0731364,2,501,1,1
2023HU0731364,3,501,1,1
2023HU0731539,1,501,3,1
2023HU0731539,2,501,3,1
2023HU0731539,3,501,3,1
2023HU0731591,1,501,3,1
2023HU0731619,1,501,2,1
2023HU0731625,1,197,3,1
2023HU0731734,1,75,2,1
2023HU0731772,1,103,3,1
2023HU0731772,2,103,3,1
2023HU0731772,3,103,3,1
2023HU0731772,4,103,3,1
2023HU0731772,5,103,3,1
2023HU0731772,6,103,3,1
2023HU0731772,7,103,3,1
2023HU0731772,8,103,3,1
2023HU0731799,1,501,3,1
2023HU0731930,1,0,1,1
2023HU0731930,2,229,1,1
2023HU0731930,3,0,1,1
2023HU0731937,1,295,2,1
2023HU0731937,2,501,2,1
2023HU0732113,1,17,3,1
2023HU0732327,1,501,1,1
2023HU0732327,2,501,1,1
2023HU0732357,1,327,1,1
2023HU0732357,2,327,1,1
2023HU0732357,3,327,1,1
2023HU0732357,4,327,1,1
2023HU0732520,1,501,1,1
2023HU0732533,1,225,3,1
2023HU0732564,1,364,1,1
2023HU0732564,2,364,1,1
2023HU0732707,1,501,3,1
2023HU0732707,2,403,3,1
2023HU0732798,1,194,1,1
2023HU0732798,2,194,1,1
2023HU0732798,3,194,1,1
2023HU0733033,1,229,3,1
2023HU0733124,1,206,2,1
2023HU0733124,2,206,2,1
2023HU0733124,3,206,2,1
2023HU0733175,1,15,2,1
2023HU0733175,2,15,2,1
2023HU0733175,3,15,2,1
2023HU0733175,4,15,2,1
2023HU0733175,5,15,2,1
2023HU0733175,6,15,2,1
2023HU0733175,7,15,2,1
2023HU0733175,8,15,2,1
2023HU0733246,1,501,2,1
2023HU0733246,2,501,2,1
2023HU0733291,1,501,1,1
2023HU0733291,2,501,1,1
2023HU0733368,1,279,2,1
2023HU0733368,2,279,2,1
2023HU0733372,1,417,1,1
2023HU0733505,1,501,2,1
2023HU0733505,2,501,2,1
2023HU0733510,1,482,1,1
2023HU0733510,2,482,1,1
2023HU0733510,3,482,1,1
2023HU0733510,4,482,1,1
2023HU0733546,1,501,2,1
2023HU0733546,2,501,2,1
2023HU0733546,3,501,2,1
2023HU0733682,1,501,1,1
2023HU0733682,2,501,1,1
2023HU0733831,1,501,3,1
2023HU0733831,2,501,3,1
2023HU0734043,1,501,1,1
2023HU0734043,2,501,1,1
2023HU0734059,1,501,1,1
2023HU0734059,2,501,1,1
2023HU0734145,1,354,1,1
2023HU0734145,2,354,1,1
2023HU0734160,1,501,1,1
2023HU0734160,2,501,1,1
2023HU0734160,3,501,1,1
2023HU0734160,4,501,1,1
2023HU0734160,5,50,1,1
2023HU0734180,1,103,2,1
2023HU0734212,1,340,1,1
2023HU0734212,2,340,1,1
2023HU0734212,3,340,1,1
2023HU0734212,4,340,1,1
2023HU0734212,5,340,1,1
2023HU0734219,1,393,1,1
2023HU0734219,2,393,1,1
2023HU0734219,3,393,1,1
2023HU0734219,4,393,1,1
2023HU0734392,1,501,1,1
2023HU0734392,2,501,1,1
2023HU0734509,1,110,3,1
2023HU0734509,2,110,3,1
2023HU0734509,3,110,3,1
2023HU0734570,1,154,2,1
2023HU0734570,2,19,2,1
2023HU0734574,1,292,3,1
2023HU0734667,1,244,2,1
2023HU0734667,2,244,2,1
2023HU0735182,1,348,3,1
2023HU0735182,2,348,3,1
2023HU0735182,3,348,3,1
2023HU0735207,1,286,1,1
2023HU0735207,2,286,1,1
2023HU0735207,3,286,1,1
2023HU0735207,4,286,1,1
2023HU0735207,5,286,1,1
2023HU0735207,6,286,1,1
2023HU0735240,1,59,1,1
2023HU0735240,2,59,1,1
2023HU0735240,3,59,1,1
2023HU0735259,1,244,2,1
2023HU0735259,2,244,2,1
2023HU0735405,1,228,1,1
2023HU0735444,1,418,2,1
2023HU0735511,1,389,3,1
2023HU0735511,2,389,3,1
2023HU0735692,1,250,2,1
2023HU0735692,2,250,2,1
2023HU0735776,1,501,2,1
2023HU0735776,2,501,2,1
2023HU0735776,3,501,2,1
2023HU0735834,1,501,1,1
2023HU0735834,2,501,1,1
2023HU0735834,3,501,1,1
2023HU0735834,4,501,1,1
2023HU0735944,1,394,2,1
2023HU0735944,2,394,2,1
2023HU0735944,3,394,2,1
2023HU0735944,4,394,2,1
2023HU0735944,5,0,2,1
2023HU0735986,1,501,1,1
2023HU0735986,2,501,1,1
2023HU0735986,3,501,1,1
2023HU0735986,4,501,1,1
2023HU0735986,5,501,1,1
2023HU0735986,6,501,1,1
2023HU0735986,7,501,1,1
2023HU0735986,8,501,1,1
2023HU0735986,9,501,1,1
2023HU0735986,10,501,1,1
2023HU0735986,11,501,1,1
2023HU0735986,12,0,1,1
2023HU0736046,1,501,3,1
2023HU0736145,1,70,3,1
2023HU0736145,2,70,3,1
2023HU0736145,3,70,3,1
2023HU0736267,1,268,3,1
2023HU0736267,2,268,3,1
2023HU0736267,3,268,3,1
2023HU0736267,4,268,3,1
2023HU0736267,5,268,3,1
2023HU0736439,1,501,1,1
2023HU0736439,2,501,1,1
2023HU0736643,1,501,1,1
2023HU0736643,2,501,1,1
2023HU0736770,1,118,3,1
2023HU0736770,2,118,3,1
2023HU0736776,1,84,3,1
2023HU0736776,2,92,3,1
2023HU0736903,1,364,3,1
2023HU0736903,2,364,3,1
2023HU0736903,3,364,3,1
2023HU0736903,4,364,3,1
2023HU0736903,5,364,3,1
2023HU0737006,1,501,1,1
2023HU0737006,2,501,1,1
2023HU0737006,3,501,1,1
2023HU0737006,4,501,1,1
2023HU0737006,5,501,1,1
2023HU0737054,1,501,1,1
2023HU0737054,2,501,1,1
2023HU0737086,1,192,2,1
2023HU0737086,2,501,2,1
2023HU0737129,1,432,2,1
2023HU0737129,2,432,2,1
2023HU0737130,1,226,1,1
2023HU0737130,2,226,1,1
2023HU0737130,3,226,1,1
2023HU0737130,4,226,1,1
2023HU0737329,1,501,1,1
2023HU0737329,2,501,1,1
2023HU0737423,1,0,3,1
2023HU0737481,1,0,3,1
2023HU0737494,1,501,1,1
2023HU0737494,2,501,1,1
2023HU0737494,3,501,1,1
2023HU0737495,1,483,3,1
2023HU0737526,1,501,1,1
2023HU0737526,2,501,1,1
2023HU0737526,3,501,1,1
2023HU0737526,4,501,1,1
2023HU0737570,1,111,3,1
2023HU0737570,2,111,3,1
2023HU0737570,3,111,3,1
2023HU0737696,1,501,1,1
2023HU0737696,2,501,1,1
2023HU0737701,1,501,1,1
2023HU0737701,2,501,1,1
2023HU0737701,3,501,1,1
2023HU0737701,4,501,1,1
2023HU0737798,1,117,3,1
2023HU0737913,1,101,2,1
2023HU0737913,2,101,2,1
2023HU0738105,1,501,1,1
2023HU0738105,2,501,1,1
2023HU0738207,1,106,1,1
2023HU0738207,2,106,1,1
2023HU0738306,1,481,3,1
2023HU0738334,1,436,1,1
2023HU0738340,1,501,1,1
2023HU0738340,2,501,1,1
2023HU0738388,1,22,3,1
2023HU0738388,2,22,3,1
2023HU0738388,3,22,3,1
2023HU0738388,4,22,3,1
2023HU0738388,5,22,3,1
2023HU0738388,6,22,3,1
2023HU0738464,1,447,2,1
2023HU0738464,2,447,2,1
2023HU0738494,1,501,1,1
2023HU0738494,2,501,1,1
2023HU0738494,3,501,1,1
2023HU0738756,1,392,3,1
2023HU0738770,1,310,1,1
2023HU0738770,2,310,1,1
2023HU0738770,3,310,1,1
2023HU0738819,1,501,1,1
2023HU0738819,2,501,1,1
2023HU0738819,3,501,1,1
2023HU0738918,1,85,3,1
2023HU0738956,1,489,1,1
2023HU0738956,2,489,1,1
2023HU0738956,3,489,1,1
2023HU0738956,4,489,1,1
2023HU0739031,1,423,1,1
2023HU0739118,1,116,1,1
2023HU0739118,2,116,1,1
2023HU0739118,3,116,1,1
2023HU0739118,4,116,1,1
2023HU0739184,1,395,1,1
2023HU0739184,2,395,1,1
2023HU0739184,3,395,1,1
2023HU0739184,4,395,1,1
2023HU0739212,1,501,1,1
2023HU0739212,2,501,1,1
2023HU0739212,3,501,1,1
2023HU0739257,1,70,2,1
2023HU0739373,1,501,3,1
2023HU0739373,2,501,3,1
2023HU0739442,1,501,3,1
2023HU0739442,2,501,3,1
2023HU0739499,1,501,3,1
2023HU0739499,2,501,3,1
2023HU0739573,1,360,3,1
2023HU0739573,2,239,3,1
2023HU0739573,3,360,3,1
2023HU0739573,4,360,3,1
2023HU0739735,1,453,3,1
2023HU0739765,1,179,3,1
2023HU0739765,2,179,3,1
2023HU0740337,1,501,1,1
2023HU0740341,1,170,2,1
2023HU0740350,1,501,1,1
2023HU0740350,2,501,1,1
2023HU0740350,3,501,1,1
2023HU0740350,4,501,1,1
2023HU0740360,1,220,1,1
2023HU0740417,1,155,3,1
2023HU0740417,2,129,3,1
2023HU0740417,3,226,3,1
2023HU0740418,1,181,3,1
2023HU0740447,1,23,3,1
2023HU0740447,2,25,3,1
2023HU0740502,1,453,3,1
2023HU0740530,1,350,3,1
2023HU0740530,2,350,3,1
2023HU0740530,3,350,3,1
2023HU0740530,4,350,3,1
2023HU0740530,5,350,3,1
2023HU0740569,1,501,3,1
2023HU0740672,1,99,3,1
2023HU0740672,2,99,3,1
2023HU0740672,3,99,3,1
2023HU0740672,4,99,3,1
2023HU0740672,5,99,3,1
2023HU0740672,6,99,3,1
2023HU0740728,1,9,2,1
2023HU0740753,1,150,3,1
2023HU0740765,1,25,3,1
2023HU0740765,2,233,3,1
2023HU0740841,1,313,2,1
2023HU0740937,1,282,3,1
2023HU0740937,2,282,3,1
2023HU0740937,3,282,3,1
2023HU0740937,4,282,3,1
2023HU0740937,5,282,3,1
2023HU0740987,1,501,1,1
2023HU0741173,1,337,1,1
2023HU0741173,2,337,1,1
2023HU0741173,3,337,1,1
2023HU0741173,4,337,1,1
2023HU0741173,5,337,1,1
2023HU0741293,1,153,3,1
2023HU0741293,2,155,3,1
2023HU0741303,1,117,1,1
2023HU0741303,2,117,1,1
2023HU0741411,1,0,1,1
2023HU0741609,1,168,3,1
2023HU0741609,2,168,3,1
2023HU0741609,3,168,3,1
2023HU0741609,4,168,3,1
2023HU0741609,5,168,3,1
2023HU0741609,6,168,3,1
2023HU0741621,1,501,1,1
2023HU0741621,2,501,1,1
2023HU0741621,3,501,1,1
2023HU0741621,4,501,1,1
2023HU0741681,1,305,3,1
2023HU0741828,1,93,2,1
2023HU0741828,2,93,2,1
2023HU0741929,1,501,1,1
2023HU0741929,2,501,1,1
2023HU0742006,1,501,1,1
2023HU0742048,1,134,2,1
2023HU0742048,2,134,2,1
2023HU0742048,3,134,2,1
2023HU0742048,4,134,2,1
2023HU0742243,1,501,3,1
2023HU0742243,2,319,3,1
2023HU0742289,1,501,2,1
2023HU0742290,1,66,3,1
2023HU0742290,2,66,3,1
2023HU0742290,3,66,3,1
2023HU0742455,1,501,1,1
2023HU0742455,2,501,1,1
2023HU0742455,3,501,1,1
2023HU0742455,4,501,1,1
2023HU0742485,1,9,1,1
2023HU0742526,1,22,3,1
2023HU0742531,1,118,3,1
2023HU0742531,2,151,3,1
2023HU0742566,1,202,3,1
2023HU0742566,2,202,3,1
2023HU0742628,1,501,3,1
2023HU0742628,2,501,3,1
2023HU0742634,1,501,2,1
2023HU0742634,2,501,2,1
2023HU0742667,1,501,2,1
2023HU0742667,2,501,2,1
2023HU0742667,3,501,2,1
2023HU0742797,1,234,2,1
2023HU0742808,1,501,2,1
2023HU0742808,2,501,2,1
2023HU0742816,1,501,1,1
2023HU0742816,2,501,1,1
2023HU0742821,1,190,2,1
2023HU0742870,1,450,1,1
2023HU0742870,2,482,1,1
2023HU0743298,1,217,1,1
2023HU0743298,2,217,1,1
2023HU0743301,1,501,2,1
2023HU0743301,2,501,2,1
2023HU0743347,1,368,3,1
2023HU0743347,2,368,3,1
2023HU0743347,3,368,3,1
2023HU0743347,4,368,3,1
2023HU0743347,5,368,3,1
2023HU0743397,1,126,3,1
2023HU0743447,1,501,2,1
2023HU0743447,2,501,2,1
2023HU0743627,1,487,2,1
2023HU0743627,2,487,2,1
2023HU0743869,1,320,3,1
2023HU0743869,2,501,3,1
2023HU0743870,1,501,1,1
2023HU0743870,2,501,1,1
2023HU0743870,3,501,1,1
2023HU0743870,4,501,1,1
2023HU0743955,1,257,1,1
2023HU0743955,2,257,1,1
2023HU0743955,3,257,1,1
2023HU0743955,4,257,1,1
2023HU0743965,1,215,3,1
2023HU0743965,2,215,3,1
2023HU0743965,3,0,3,1
2023HU0744076,1,95,3,1
2023HU0744076,2,95,3,1
2023HU0744247,1,275,3,1
2023HU0744247,2,276,3,1
2023HU0744475,1,295,1,1
2023HU0744475,2,295,1,1
2023HU0744523,1,263,1,1
2023HU0744523,2,263,1,1
2023HU0744632,1,501,1,1
2023HU0744632,2,501,1,1
2023HU0744632,3,501,1,1
2023HU0744632,4,501,1,1
2023HU0744854,1,501,3,1
2023HU0744854,2,501,3,1
2023HU0744862,1,501,1,1
2023HU0744862,2,501,1,1
2023HU0744862,3,501,1,1
2023HU0744862,4,501,1,1
2023HU0744892,1,190,2,1
2023HU0744892,2,46,2,1
2023HU0744892,3,190,2,1
2023HU0744892,4,190,2,1
2023HU0744892,5,190,2,1
2023HU0744897,1,501,1,1
2023HU0744897,2,501,1,1
2023HU0744923,1,501,1,1
2023HU0744923,2,501,1,1
2023HU0745082,1,97,1,1
2023HU0745250,1,501,1,1
2023HU0745250,2,501,1,1
2023HU0745250,3,501,1,1
2023HU0745264,1,501,1,1
2023HU0745264,2,501,1,1
2023HU0745264,3,501,1,1
2023HU0745317,1,501,3,1
2023HU0745317,2,501,3,1
2023HU0745327,1,487,1,1
2023HU0745356,1,501,1,1
2023HU0745489,1,125,1,1
2023HU0745489,2,125,1,1
2023HU0745624,1,325,3,1
2023HU0745624,2,325,3,1
2023HU0745684,1,149,3,1
2023HU0745684,2,149,3,1
2023HU0745684,3,149,3,1
2023HU0745684,4,149,3,1
2023HU0745693,1,269,1,1
2023HU0745693,2,269,1,1
2023HU0745693,3,269,1,1
2023HU0745693,4,269,1,1
2023HU0745746,1,501,3,1
2023HU0745779,1,175,2,1
2023HU0745779,2,175,2,1
2023HU0745995,1,293,3,1
2023HU0745995,2,293,3,1
2023HU0745995,3,293,3,1
2023HU0745995,4,293,3,1
2023HU0745995,5,293,3,1
2023HU0745995,6,152,3,1
2023HU0746035,1,364,2,1
2023HU0746035,2,364,2,1
2023HU0746153,1,413,3,1
2023HU0746153,2,254,3,1
2023HU0746358,1,358,3,1
2023HU0746464,1,157,2,1
2023HU0746464,2,342,2,1
2023HU0746664,1,139,2,1
2023HU0746664,2,139,2,1
2023HU0746671,1,240,2,1
2023HU0746842,1,115,3,1
2023HU0746854,1,82,3,1
2023HU0746958,1,501,2,1
2023HU0746958,2,501,2,1
2023HU0746975,1,294,3,1
2023HU0746998,1,320,1,1
2023HU0747145,1,216,1,1
2023HU0747145,2,216,1,1
2023HU0747145,3,216,1,1
2023HU0747569,1,501,3,1
2023HU0747569,2,501,3,1
2023HU0747569,3,501,3,1
2023HU0747598,1,501,1,1
2023HU0747598,2,501,1,1
2023HU0747680,1,238,3,1
2023HU0747680,2,238,3,1
2023HU0747680,3,238,3,1
2023HU0747680,4,238,3,1
2023HU0747680,5,238,3,1
2023HU0747706,1,21,1,1
2023HU0747706,2,21,1,1
2023HU0747706,3,21,1,1
2023HU0747706,4,21,1,1
2023HU0747898,1,501,3,1
2023HU0747898,2,501,3,1
2023HU0747898,3,501,3,1
2023HU0747898,4,413,3,1
2023HU0747898,5,0,3,1
2023HU0747943,1,402,2,1
2023HU0747943,2,402,2,1
2023HU0747943,3,402,2,1
2023HU0747943,4,402,2,1
2023HU0747943,5,402,2,1
2023HU0748028,1,501,3,1
2023HU0748028,2,501,3,1
2023HU0748455,1,422,2,1
2023HU0748455,2,422,2,1
2023HU0748468,1,283,2,1
2023HU0748468,2,283,2,1
2023HU0748481,1,76,3,1
2023HU0748527,1,304,1,1
2023HU0748527,2,304,1,1
2023HU0748527,3,304,1,1
2023HU0748527,4,304,1,1
2023HU0748527,5,304,1,1
2023HU0748527,6,304,1,1
2023HU0748528,1,501,3,1
2023HU0748579,1,501,2,1
2023HU0748601,1,267,3,1
2023HU0748601,2,267,3,1
2023HU0748772,1,308,1,1
2023HU0748772,2,308,1,1
2023HU0748803,1,501,2,1
2023HU0749021,1,501,1,1
2023HU0749111,1,206,3,1
2023HU0749183,1,501,1,1
2023HU0749183,2,501,1,1
2023HU0749183,3,501,1,1
2023HU0749183,4,501,1,1
2023HU0749481,1,501,1,1
2023HU0749481,2,501,1,1
2023HU0749481,3,501,1,1
2023HU0749576,1,501,1,1
2023HU0749576,2,501,1,1
2023HU0749576,3,501,1,1
2023HU0749576,4,501,1,1
2023HU0749639,1,304,3,1
2023HU0749639,2,304,3,1
2023HU0749639,3,304,3,1
2023HU0749639,4,304,3,1
2023HU0749639,5,304,3,1
2023HU0749639,6,304,3,1
2023HU0749695,1,501,1,1
2023HU0749723,1,42,3,1
2023HU0749883,1,501,1,1
2023HU0749898,1,463,1,1
2023HU0749898,2,463,1,1
2023HU0749898,3,463,1,1
2023HU0750065,1,501,1,1
2023HU0750065,2,501,1,1
2023HU0750116,1,501,1,1
2023HU0750116,2,501,1,1
2023HU0750116,3,501,1,1
2023HU0750116,4,501,1,1
2023HU0750225,1,405,2,1
2023HU0750225,2,405,2,1
2023HU0750305,1,191,3,1
2023HU0750305,2,18,3,1
2023HU0750314,1,96,3,1
2023HU0750453,1,141,3,1
2023HU0750453,2,141,3,1
2023HU0750453,3,141,3,1
2023HU0750453,4,141,3,1
2023HU0750579,1,210,3,1
2023HU0750688,1,501,1,1
2023HU0750688,2,501,1,1
2023HU0750688,3,501,1,1
2023HU0750691,1,151,3,1
2023HU0750691,2,229,3,1
2023HU0750733,1,78,3,1
2023HU0750733,2,78,3,1
2023HU0750778,1,346,2,1
2023HU0750783,1,294,2,1
2023HU0750845,1,501,2,1
2023HU0750845,2,501,2,1
2023HU0751131,1,361,1,1
2023HU0751131,2,361,1,1
2023HU0751167,1,501,1,1
2023HU0751211,1,501,2,1
2023HU0751211,2,501,2,1
2023HU0751211,3,501,2,1
2023HU0751211,4,501,2,1
2023HU0751211,5,501,2,1
2023HU0751527,1,501,3,1
2023HU0751527,2,501,3,1
2023HU0751841,1,181,2,1
2023HU0752000,1,192,3,1
2023HU0752043,1,302,3,1
2023HU0752206,1,129,3,1
2023HU0752206,2,129,3,1
2023HU0752206,3,129,3,1
2023HU0752206,4,129,3,1
2023HU0752206,5,129,3,1
2023HU0752206,6,129,3,1
2023HU0752206,7,129,3,1
2023HU0752309,1,66,1,1
2023HU0752377,1,350,1,1
2023HU0752377,2,319,1,1
2023HU0752384,1,440,1,1
2023HU0752384,2,141,1,1
2023HU0752472,1,276,1,1
2023HU0752472,2,276,1,1
2023HU0752858,1,372,1,1
2023HU0752959,1,501,1,1
2023HU0752959,2,153,1,1
2023HU0752959,3,501,1,1
2023HU0752959,4,501,1,1
2023HU0752959,5,501,1,1
2023HU0752959,6,501,1,1
2023HU0753026,1,501,3,1
2023HU0753112,1,493,3,1
2023HU0753112,2,501,3,1
2023HU0753112,3,419,3,1
2023HU0753271,1,501,3,1
2023HU0753338,1,444,3,1
2023HU0753374,1,230,1,1
2023HU0753374,2,230,1,1
2023HU0753734,1,501,3,1
2023HU0753820,1,501,1,1
2023HU0753820,2,501,1,1
2023HU0753820,3,501,1,1
2023HU0753849,1,0,3,1
2023HU0753849,2,0,3,1
2023HU0753849,3,0,3,1
2023HU0753913,1,337,1,1
2023HU0753913,2,381,1,1
2023HU0753937,1,145,3,1
2023HU0753937,2,145,3,1
2023HU0753937,3,145,3,1
2023HU0753971,1,9,1,1
2023HU0753977,1,501,1,1
2023HU0753995,1,194,3,1
2023HU0754110,1,229,3,1
2023HU0754110,2,22,3,1
2023HU0754110,3,2,3,1
2023HU0754110,4,82,3,1
2023HU0754110,5,,3,1
2023HU0754134,1,387,2,1
2023HU0754134,2,387,2,1
2023HU0754251,1,501,1,1
2023HU0754251,2,501,1,1
2023HU0754251,3,501,1,1
2023HU0754253,1,397,1,1
2023HU0754390,1,0,3,1
2023HU0754390,2,437,3,1
2023HU0754523,1,234,3,1
2023HU0754523,2,221,3,1
2023HU0754854,1,501,1,1
2023HU0754860,1,126,1,1
2023HU0754947,1,501,1,1
2023HU0755484,1,99,3,1
2023HU0755484,2,69,3,1
2023HU0755729,1,501,1,1
2023HU0755729,2,501,1,1
2023HU0755970,1,501,1,1
2023HU0755970,2,501,1,1
2023HU0755970,3,501,1,1
2023HU0755970,4,501,1,1
2023HU0756093,1,501,1,1
2023HU0756093,2,501,1,1
2023HU0756093,3,501,1,1
2023HU0756095,1,148,2,1
2023HU0756199,1,90,3,1
2023HU0756199,2,56,3,1
2023HU0756199,3,90,3,1
2023HU0756226,1,279,1,1
2023HU0756226,2,279,1,1
2023HU0756226,3,279,1,1
2023HU0756226,4,279,1,1
2023HU0756236,1,44,3,1
2023HU0756236,2,21,3,1
2023HU0756487,1,157,3,1
2023HU0756568,1,116,2,1
2023HU0756568,2,116,2,1
2023HU0756568,3,116,2,1
2023HU0756568,4,116,2,1
2023HU0756595,1,407,2,1
2023HU0756746,1,501,1,1
2023HU0756746,2,501,1,1
2023HU0756746,3,501,1,1
2023HU0756788,1,501,3,1
2023HU0756800,1,54,3,1
2023HU0756811,1,457,2,1
2023HU0756811,2,457,2,1
2023HU0756861,1,501,2,1
2023HU0756861,2,501,2,1
2023HU0756920,1,501,2,1
2023HU0756920,2,501,2,1
2023HU0756965,1,198,3,1
2023HU0757025,1,501,3,1
2023HU0757025,2,501,3,1
2023HU0757025,3,501,3,1
2023HU0757225,1,164,2,1
2023HU0757368,1,214,1,1
2023HU0757368,2,214,1,1
2023HU0757391,1,132,2,1
2023HU0757545,1,14,1,1
2023HU0757559,1,501,1,1
2023HU0757559,2,501,1,1
2023HU0757559,3,501,1,1
2023HU0757559,4,501,1,1
2023HU0757559,5,501,1,1
2023HU0757672,1,491,1,1
2023HU0757672,2,491,1,1
2023HU0757672,3,491,1,1
2023HU0757791,1,77,2,1
2023HU0757859,1,501,2,1
2023HU0757956,1,221,3,1
2023HU0757956,2,221,3,1
2023HU0757956,3,221,3,1
2023HU0757956,4,221,3,1
2023HU0758078,1,176,2,1
2023HU0758141,1,501,1,1
2023HU0758141,2,501,1,1
2023HU0758221,1,351,1,1
2023HU0758221,2,351,1,1
2023HU0758221,3,351,1,1
2023HU0758221,4,351,1,1
2023HU0758401,1,296,2,1
2023HU0758401,2,296,2,1
2023HU0758401,3,296,2,1
2023HU0758401,4,296,2,1
2023HU0758471,1,164,3,1
2023HU0758471,2,63,3,1
2023HU0758501,1,501,2,1
2023HU0758501,2,501,2,1
2023HU0758504,1,501,1,1
2023HU0758504,2,501,1,1
2023HU0758629,1,501,1,1
2023HU0758629,2,501,1,1
2023HU0758629,3,501,1,1
2023HU0758629,4,501,1,1
2023HU0758745,1,9,3,1
2023HU0758773,1,369,1,1
2023HU0758773,2,369,1,1
2023HU0758773,3,369,1,1
2023HU0758773,4,369,1,1
2023HU0758773,5,32,1,1
2023HU0759014,1,173,1,1
2023HU0759014,2,229,1,1
2023HU0759014,3,173,1,1
2023HU0759131,1,317,1,1
2023HU0759131,2,317,1,1
2023HU0759147,1,501,1,1
2023HU0759147,2,336,1,1
2023HU0759147,3,501,1,1
2023HU0759178,1,501,2,1
2023HU0759178,2,501,2,1
2023HU0759178,3,501,2,1
2023HU0759178,4,501,2,1
2023HU0759300,1,147,3,1
2023HU0759300,2,147,3,1
2023HU0759300,3,147,3,1
2023HU0759300,4,147,3,1
2023HU0759453,1,501,1,1
2023HU0759453,2,501,1,1
2023HU0759453,3,501,1,1
2023HU0759453,4,501,1,1
2023HU0759480,1,501,1,1
2023HU0759480,2,362,1,1
2023HU0759492,1,501,1,1
2023HU0759492,2,501,1,1
2023HU0759652,1,89,3,1
2023HU0759652,2,89,3,1
2023HU0759652,3,89,3,1
2023HU0759652,4,89,3,1
2023HU0759652,5,89,3,1
2023HU0759652,6,89,3,1
2023HU0759741,1,501,3,1
2023HU0759741,2,501,3,1
2023HU0759783,1,396,3,1
2023HU0759914,1,501,3,1
2023HU0759914,2,192,3,1
2023HU0759944,1,501,1,1
2023HU0759944,2,501,1,1
2023HU0759944,3,501,1,1
2023HU0759978,1,501,3,1
2023HU0760023,1,387,1,1
2023HU0760023,2,499,1,1
2023HU0760023,3,387,1,1
2023HU0760032,1,501,1,1
2023HU0760032,2,323,1,1
2023HU0760050,1,341,2,1
2023HU0760431,1,177,2,1
2023HU0760852,1,501,1,1
2023HU0760852,2,501,1,1
2023HU0760852,3,501,1,1
2023HU0760876,1,501,1,1
2023HU0760876,2,501,1,1
2023HU0760890,1,312,1,1
2023HU0760890,2,312,1,1
2023HU0760977,1,333,2,1
2023HU0760977,2,333,2,1
2023HU0760977,3,333,2,1
2023HU0760977,4,333,2,1
2023HU0761153,1,348,1,1
2023HU0761175,1,501,4,1
2023HU0761466,1,210,2,1
2023HU0761497,1,111,3,1
2023HU0761540,1,323,3,1
2023HU0761659,1,227,3,1
2023HU0761714,1,501,1,1
2023HU0761714,2,501,1,1
2023HU0761714,3,501,1,1
2023HU0761836,1,501,1,1
2023HU0761836,2,501,1,1
2023HU0761836,3,501,1,1
2023HU0761958,1,344,1,1
2023HU0761958,2,344,1,1
2023HU0761979,1,169,3,1
2023HU0761979,2,169,3,1
2023HU0762195,1,105,2,1
2023HU0762195,2,105,2,1
2023HU0762195,3,105,2,1
2023HU0762195,4,105,2,1
2023HU0762548,1,222,2,1
2023HU0762548,2,222,2,1
2023HU0762709,1,336,3,1
2023HU0762709,2,194,3,1
2023HU0762761,1,97,3,1
2023HU0762761,2,97,3,1
2023HU0763011,1,372,1,1
2023HU0763011,2,424,1,1
2023HU0763060,1,319,3,1
2023HU0763060,2,83,3,1
2023HU0763071,1,501,1,1
2023HU0763071,2,501,1,1
2023HU0763071,3,501,1,1
2023HU0763071,4,501,1,1
2023HU0763103,1,223,3,1
2023HU0763106,1,501,1,1
2023HU0763106,2,501,1,1
2023HU0763106,3,501,1,1
2023HU0763174,1,289,3,1
2023HU0763174,2,289,3,1
2023HU0763385,1,452,1,1
2023HU0763385,2,452,1,1
2023HU0763385,3,452,1,1
2023HU0763385,4,452,1,1
2023HU0763420,1,501,1,1
2023HU0763420,2,501,1,1
2023HU0763420,3,501,1,1
2023HU0763484,1,388,2,1
2023HU0763484,2,388,2,1
2023HU0763496,1,142,3,1
2023HU0763496,2,142,3,1
2023HU0763496,3,142,3,1
2023HU0763583,1,192,2,1
2023HU0763728,1,501,1,1
2023HU0763728,2,326,1,1
2023HU0763817,1,350,3,1
2023HU0763817,2,350,3,1
2023HU0763865,1,322,2,1
2023HU0763865,2,322,2,1
2023HU0763883,1,501,1,1
2023HU0763950,1,501,1,1
2023HU0763950,2,501,1,1
2023HU0763950,3,501,1,1
2023HU0764058,1,501,1,1
2023HU0764058,2,501,1,1
2023HU0764159,1,55,3,1
2023HU0764159,2,55,3,1
2023HU0764159,3,55,3,1
2023HU0764159,4,55,3,1
2023HU0764159,5,55,3,1
2023HU0764215,1,262,3,1
2023HU0764215,2,415,3,1
2023HU0764418,1,142,2,1
2023HU0764567,1,501,2,1
2023HU0764567,2,501,2,1
2023HU0764834,1,69,3,1
2023HU0764862,1,501,3,1
2023HU0764862,2,501,3,1
2023HU0764960,1,113,1,1
2023HU0764960,2,113,1,1
2023HU0764960,3,113,1,1
2023HU0764960,4,113,1,1
2023HU0765032,1,359,2,1
2023HU0765032,2,37,2,1
2023HU0765046,1,39,3,1
2023HU0765046,2,56,3,1
2023HU0765046,3,39,3,1
2023HU0765046,4,39,3,1
2023HU0765046,5,39,3,1
2023HU0765186,1,242,3,1
2023HU0765186,2,159,3,1
2023HU0765233,1,381,1,1
2023HU0765233,2,381,1,1
2023HU0765382,1,292,1,1
2023HU0765588,1,501,2,1
2023HU0765588,2,501,2,1
2023HU0765680,1,501,1,1
2023HU0765776,1,501,1,1
2023HU0765776,2,501,1,1
2023HU0765776,3,501,1,1
2023HU0765793,1,295,1,1
2023HU0765821,1,156,1,1
2023HU0765821,2,156,1,1
2023HU0765821,3,156,1,1
2023HU0765821,4,156,1,1
2023HU0765886,1,373,3,1
2023HU0766097,1,501,2,1
2023HU0766097,2,501,2,1
2023HU0766097,3,501,2,1
2023HU0766097,4,501,2,1
2023HU0766097,5,501,2,1
2023HU0766151,1,406,1,1
2023HU0766151,2,406,1,1
2023HU0766151,3,406,1,1
2023HU0766197,1,248,3,1
2023HU0766252,1,501,1,1
2023HU0766252,2,501,1,1
2023HU0766395,1,323,3,1
2023HU0766494,1,49,2,1
2023HU0766494,2,49,2,1
2023HU0766494,3,49,2,1
2023HU0766494,4,49,2,1
2023HU0766663,1,354,1,1
2023HU0766663,2,174,1,1
2023HU0766663,3,354,1,1
2023HU0766663,4,354,1,1
2023HU0766712,1,501,1,1
2023HU0766712,2,501,1,1
2023HU0766712,3,501,1,1
2023HU0766790,1,300,1,1
2023HU0766790,2,300,1,1
2023HU0766790,3,300,1,1
2023HU0766790,4,300,1,1
2023HU0766833,1,431,2,1
2023HU0766890,1,501,1,1
2023HU0766890,2,501,1,1
2023HU0767056,1,501,1,1
2023HU0767096,1,371,2,1
2023HU0767096,2,371,2,1
2023HU0767096,3,371,2,1
2023HU0767096,4,371,2,1
2023HU0767096,5,371,2,1
2023HU0767096,6,371,2,1
2023HU0767096,7,371,2,1
2023HU0767115,1,172,3,1
2023HU0767115,2,172,3,1
2023HU0767115,3,172,3,1
2023HU0767223,1,250,1,1
2023HU0767231,1,164,3,1
2023HU0767269,1,341,1,1
2023HU0767291,1,243,2,1
2023HU0767353,1,292,3,1
2023HU0767353,2,0,3,1
2023HU0767353,3,292,3,1
2023HU0767353,4,292,3,1
2023HU0767430,1,275,3,1
2023HU0767430,2,275,3,1
2023HU0767430,3,275,3,1
2023HU0767430,4,275,3,1
2023HU0767443,1,501,3,1
2023HU0767458,1,275,2,1
2023HU0767572,1,0,3,1
2023HU0767572,2,0,3,1
2023HU0767582,1,424,3,1
2023HU0767582,2,501,3,1
2023HU0767680,1,152,2,1
2023HU0767680,2,152,2,1
2023HU0767680,3,152,2,1
2023HU0767680,4,152,2,1
2023HU0767680,5,152,2,1
2023HU0767680,6,152,2,1
2023HU0767957,1,205,1,1
2023HU0767957,2,211,1,1
2023HU0767985,1,252,3,1
2023HU0767985,2,252,3,1
2023HU0767985,3,252,3,1
2023HU0767985,4,252,3,1
2023HU0768106,1,501,2,1
2023HU0768106,2,501,2,1
2023HU0768106,3,501,2,1
2023HU0768112,1,501,3,1
2023HU0768324,1,501,1,1
2023HU0768324,2,501,1,1
2023HU0768324,3,501,1,1
2023HU0768324,4,501,1,1
2023HU0768343,1,260,2,1
2023HU0768343,2,260,2,1
2023HU0768375,1,501,3,1
2023HU0768375,2,501,3,1
2023HU0768375,3,235,3,1
2023HU0768427,1,501,1,1
2023HU0768427,2,501,1,1
2023HU0768427,3,501,1,1
2023HU0768427,4,501,1,1
2023HU0768446,1,266,1,1
2023HU0768446,2,266,1,1
2023HU0768474,1,501,1,1
2023HU0768474,2,501,1,1
2023HU0768474,3,501,1,1
2023HU0768532,1,501,1,1
2023HU0768532,2,501,1,1
2023HU0768709,1,488,3,1
2023HU0768759,1,501,1,1
2023HU0768759,2,501,1,1
2023HU0768759,3,501,1,1
2023HU0768857,1,501,3,1
2023HU0768857,2,501,3,1
2023HU0768857,3,501,3,1
2023HU0768857,4,501,3,1
2023HU0768857,5,501,3,1
2023HU0768889,1,34,2,1
2023HU0768889,2,34,2,1
2023HU0768889,3,34,2,1
2023HU0768889,4,34,2,1
2023HU0768889,5,34,2,1
2023HU0768960,1,438,3,1
2023HU0769026,1,501,1,1
2023HU0769026,2,501,1,1
2023HU0769026,3,8,1,1
2023HU0769145,1,501,1,1
2023HU0769145,2,501,1,1
2023HU0769145,3,501,1,1
2023HU0769328,1,240,1,1
2023HU0769328,2,240,1,1
2023HU0769328,3,240,1,1
2023HU0769328,4,240,1,1
2023HU0769328,5,240,1,1
2023HU0769369,1,501,1,1
2023HU0769369,2,501,1,1
2023HU0769369,3,501,1,1
2023HU0769551,1,416,2,1
2023HU0769551,2,416,2,1
2023HU0769598,1,501,1,1
2023HU0769598,2,501,1,1
2023HU0769598,3,501,1,1
2023HU0769598,4,501,1,1
2023HU0769896,1,113,3,1
2023HU0769896,2,113,3,1
2023HU0769896,3,113,3,1
2023HU0769896,4,113,3,1
2023HU0769896,5,113,3,1
2023HU0769956,1,227,1,1
2023HU0769956,2,227,1,1
2023HU0770118,1,214,3,1
2023HU0770118,2,214,3,1
2023HU0770149,1,501,2,1
2023HU0770268,1,142,2,1
2023HU0770348,1,297,1,1
2023HU0770409,1,31,1,1
2023HU0770409,2,17,1,1
2023HU0770587,1,153,2,1
2023HU0770704,1,501,1,1
2023HU0770704,2,501,1,1
2023HU0770704,3,501,1,1
2023HU0770914,1,334,1,1
2023HU0770914,2,334,1,1
2023HU0770914,3,334,1,1
2023HU0770914,4,334,1,1
2023HU0771104,1,418,1,1
2023HU0771104,2,418,1,1
2023HU0771127,1,0,3,1
2023HU0771173,1,501,3,1
2023HU0771173,2,501,3,1
2023HU0771185,1,501,2,1
2023HU0771200,1,92,3,1
2023HU0771308,1,330,3,1
2023HU0771308,2,330,3,1
2023HU0771350,1,501,2,1
2023HU0771350,2,501,2,1
2023HU0771801,1,205,2,1
2023HU0771801,2,91,2,1
2023HU0771801,3,80,2,1
2023HU0771801,4,78,2,1
2023HU0771801,5,165,2,1
2023HU0771801,6,66,2,1
2023HU0771876,1,79,1,1
2023HU0771876,2,79,1,1
2023HU0771876,3,79,1,1
2023HU0771876,4,79,1,1
2023HU0771914,1,39,3,1
2023HU0772121,1,125,3,1
2023HU0772302,1,428,1,1
2023HU0772302,2,428,1,1
2023HU0772302,3,428,1,1
2023HU0772431,1,501,1,1
2023HU0772431,2,501,1,1
2023HU0772431,3,501,1,1
2023HU0772431,4,501,1,1
2023HU0772749,1,217,3,1
2023HU0772749,2,217,3,1
2023HU0772749,3,217,3,1
2023HU0772749,4,217,3,1
2023HU0772871,1,501,2,1
2023HU0772942,1,501,1,1
2023HU0772942,2,501,1,1
2023HU0772994,1,10,2,1
2023HU0773029,1,161,2,1
2023HU0773029,2,161,2,1
2023HU0773029,3,161,2,1
2023HU0773029,4,161,2,1
2023HU0773045,1,231,1,1
2023HU0773045,2,81,1,1
2023HU0773045,3,231,1,1
2023HU0773045,4,231,1,1
2023HU0773045,5,231,1,1
2023HU0773175,1,126,3,1
2023HU0773175,2,126,3,1
2023HU0773175,3,126,3,1
2023HU0773200,1,92,2,1
2023HU0773334,1,74,3,1
2023HU0773467,1,66,3,1
2023HU0773479,1,501,2,1
2023HU0773479,2,501,2,1
2023HU0773727,1,501,2,1
2023HU0773727,2,501,2,1
2023HU0773727,3,501,2,1
2023HU0773855,1,501,1,1
2023HU0773855,2,501,1,1
2023HU0773855,3,501,1,1
2023HU0773855,4,501,1,1
2023HU0773855,5,501,1,1
2023HU0773932,1,305,3,1
2023HU0773991,1,10,3,1
2023HU0774013,1,487,1,1
2023HU0774013,2,487,1,1
2023HU0774013,3,487,1,1
2023HU0774013,4,487,1,1
2023HU0774036,1,433,3,1
2023HU0774257,1,152,3,1
2023HU0774444,1,421,1,1
2023HU0774530,1,43,2,1
2023HU0774530,2,43,2,1
2023HU0774530,3,43,2,1
2023HU0774632,1,501,2,1
2023HU0774632,2,501,2,1
2023HU0774632,3,501,2,1
2023HU0774657,1,501,1,1
2023HU0774657,2,501,1,1
2023HU0774657,3,501,1,1
2023HU0774657,4,501,1,1
2023HU0774742,1,332,1,1
2023HU0774876,1,501,2,1
2023HU0774876,2,501,2,1
2023HU0774964,1,0,3,1
2023HU0774964,2,0,3,1
2023HU0774964,3,0,3,1
2023HU0775019,1,501,3,1
2023HU0775019,2,501,3,1
2023HU0775059,1,501,1,1
2023HU0775059,2,501,1,1
2023HU0775059,3,501,1,1
2023HU0775117,1,194,1,1
2023HU0775404,1,501,1,1
2023HU0775404,2,501,1,1
2023HU0775404,3,501,1,1
2023HU0775404,4,501,1,1
2023HU0775678,1,438,1,1
2023HU0775678,2,438,1,1
2023HU0775703,1,501,1,1
2023HU0775703,2,501,1,1
2023HU0775748,1,501,1,1
2023HU0775748,2,501,1,1
2023HU0775748,3,501,1,1
2023HU0775748,4,501,1,1
2023HU0775748,5,501,1,1
2023HU0775748,6,501,1,1
2023HU0775748,7,501,1,1
2023HU0775772,1,501,2,1
2023HU0775772,2,501,2,1
2023HU0775772,3,501,2,1
2023HU0775881,1,233,2,1
2023HU0775881,2,233,2,1
2023HU0775881,3,233,2,1
2023HU0775881,4,233,2,1
2023HU0775906,1,181,1,1
2023HU0775991,1,501,1,1
2023HU0775991,2,501,1,1
2023HU0776017,1,270,1,1
2023HU0776017,2,270,1,1
2023HU0776017,3,270,1,1
2023HU0776017,4,270,1,1
2023HU0776017,5,270,1,1
2023HU0776017,6,270,1,1
2023HU0776456,1,501,1,1
2023HU0776456,2,501,1,1
2023HU0776456,3,501,1,1
2023HU0776507,1,383,1,1
2023HU0776507,2,383,1,1
2023HU0776507,3,501,1,1
2023HU0776519,1,501,1,1
2023HU0776519,2,501,1,1
2023HU0776519,3,501,1,1
2023HU0776519,4,501,1,1
2023HU0776529,1,501,3,1
2023HU0776557,1,326,3,1
2023HU0776557,2,261,3,1
2023HU0776770,1,501,2,1
2023HU0776770,2,501,2,1
2023HU0776770,3,501,2,1
2023HU0776770,4,501,2,1
2023HU0777022,1,277,3,1
2023HU0777022,2,277,3,1
2023HU0777048,1,501,3,1
2023HU0777048,2,240,3,1
2023HU0777122,1,234,2,1
2023HU0777122,2,234,2,1
2023HU0777158,1,442,3,1
2023HU0777158,2,348,3,1
2023HU0777209,1,108,2,1
2023HU0777324,1,97,3,1
2023HU0777324,2,97,3,1
2023HU0777324,3,265,3,1
2023HU0777422,1,501,3,1
2023HU0777422,2,501,3,1
2023HU0777422,3,501,3,1
2023HU0777422,4,501,3,1
2023HU0777449,1,501,2,1
2023HU0777462,1,501,1,1
2023HU0777462,2,501,1,1
2023HU0777462,3,501,1,1
2023HU0777882,1,457,3,1
2023HU0777890,1,501,3,1
2023HU0777901,1,483,1,1
2023HU0777901,2,483,1,1
2023HU0777901,3,483,1,1
2023HU0777915,1,501,2,1
2023HU0777915,2,501,2,1
2023HU0778105,1,501,2,1
2023HU0778105,2,501,2,1
2023HU0778120,1,492,3,1
2023HU0778188,1,501,1,1
2023HU0778188,2,501,1,1
2023HU0778194,1,78,3,1
2023HU0778194,2,182,3,1
2023HU0778234,1,501,3,1
2023HU0778523,1,501,2,1
2023HU0778523,2,501,2,1
2023HU0778523,3,501,2,1
2023HU0778523,4,501,2,1
2023HU0778524,1,501,2,1
2023HU0778524,2,501,2,1
2023HU0778524,3,501,2,1
2023HU0778693,1,412,3,1
2023HU0778693,2,412,3,1
2023HU0778693,3,412,3,1
2023HU0778726,1,102,2,1
2023HU0778786,1,124,3,1
2023HU0778786,2,124,3,1
2023HU0778788,1,501,3,1
2023HU0778788,2,304,3,1
2023HU0778960,1,501,3,1
2023HU0778960,2,501,3,1
2023HU0778960,3,501,3,1
2023HU0778960,4,501,3,1
2023HU0778960,5,501,3,1
2023HU0778960,6,501,3,1
2023HU0778989,1,501,3,1
2023HU0779070,1,130,3,1
2023HU0779070,2,130,3,1
2023HU0779070,3,94,3,1
2023HU0779070,4,,3,1
2023HU0779070,5,,3,1
2023HU0779180,1,501,1,1
2023HU0779180,2,501,1,1
2023HU0779267,1,260,1,1
2023HU0779350,1,501,1,1
2023HU0779350,2,501,1,1
2023HU0779350,3,501,1,1
2023HU0779350,4,501,1,1
2023HU0779387,1,481,1,1
2023HU0779387,2,501,1,1
2023HU0779387,3,481,1,1
2023HU0779546,1,501,2,1
2023HU0779546,2,501,2,1
2023HU0779576,1,501,3,1
2023HU0779576,2,501,3,1
2023HU0779576,3,501,3,1
2023HU0779597,1,150,3,1
2023HU0779597,2,150,3,1
2023HU0779875,1,501,3,1
2023HU0779875,2,501,3,1
2023HU0780122,1,299,3,1
2023HU0780122,2,299,3,1
2023HU0780242,1,0,2,1
2023HU0780242,2,0,2,1
2023HU0780242,3,0,2,1
2023HU0780457,1,72,3,1
2023HU0780462,1,449,3,1
2023HU0780462,2,449,3,1
2023HU0780495,1,501,1,1
2023HU0780495,2,501,1,1
2023HU0780510,1,501,1,1
2023HU0780510,2,228,1,1
2023HU0780517,1,501,2,1
2023HU0780517,2,501,2,1
2023HU0780797,1,501,1,1
2023HU0780797,2,501,1,1
2023HU0780797,3,501,1,1
2023HU0780797,4,501,1,1
2023HU0780797,5,501,1,1
2023HU0781114,1,240,3,1
2023HU0781114,2,240,3,1
2023HU0781114,3,240,3,1
2023HU0781114,4,240,3,1
2023HU0781214,1,501,2,1
2023HU0781214,2,501,2,1
2023HU0781292,1,501,1,1
2023HU0781292,2,501,1,1
2023HU0781292,3,501,1,1
2023HU0781473,1,361,3,1
2023HU0781475,1,437,1,1
2023HU0781475,2,437,1,1
2023HU0781475,3,437,1,1
2023HU0781475,4,437,1,1
2023HU0781630,1,403,1,1
2023HU0781722,1,183,2,1
2023HU0781760,1,463,1,1
2023HU0781766,1,430,1,1
2023HU0781766,2,430,1,1
2023HU0781766,3,430,1,1
2023HU0782135,1,501,2,1
2023HU0782135,2,501,2,1
2023HU0782222,1,444,3,1
2023HU0782222,2,444,3,1
2023HU0782255,1,430,1,1
2023HU0782255,2,430,1,1
2023HU0782255,3,430,1,1
2023HU0782255,4,430,1,1
2023HU0782255,5,430,1,1
2023HU0782313,1,459,2,1
2023HU0782321,1,501,1,1
2023HU0782321,2,501,1,1
2023HU0782321,3,501,1,1
2023HU0782659,1,501,3,1
2023HU0782659,2,501,3,1
2023HU0782696,1,0,2,1
2023HU0782707,1,26,3,1
2023HU0782707,2,26,3,1
2023HU0782707,3,26,3,1
2023HU0782707,4,26,3,1
2023HU0782777,1,144,2,1
2023HU0782777,2,144,2,1
2023HU0782777,3,144,2,1
2023HU0782815,1,462,2,1
2023HU0782815,2,462,2,1
2023HU0782815,3,462,2,1
2023HU0782815,4,462,2,1
2023HU0783045,1,163,3,1
2023HU0783045,2,163,3,1
2023HU0783045,3,163,3,1
2023HU0783045,4,163,3,1
2023HU0783184,1,467,1,1
2023HU0783184,2,467,1,1
2023HU0783230,1,474,2,1
2023HU0783230,2,70,2,1
2023HU0783289,1,501,3,1
2023HU0783289,2,501,3,1
2023HU0783289,3,501,3,1
2023HU0783408,1,501,1,1
2023HU0783408,2,501,1,1
2023HU0783435,1,501,2,1
2023HU0783517,1,501,2,1
2023HU0783628,1,501,1,1
2023HU0783701,1,427,1,1
2023HU0783721,1,9,3,1
2023HU0783921,1,423,2,1
2023HU0783970,1,501,1,1
2023HU0783970,2,501,1,1
2023HU0783970,3,501,1,1
2023HU0783994,1,152,3,1
2023HU0784035,1,212,1,1
2023HU0784036,1,349,1,1
2023HU0784036,2,349,1,1
2023HU0784036,3,349,1,1
2023HU0784073,1,161,3,1
2023HU0784073,2,161,3,1
2023HU0784073,3,161,3,1
2023HU0784073,4,161,3,1
2023HU0784118,1,422,1,1
2023HU0784118,2,422,1,1
2023HU0784168,1,501,1,1
2023HU0784206,1,357,1,1
2023HU0784206,2,357,1,1
2023HU0784206,3,357,1,1
2023HU0784206,4,357,1,1
2023HU0784233,1,354,2,1
2023HU0784233,2,354,2,1
2023HU0784530,1,418,2,1
2023HU0784580,1,501,2,1
2023HU0784580,2,501,2,1
2023HU0784762,1,501,1,1
2023HU0784762,2,501,1,1
2023HU0784762,3,501,1,1
2023HU0784795,1,2,4,1
2023HU0785071,1,179,2,1
2023HU0785086,1,215,3,1
2023HU0785217,1,159,3,1
2023HU0785338,1,494,1,1
2023HU0785338,2,494,1,1
2023HU0785393,1,290,3,1
2023HU0785432,1,501,3,1
2023HU0785562,1,501,1,1
2023HU0785562,2,501,1,1
2023HU0785607,1,271,2,1
2023HU0785607,2,271,2,1
2023HU0785633,1,269,1,1
2023HU0785633,2,269,1,1
2023HU0785633,3,269,1,1
2023HU0785633,4,269,1,1
2023HU0785633,5,269,1,1
2023HU0785815,1,6,1,1
2023HU0785934,1,313,2,1
2023HU0785934,2,313,2,1
2023HU0785934,3,313,2,1
2023HU0786076,1,138,1,1
2023HU0786076,2,138,1,1
2023HU0786096,1,77,1,1
2023HU0786203,1,501,1,1
2023HU0786203,2,501,1,1
2023HU0786203,3,501,1,1
2023HU0786203,4,501,1,1
2023HU0786230,1,199,3,1
2023HU0786298,1,462,3,1
2023HU0786377,1,501,1,1
2023HU0786377,2,501,1,1
2023HU0786409,1,345,2,1
2023HU0786409,2,345,2,1
2023HU0786409,3,345,2,1
2023HU0786409,4,345,2,1
2023HU0786453,1,501,1,1
2023HU0786453,2,501,1,1
2023HU0786509,1,498,1,1
2023HU0786509,2,498,1,1
2023HU0786509,3,498,1,1
2023HU0786509,4,498,1,1
2023HU0786561,1,501,3,1
2023HU0786621,1,501,2,1
2023HU0786720,1,0,3,1
2023HU0786727,1,285,2,1
2023HU0786727,2,285,2,1
2023HU0786727,3,285,2,1
2023HU0786758,1,246,3,1
2023HU0786758,2,246,3,1
2023HU0786758,3,246,3,1
2023HU0786758,4,246,3,1
2023HU0786758,5,246,3,1
2023HU0786758,6,246,3,1
2023HU0786758,7,246,3,1
2023HU0786758,8,246,3,1
2023HU0786814,1,185,1,1
2023HU0786814,2,185,1,1
2023HU0786814,3,185,1,1
2023HU0786824,1,501,1,1
2023HU0786859,1,501,1,1
2023HU0786859,2,134,1,1
2023HU0786859,3,226,1,1
2023HU0787132,1,186,3,1
2023HU0787132,2,186,3,1
2023HU0787132,3,186,3,1
2023HU0787132,4,186,3,1
2023HU0787132,5,186,3,1
2023HU0787410,1,501,2,1
2023HU0787410,2,501,2,1
2023HU0787410,3,501,2,1
2023HU0787494,1,501,1,1
2023HU0787494,2,501,1,1
2023HU0787512,1,206,2,1
2023HU0787512,2,206,2,1
2023HU0787521,1,501,1,1
2023HU0787521,2,501,1,1
2023HU0787688,1,328,3,1
2023HU0787688,2,328,3,1
2023HU0787694,1,7,2,1
2023HU0787694,2,7,2,1
2023HU0787694,3,190,2,1
2023HU0787775,1,230,2,1
2023HU0787840,1,0,2,1
2023HU0788020,1,400,2,1
2023HU0788020,2,400,2,1
2023HU0788128,1,244,1,1
2023HU0788128,2,244,1,1
2023HU0788139,1,311,3,1
2023HU0788234,1,263,1,1
2023HU0788234,2,263,1,1
2023HU0788234,3,263,1,1
2023HU0788234,4,263,1,1
2023HU0788317,1,92,3,1
2023HU0788317,2,368,3,1
2023HU0788447,1,263,3,1
2023HU0788447,2,263,3,1
2023HU0788447,3,263,3,1
2023HU0788461,1,321,1,1
2023HU0788461,2,321,1,1
2023HU0788461,3,321,1,1
2023HU0788461,4,321,1,1
2023HU0788751,1,501,1,1
2023HU0788751,2,501,1,1
2023HU0788788,1,287,1,1
2023HU0788788,2,0,1,1
2023HU0788874,1,34,2,1
2023HU0788874,2,34,2,1
2023HU0788874,3,131,2,1
2023HU0788899,1,501,1,1
2023HU0788899,2,501,1,1
2023HU0789037,1,501,2,1
2023HU0789037,2,501,2,1
2023HU0789083,1,501,1,1
2023HU0789133,1,501,1,1
2023HU0789133,2,501,1,1
2023HU0789133,3,501,1,1
2023HU0789133,4,501,1,1
2023HU0789200,1,202,1,1
2023HU0789200,2,202,1,1
2023HU0789200,3,202,1,1
2023HU0789200,4,202,1,1
2023HU0789200,5,202,1,1
2023HU0789200,6,202,1,1
2023HU0789407,1,448,1,1
2023HU0789407,2,448,1,1
2023HU0789407,3,448,1,1
2023HU0789407,4,448,1,1
2023HU0789484,1,501,3,1
2023HU0789484,2,475,3,1
2023HU0789528,1,501,2,1
2023HU0789528,2,501,2,1
2023HU0789528,3,501,2,1
2023HU0789528,4,501,2,1
2023HU0789721,1,403,1,1
2023HU0789721,2,403,1,1
2023HU0789721,3,403,1,1
2023HU0789721,4,403,1,1
2023HU0789844,1,113,3,1
2023HU0789844,2,113,3,1
2023HU0789927,1,412,1,1
2023HU0789927,2,412,1,1
2023HU0789927,3,412,1,1
2023HU0789927,4,412,1,1
2023HU0789952,1,501,1,1
2023HU0790080,1,501,2,1
2023HU0790080,2,501,2,1
2023HU0790080,3,291,2,1
2023HU0790089,1,13,2,1
2023HU0790118,1,501,1,1
2023HU0790154,1,501,2,1
2023HU0790154,2,501,2,1
2023HU0790409,1,164,2,1
2023HU0790409,2,164,2,1
2023HU0790426,1,344,1,1
2023HU0790426,2,344,1,1
2023HU0790426,3,344,1,1
2023HU0790426,4,344,1,1
2023HU0790426,5,344,1,1
2023HU0790426,6,344,1,1
2023HU0790426,7,344,1,1
2023HU0790493,1,501,2,1
2023HU0790493,2,501,2,1
2023HU0790554,1,501,2,1
2023HU0790554,2,501,2,1
2023HU0790621,1,501,1,1
2023HU0790621,2,501,1,1
2023HU0790652,1,78,3,1
2023HU0790652,2,78,3,1
2023HU0790652,3,78,3,1
2023HU0790652,4,78,3,1
2023HU0790652,5,78,3,1
2023HU0790652,6,78,3,1
2023HU0790652,7,78,3,1
2023HU0790703,1,148,3,1
2023HU0790722,1,501,1,1
2023HU0790722,2,501,1,1
2023HU0790797,1,501,3,1
2023HU0790797,2,501,3,1
2023HU0790929,1,501,1,1
2023HU0791008,1,501,1,1
2023HU0791029,1,501,1,1
2023HU0791029,2,501,1,1
2023HU0791312,1,268,1,1
2023HU0791389,1,171,1,1
2023HU0791749,1,501,3,1
2023HU0791749,2,501,3,1
2023HU0791798,1,340,3,1
2023HU0792096,1,446,1,1
2023HU0792096,2,9,1,1
2023HU0792138,1,8,2,1
2023HU0792237,1,453,1,1
2023HU0792237,2,453,1,1
2023HU0792238,1,501,1,1
2023HU0792238,2,501,1,1
2023HU0792238,3,501,1,1
2023HU0792300,1,501,1,1
2023HU0792300,2,501,1,1
2023HU0792300,3,501,1,1
2023HU0792306,1,364,2,1
2023HU0792320,1,487,1,1
2023HU0792320,2,487,1,1
2023HU0792365,1,234,1,1
2023HU0792365,2,234,1,1
2023HU0792365,3,234,1,1
2023HU0792365,4,234,1,1
2023HU0792410,1,126,3,1
2023HU0792417,1,186,2,1
2023HU0792535,1,325,1,1
2023HU0792540,1,501,3,1
2023HU0792540,2,501,3,1
2023HU0792588,1,302,3,1
2023HU0792588,2,302,3,1
2023HU0792613,1,501,2,1
2023HU0792664,1,0,2,1
2023HU0792696,1,501,1,1
2023HU0792696,2,501,1,1
2023HU0793008,1,188,3,1
2023HU0793008,2,188,3,1
2023HU0793082,1,501,1,1
2023HU0793082,2,501,1,1
2023HU0793121,1,385,2,1
2023HU0793263,1,0,1,1
2023HU0793339,1,417,3,1
2023HU0793339,2,192,3,1
2023HU0793343,1,71,2,1
2023HU0793343,2,71,2,1
2023HU0793369,1,213,1,1
2023HU0793369,2,213,1,1
2023HU0793369,3,213,1,1
2023HU0793398,1,501,1,1
2023HU0793398,2,416,1,1
2023HU0793401,1,70,3,1
2023HU0793405,1,10,2,1
2023HU0793405,2,29,2,1
2023HU0793490,1,418,4,1
2023HU0793490,2,97,4,1
2023HU0793490,3,418,4,1
2023HU0793490,4,418,4,1
2023HU0793626,1,273,3,1
2023HU0793626,2,153,3,1
2023HU0793626,3,273,3,1
2023HU0793626,4,273,3,1
2023HU0793774,1,501,1,1
2023HU0793774,2,501,1,1
2023HU0793778,1,501,1,1
2023HU0793818,1,149,2,1
2023HU0793934,1,93,1,1
2023HU0793934,2,93,1,1
2023HU0793934,3,93,1,1
2023HU0793934,4,93,1,1
2023HU0793934,5,93,1,1
2023HU0793934,6,93,1,1
2023HU0793948,1,449,2,1
2023HU0793957,1,78,3,1
2023HU0793957,2,78,3,1
2023HU0793957,3,78,3,1
2023HU0793957,4,78,3,1
2023HU0793957,5,78,3,1
2023HU0794068,1,211,1,1
2023HU0794076,1,153,3,1
2023HU0794076,2,153,3,1
2023HU0794187,1,501,1,1
2023HU0794187,2,501,1,1
2023HU0794271,1,404,2,1
2023HU0794271,2,404,2,1
2023HU0794540,1,475,2,1
2023HU0794615,1,478,3,1
2023HU0794641,1,119,1,1
2023HU0794641,2,119,1,1
2023HU0794697,1,295,2,1
2023HU0794697,2,295,2,1
2023HU0794697,3,295,2,1
2023HU0794697,4,295,2,1
2023HU0794727,1,501,3,1
2023HU0794757,1,81,1,1
2023HU0794757,2,81,1,1
2023HU0794757,3,81,1,1
2023HU0794757,4,81,1,1
2023HU0794757,5,81,1,1
2023HU0794784,1,501,1,1
2023HU0794784,2,501,1,1
2023HU0795381,1,500,1,1
2023HU0795381,2,500,1,1
2023HU0795381,3,500,1,1
2023HU0795382,1,501,3,1
2023HU0795604,1,227,2,1
2023HU0795867,1,339,3,1
2023HU0795867,2,501,3,1
2023HU0795867,3,339,3,1
2023HU0795867,4,339,3,1
2023HU0796016,1,501,1,1
2023HU0796100,1,367,3,1
2023HU0796100,2,367,3,1
2023HU0796100,3,367,3,1
2023HU0796214,1,501,1,1
2023HU0796214,2,501,1,1
2023HU0796622,1,259,1,1
2023HU0796622,2,259,1,1
2023HU0796622,3,259,1,1
2023HU0796622,4,259,1,1
2023HU0796692,1,501,1,1
2023HU0796692,2,501,1,1
2023HU0796756,1,287,3,1
2023HU0796756,2,447,3,1
2023HU0796775,1,246,3,1
2023HU0796775,2,246,3,1
2023HU0796880,1,296,2,1
2023HU0796880,2,296,2,1
2023HU0796946,1,180,1,1
2023HU0796946,2,180,1,1
2023HU0796946,3,180,1,1
2023HU0796946,4,180,1,1
2023HU0796946,5,180,1,1
2023HU0796946,6,180,1,1
2023HU0796965,1,100,3,1
2023HU0796998,1,501,1,1
2023HU0796998,2,501,1,1
2023HU0797032,1,501,3,1
2023HU0797182,1,501,3,1
2023HU0797182,2,319,3,1
2023HU0797271,1,445,2,1
2023HU0797271,2,445,2,1
2023HU0797271,3,445,2,1
2023HU0797271,4,445,2,1
2023HU0797380,1,140,3,1
2023HU0797380,2,140,3,1
2023HU0797380,3,140,3,1
2023HU0797524,1,501,1,1
2023HU0797524,2,501,1,1
2023HU0797575,1,354,3,1
2023HU0797575,2,354,3,1
2023HU0797577,1,326,1,1
2023HU0797577,2,326,1,1
2023HU0797577,3,326,1,1
2023HU0797784,1,501,1,1
2023HU0797784,2,501,1,1
2023HU0797805,1,452,2,1
2023HU0797805,2,452,2,1
2023HU0798105,1,501,1,1
2023HU0798105,2,501,1,1
2023HU0798260,1,501,3,1
2023HU0798260,2,320,3,1
2023HU0798289,1,501,1,1
2023HU0798289,2,501,1,1
2023HU0798289,3,501,1,1
2023HU0798347,1,374,3,1
2023HU0798347,2,501,3,1
2023HU0798625,1,81,2,1
2023HU0798759,1,501,3,1
2023HU0798759,2,469,3,1
2023HU0798777,1,193,3,1
2023HU0798838,1,336,3,1
2023HU0798838,2,336,3,1
2023HU0798838,3,336,3,1
2023HU0799231,1,121,1,1
2023HU0799254,1,229,1,1
2023HU0799254,2,229,1,1
2023HU0799286,1,431,3,1
2023HU0799286,2,367,3,1
2023HU0799286,3,431,3,1
2023HU0799286,4,431,3,1
2023HU0799286,5,431,3,1
2023HU0799365,1,501,1,1
2023HU0799365,2,501,1,1
2023HU0799365,3,501,1,1
2023HU0799711,1,277,1,1
2023HU0799711,2,277,1,1
2023HU0799711,3,277,1,1
2023HU0799827,1,501,1,1
2023HU0799827,2,501,1,1
2023HU0799827,3,501,1,1
2023HU0800047,1,82,1,1
2023HU0800047,2,82,1,1
2023HU0800154,1,501,1,1
2023HU0800154,2,501,1,1
2023HU0800154,3,501,1,1
2023HU0800154,4,501,1,1
2023HU0800154,5,501,1,1
2023HU0800154,6,501,1,1
2023HU0800285,1,453,2,1
2023HU0800373,1,148,2,1
2023HU0800448,1,501,1,1
2023HU0800448,2,501,1,1
2023HU0800448,3,501,1,1
2023HU0800508,1,211,2,1
2023HU0800632,1,501,1,1
2023HU0800660,1,333,2,1
2023HU0800660,2,333,2,1
2023HU0800772,1,501,2,1
2023HU0800772,2,501,2,1
2023HU0800788,1,501,1,1
2023HU0800788,2,501,1,1
2023HU0800788,3,501,1,1
2023HU0801422,1,323,1,1
2023HU0801432,1,501,2,1
2023HU0801432,2,501,2,1
2023HU0801432,3,501,2,1
2023HU0801432,4,501,2,1
2023HU0801530,1,128,3,1
2023HU0801638,1,501,3,1
2023HU0801725,1,501,1,1
2023HU0801725,2,501,1,1
2023HU0801725,3,501,1,1
2023HU0801725,4,501,1,1
2023HU0801852,1,210,2,1
2023HU0801864,1,501,2,1
2023HU0801864,2,501,2,1
2023HU0801868,1,501,3,1
2023HU0801946,1,501,3,1
2023HU0801946,2,501,3,1
2023HU0801991,1,501,3,1
2023HU0802070,1,383,2,1
2023HU0802070,2,383,2,1
2023HU0802173,1,483,3,1
2023HU0802173,2,483,3,1
2023HU0802173,3,483,3,1
2023HU0802311,1,77,3,1
2023HU0802344,1,0,2,1
2023HU0802383,1,501,2,1
2023HU0802383,2,501,2,1
2023HU0802423,1,501,1,1
2023HU0802488,1,501,1,1
2023HU0802488,2,501,1,1
2023HU0802488,3,501,1,1
2023HU0802488,4,501,1,1
2023HU0802488,5,501,1,1
2023HU0802525,1,252,2,1
2023HU0802525,2,0,2,1
2023HU0802573,1,157,3,1
2023HU0802573,2,157,3,1
2023HU0802699,1,501,1,1
2023HU0802699,2,501,1,1
2023HU0802849,1,501,1,1
2023HU0802849,2,501,1,1
2023HU0802849,3,501,1,1
2023HU0802912,1,501,1,1
2023HU0802974,1,501,1,1
2023HU0802974,2,501,1,1
2023HU0802974,3,501,1,1
2023HU0802974,4,501,1,1
2023HU0803021,1,406,2,1
2023HU0803021,2,209,2,1
2023HU0803051,1,257,1,1
2023HU0803051,2,257,1,1
2023HU0803226,1,501,3,1
2023HU0803337,1,501,1,1
2023HU0803337,2,501,1,1
2023HU0803366,1,501,4,1
2023HU0803366,2,192,4,1
2023HU0803404,1,501,1,1
2023HU0803404,2,287,1,1
2023HU0803414,1,73,3,1
2023HU0803414,2,73,3,1
2023HU0803458,1,487,2,1
2023HU0803491,1,501,1,1
2023HU0803829,1,501,3,1
2023HU0803988,1,220,3,1
2023HU0803988,2,220,3,1
2023HU0804042,1,197,1,1
2023HU0804094,1,500,3,1
2023HU0804094,2,501,3,1
2023HU0804094,3,500,3,1
2023HU0804441,1,501,1,1
2023HU0804441,2,501,1,1
2023HU0804558,1,376,3,1
2023HU0804563,1,501,1,1
2023HU0804563,2,501,1,1
2023HU0804563,3,501,1,1
2023HU0804563,4,501,1,1
2023HU0804657,1,187,2,1
2023HU0804657,2,187,2,1
2023HU0804679,1,383,3,1
2023HU0804679,2,0,3,1
2023HU0804764,1,100,3,1
2023HU0804764,2,100,3,1
2023HU0804909,1,8,4,1
2023HU0805236,1,501,3,1
2023HU0805499,1,254,3,1
2023HU0805679,1,421,3,1
2023HU0805679,2,421,3,1
2023HU0805688,1,71,3,1
2023HU0805715,1,501,1,1
2023HU0805715,2,501,1,1
2023HU0805725,1,501,2,1
2023HU0805725,2,501,2,1
2023HU0805725,3,412,2,1
2023HU0805770,1,412,1,1
2023HU0805770,2,412,1,1
2023HU0805770,3,412,1,1
2023HU0805770,4,412,1,1
2023HU0805770,5,412,1,1
2023HU0805850,1,363,2,1
2023HU0805850,2,363,2,1
2023HU0805850,3,363,2,1
2023HU0805850,4,363,2,1
2023HU0805850,5,363,2,1
2023HU0805850,6,363,2,1
2023HU0805850,7,363,2,1
2023HU0805850,8,363,2,1
2023HU0805920,1,217,3,1
2023HU0805920,2,217,3,1
2023HU0806026,1,470,1,1
2023HU0806026,2,470,1,1
2023HU0806026,3,470,1,1
2023HU0806026,4,470,1,1
2023HU0806026,5,470,1,1
2023HU0806033,1,501,3,1
2023HU0806097,1,115,3,1
2023HU0806200,1,501,3,1
2023HU0806200,2,501,3,1
2023HU0806200,3,501,3,1
2023HU0806371,1,302,3,1
2023HU0806454,1,178,1,1
2023HU0806454,2,178,1,1
2023HU0806454,3,178,1,1
2023HU0806454,4,178,1,1
2023HU0806570,1,501,3,1
2023HU0806678,1,501,3,1
2023HU0806714,1,104,3,1
2023HU0806772,1,501,2,1
2023HU0806772,2,501,2,1
2023HU0806772,3,501,2,1
2023HU0806772,4,501,2,1
2023HU0806894,1,501,3,1
2023HU0807007,1,159,2,1
2023HU0807120,1,80,3,1
2023HU0807120,2,80,3,1
2023HU0807120,3,80,3,1
2023HU0807120,4,80,3,1
2023HU0807240,1,501,1,1
2023HU0807240,2,501,1,1
2023HU0807240,3,501,1,1
2023HU0807240,4,501,1,1
2023HU0807308,1,501,1,1
2023HU0807359,1,501,1,1
2023HU0807359,2,501,1,1
2023HU0807359,3,501,1,1
2023HU0807450,1,476,1,1
2023HU0807450,2,476,1,1
2023HU0807450,3,476,1,1
2023HU0807450,4,476,1,1
2023HU0807614,1,68,1,1
2023HU0807614,2,68,1,1
2023HU0807614,3,68,1,1
2023HU0807614,4,68,1,1
2023HU0807614,5,68,1,1
2023HU0807717,1,501,1,1
2023HU0807717,2,501,1,1
2023HU0807764,1,501,1,1
2023HU0807764,2,501,1,1
2023HU0807764,3,501,1,1
2023HU0807764,4,501,1,1
2023HU0807764,5,501,1,1
2023HU0807783,1,501,2,1
2023HU0807783,2,501,2,1
2023HU0807783,3,501,2,1
2023HU0807783,4,501,2,1
2023HU0807843,1,437,1,1
2023HU0807843,2,437,1,1
2023HU0807843,3,437,1,1
2023HU0807916,1,285,1,1
2023HU0807916,2,285,1,1
2023HU0807916,3,285,1,1
2023HU0808051,1,501,1,1
2023HU0808051,2,501,1,1
2023HU0808069,1,273,3,1
2023HU0808069,2,273,3,1
2023HU0808069,3,273,3,1
2023HU0808069,4,273,3,1
2023HU0808069,5,273,3,1
2023HU0808069,6,273,3,1
2023HU0808120,1,331,3,1
2023HU0808120,2,331,3,1
2023HU0808476,1,113,2,1
2023HU0808476,2,113,2,1
2023HU0808476,3,113,2,1
2023HU0808476,4,113,2,1
2023HU0808476,5,113,2,1
2023HU0808476,6,113,2,1
2023HU0808563,1,501,1,1
2023HU0808563,2,501,1,1
2023HU0808601,1,501,3,1
2023HU0808601,2,501,3,1
2023HU0808928,1,209,1,1
2023HU0808962,1,3,3,1
2023HU0808962,2,3,3,1
2023HU0808962,3,3,3,1
2023HU0808962,4,0,3,1
2023HU0808962,5,,3,1
2023HU0808964,1,501,2,1
2023HU0808964,2,501,2,1
2023HU0808964,3,501,2,1
2023HU0808964,4,501,2,1
2023HU0808980,1,214,2,1
2023HU0808980,2,214,2,1
2023HU0809095,1,421,1,1
2023HU0809299,1,153,2,1
2023HU0809315,1,172,2,1
2023HU0809545,1,415,3,1
2023HU0809546,1,499,1,1
2023HU0809546,2,499,1,1
2023HU0809588,1,110,1,1
2023HU0809588,2,110,1,1
2023HU0809588,3,110,1,1
2023HU0809588,4,110,1,1
2023HU0809596,1,206,3,1
2023HU0809596,2,206,3,1
2023HU0809621,1,126,1,1
2023HU0809621,2,501,1,1
2023HU0809621,3,253,1,1
2023HU0809798,1,185,3,1
2023HU0809798,2,185,3,1
2023HU0809798,3,185,3,1
2023HU0809835,1,383,3,1
2023HU0809900,1,203,2,1
2023HU0809900,2,203,2,1
2023HU0809916,1,501,3,1
2023HU0809997,1,284,2,1
2023HU0810052,1,501,3,1
2023HU0810075,1,475,3,1
2023HU0810075,2,475,3,1
2023HU0810130,1,365,1,1
2023HU0810381,1,501,1,1
2023HU0810381,2,501,1,1
2023HU0810381,3,501,1,1
2023HU0810394,1,212,3,1
2023HU0810581,1,130,3,1
2023HU0810715,1,263,3,1
2023HU0810715,2,263,3,1
2023HU0810715,3,263,3,1
2023HU0810715,4,263,3,1
2023HU0810751,1,501,1,1
2023HU0810751,2,501,1,1
2023HU0810751,3,501,1,1
2023HU0810751,4,501,1,1
2023HU0810894,1,0,3,1
2023HU0810894,2,0,3,1
2023HU0810918,1,209,2,1
2023HU0810918,2,209,2,1
2023HU0810918,3,209,2,1
2023HU0811030,1,501,1,1
2023HU0811137,1,41,2,1
2023HU0811137,2,247,2,1
2023HU0811250,1,444,2,1
2023HU0811260,1,373,1,1
2023HU0811260,2,373,1,1
2023HU0811260,3,373,1,1
2023HU0811289,1,501,1,1
2023HU0811289,2,501,1,1
2023HU0811289,3,501,1,1
2023HU0811289,4,501,1,1
2023HU0811306,1,12,3,1
2023HU0811306,2,22,3,1
2023HU0811306,3,0,3,1
2023HU0811330,1,227,2,1
2023HU0811330,2,227,2,1
2023HU0811483,1,211,1,1
2023HU0811567,1,501,2,1
2023HU0811620,1,323,3,1
2023HU0811620,2,323,3,1
2023HU0811620,3,323,3,1
2023HU0811620,4,500,3,1
2023HU0811667,1,501,1,1
2023HU0811701,1,367,3,1
2023HU0811774,1,487,1,1
2023HU0811774,2,487,1,1
2023HU0811924,1,501,1,1
2023HU0811924,2,501,1,1
2023HU0811924,3,501,1,1
2023HU0812057,1,205,3,1
2023HU0812057,2,205,3,1
2023HU0812352,1,386,2,1
2023HU0812352,2,386,2,1
2023HU0812382,1,320,1,1
2023HU0812441,1,0,2,1
2023HU0812441,2,0,2,1
2023HU0812441,3,0,2,1
2023HU0812453,1,45,3,1
2023HU0812456,1,501,1,1
2023HU0812456,2,501,1,1
2023HU0812456,3,501,1,1
2023HU0812456,4,501,1,1
2023HU0812456,5,501,1,1
2023HU0812980,1,501,1,1
2023HU0812980,2,501,1,1
2023HU0812980,3,501,1,1
2023HU0812980,4,501,1,1
2023HU0813206,1,478,2,1
2023HU0813206,2,123,2,1
2023HU0813206,3,475,2,1
2023HU0813211,1,384,1,1
2023HU0813211,2,395,1,1
2023HU0813349,1,241,3,1
2023HU0813349,2,241,3,1
2023HU0813466,1,27,2,1
2023HU0813546,1,320,3,1
2023HU0813557,1,501,1,1
2023HU0813557,2,501,1,1
2023HU0813557,3,501,1,1
2023HU0813651,1,261,2,1
2023HU0813651,2,261,2,1
2023HU0813669,1,26,3,1
2023HU0813712,1,501,1,1
2023HU0813712,2,501,1,1
2023HU0813725,1,501,3,1
2023HU0813725,2,501,3,1
2023HU0813728,1,389,1,1
2023HU0813728,2,389,1,1
2023HU0813728,3,389,1,1
2023HU0813993,1,501,3,1
2023HU0813993,2,501,3,1
2023HU0814013,1,501,1,1
2023HU0814013,2,445,1,1
2023HU0814043,1,501,2,1
2023HU0814061,1,63,3,1
2023HU0814130,1,501,1,1
2023HU0814130,2,501,1,1
2023HU0814264,1,453,3,1
2023HU0814264,2,226,3,1
2023HU0814306,1,485,1,1
2023HU0814424,1,501,4,1
2023HU0814424,2,501,4,1
2023HU0814427,1,501,3,1
2023HU0814819,1,457,1,1
2023HU0814819,2,457,1,1
2023HU0814892,1,501,3,1
2023HU0815002,1,332,2,1
2023HU0815021,1,11,2,1
2023HU0815037,1,501,2,1
2023HU0815037,2,501,2,1
2023HU0815098,1,263,4,1
2023HU0815098,2,263,4,1
2023HU0815098,3,263,4,1
2023HU0815098,4,,4,1
2023HU0815237,1,359,1,1
2023HU0815237,2,326,1,1
2023HU0815250,1,223,1,1
2023HU0815324,1,468,1,1
2023HU0815324,2,468,1,1
2023HU0815324,3,468,1,1
2023HU0815324,4,468,1,1
2023HU0815324,5,468,1,1
2023HU0815324,6,51,1,1
2023HU0815339,1,238,2,1
2023HU0815354,1,144,3,1
2023HU0815354,2,144,3,1
2023HU0815638,1,127,2,1
2023HU0815852,1,501,2,1
2023HU0815852,2,501,2,1
2023HU0815852,3,501,2,1
2023HU0815852,4,501,2,1
2023HU0815852,5,501,2,1
2023HU0816068,1,501,2,1
2023HU0816068,2,501,2,1
2023HU0816074,1,127,2,1
2023HU0816074,2,501,2,1
2023HU0816306,1,501,1,1
2023HU0816306,2,501,1,1
2023HU0816306,3,501,1,1
2023HU0816401,1,82,2,1
2023HU0816518,1,225,3,1
2023HU0816539,1,501,2,1
2023HU0816539,2,501,2,1
2023HU0816539,3,501,2,1
2023HU0816909,1,360,1,1
2023HU0816909,2,360,1,1
2023HU0816927,1,171,2,1
2023HU0816962,1,501,1,1
2023HU0816962,2,501,1,1
2023HU0816962,3,501,1,1
2023HU0816962,4,501,1,1
2023HU0816994,1,336,2,1
2023HU0817037,1,501,1,1
2023HU0817037,2,501,1,1
2023HU0817037,3,501,1,1
2023HU0817039,1,501,1,1
2023HU0817039,2,501,1,1
2023HU0817079,1,0,4,1
2023HU0817094,1,501,3,1
2023HU0817094,2,501,3,1
2023HU0817221,1,501,1,1
2023HU0817281,1,348,3,1
2023HU0817442,1,501,1,1
2023HU0817442,2,501,1,1
2023HU0817442,3,501,1,1
2023HU0817448,1,341,2,1
2023HU0817558,1,134,1,1
2023HU0818044,1,403,1,1
2023HU0818044,2,403,1,1
2023HU0818153,1,501,2,1
2023HU0818153,2,501,2,1
2023HU0818159,1,323,2,1
2023HU0818159,2,323,2,1
2023HU0818220,1,421,2,1
2023HU0818224,1,501,3,1
2023HU0818224,2,0,3,1
2023HU0818263,1,501,1,1
2023HU0818263,2,501,1,1
2023HU0818263,3,501,1,1
2023HU0818420,1,501,1,1
2023HU0818420,2,501,1,1
2023HU0818548,1,501,1,1
2023HU0818548,2,501,1,1
2023HU0818560,1,364,3,1
2023HU0818782,1,501,3,1
2023HU0818801,1,137,3,1
2023HU0818801,2,137,3,1
2023HU0818808,1,501,3,1
2023HU0818808,2,501,3,1
2023HU0818825,1,501,1,1
2023HU0818825,2,501,1,1
2023HU0818907,1,501,1,1
2023HU0818907,2,501,1,1
2023HU0818907,3,501,1,1
2023HU0818907,4,501,1,1
2023HU0819165,1,11,2,1
2023HU0819344,1,501,1,1
2023HU0819344,2,501,1,1
2023HU0819344,3,501,1,1
2023HU0819361,1,294,1,1
2023HU0819361,2,294,1,1
2023HU0819361,3,294,1,1
2023HU0819361,4,294,1,1
2023HU0819445,1,96,1,1
2023HU0819502,1,501,3,1
2023HU0819502,2,501,3,1
2023HU0819504,1,501,1,1
2023HU0819504,2,501,1,1
2023HU0819504,3,501,1,1
2023HU0819504,4,501,1,1
2023HU0819504,5,501,1,1
2023HU0819745,1,66,3,1
2023HU0819746,1,501,1,1
2023HU0819746,2,501,1,1
2023HU0819746,3,501,1,1
2023HU0819746,4,501,1,1
2023HU0819754,1,501,1,1
2023HU0819754,2,501,1,1
2023HU0819754,3,501,1,1
2023HU0819754,4,501,1,1
2023HU0819754,5,501,1,1
2023HU0819967,1,501,1,1
2023HU0819967,2,475,1,1
2023HU0819969,1,501,2,1
2023HU0819969,2,501,2,1
2023HU0820113,1,501,3,1
2023HU0820127,1,499,3,1
2023HU0820127,2,499,3,1
2023HU0820150,1,315,1,1
2023HU0820150,2,315,1,1
2023HU0820150,3,315,1,1
2023HU0820150,4,315,1,1
2023HU0820150,5,315,1,1
2023HU0820150,6,315,1,1
2023HU0820150,7,315,1,1
2023HU0820178,1,304,2,1
2023HU0820178,2,304,2,1
2023HU0820217,1,323,1,1
2023HU0820228,1,501,1,1
2023HU0820421,1,377,3,1
2023HU0820421,2,377,3,1
2023HU0820507,1,284,2,1
2023HU0820507,2,284,2,1
2023HU0820779,1,501,1,1
2023HU0820779,2,501,1,1
2023HU0820779,3,501,1,1
2023HU0821038,1,384,1,1
2023HU0821065,1,451,1,1
2023HU0821065,2,451,1,1
2023HU0821065,3,451,1,1
2023HU0821065,4,451,1,1
2023HU0821065,5,451,1,1
2023HU0821065,6,451,1,1
2023HU0821065,7,451,1,1
2023HU0821248,1,501,1,1
2023HU0821466,1,473,1,1
2023HU0821466,2,473,1,1
2023HU0821466,3,473,1,1
2023HU0821531,1,278,2,1
2023HU0821531,2,278,2,1
2023HU0821547,1,334,1,1
2023HU0821547,2,334,1,1
2023HU0821547,3,334,1,1
2023HU0821619,1,316,2,1
2023HU0821619,2,316,2,1
2023HU0821892,1,501,1,1
2023HU0821921,1,501,2,1
2023HU0821926,1,501,1,1
2023HU0821926,2,501,1,1
2023HU0821941,1,501,3,1
2023HU0821941,2,485,3,1
2023HU0821951,1,501,1,1
2023HU0822135,1,501,1,1
2023HU0822135,2,501,1,1
2023HU0822135,3,501,1,1
2023HU0822135,4,501,1,1
2023HU0822237,1,501,1,1
2023HU0822237,2,501,1,1
2023HU0822237,3,501,1,1
2023HU0822237,4,501,1,1
2023HU0822363,1,192,3,1
2023HU0822380,1,214,3,1
2023HU0822380,2,214,3,1
2023HU0822380,3,214,3,1
2023HU0822386,1,501,3,1
2023HU0822386,2,501,3,1
2023HU0822694,1,501,1,1
2023HU0822694,2,501,1,1
2023HU0822694,3,501,1,1
2023HU0822694,4,501,1,1
2023HU0822723,1,50,3,1
2023HU0822723,2,50,3,1
2023HU0822799,1,422,1,1
2023HU0822799,2,422,1,1
2023HU0822869,1,0,4,1
2023HU0823067,1,178,3,1
2023HU0823067,2,178,3,1
2023HU0823172,1,52,3,1
2023HU0823172,2,19,3,1
2023HU0823199,1,501,3,1
2023HU0823236,1,354,1,1
2023HU0823236,2,354,1,1
2023HU0823236,3,354,1,1
2023HU0823513,1,222,2,1
2023HU0823513,2,222,2,1
2023HU0823653,1,501,1,1
2023HU0823653,2,501,1,1
2023HU0823716,1,178,3,1
2023HU0823817,1,501,3,1
2023HU0823817,2,343,3,1
2023HU0823817,3,501,3,1
2023HU0823853,1,250,2,1
2023HU0823853,2,250,2,1
2023HU0823853,3,250,2,1
2023HU0823893,1,447,3,1
2023HU0823893,2,447,3,1
2023HU0823917,1,501,2,1
2023HU0823917,2,501,2,1
2023HU0823922,1,194,2,1
2023HU0823922,2,194,2,1
2023HU0824050,1,98,2,1
2023HU0824050,2,98,2,1
2023HU0824050,3,98,2,1
2023HU0824050,4,98,2,1
2023HU0824232,1,501,1,1
2023HU0824232,2,501,1,1
2023HU0824232,3,501,1,1
2023HU0824248,1,501,2,1
2023HU0824248,2,501,2,1
2023HU0824288,1,127,1,1
2023HU0824345,1,87,3,1
2023HU0824394,1,285,1,1
2023HU0824599,1,501,1,1
2023HU0824599,2,501,1,1
2023HU0824599,3,501,1,1
2023HU0824961,1,261,3,1
2023HU0824978,1,501,1,1
2023HU0824997,1,65,2,1
2023HU0824997,2,0,2,1
2023HU0825004,1,483,3,1
2023HU0825034,1,65,3,1
2023HU0825034,2,34,3,1
2023HU0825089,1,501,3,1
2023HU0825089,2,501,3,1
2023HU0825098,1,501,2,1
2023HU0825098,2,501,2,1
2023HU0825098,3,501,2,1
2023HU0825227,1,220,3,1
2023HU0825227,2,220,3,1
2023HU0825507,1,501,3,1
2023HU0825507,2,501,3,1
2023HU0825534,1,501,1,1
2023HU0825554,1,501,2,1
2023HU0825554,2,501,2,1
2023HU0825886,1,62,1,1
2023HU0825886,2,62,1,1
2023HU0825886,3,62,1,1
2023HU0825886,4,62,1,1
2023HU0825915,1,209,2,1
2023HU0825982,1,90,1,1
2023HU0825982,2,90,1,1
2023HU0825982,3,90,1,1
2023HU0826164,1,127,3,1
2023HU0826164,2,228,3,1
2023HU0826256,1,463,1,1
2023HU0826256,2,463,1,1
2023HU0826256,3,463,1,1
2023HU0826256,4,463,1,1
2023HU0826256,5,463,1,1
2023HU0826256,6,463,1,1
2023HU0826264,1,501,2,1
2023HU0826264,2,501,2,1
2023HU0826264,3,501,2,1
2023HU0826388,1,324,2,1
2023HU0826388,2,324,2,1
2023HU0826453,1,501,1,1
2023HU0826511,1,501,1,1
2023HU0826511,2,501,1,1
2023HU0826632,1,501,3,1
2023HU0826749,1,39,3,1
2023HU0826937,1,349,1,1
2023HU0826975,1,501,1,1
2023HU0826975,2,501,1,1
2023HU0827022,1,317,1,1
2023HU0827022,2,255,1,1
2023HU0827022,3,317,1,1
2023HU0827040,1,501,1,1
2023HU0827040,2,501,1,1
2023HU0827040,3,501,1,1
2023HU0827040,4,501,1,1
2023HU0827051,1,417,2,1
2023HU0827051,2,417,2,1
2023HU0827051,3,417,2,1
2023HU0827152,1,135,2,1
2023HU0827152,2,135,2,1
2023HU0827240,1,340,2,1
2023HU0827240,2,340,2,1
2023HU0827435,1,84,3,1
2023HU0827570,1,0,2,1
2023HU0827570,2,0,2,1
2023HU0827948,1,376,2,1
2023HU0827948,2,376,2,1
2023HU0828011,1,248,2,1
2023HU0828072,1,501,3,1
2023HU0828097,1,49,3,1
2023HU0828105,1,46,3,1
2023HU0828105,2,46,3,1
2023HU0828254,1,0,2,1
2023HU0828254,2,0,2,1
2023HU0828487,1,174,1,1
2023HU0828973,1,463,1,1
2023HU0828973,2,463,1,1
2023HU0828973,3,463,1,1
2023HU0828973,4,463,1,1
2023HU0828973,5,463,1,1
2023HU0828973,6,463,1,1
2023HU0829035,1,379,3,1
2023HU0829066,1,501,3,1
2023HU0829069,1,501,1,1
2023HU0829069,2,501,1,1
2023HU0829168,1,387,2,1
2023HU0829168,2,387,2,1
2023HU0829168,3,387,2,1
2023HU0829168,4,387,2,1
2023HU0829252,1,266,3,1
2023HU0829252,2,266,3,1
2023HU0829252,3,266,3,1
2023HU0829252,4,266,3,1
2023HU0829274,1,501,2,1
2023HU0829274,2,501,2,1
2023HU0829556,1,321,2,1
2023HU0829556,2,321,2,1
2023HU0829556,3,321,2,1
2023HU0829556,4,321,2,1
2023HU0829556,5,321,2,1
2023HU0829556,6,321,2,1
2023HU0829556,7,321,2,1
2023HU0829556,8,321,2,1
2023HU0829653,1,501,1,1
2023HU0829653,2,501,1,1
2023HU0829665,1,0,3,1
2023HU0829694,1,113,2,1
2023HU0829694,2,113,2,1
2023HU0829694,3,113,2,1
2023HU0829694,4,113,2,1
2023HU0829730,1,28,3,1
2023HU0829761,1,501,1,1
2023HU0829761,2,501,1,1
2023HU0829791,1,356,1,1
2023HU0829791,2,356,1,1
2023HU0829791,3,356,1,1
2023HU0829791,4,356,1,1
2023HU0829791,5,356,1,1
2023HU0829791,6,356,1,1
2023HU0829847,1,224,1,1
2023HU0829847,2,224,1,1
2023HU0829847,3,224,1,1
2023HU0829966,1,501,1,1
2023HU0829966,2,501,1,1
2023HU0829966,3,501,1,1
2023HU0829966,4,501,1,1
2023HU0829970,1,501,1,1
2023HU0829970,2,501,1,1
2023HU0829970,3,501,1,1
2023HU0829986,1,0,3,1
2023HU0830043,1,404,2,1
2023HU0830123,1,501,2,1
2023HU0830130,1,494,3,1
2023HU0830130,2,494,3,1
2023HU0830215,1,73,3,1
2023HU0830238,1,304,2,1
2023HU0830384,1,51,2,1
2023HU0830419,1,501,1,1
2023HU0830419,2,501,1,1
2023HU0830518,1,369,1,1
2023HU0830518,2,369,1,1
2023HU0830518,3,369,1,1
2023HU0830518,4,369,1,1
2023HU0830518,5,369,1,1
2023HU0830594,1,501,3,1
2023HU0830634,1,109,3,1
2023HU0830666,1,447,2,1
2023HU0830666,2,447,2,1
2023HU0830737,1,58,3,1
2023HU0830804,1,501,1,1
2023HU0830804,2,501,1,1
2023HU0830975,1,501,1,1
2023HU0830975,2,501,1,1
2023HU0830975,3,501,1,1
2023HU0830975,4,501,1,1
2023HU0831064,1,218,1,1
2023HU0831064,2,218,1,1
2023HU0831117,1,250,2,1
2023HU0831117,2,180,2,1
2023HU0831399,1,63,2,1
2023HU0831399,2,63,2,1
2023HU0831399,3,63,2,1
2023HU0831399,4,63,2,1
2023HU0831440,1,501,1,1
2023HU0831440,2,501,1,1
2023HU0831440,3,501,1,1
2023HU0831735,1,501,1,1
2023HU0831735,2,501,1,1
2023HU0831735,3,501,1,1
2023HU0831763,1,501,2,1
2023HU0831763,2,501,2,1
2023HU0831763,3,501,2,1
2023HU0831763,4,501,2,1
2023HU0831763,5,501,2,1
2023HU0831929,1,394,1,1
2023HU0831929,2,394,1,1
2023HU0831929,3,394,1,1
2023HU0831929,4,394,1,1
2023HU0831947,1,262,2,1
2023HU0831964,1,501,1,1
2023HU0831964,2,501,1,1
2023HU0831964,3,501,1,1
2023HU0831964,4,501,1,1
2023HU0831964,5,501,1,1
2023HU0831968,1,501,3,1
2023HU0831968,2,459,3,1
2023HU0831991,1,501,2,1
2023HU0831991,2,501,2,1
2023HU0832046,1,295,1,1
2023HU0832046,2,295,1,1
2023HU0832056,1,501,1,1
2023HU0832056,2,501,1,1
2023HU0832112,1,501,1,1
2023HU0832112,2,284,1,1
2023HU0832129,1,360,2,1
2023HU0832152,1,253,3,1
2023HU0832152,2,253,3,1
2023HU0832152,3,253,3,1
2023HU0832213,1,501,1,1
2023HU0832213,2,501,1,1
2023HU0832243,1,501,1,1
2023HU0832243,2,289,1,1
2023HU0832342,1,404,3,1
2023HU0832342,2,417,3,1
2023HU0832372,1,179,3,1
2023HU0832372,2,179,3,1
2023HU0832372,3,179,3,1
2023HU0832372,4,179,3,1
2023HU0832372,5,179,3,1
2023HU0832762,1,501,1,1
2023HU0832762,2,501,1,1
2023HU0832762,3,501,1,1
2023HU0832762,4,501,1,1
2023HU0832762,5,501,1,1
2023HU0832771,1,501,2,1
2023HU0832771,2,501,2,1
2023HU0832771,3,501,2,1
2023HU0832771,4,501,2,1
2023HU0832913,1,357,1,1
2023HU0832913,2,357,1,1
2023HU0833032,1,501,1,1
2023HU0833032,2,501,1,1
2023HU0833091,1,76,2,1
2023HU0833091,2,76,2,1
2023HU0833371,1,501,1,1
2023HU0833371,2,501,1,1
2023HU0833409,1,396,1,1
2023HU0833409,2,132,1,1
2023HU0833409,3,396,1,1
2023HU0833420,1,98,2,1
2023HU0833420,2,86,2,1
2023HU0833453,1,289,2,1
2023HU0833453,2,289,2,1
2023HU0833453,3,289,2,1
2023HU0833761,1,473,1,1
2023HU0833761,2,473,1,1
2023HU0834083,1,501,1,1
2023HU0834083,2,501,1,1
2023HU0834083,3,501,1,1
2023HU0834117,1,501,1,1
2023HU0834204,1,501,1,1
2023HU0834204,2,501,1,1
2023HU0834204,3,501,1,1
2023HU0834273,1,133,3,1
2023HU0834542,1,81,1,1
2023HU0834608,1,142,1,1
2023HU0834608,2,142,1,1
2023HU0834608,3,142,1,1
2023HU0834608,4,142,1,1
2023HU0834608,5,142,1,1
2023HU0834608,6,142,1,1
2023HU0834608,7,142,1,1
2023HU0834608,8,142,1,1
2023HU0834627,1,251,2,1
2023HU0834716,1,278,3,1
2023HU0834716,2,278,3,1
2023HU0834718,1,501,3,1
2023HU0834789,1,184,2,1
2023HU0834837,1,501,3,1
2023HU0834856,1,501,2,1
2023HU0834856,2,501,2,1
2023HU0834856,3,501,2,1
2023HU0834863,1,364,1,1
2023HU0834863,2,364,1,1
2023HU0834863,3,364,1,1
2023HU0834869,1,244,2,1
2023HU0834869,2,244,2,1
2023HU0834869,3,244,2,1
2023HU0834986,1,240,1,1
2023HU0835022,1,501,1,1
2023HU0835022,2,501,1,1
2023HU0835039,1,254,1,1
2023HU0835198,1,369,1,1
2023HU0835198,2,369,1,1
2023HU0835324,1,501,1,1
2023HU0835324,2,501,1,1
2023HU0835424,1,501,2,1
2023HU0835424,2,42,2,1
2023HU0835437,1,230,1,1
2023HU0835523,1,501,1,1
2023HU0835523,2,501,1,1
2023HU0835578,1,483,1,1
2023HU0835578,2,483,1,1
2023HU0835578,3,483,1,1
2023HU0835584,1,501,2,1
2023HU0835584,2,501,2,1
2023HU0835586,1,0,2,1
2023HU0835586,2,0,2,1
2023HU0835586,3,0,2,1
2023HU0835774,1,501,2,1
2023HU0835774,2,501,2,1
2023HU0835813,1,320,3,1
2023HU0835813,2,320,3,1
2023HU0836150,1,310,3,1
2023HU0836699,1,302,1,1
2023HU0836703,1,399,3,1
2023HU0836707,1,501,2,1
2023HU0836707,2,501,2,1
2023HU0836707,3,501,2,1
2023HU0836707,4,501,2,1
2023HU0836893,1,295,2,1
2023HU0836893,2,295,2,1
2023HU0836893,3,295,2,1
2023HU0836893,4,295,2,1
2023HU0836946,1,501,1,1
2023HU0836946,2,501,1,1
2023HU0836946,3,501,1,1
2023HU0837064,1,21,3,1
2023HU0837081,1,164,3,1
2023HU0837103,1,14,1,1
2023HU0837177,1,388,1,1
2023HU0837177,2,388,1,1
2023HU0837196,1,501,3,1
2023HU0837196,2,501,3,1
2023HU0837240,1,429,2,1
2023HU0837342,1,501,2,1
2023HU0837342,2,78,2,1
2023HU0837414,1,501,1,1
2023HU0837414,2,501,1,1
2023HU0837414,3,501,1,1
2023HU0837550,1,501,1,1
2023HU0837550,2,501,1,1
2023HU0837550,3,501,1,1
2023HU0837861,1,496,2,1
2023HU0837861,2,496,2,1
2023HU0837861,3,496,2,1
2023HU0837861,4,496,2,1
2023HU0837861,5,496,2,1
2023HU0837861,6,221,2,1
2023HU0837917,1,327,1,1
2023HU0837917,2,327,1,1
2023HU0837917,3,327,1,1
2023HU0837917,4,327,1,1
2023HU0838111,1,173,3,1
2023HU0838111,2,173,3,1
2023HU0838145,1,501,1,1
2023HU0838145,2,501,1,1
2023HU0838245,1,501,1,1
2023HU0838245,2,501,1,1
2023HU0838245,3,501,1,1
2023HU0838245,4,501,1,1
2023HU0838283,1,336,1,1
2023HU0838283,2,336,1,1
2023HU0838283,3,336,1,1
2023HU0838312,1,398,3,1
2023HU0838485,1,142,1,1
2023HU0838493,1,226,3,1
2023HU0838597,1,501,2,1
2023HU0838597,2,501,2,1
2023HU0838710,1,349,3,1
2023HU0839037,1,183,2,1
2023HU0839037,2,183,2,1
2023HU0839037,3,183,2,1
2023HU0839078,1,328,1,1
2023HU0839078,2,328,1,1
2023HU0839078,3,328,1,1
2023HU0839093,1,328,1,1
2023HU0839232,1,501,1,1
2023HU0839232,2,501,1,1
2023HU0839232,3,501,1,1
2023HU0839232,4,501,1,1
2023HU0839565,1,9,3,1
2023HU0839565,2,501,3,1
2023HU0839630,1,501,1,1
2023HU0839630,2,501,1,1
2023HU0839630,3,501,1,1
2023HU0839630,4,501,1,1
2023HU0839897,1,356,2,1
2023HU0839897,2,356,2,1
2023HU0839897,3,356,2,1
2023HU0839937,1,501,1,1
2023HU0839937,2,501,1,1
2023HU0840027,1,501,1,1
2023HU0840027,2,153,1,1
2023HU0840256,1,501,1,1
2023HU0840256,2,501,1,1
2023HU0840256,3,501,1,1
2023HU0840256,4,501,1,1
2023HU0840256,5,501,1,1
2023HU0840256,6,501,1,1
2023HU0840313,1,9,3,1
2023HU0840324,1,354,1,1
2023HU0840345,1,501,1,1
2023HU0840401,1,501,3,1
2023HU0840401,2,501,3,1
2023HU0840401,3,501,3,1
2023HU0840401,4,501,3,1
2023HU0840401,5,0,3,1
2023HU0840419,1,296,2,1
2023HU0840473,1,265,2,1
2023HU0840564,1,501,2,1
2023HU0840637,1,383,1,1
2023HU0840718,1,30,3,1
2023HU0840947,1,501,1,1
2023HU0841018,1,493,3,1
2023HU0841379,1,501,1,1
2023HU0841379,2,501,1,1
2023HU0841399,1,501,2,1
2023HU0841401,1,501,1,1
2023HU0841401,2,501,1,1
2023HU0841444,1,229,2,1
2023HU0841580,1,501,1,1
2023HU0841580,2,501,1,1
2023HU0841580,3,501,1,1
2023HU0841610,1,335,2,1
2023HU0841610,2,335,2,1
2023HU0841615,1,501,1,1
2023HU0841615,2,501,1,1
2023HU0841615,3,501,1,1
2023HU0841650,1,501,2,1
2023HU0841650,2,501,2,1
2023HU0841847,1,99,3,1
2023HU0841847,2,84,3,1
2023HU0842149,1,501,2,1
2023HU0842176,1,501,2,1
2023HU0842176,2,501,2,1
2023HU0842348,1,501,2,1
2023HU0842348,2,501,2,1
2023HU0842348,3,501,2,1
2023HU0842348,4,501,2,1
2023HU0842573,1,501,3,1
2023HU0842999,1,188,3,1
2023HU0842999,2,188,3,1
2023HU0842999,3,188,3,1
2023HU0842999,4,188,3,1
2023HU0842999,5,188,3,1
2023HU0843046,1,287,1,1
2023HU0843046,2,287,1,1
2023HU0843046,3,287,1,1
2023HU0843046,4,287,1,1
2023HU0843320,1,501,3,1
2023HU0843320,2,501,3,1
2023HU0843880,1,501,1,1
2023HU0844019,1,501,1,1
2023HU0844019,2,501,1,1
2023HU0844019,3,501,1,1
2023HU0844019,4,501,1,1
2023HU0844019,5,501,1,1
2023HU0844186,1,337,3,1
2023HU0844186,2,286,3,1
2023HU0844223,1,501,1,1
2023HU0844223,2,501,1,1
2023HU0844267,1,14,2,1
2023HU0844267,2,14,2,1
2023HU0844627,1,82,3,1
2023HU0844741,1,344,1,1
2023HU0844741,2,344,1,1
2023HU0844741,3,344,1,1
2023HU0844741,4,344,1,1
2023HU0844876,1,264,3,1
2023HU0844876,2,264,3,1
2023HU0844876,3,264,3,1
2023HU0844876,4,264,3,1
2023HU0844921,1,349,3,1
2023HU0844953,1,501,2,1
2023HU0844953,2,501,2,1
2023HU0844954,1,501,2,1
2023HU0844954,2,501,2,1
2023HU0844971,1,263,3,1
2023HU0845033,1,456,2,1
2023HU0845033,2,456,2,1
2023HU0845033,3,456,2,1
2023HU0845033,4,456,2,1
2023HU0845039,1,501,1,1
2023HU0845039,2,501,1,1
2023HU0845039,3,501,1,1
2023HU0845119,1,501,3,1
2023HU0845119,2,501,3,1
2023HU0845264,1,492,1,1
2023HU0845264,2,492,1,1
2023HU0845264,3,492,1,1
2023HU0845264,4,492,1,1
2023HU0845451,1,501,2,1
2023HU0845519,1,501,2,1
2023HU0845519,2,501,2,1
2023HU0845519,3,501,2,1
2023HU0845521,1,501,1,1
2023HU0845521,2,501,1,1
2023HU0845530,1,501,1,1
2023HU0845530,2,501,1,1
2023HU0845547,1,328,3,1
2023HU0845758,1,436,2,1
2023HU0845758,2,436,2,1
2023HU0845758,3,436,2,1
2023HU0845758,4,436,2,1
2023HU0845758,5,436,2,1
2023HU0845778,1,501,2,1
2023HU0845778,2,501,2,1
2023HU0845784,1,501,2,1
2023HU0845847,1,501,1,1
2023HU0846162,1,428,3,1
2023HU0846162,2,501,3,1
2023HU0846162,3,230,3,1
2023HU0846186,1,192,3,1
2023HU0846186,2,269,3,1
2023HU0846321,1,501,1,1
2023HU0846322,1,332,3,1
2023HU0846322,2,351,3,1
2023HU0846364,1,398,1,1
2023HU0846399,1,357,1,1
2023HU0846399,2,357,1,1
2023HU0846447,1,156,3,1
2023HU0846447,2,156,3,1
2023HU0846501,1,314,1,1
2023HU0846501,2,314,1,1
2023HU0846682,1,458,2,1
2023HU0846719,1,501,1,1
2023HU0846719,2,501,1,1
2023HU0846736,1,474,1,1
2023HU0846736,2,474,1,1
2023HU0846736,3,474,1,1
2023HU0846736,4,474,1,1
2023HU0846870,1,384,1,1
2023HU0846870,2,384,1,1
2023HU0846870,3,384,1,1
2023HU0846870,4,384,1,1
2023HU0846890,1,353,3,1
2023HU0847017,1,412,1,1
2023HU0847017,2,412,1,1
2023HU0847017,3,412,1,1
2023HU0847017,4,412,1,1
2023HU0847017,5,412,1,1
2023HU0847126,1,445,3,1
2023HU0847179,1,501,3,1
2023HU0847262,1,185,3,1
2023HU0847262,2,185,3,1
2023HU0847262,3,185,3,1
2023HU0847281,1,501,1,1
2023HU0847281,2,501,1,1
2023HU0847281,3,501,1,1
2023HU0847347,1,190,1,1
2023HU0847347,2,190,1,1
2023HU0847347,3,190,1,1
2023HU0847347,4,190,1,1
2023HU0847347,5,190,1,1
2023HU0847467,1,203,2,1
2023HU0847467,2,203,2,1
2023HU0847569,1,501,1,1
2023HU0847569,2,501,1,1
2023HU0847611,1,501,1,1
2023HU0847621,1,91,3,1
2023HU0847621,2,91,3,1
2023HU0847621,3,91,3,1
2023HU0847621,4,91,3,1
2023HU0847621,5,91,3,1
2023HU0847735,1,418,2,1
2023HU0847735,2,418,2,1
2023HU0847735,3,418,2,1
2023HU0847963,1,120,3,1
2023HU0847963,2,120,3,1
2023HU0847963,3,120,3,1
2023HU0847963,4,120,3,1
2023HU0848206,1,358,2,1
2023HU0848278,1,501,1,1
2023HU0848376,1,0,2,1
2023HU0848376,2,0,2,1
2023HU0848668,1,501,1,1
2023HU0848668,2,501,1,1
2023HU0848680,1,501,2,1
2023HU0848680,2,501,2,1
2023HU0848786,1,210,2,1
2023HU0848818,1,501,3,1
2023HU0848834,1,501,2,1
2023HU0848834,2,501,2,1
2023HU0848900,1,194,3,1
2023HU0848900,2,194,3,1
2023HU0848942,1,501,3,1
2023HU0848942,2,501,3,1
2023HU0848974,1,501,3,1
2023HU0848974,2,501,3,1
2023HU0848976,1,318,2,1
2023HU0848982,1,501,2,1
2023HU0848982,2,501,2,1
2023HU0849345,1,501,1,1
2023HU0849345,2,501,1,1
2023HU0849345,3,501,1,1
2023HU0849345,4,501,1,1
2023HU0849388,1,176,3,1
2023HU0849389,1,501,2,1
2023HU0849389,2,501,2,1
2023HU0849482,1,501,1,1
2023HU0849482,2,501,1,1
2023HU0849526,1,501,1,1
2023HU0849526,2,501,1,1
2023HU0849578,1,501,1,1
2023HU0849578,2,501,1,1
2023HU0849578,3,501,1,1
2023HU0849578,4,501,1,1
2023HU0849651,1,267,3,1
2023HU0849724,1,501,3,1
2023HU0849734,1,96,3,1
2023HU0849734,2,96,3,1
2023HU0849734,3,96,3,1
2023HU0849734,4,96,3,1
2023HU0849734,5,96,3,1
2023HU0849734,6,96,3,1
2023HU0849734,7,96,3,1
2023HU0849734,8,96,3,1
2023HU0849734,9,96,3,1
2023HU0849734,10,96,3,1
2023HU0849734,11,96,3,1
2023HU0849734,12,96,3,1
2023HU0849753,1,501,2,1
2023HU0849760,1,266,2,1
2023HU0849760,2,266,2,1
2023HU0849760,3,266,2,1
2023HU0849760,4,266,2,1
2023HU0849760,5,266,2,1
2023HU0849760,6,266,2,1
2023HU0849956,1,501,3,1
2023HU0849956,2,501,3,1
2023HU0850064,1,383,3,1
2023HU0850279,1,84,1,1
2023HU0850279,2,84,1,1
2023HU0850279,3,84,1,1
2023HU0850279,4,84,1,1
2023HU0850295,1,397,1,1
2023HU0850295,2,482,1,1
2023HU0850320,1,501,2,1
2023HU0850320,2,501,2,1
2023HU0850358,1,501,1,1
2023HU0850358,2,501,1,1
2023HU0850358,3,501,1,1
2023HU0850406,1,482,1,1
2023HU0850583,1,501,1,1
2023HU0850583,2,501,1,1
2023HU0850583,3,501,1,1
2023HU0850938,1,397,1,1
2023HU0850938,2,397,1,1
2023HU0850958,1,501,3,1
2023HU0850958,2,227,3,1
2023HU0851164,1,501,2,1
2023HU0851168,1,501,1,1
2023HU0851178,1,501,3,1
2023HU0851348,1,196,3,1
2023HU0851465,1,0,2,1
2023HU0851465,2,0,2,1
2023HU0851556,1,439,2,1
2023HU0851556,2,439,2,1
2023HU0851651,1,66,3,1
2023HU0851685,1,501,1,1
2023HU0851685,2,501,1,1
2023HU0851685,3,501,1,1
2023HU0851788,1,37,3,1
2023HU0851788,2,37,3,1
2023HU0851788,3,37,3,1
2023HU0851788,4,37,3,1
2023HU0851788,5,37,3,1
2023HU0851788,6,37,3,1
2023HU0851829,1,340,3,1
2023HU0851829,2,340,3,1
2023HU0852005,1,501,1,1
2023HU0852247,1,148,1,1
2023HU0852247,2,148,1,1
2023HU0852247,3,148,1,1
2023HU0852247,4,0,1,1
2023HU0852321,1,196,3,1
2023HU0852401,1,501,3,1
2023HU0852401,2,501,3,1
2023HU0852401,3,501,3,1
2023HU0852550,1,501,1,1
2023HU0852602,1,501,1,1
2023HU0852602,2,501,1,1
2023HU0852602,3,501,1,1
2023HU0852602,4,501,1,1
2023HU0852715,1,501,1,1
2023HU0852715,2,501,1,1
2023HU0852715,3,501,1,1
2023HU0852794,1,302,1,1
2023HU0852794,2,302,1,1
2023HU0852794,3,302,1,1
2023HU0852794,4,302,1,1
2023HU0852794,5,302,1,1
2023HU0852794,6,302,1,1
2023HU0852812,1,501,1,1
2023HU0852812,2,501,1,1
2023HU0852812,3,501,1,1
2023HU0852812,4,501,1,1
2023HU0852932,1,376,2,1
2023HU0852932,2,376,2,1
2023HU0853016,1,501,1,1
2023HU0853016,2,501,1,1
2023HU0853016,3,501,1,1
2023HU0853016,4,501,1,1
2023HU0853070,1,227,1,1
2023HU0853070,2,227,1,1
2023HU0853070,3,227,1,1
2023HU0853070,4,227,1,1
2023HU0853070,5,227,1,1
2023HU0853070,6,227,1,1
2023HU0853070,7,227,1,1
2023HU0853070,8,63,1,1
2023HU0853265,1,404,1,1
2023HU0853334,1,491,2,1
2023HU0853334,2,491,2,1
2023HU0853334,3,491,2,1
2023HU0853334,4,491,2,1
2023HU0853406,1,23,2,1
2023HU0853406,2,83,2,1
2023HU0853475,1,98,1,1
2023HU0853475,2,98,1,1
2023HU0853709,1,369,4,1
2023HU0853709,2,369,4,1
2023HU0853872,1,180,2,1
2023HU0853894,1,303,3,1
2023HU0853894,2,303,3,1
2023HU0854024,1,501,1,1
2023HU0854024,2,501,1,1
2023HU0854024,3,501,1,1
2023HU0854101,1,501,1,1
2023HU0854101,2,501,1,1
2023HU0854132,1,208,1,1
2023HU0854132,2,208,1,1
2023HU0854132,3,208,1,1
2023HU0854283,1,501,2,1
2023HU0854283,2,501,2,1
2023HU0854338,1,175,3,1
2023HU0854338,2,460,3,1
2023HU0854338,3,207,3,1
2023HU0854517,1,231,2,1
2023HU0854712,1,342,3,1
2023HU0854748,1,44,4,1
2023HU0854811,1,501,3,1
2023HU0854811,2,501,3,1
2023HU0854811,3,379,3,1
2023HU0854846,1,501,2,1
2023HU0854846,2,501,2,1
2023HU0855005,1,501,1,1
2023HU0855005,2,446,1,1
2023HU0855080,1,501,2,1
2023HU0855080,2,501,2,1
2023HU0855092,1,214,3,1
2023HU0855092,2,214,3,1
2023HU0855173,1,501,1,1
2023HU0855173,2,501,1,1
2023HU0855173,3,501,1,1
2023HU0855173,4,501,1,1
2023HU0855173,5,501,1,1
2023HU0855173,6,501,1,1
2023HU0855465,1,501,3,1
2023HU0855465,2,501,3,1
2023HU0855526,1,120,3,1
2023HU0855652,1,344,1,1
2023HU0855652,2,344,1,1
2023HU0855697,1,428,1,1
2023HU0855697,2,428,1,1
2023HU0855697,3,428,1,1
2023HU0855697,4,428,1,1
2023HU0855763,1,464,3,1
2023HU0855765,1,501,1,1
2023HU0855868,1,501,1,1
2023HU0855868,2,501,1,1
2023HU0855955,1,311,3,1
2023HU0855955,2,127,3,1
2023HU0856163,1,501,1,1
2023HU0856163,2,501,1,1
2023HU0856163,3,501,1,1
2023HU0856163,4,501,1,1
2023HU0856289,1,501,3,1
2023HU0856289,2,501,3,1
2023HU0856289,3,501,3,1
2023HU0856289,4,501,3,1
2023HU0856358,1,501,1,1
2023HU0856358,2,501,1,1
2023HU0856368,1,311,1,1
2023HU0856368,2,482,1,1
2023HU0856368,3,311,1,1
2023HU0856368,4,311,1,1
2023HU0856434,1,127,2,1
2023HU0856455,1,501,3,1
2023HU0856455,2,501,3,1
2023HU0856522,1,501,1,1
2023HU0856703,1,501,2,1
2023HU0856748,1,145,3,1
2023HU0856748,2,145,3,1
2023HU0856748,3,145,3,1
2023HU0856823,1,299,1,1
2023HU0856823,2,299,1,1
2023HU0856952,1,344,3,1
2023HU0856997,1,250,3,1
2023HU0857068,1,231,1,1
2023HU0857068,2,501,1,1
2023HU0857118,1,501,2,1
2023HU0857118,2,501,2,1
2023HU0857196,1,443,2,1
2023HU0857209,1,43,3,1
2023HU0857209,2,43,3,1
2023HU0857209,3,43,3,1
2023HU0857209,4,43,3,1
2023HU0857209,5,43,3,1
2023HU0857209,6,43,3,1
2023HU0857209,7,189,3,1
2023HU0857258,1,291,3,1
2023HU0857258,2,291,3,1
2023HU0857258,3,291,3,1
2023HU0857258,4,291,3,1
2023HU0857259,1,268,2,1
2023HU0857370,1,491,1,1
2023HU0857370,2,491,1,1
2023HU0857370,3,491,1,1
2023HU0857430,1,501,1,1
2023HU0857430,2,501,1,1
2023HU0857528,1,501,1,1
2023HU0857528,2,501,1,1
2023HU0857528,3,501,1,1
2023HU0857646,1,0,2,1
2023HU0857823,1,501,1,1
2023HU0857931,1,130,3,1
2023HU0857931,2,130,3,1
2023HU0857931,3,130,3,1
2023HU0857931,4,130,3,1
2023HU0858023,1,501,3,1
2023HU0858023,2,160,3,1
2023HU0858039,1,166,1,1
2023HU0858039,2,166,1,1
2023HU0858039,3,,1,1
2023HU0858088,1,343,3,1
2023HU0858088,2,356,3,1
2023HU0858098,1,501,1,1
2023HU0858098,2,501,1,1
2023HU0858236,1,83,1,1
2023HU0858297,1,287,1,1
2023HU0858297,2,287,1,1
2023HU0858297,3,287,1,1
2023HU0858297,4,287,1,1
2023HU0858297,5,287,1,1
2023HU0858359,1,501,3,1
2023HU0858479,1,501,3,1
2023HU0858479,2,501,3,1
2023HU0858499,1,368,3,1
2023HU0858503,1,13,2,1
2023HU0858548,1,501,1,1
2023HU0858548,2,501,1,1
2023HU0858608,1,501,1,1
2023HU0858608,2,501,1,1
2023HU0858608,3,501,1,1
2023HU0858608,4,501,1,1
2023HU0858608,5,501,1,1
2023HU0858629,1,501,1,1
2023HU0858651,1,501,2,1
2023HU0858651,2,501,2,1
2023HU0858678,1,501,1,1
2023HU0858678,2,501,1,1
2023HU0858678,3,501,1,1
2023HU0858678,4,501,1,1
2023HU0858678,5,501,1,1
2023HU0858835,1,254,1,1
2023HU0859103,1,501,1,1
2023HU0859103,2,501,1,1
2023HU0859103,3,501,1,1
2023HU0859103,4,501,1,1
2023HU0859103,5,501,1,1
2023HU0859383,1,501,1,1
2023HU0859383,2,501,1,1
2023HU0859383,3,501,1,1
2023HU0859537,1,132,1,1
2023HU0859546,1,501,2,1
2023HU0859546,2,501,2,1
2023HU0859546,3,501,2,1
2023HU0859546,4,501,2,1
2023HU0859598,1,110,2,1
2023HU0859598,2,110,2,1
2023HU0859598,3,110,2,1
2023HU0859598,4,110,2,1
2023HU0859598,5,110,2,1
2023HU0859657,1,501,3,1
2023HU0859783,1,140,3,1
2023HU0859792,1,501,2,1
2023HU0859792,2,501,2,1
2023HU0859915,1,501,2,1
2023HU0859935,1,501,1,1
2023HU0859935,2,501,1,1
2023HU0859935,3,501,1,1
2023HU0859935,4,501,1,1
2023HU0859996,1,501,2,1
2023HU0859996,2,501,2,1
2023HU0859996,3,501,2,1
2023HU0860597,1,501,2,1
2023HU0860597,2,501,2,1
2023HU0860639,1,105,3,1
2023HU0860639,2,105,3,1
2023HU0860639,3,105,3,1
2023HU0860817,1,501,2,1
2023HU0860817,2,396,2,1
2023HU0860940,1,501,2,1
2023HU0860940,2,501,2,1
2023HU0861017,1,501,1,1
2023HU0861017,2,501,1,1
2023HU0861017,3,501,1,1
2023HU0861137,1,87,3,1
2023HU0861332,1,501,1,1
2023HU0861332,2,501,1,1
2023HU0861746,1,501,3,1
2023HU0861746,2,501,3,1
2023HU0862045,1,501,3,1
2023HU0862047,1,167,1,1
2023HU0862257,1,501,1,1
2023HU0862257,2,501,1,1
2023HU0862257,3,501,1,1
2023HU0862257,4,501,1,1
2023HU0862257,5,501,1,1
2023HU0862508,1,438,2,1
2023HU0862508,2,438,2,1
2023HU0862508,3,438,2,1
2023HU0862603,1,501,3,1
2023HU0862603,2,339,3,1
2023HU0862611,1,501,3,1
2023HU0862697,1,385,1,1
2023HU0862697,2,385,1,1
2023HU0862697,3,385,1,1
2023HU0862735,1,501,1,1
2023HU0862735,2,501,1,1
2023HU0862769,1,501,3,1
2023HU0863033,1,477,1,1
2023HU0863097,1,501,1,1
2023HU0863097,2,501,1,1
2023HU0863127,1,379,2,1
2023HU0863195,1,83,3,1
2023HU0863195,2,83,3,1
2023HU0863195,3,83,3,1
2023HU0863195,4,83,3,1
2023HU0863195,5,83,3,1
2023HU0863302,1,453,2,1
2023HU0863302,2,453,2,1
2023HU0863302,3,453,2,1
2023HU0863302,4,453,2,1
2023HU0863302,5,453,2,1
2023HU0863415,1,188,2,1
2023HU0863415,2,188,2,1
2023HU0863415,3,188,2,1
2023HU0863418,1,501,1,1
2023HU0863418,2,501,1,1
2023HU0863418,3,501,1,1
2023HU0863418,4,501,1,1
2023HU0863517,1,106,3,1
2023HU0863517,2,106,3,1
2023HU0863662,1,501,3,1
2023HU0863683,1,414,1,1
2023HU0863705,1,172,2,1
2023HU0863705,2,172,2,1
2023HU0863754,1,64,3,1
2023HU0863785,1,501,1,1
2023HU0863785,2,501,1,1
2023HU0863785,3,501,1,1
2023HU0863804,1,501,1,1
2023HU0863804,2,501,1,1
2023HU0863877,1,492,3,1
2023HU0864036,1,501,1,1
2023HU0864074,1,304,1,1
2023HU0864074,2,304,1,1
2023HU0864074,3,304,1,1
2023HU0864074,4,304,1,1
2023HU0864074,5,304,1,1
2023HU0864074,6,304,1,1
2023HU0864418,1,501,2,1
2023HU0864418,2,501,2,1
2023HU0864469,1,501,1,1
2023HU0864469,2,501,1,1
2023HU0864469,3,501,1,1
2023HU0864548,1,379,1,1
2023HU0864548,2,379,1,1
2023HU0864548,3,379,1,1
2023HU0864548,4,379,1,1
2023HU0864581,1,98,3,1
2023HU0864652,1,501,3,1
2023HU0864652,2,318,3,1
2023HU0864653,1,501,2,1
2023HU0864653,2,501,2,1
2023HU0864653,3,501,2,1
2023HU0864653,4,501,2,1
2023HU0864785,1,501,1,1
2023HU0864821,1,0,3,1
2023HU0864821,2,0,3,1
2023HU0864821,3,0,3,1
2023HU0864821,4,0,3,1
2023HU0864821,5,0,3,1
2023HU0864955,1,497,2,1
2023HU0864955,2,497,2,1
2023HU0864955,3,497,2,1
2023HU0864955,4,497,2,1
2023HU0864975,1,501,1,1
2023HU0864975,2,501,1,1
2023HU0865005,1,249,1,1
2023HU0865101,1,501,1,1
2023HU0865101,2,501,1,1
2023HU0865385,1,132,2,1
2023HU0865474,1,501,1,1
2023HU0865606,1,501,2,1
2023HU0865606,2,501,2,1
2023HU0865614,1,227,3,1
2023HU0865614,2,357,3,1
2023HU0865723,1,379,1,1
2023HU0865728,1,501,1,1
2023HU0865728,2,501,1,1
2023HU0865728,3,501,1,1
2023HU0865758,1,501,3,1
2023HU0865898,1,366,1,1
2023HU0865940,1,501,2,1
2023HU0865940,2,501,2,1
2023HU0865940,3,501,2,1
2023HU0865940,4,501,2,1
2023HU0865956,1,169,3,1
2023HU0865979,1,413,3,1
2023HU0866129,1,500,1,1
2023HU0866129,2,500,1,1
2023HU0866140,1,261,2,1
2023HU0866140,2,261,2,1
2023HU0866140,3,261,2,1
2023HU0866140,4,261,2,1
2023HU0866140,5,261,2,1
2023HU0866175,1,238,3,1
2023HU0866182,1,124,2,1
2023HU0866238,1,428,3,1
2023HU0866238,2,428,3,1
2023HU0866368,1,447,1,1
2023HU0866368,2,447,1,1
2023HU0866368,3,447,1,1
2023HU0866368,4,447,1,1
2023HU0866442,1,501,1,1
2023HU0866442,2,501,1,1
2023HU0866442,3,501,1,1
2023HU0866442,4,501,1,1
2023HU0866442,5,501,1,1
2023HU0866570,1,371,1,1
2023HU0866570,2,371,1,1
2023HU0866570,3,371,1,1
2023HU0866664,1,501,1,1
2023HU0866664,2,501,1,1
2023HU0866832,1,403,1,1
2023HU0866832,2,403,1,1
2023HU0866911,1,267,1,1
2023HU0866911,2,267,1,1
2023HU0866911,3,267,1,1
2023HU0866929,1,160,2,1
2023HU0866929,2,160,2,1
2023HU0866929,3,160,2,1
2023HU0866929,4,0,2,1
2023HU0866929,5,249,2,1
2023HU0866929,6,206,2,1
2023HU0867002,1,501,3,1
2023HU0867002,2,501,3,1
2023HU0867093,1,279,1,1
2023HU0867093,2,279,1,1
2023HU0867093,3,279,1,1
2023HU0867093,4,279,1,1
2023HU0867118,1,501,1,1
2023HU0867118,2,501,1,1
2023HU0867118,3,501,1,1
2023HU0867118,4,501,1,1
2023HU0867202,1,231,1,1
2023HU0867202,2,231,1,1
2023HU0867251,1,123,3,1
2023HU0867251,2,129,3,1
2023HU0867251,3,194,3,1
2023HU0867287,1,172,2,1
2023HU0867287,2,172,2,1
2023HU0867287,3,172,2,1
2023HU0867287,4,172,2,1
2023HU0867287,5,172,2,1
2023HU0867531,1,171,2,1
2023HU0867776,1,501,1,1
2023HU0867776,2,501,1,1
2023HU0867776,3,501,1,1
2023HU0868000,1,501,2,1
2023HU0868000,2,501,2,1
2023HU0868037,1,182,2,1
2023HU0868200,1,325,3,1
2023HU0868543,1,411,1,1
2023HU0868724,1,501,1,1
2023HU0868780,1,501,3,1
2023HU0868780,2,193,3,1
2023HU0868834,1,1,1,1
2023HU0868834,2,1,1,1
2023HU0868834,3,1,1,1
2023HU0868943,1,210,4,1
2023HU0868967,1,145,1,1
2023HU0869010,1,158,4,1
2023HU0869031,1,96,3,1
2023HU0869031,2,35,3,1
2023HU0869151,1,0,4,1
2023HU0869333,1,310,2,1
2023HU0869333,2,310,2,1
2023HU0869508,1,71,3,1
2023HU0869508,2,63,3,1
2023HU0869522,1,445,1,1
2023HU0869522,2,445,1,1
2023HU0869522,3,445,1,1
2023HU0869522,4,445,1,1
2023HU0869522,5,445,1,1
2023HU0869653,1,303,2,1
2023HU0869653,2,303,2,1
2023HU0869733,1,349,1,1
2023HU0869733,2,349,1,1
2023HU0869831,1,130,2,1
2023HU0870083,1,135,3,1
2023HU0870083,2,135,3,1
2023HU0870106,1,501,1,1
2023HU0870203,1,501,1,1
2023HU0870203,2,501,1,1
2023HU0870203,3,501,1,1
2023HU0870312,1,501,1,1
2023HU0870313,1,501,1,1
2023HU0870313,2,501,1,1
2023HU0870313,3,501,1,1
2023HU0870313,4,501,1,1
2023HU0870443,1,169,3,1
2023HU0870579,1,501,1,1
2023HU0870579,2,501,1,1
2023HU0870728,1,267,1,1
2023HU0870728,2,267,1,1
2023HU0870728,3,267,1,1
2023HU0870728,4,267,1,1
2023HU0870736,1,501,3,1
2023HU0870742,1,349,1,1
2023HU0870765,1,501,3,1
2023HU0870765,2,501,3,1
2023HU0870835,1,475,1,1
2023HU0870835,2,475,1,1
2023HU0870939,1,3,3,1
2023HU0870939,2,3,3,1
2023HU0870939,3,3,3,1
2023HU0871131,1,184,2,1
2023HU0871182,1,80,2,1
2023HU0871182,2,80,2,1
2023HU0871233,1,501,3,1
2023HU0871233,2,501,3,1
2023HU0871233,3,348,3,1
2023HU0871262,1,198,3,1
2023HU0871262,2,198,3,1
2023HU0871264,1,233,2,1
2023HU0871288,1,381,1,1
2023HU0871657,1,501,3,1
2023HU0871732,1,501,1,1
2023HU0871732,2,501,1,1
2023HU0871740,1,490,1,1
2023HU0871740,2,490,1,1
2023HU0871740,3,490,1,1
2023HU0871740,4,490,1,1
2023HU0871740,5,490,1,1
2023HU0871803,1,451,3,1
2023HU0871803,2,451,3,1
2023HU0871803,3,451,3,1
2023HU0871849,1,501,3,1
2023HU0871849,2,501,3,1
2023HU0871853,1,501,1,1
2023HU0871853,2,501,1,1
2023HU0871853,3,501,1,1
2023HU0871854,1,139,3,1
2023HU0871879,1,149,1,1
2023HU0871879,2,149,1,1
2023HU0871945,1,380,3,1
2023HU0871955,1,354,2,1
2023HU0871955,2,354,2,1
2023HU0871955,3,,2,1
2023HU0872060,1,501,1,1
2023HU0872066,1,501,2,1
2023HU0872154,1,108,2,1
2023HU0872154,2,108,2,1
2023HU0872314,1,204,3,1
2023HU0872314,2,204,3,1
2023HU0872348,1,317,3,1
2023HU0872506,1,501,2,1
2023HU0872506,2,501,2,1
2023HU0872556,1,186,2,1
2023HU0872556,2,186,2,1
2023HU0872658,1,501,2,1
2023HU0872658,2,501,2,1
2023HU0872658,3,501,2,1
2023HU0872956,1,501,1,1
2023HU0872956,2,501,1,1
2023HU0872979,1,472,3,1
2023HU0872979,2,472,3,1
2023HU0872979,3,472,3,1
2023HU0872979,4,472,3,1
2023HU0872979,5,472,3,1
2023HU0872979,6,472,3,1
2023HU0872979,7,472,3,1
2023HU0873030,1,64,3,1
2023HU0873074,1,170,1,1
2023HU0873074,2,170,1,1
2023HU0873074,3,170,1,1
2023HU0873096,1,338,2,1
2023HU0873096,2,338,2,1
2023HU0873096,3,338,2,1
2023HU0873096,4,338,2,1
2023HU0873104,1,501,2,1
2023HU0873104,2,501,2,1
2023HU0873104,3,501,2,1
2023HU0873104,4,501,2,1
2023HU0873158,1,453,1,1
2023HU0873158,2,453,1,1
2023HU0873158,3,453,1,1
2023HU0873243,1,313,3,1
2023HU0873243,2,313,3,1
2023HU0873243,3,313,3,1
2023HU0873243,4,251,3,1
2023HU0873281,1,501,1,1
2023HU0873281,2,501,1,1
2023HU0873281,3,501,1,1
2023HU0873349,1,501,1,1
2023HU0873349,2,501,1,1
2023HU0873349,3,501,1,1
2023HU0873349,4,501,1,1
2023HU0873375,1,501,1,1
2023HU0873375,2,501,1,1
2023HU0873375,3,501,1,1
2023HU0873375,4,501,1,1
2023HU0873526,1,501,1,1
2023HU0873526,2,501,1,1
2023HU0873560,1,476,1,1
2023HU0873560,2,476,1,1
2023HU0873577,1,352,3,1
2023HU0873577,2,501,3,1
2023HU0873670,1,64,3,1
2023HU0873670,2,64,3,1
2023HU0873670,3,64,3,1
2023HU0873670,4,130,3,1
2023HU0873754,1,501,3,1
2023HU0873997,1,388,1,1
2023HU0874385,1,128,3,1
2023HU0874507,1,501,3,1
2023HU0874507,2,501,3,1
2023HU0874594,1,501,1,1
2023HU0874619,1,490,1,1
2023HU0874619,2,490,1,1
2023HU0874619,3,490,1,1
2023HU0874698,1,234,3,1
2023HU0874843,1,369,2,1
2023HU0874872,1,178,3,1
2023HU0874998,1,178,3,1
2023HU0874998,2,178,3,1
2023HU0874999,1,501,1,1
2023HU0874999,2,501,1,1
2023HU0874999,3,501,1,1
2023HU0875063,1,125,1,1
2023HU0875140,1,501,1,1
2023HU0875140,2,501,1,1
2023HU0875140,3,501,1,1
2023HU0875187,1,0,2,1
2023HU0875187,2,501,2,1
2023HU0875319,1,501,1,1
2023HU0875319,2,501,1,1
2023HU0875319,3,501,1,1
2023HU0875432,1,501,2,1
2023HU0875432,2,501,2,1
2023HU0875461,1,501,2,1
2023HU0875461,2,374,2,1
2023HU0875487,1,501,2,1
2023HU0875487,2,501,2,1
2023HU0875487,3,501,2,1
2023HU0875487,4,501,2,1
2023HU0875607,1,336,2,1
2023HU0875607,2,336,2,1
2023HU0875650,1,501,2,1
2023HU0875650,2,501,2,1
2023HU0875856,1,101,3,1
2023HU0876374,1,484,1,1
2023HU0876374,2,484,1,1
2023HU0876374,3,484,1,1
2023HU0876374,4,484,1,1
2023HU0876374,5,484,1,1
2023HU0876405,1,321,2,1
2023HU0876652,1,501,2,1
2023HU0876652,2,501,2,1
2023HU0876652,3,501,2,1
2023HU0876654,1,501,1,1
2023HU0876654,2,501,1,1
2023HU0876662,1,501,1,1
2023HU0876662,2,501,1,1
2023HU0876662,3,501,1,1
2023HU0876700,1,98,1,1
2023HU0876700,2,98,1,1
2023HU0876700,3,98,1,1
2023HU0876788,1,313,1,1
2023HU0876917,1,501,2,1
2023HU0876917,2,501,2,1
2023HU0876917,3,501,2,1
2023HU0876949,1,501,2,1
2023HU0876949,2,501,2,1
2023HU0877281,1,156,1,1
2023HU0877281,2,156,1,1
2023HU0877281,3,156,1,1
2023HU0877362,1,222,1,1
2023HU0877409,1,501,1,1
2023HU0877524,1,501,1,1
2023HU0877549,1,162,1,1
2023HU0877549,2,162,1,1
2023HU0877624,1,349,2,1
2023HU0877632,1,501,1,1
2023HU0877632,2,501,1,1
2023HU0877632,3,501,1,1
2023HU0877664,1,381,2,1
2023HU0877800,1,456,3,1
2023HU0877800,2,456,3,1
2023HU0877815,1,360,1,1
2023HU0877815,2,360,1,1
2023HU0877815,3,360,1,1
2023HU0877820,1,0,3,1
2023HU0877820,2,501,3,1
2023HU0877820,3,0,3,1
2023HU0877984,1,411,1,1
2023HU0877984,2,411,1,1
2023HU0877984,3,411,1,1
2023HU0877984,4,411,1,1
2023HU0877984,5,411,1,1
2023HU0878138,1,330,2,1
2023HU0878138,2,330,2,1
2023HU0878183,1,249,1,1
2023HU0878183,2,249,1,1
2023HU0878205,1,501,1,1
2023HU0878316,1,482,2,1
2023HU0878329,1,483,1,1
2023HU0878483,1,408,1,1
2023HU0878483,2,408,1,1
2023HU0878584,1,206,2,1
2023HU0878626,1,223,2,1
2023HU0878626,2,223,2,1
2023HU0878626,3,223,2,1
2023HU0878626,4,223,2,1
2023HU0878645,1,459,1,1
2023HU0878645,2,459,1,1
2023HU0878679,1,501,2,1
2023HU0878717,1,501,3,1
2023HU0878738,1,501,2,1
2023HU0878786,1,0,3,1
2023HU0878794,1,501,1,1
2023HU0878794,2,501,1,1
2023HU0878796,1,268,4,1
2023HU0878796,2,268,4,1
2023HU0878912,1,341,2,1
2023HU0878924,1,501,3,1
2023HU0878924,2,501,3,1
2023HU0878924,3,501,3,1
2023HU0878959,1,391,1,1
2023HU0878959,2,391,1,1
2023HU0878959,3,391,1,1
2023HU0879029,1,501,2,1
2023HU0879125,1,427,1,1
2023HU0879125,2,197,1,1
2023HU0879125,3,55,1,1
2023HU0879125,4,0,1,1
2023HU0879125,5,47,1,1
2023HU0879131,1,501,2,1
2023HU0879131,2,501,2,1
2023HU0879138,1,501,1,1
2023HU0879266,1,57,2,1
2023HU0879266,2,57,2,1
2023HU0879266,3,57,2,1
2023HU0879375,1,501,2,1
2023HU0879423,1,501,1,1
2023HU0879509,1,311,2,1
2023HU0879509,2,311,2,1
2023HU0879509,3,311,2,1
2023HU0879509,4,311,2,1
2023HU0879509,5,311,2,1
2023HU0879616,1,285,3,1
2023HU0879616,2,285,3,1
2023HU0879616,3,285,3,1
2023HU0879766,1,186,3,1
2023HU0879766,2,186,3,1
2023HU0879766,3,186,3,1
2023HU0879882,1,208,3,1
2023HU0879882,2,208,3,1
2023HU0879882,3,208,3,1
2023HU0879882,4,208,3,1
2023HU0880259,1,306,3,1
2023HU0880649,1,501,1,1
2023HU0880649,2,501,1,1
2023HU0880649,3,501,1,1
2023HU0880649,4,501,1,1
2023HU0880649,5,501,1,1
2023HU0880649,6,501,1,1
2023HU0880714,1,197,1,1
2023HU0880714,2,197,1,1
2023HU0880714,3,197,1,1
2023HU0880714,4,197,1,1
2023HU0880878,1,80,4,1
2023HU0880878,2,0,4,1
2023HU0880928,1,102,2,1
2023HU0880928,2,102,2,1
2023HU0880938,1,501,2,1
2023HU0880938,2,501,2,1
2023HU0880938,3,501,2,1
2023HU0880952,1,501,3,1
2023HU0880997,1,380,1,1
2023HU0881058,1,501,3,1
2023HU0881058,2,501,3,1
2023HU0881166,1,155,2,1
2023HU0881166,2,155,2,1
2023HU0881170,1,6,3,1
2023HU0881170,2,275,3,1
2023HU0881226,1,501,1,1
2023HU0881226,2,501,1,1
2023HU0881281,1,31,1,1
2023HU0881281,2,28,1,1
2023HU0881309,1,501,3,1
2023HU0881309,2,501,3,1
2023HU0881511,1,38,3,1
2023HU0881540,1,331,2,1
2023HU0881540,2,331,2,1
2023HU0881540,3,331,2,1
2023HU0881675,1,501,1,1
2023HU0881675,2,501,1,1
2023HU0881701,1,0,3,1
2023HU0881701,2,376,3,1
2023HU0881794,1,151,1,1
2023HU0881796,1,0,3,1
2023HU0881857,1,417,1,1
2023HU0881857,2,417,1,1
2023HU0881857,3,417,1,1
2023HU0881857,4,417,1,1
2023HU0881911,1,285,3,1
2023HU0881911,2,285,3,1
2023HU0881971,1,501,1,1
2023HU0881971,2,501,1,1
2023HU0882185,1,170,3,1
2023HU0882185,2,170,3,1
2023HU0882538,1,196,1,1
2023HU0882538,2,196,1,1
2023HU0882538,3,196,1,1
2023HU0882546,1,0,3,1
2023HU0882643,1,417,3,1
2023HU0882643,2,384,3,1
2023HU0882644,1,105,1,1
2023HU0882644,2,105,1,1
2023HU0882944,1,349,3,1
2023HU0882976,1,501,2,1
2023HU0883042,1,66,3,1
2023HU0883124,1,0,3,1
2023HU0883124,2,0,3,1
2023HU0883269,1,501,1,1
2023HU0883269,2,501,1,1
2023HU0883269,3,501,1,1
2023HU0883309,1,176,1,1
2023HU0883330,1,501,1,1
2023HU0883526,1,236,2,1
2023HU0883526,2,236,2,1
2023HU0883527,1,501,1,1
2023HU0883547,1,501,1,1
2023HU0883547,2,501,1,1
2023HU0883601,1,501,1,1
2023HU0883601,2,501,1,1
2023HU0883601,3,501,1,1
2023HU0883601,4,501,1,1
2023HU0883601,5,501,1,1
2023HU0883601,6,501,1,1
2023HU0883601,7,26,1,1
2023HU0884013,1,501,1,1
2023HU0884013,2,501,1,1
2023HU0884013,3,501,1,1
2023HU0884013,4,501,1,1
2023HU0884013,5,501,1,1
2023HU0884073,1,262,1,1
2023HU0884073,2,262,1,1
2023HU0884266,1,501,3,1
2023HU0884266,2,501,3,1
2023HU0884266,3,501,3,1
2023HU0884266,4,501,3,1
2023HU0884290,1,161,3,1
2023HU0884394,1,501,2,1
2023HU0884394,2,501,2,1
2023HU0884394,3,501,2,1
2023HU0884646,1,415,2,1
2023HU0884646,2,415,2,1
2023HU0884709,1,83,1,1
2023HU0884787,1,501,3,1
2023HU0884787,2,131,3,1
2023HU0885127,1,0,2,1
2023HU0885137,1,501,1,1
2023HU0885137,2,501,1,1
2023HU0885137,3,501,1,1
2023HU0885271,1,146,2,1
2023HU0885348,1,501,2,1
2023HU0885348,2,501,2,1
2023HU0885348,3,501,2,1
2023HU0885348,4,501,2,1
2023HU0885368,1,501,3,1
2023HU0885471,1,501,1,1
2023HU0885544,1,415,1,1
2023HU0885544,2,415,1,1
2023HU0885544,3,415,1,1
2023HU0885681,1,213,2,1
2023HU0885788,1,501,3,1
2023HU0885788,2,501,3,1
2023HU0885902,1,410,3,1
2023HU0886066,1,501,2,1
2023HU0886066,2,501,2,1
2023HU0886106,1,501,3,1
2023HU0886106,2,501,3,1
2023HU0886106,3,501,3,1
2023HU0886106,4,501,3,1
2023HU0886158,1,199,2,1
2023HU0886158,2,199,2,1
2023HU0886158,3,199,2,1
2023HU0886158,4,199,2,1
2023HU0886175,1,299,2,1
2023HU0886175,2,299,2,1
2023HU0886245,1,501,2,1
2023HU0886245,2,501,2,1
2023HU0886371,1,165,3,1
2023HU0886391,1,375,3,1
2023HU0886391,2,375,3,1
2023HU0886391,3,375,3,1
2023HU0886391,4,375,3,1
2023HU0886391,5,375,3,1
2023HU0886484,1,501,1,1
2023HU0886484,2,501,1,1
2023HU0886580,1,501,1,1
2023HU0886580,2,501,1,1
2023HU0886641,1,501,3,1
2023HU0886641,2,501,3,1
2023HU0886672,1,372,2,1
2023HU0886691,1,390,3,1
2023HU0886691,2,390,3,1
2023HU0886691,3,390,3,1
2023HU0886722,1,501,1,1
2023HU0886722,2,501,1,1
2023HU0886722,3,501,1,1
2023HU0886722,4,501,1,1
2023HU0886772,1,501,3,1
2023HU0886819,1,501,3,1
2023HU0886957,1,501,1,1
2023HU0886957,2,501,1,1
2023HU0887306,1,501,2,1
2023HU0887306,2,501,2,1
2023HU0887483,1,191,1,1
2023HU0887535,1,501,2,1
2023HU0887535,2,501,2,1
2023HU0887535,3,501,2,1
2023HU0887535,4,501,2,1
2023HU0887540,1,444,3,1
2023HU0887540,2,444,3,1
2023HU0887752,1,501,2,1
2023HU0887764,1,501,1,1
2023HU0887764,2,390,1,1
2023HU0887845,1,501,1,1
2023HU0887845,2,501,1,1
2023HU0887845,3,501,1,1
2023HU0888140,1,10,3,1
2023HU0888140,2,10,3,1
2023HU0888140,3,10,3,1
2023HU0888140,4,10,3,1
2023HU0888140,5,10,3,1
2023HU0888140,6,10,3,1
2023HU0888419,1,129,1,1
2023HU0888419,2,129,1,1
2023HU0888419,3,129,1,1
2023HU0888419,4,129,1,1
2023HU0888646,1,501,2,1
2023HU0888646,2,501,2,1
2023HU0888646,3,501,2,1
2023HU0888648,1,62,3,1
2023HU0888666,1,380,1,1
2023HU0888691,1,128,3,1
2023HU0888691,2,32,3,1
2023HU0888691,3,96,3,1
2023HU0888691,4,128,3,1
2023HU0888748,1,231,3,1
2023HU0888748,2,231,3,1
2023HU0888748,3,231,3,1
2023HU0888757,1,501,1,1
2023HU0888757,2,501,1,1
2023HU0888832,1,255,2,1
2023HU0888832,2,255,2,1
2023HU0888832,3,255,2,1
2023HU0888832,4,255,2,1
2023HU0888832,5,255,2,1
2023HU0888832,6,255,2,1
2023HU0888832,7,255,2,1
2023HU0888942,1,467,2,1
2023HU0888963,1,501,1,1
2023HU0888963,2,501,1,1
2023HU0888963,3,501,1,1
2023HU0888963,4,501,1,1
2023HU0888963,5,501,1,1
2023HU0888979,1,416,1,1
2023HU0888979,2,416,1,1
2023HU0888979,3,416,1,1
2023HU0888979,4,416,1,1
2023HU0888979,5,416,1,1
2023HU0889077,1,71,3,1
2023HU0889216,1,180,3,1
2023HU0889216,2,147,3,1
2023HU0889401,1,501,2,1
2023HU0889401,2,501,2,1
2023HU0889401,3,501,2,1
2023HU0889401,4,501,2,1
2023HU0889485,1,89,3,1
2023HU0889664,1,501,2,1
2023HU0889664,2,501,2,1
2023HU0889669,1,0,3,1
2023HU0889697,1,363,3,1
2023HU0889697,2,363,3,1
2023HU0889697,3,363,3,1
2023HU0889697,4,363,3,1
2023HU0889697,5,363,3,1
2023HU0889742,1,46,3,1
2023HU0889790,1,322,2,1
2023HU0889790,2,322,2,1
2023HU0889790,3,322,2,1
2023HU0889990,1,438,1,1
2023HU0889990,2,438,1,1
2023HU0890076,1,78,3,1
2023HU0890076,2,126,3,1
2023HU0890076,3,78,3,1
2023HU0890076,4,78,3,1
2023HU0890087,1,501,1,1
2023HU0890087,2,501,1,1
2023HU0890087,3,501,1,1
2023HU0890087,4,501,1,1
2023HU0890087,5,501,1,1
2023HU0890087,6,501,1,1
2023HU0890087,7,501,1,1
2023HU0890087,8,501,1,1
2023HU0890087,9,501,1,1
2023HU0890117,1,501,3,1
2023HU0890117,2,501,3,1
2023HU0890127,1,501,1,1
2023HU0890127,2,501,1,1
2023HU0890127,3,501,1,1
2023HU0890127,4,501,1,1
2023HU0890190,1,501,2,1
2023HU0890190,2,501,2,1
2023HU0890190,3,501,2,1
2023HU0890234,1,0,3,1
2023HU0890288,1,345,3,1
2023HU0890288,2,453,3,1
2023HU0890288,3,291,3,1
2023HU0890301,1,501,1,1
2023HU0890301,2,501,1,1
2023HU0890591,1,409,2,1
2023HU0890591,2,409,2,1
2023HU0890591,3,409,2,1
2023HU0890604,1,114,2,1
2023HU0890604,2,460,2,1
2023HU0890604,3,114,2,1
2023HU0890695,1,260,1,1
2023HU0890857,1,64,1,1
2023HU0890857,2,99,1,1
2023HU0891034,1,501,1,1
2023HU0891034,2,501,1,1
2023HU0891034,3,501,1,1
2023HU0891034,4,501,1,1
2023HU0891136,1,9,2,1
2023HU0891162,1,429,2,1
2023HU0891167,1,191,3,1
2023HU0891254,1,425,2,1
2023HU0891283,1,196,3,1
2023HU0891294,1,411,3,1
2023HU0891294,2,283,3,1
2023HU0891496,1,155,3,1
2023HU0891496,2,155,3,1
2023HU0891570,1,496,3,1
2023HU0891588,1,501,3,1
2023HU0891588,2,501,3,1
2023HU0891588,3,501,3,1
2023HU0891588,4,501,3,1
2023HU0891671,1,241,2,1
2023HU0891680,1,82,2,1
2023HU0891680,2,82,2,1
2023HU0891680,3,82,2,1
2023HU0891680,4,82,2,1
2023HU0891680,5,82,2,1
2023HU0891680,6,82,2,1
2023HU0891876,1,501,1,1
2023HU0891876,2,501,1,1
2023HU0891876,3,501,1,1
2023HU0892073,1,501,1,1
2023HU0892249,1,501,1,1
2023HU0892249,2,196,1,1
2023HU0892319,1,197,3,1
2023HU0892319,2,197,3,1
2023HU0892388,1,501,1,1
2023HU0892388,2,455,1,1
2023HU0892444,1,501,2,1
2023HU0892444,2,501,2,1
2023HU0892468,1,359,1,1
2023HU0892468,2,359,1,1
2023HU0892477,1,461,2,1
2023HU0892477,2,461,2,1
2023HU0892477,3,461,2,1
2023HU0892477,4,461,2,1
2023HU0892477,5,461,2,1
2023HU0892653,1,415,2,1
2023HU0892653,2,415,2,1
2023HU0892676,1,501,3,1
2023HU0892692,1,337,1,1
2023HU0892692,2,116,1,1
2023HU0892692,3,337,1,1
2023HU0892692,4,337,1,1
2023HU0892692,5,337,1,1
2023HU0892692,6,337,1,1
2023HU0892783,1,475,1,1
2023HU0892783,2,475,1,1
2023HU0892812,1,501,1,1
2023HU0892812,2,501,1,1
2023HU0892888,1,189,3,1
2023HU0892958,1,471,2,1
2023HU0892958,2,471,2,1
2023HU0892958,3,471,2,1
2023HU0893058,1,309,1,1
2023HU0893058,2,309,1,1
2023HU0893193,1,0,3,1
2023HU0893193,2,0,3,1
2023HU0893193,3,0,3,1
2023HU0893193,4,0,3,1
2023HU0893193,5,0,3,1
2023HU0893324,1,313,3,1
2023HU0893324,2,313,3,1
2023HU0893324,3,313,3,1
2023HU0893324,4,313,3,1
2023HU0893446,1,356,1,1
2023HU0893495,1,91,2,1
2023HU0893722,1,340,1,1
2023HU0893722,2,196,1,1
2023HU0893722,3,340,1,1
2023HU0893870,1,501,3,1
2023HU0894191,1,501,1,1
2023HU0894191,2,501,1,1
2023HU0894192,1,91,3,1
2023HU0894192,2,78,3,1
2023HU0894221,1,119,3,1
2023HU0894221,2,262,3,1
2023HU0894281,1,304,3,1
2023HU0894299,1,351,2,1
2023HU0894299,2,351,2,1
2023HU0894355,1,192,3,1
2023HU0894453,1,98,3,1
2023HU0895076,1,501,1,1
2023HU0895076,2,501,1,1
2023HU0895076,3,501,1,1
2023HU0895444,1,212,3,1
2023HU0895579,1,501,1,1
2023HU0895579,2,501,1,1
2023HU0895579,3,501,1,1
2023HU0895665,1,173,2,1
2023HU0895687,1,165,3,1
2023HU0895687,2,120,3,1
2023HU0895687,3,,3,1
2023HU0895916,1,144,1,1
2023HU0895916,2,144,1,1
2023HU0896032,1,373,1,1
2023HU0896032,2,373,1,1
2023HU0896032,3,373,1,1
2023HU0896130,1,501,1,1
2023HU0896271,1,117,3,1
2023HU0896271,2,117,3,1
2023HU0896271,3,117,3,1
2023HU0896418,1,501,1,1
2023HU0896507,1,501,1,1
2023HU0896507,2,501,1,1
2023HU0896507,3,501,1,1
2023HU0896552,1,122,3,1
2023HU0896552,2,122,3,1
2023HU0896867,1,501,1,1
2023HU0896867,2,501,1,1
2023HU0896890,1,501,3,1
2023HU0896890,2,501,3,1
2023HU0896956,1,115,3,1
2023HU0896956,2,115,3,1
2023HU0896956,3,115,3,1
2023HU0896956,4,115,3,1
2023HU0896956,5,115,3,1
2023HU0896956,6,115,3,1
2023HU0896956,7,115,3,1
2023HU0897050,1,501,1,1
2023HU0897050,2,501,1,1
2023HU0897050,3,501,1,1
2023HU0897118,1,445,1,1
2023HU0897118,2,445,1,1
2023HU0897118,3,445,1,1
2023HU0897118,4,445,1,1
2023HU0897119,1,501,1,1
2023HU0897119,2,501,1,1
2023HU0897218,1,337,2,1
2023HU0897218,2,337,2,1
2023HU0897218,3,337,2,1
2023HU0897314,1,78,3,1
2023HU0897351,1,501,2,1
2023HU0897351,2,501,2,1
2023HU0897477,1,501,1,1
2023HU0897477,2,501,1,1
2023HU0897522,1,339,2,1
2023HU0897554,1,401,2,1
2023HU0897661,1,501,1,1
2023HU0897661,2,501,1,1
2023HU0897767,1,468,1,1
2023HU0897767,2,468,1,1
2023HU0897768,1,373,3,1
2023HU0897813,1,265,2,1
2023HU0897813,2,265,2,1
2023HU0897813,3,265,2,1
2023HU0897813,4,265,2,1
2023HU0898215,1,501,3,1
2023HU0898300,1,501,3,1
2023HU0898300,2,501,3,1
2023HU0898300,3,501,3,1
2023HU0898359,1,159,1,1
2023HU0898359,2,238,1,1
2023HU0898368,1,501,2,1
2023HU0898438,1,501,2,1
2023HU0898438,2,501,2,1
2023HU0898470,1,321,2,1
2023HU0898470,2,321,2,1
2023HU0898478,1,501,1,1
2023HU0898478,2,501,1,1
2023HU0898478,3,501,1,1
2023HU0898709,1,156,3,1
2023HU0898709,2,156,3,1
2023HU0898709,3,156,3,1
2023HU0898709,4,156,3,1
2023HU0898710,1,501,1,1
2023HU0898710,2,501,1,1
2023HU0898710,3,501,1,1
2023HU0898710,4,501,1,1
2023HU0898916,1,174,2,1
2023HU0898916,2,174,2,1
2023HU0898969,1,0,3,1
2023HU0898969,2,0,3,1
2023HU0898969,3,0,3,1
2023HU0898969,4,0,3,1
2023HU0898969,5,0,3,1
2023HU0899021,1,501,1,1
2023HU0899066,1,206,2,1
2023HU0899320,1,501,2,1
2023HU0899320,2,501,2,1
2023HU0899320,3,501,2,1
2023HU0899329,1,501,2,1
2023HU0899698,1,307,1,1
2023HU0899698,2,307,1,1
2023HU0899698,3,307,1,1
2023HU0899698,4,307,1,1
2023HU0899698,5,307,1,1
2023HU0899698,6,307,1,1
2023HU0899698,7,307,1,1
2023HU0899801,1,207,2,1
2023HU0899903,1,349,3,1
2023HU0899903,2,321,3,1
2023HU0899903,3,349,3,1
2023HU0899987,1,471,1,1
2023HU0900022,1,501,1,1
2023HU0900022,2,501,1,1
2023HU0900040,1,501,1,1
2023HU0900040,2,501,1,1
2023HU0900083,1,501,1,1
2023HU0900083,2,501,1,1
2023HU0900083,3,501,1,1
2023HU0900083,4,167,1,1
2023HU0900205,1,501,1,1
2023HU0900205,2,501,1,1
2023HU0900205,3,501,1,1
2023HU0900354,1,244,3,1
2023HU0900458,1,395,2,1
2023HU0900458,2,395,2,1
2023HU0900464,1,501,1,1
2023HU0900464,2,501,1,1
2023HU0900464,3,501,1,1
2023HU0900464,4,501,1,1
2023HU0900464,5,501,1,1
2023HU0901013,1,501,3,1
2023HU0901021,1,348,1,1
2023HU0901065,1,379,1,1
2023HU0901065,2,379,1,1
2023HU0901111,1,77,3,1
2023HU0901111,2,64,3,1
2023HU0901111,3,45,3,1
2023HU0901142,1,501,2,1
2023HU0901142,2,501,2,1
2023HU0901276,1,501,3,1
2023HU0901276,2,501,3,1
2023HU0901309,1,269,4,1
2023HU0901309,2,269,4,1
2023HU0901378,1,166,3,1
2023HU0901460,1,102,2,1
2023HU0901501,1,352,1,1
2023HU0901501,2,501,1,1
2023HU0901571,1,0,4,1
2023HU0901571,2,0,4,1
2023HU0901571,3,0,4,1
2023HU0901705,1,137,3,1
2023HU0901705,2,137,3,1
2023HU0901705,3,137,3,1
2023HU0901705,4,137,3,1
2023HU0901705,5,137,3,1
2023HU0901705,6,137,3,1
2023HU0902124,1,501,1,1
2023HU0902124,2,501,1,1
2023HU0902124,3,501,1,1
2023HU0902124,4,501,1,1
2023HU0902158,1,463,2,1
2023HU0902158,2,463,2,1
2023HU0902226,1,501,2,1
2023HU0902226,2,501,2,1
2023HU0902318,1,501,3,1
2023HU0902318,2,501,3,1
2023HU0902318,3,501,3,1
2023HU0902502,1,250,3,1
2023HU0902502,2,250,3,1
2023HU0902502,3,250,3,1
2023HU0902502,4,250,3,1
2023HU0902520,1,116,2,1
2023HU0902610,1,348,3,1
2023HU0902704,1,501,3,1
2023HU0902838,1,0,2,1
2023HU0902838,2,501,2,1
2023HU0902838,3,0,2,1
2023HU0902872,1,255,1,1
2023HU0902876,1,353,1,1
2023HU0902876,2,353,1,1
2023HU0903187,1,156,3,1
2023HU0903229,1,496,1,1
2023HU0903229,2,496,1,1
2023HU0903229,3,496,1,1
2023HU0903229,4,496,1,1
2023HU0903229,5,496,1,1
2023HU0903253,1,380,1,1
2023HU0903253,2,380,1,1
2023HU0903307,1,501,1,1
2023HU0903307,2,501,1,1
2023HU0903307,3,501,1,1
2023HU0903471,1,457,3,1
2023HU0903535,1,492,3,1
2023HU0903677,1,501,2,1
2023HU0903677,2,501,2,1
2023HU0903803,1,501,1,1
2023HU0903803,2,501,1,1
2023HU0903864,1,63,3,1
2023HU0903864,2,63,3,1
2023HU0903870,1,501,3,1
2023HU0903870,2,501,3,1
2023HU0903870,3,501,3,1
2023HU0903870,4,501,3,1
2023HU0903973,1,323,3,1
2023HU0903973,2,323,3,1
2023HU0904029,1,499,1,1
2023HU0904029,2,499,1,1
2023HU0904029,3,499,1,1
2023HU0904090,1,501,2,1
2023HU0904108,1,265,3,1
2023HU0904108,2,265,3,1
2023HU0904136,1,183,1,1
2023HU0904136,2,183,1,1
2023HU0904136,3,183,1,1
2023HU0904141,1,470,1,1
2023HU0904193,1,290,3,1
2023HU0904193,2,290,3,1
2023HU0904193,3,290,3,1
2023HU0904193,4,290,3,1
2023HU0904193,5,290,3,1
2023HU0904394,1,501,1,1
2023HU0904394,2,501,1,1
2023HU0904394,3,501,1,1
2023HU0904464,1,282,1,1
2023HU0904506,1,501,2,1
2023HU0904708,1,316,2,1
2023HU0904708,2,316,2,1
2023HU0904715,1,157,2,1
2023HU0904715,2,157,2,1
2023HU0904715,3,157,2,1
2023HU0904716,1,167,3,1
2023HU0904805,1,173,3,1
2023HU0904805,2,501,3,1
2023HU0904810,1,501,2,1
2023HU0904810,2,501,2,1
2023HU0904810,3,501,2,1
2023HU0904810,4,501,2,1
2023HU0905597,1,501,1,1
2023HU0905597,2,501,1,1
2023HU0905781,1,285,2,1
2023HU0905781,2,285,2,1
2023HU0905828,1,20,2,1
2023HU0905974,1,501,1,1
2023HU0905974,2,341,1,1
2023HU0906073,1,203,3,1
2023HU0906637,1,384,1,1
2023HU0906726,1,501,3,1
2023HU0906726,2,501,3,1
2023HU0906726,3,501,3,1
2023HU0906757,1,501,1,1
2023HU0906757,2,501,1,1
2023HU0906757,3,501,1,1
2023HU0906757,4,501,1,1
2023HU0906757,5,501,1,1
2023HU0906839,1,501,1,1
2023HU0906839,2,501,1,1
2023HU0907021,1,35,3,1
2023HU0907021,2,35,3,1
2023HU0907092,1,393,2,1
2023HU0907092,2,393,2,1
2023HU0907092,3,393,2,1
2023HU0907092,4,393,2,1
2023HU0907092,5,393,2,1
2023HU0907092,6,393,2,1
2023HU0907148,1,501,1,1
2023HU0907148,2,501,1,1
2023HU0907148,3,501,1,1
2023HU0907148,4,501,1,1
2023HU0907196,1,76,3,1
2023HU0907206,1,71,3,1
2023HU0907482,1,397,1,1
2023HU0907482,2,397,1,1
2023HU0907482,3,397,1,1
2023HU0907661,1,251,2,1
2023HU0907689,1,178,3,1
2023HU0907689,2,178,3,1
2023HU0907692,1,261,3,1
2023HU0907822,1,501,3,1
2023HU0907822,2,501,3,1
2023HU0907825,1,84,1,1
2023HU0907825,2,26,1,1
2023HU0907825,3,84,1,1
2023HU0907825,4,84,1,1
2023HU0907984,1,501,1,1
2023HU0907984,2,501,1,1
2023HU0907984,3,501,1,1
2023HU0908017,1,501,2,1
2023HU0908017,2,501,2,1
2023HU0908050,1,501,3,1
2023HU0908050,2,501,3,1
2023HU0908050,3,0,3,1
2023HU0908127,1,501,1,1
2023HU0908127,2,501,1,1
2023HU0908466,1,501,1,1
2023HU0908466,2,501,1,1
2023HU0908466,3,501,1,1
2023HU0908528,1,384,4,1
2023HU0908528,2,384,4,1
2023HU0908528,3,384,4,1
2023HU0908528,4,384,4,1
2023HU0908528,5,384,4,1
2023HU0908660,1,45,3,1
2023HU0908660,2,45,3,1
2023HU0908660,3,45,3,1
2023HU0908902,1,453,1,1
2023HU0908902,2,207,1,1
2023HU0908913,1,453,2,1
2023HU0908913,2,453,2,1
2023HU0909057,1,501,1,1
2023HU0909057,2,501,1,1
2023HU0909109,1,416,2,1
2023HU0909109,2,230,2,1
2023HU0909153,1,467,1,1
2023HU0909153,2,467,1,1
2023HU0909153,3,467,1,1
2023HU0909153,4,467,1,1
2023HU0909197,1,501,2,1
2023HU0909197,2,501,2,1
2023HU0909259,1,432,1,1
2023HU0909259,2,432,1,1
2023HU0909259,3,432,1,1
2023HU0909267,1,422,1,1
2023HU0909267,2,422,1,1
2023HU0909267,3,422,1,1
2023HU0909267,4,422,1,1
2023HU0909267,5,422,1,1
2023HU0909267,6,422,1,1
2023HU0909326,1,83,3,1
2023HU0909581,1,382,2,1
2023HU0909683,1,501,3,1
2023HU0909693,1,167,3,1
2023HU0909693,2,167,3,1
2023HU0909693,3,167,3,1
2023HU0909824,1,501,1,1
2023HU0909824,2,501,1,1
2023HU0909845,1,328,2,1
2023HU0909845,2,328,2,1
2023HU0909845,3,328,2,1
2023HU0909845,4,328,2,1
2023HU0910019,1,501,2,1
2023HU0910019,2,501,2,1
2023HU0910143,1,263,1,1
2023HU0910143,2,263,1,1
2023HU0910328,1,169,2,1
2023HU0910328,2,169,2,1
2023HU0910328,3,169,2,1
2023HU0910386,1,501,3,1
2023HU0910386,2,390,3,1
2023HU0910481,1,378,2,1
2023HU0910667,1,501,1,1
2023HU0910793,1,153,2,1
2023HU0910947,1,142,1,1
2023HU0911010,1,357,1,1
2023HU0911010,2,357,1,1
2023HU0911010,3,357,1,1
2023HU0911010,4,357,1,1
2023HU0911010,5,357,1,1
2023HU0911033,1,501,1,1
2023HU0911033,2,501,1,1
2023HU0911035,1,501,1,1
2023HU0911035,2,501,1,1
2023HU0911035,3,501,1,1
2023HU0911035,4,501,1,1
2023HU0911249,1,13,3,1
2023HU0911335,1,501,1,1
2023HU0911335,2,501,1,1
2023HU0911335,3,501,1,1
2023HU0911335,4,501,1,1
2023HU0911398,1,137,3,1
2023HU0911427,1,501,2,1
2023HU0911427,2,501,2,1
2023HU0911427,3,501,2,1
2023HU0911427,4,501,2,1
2023HU0911523,1,501,3,1
2023HU0911641,1,210,3,1
2023HU0911641,2,210,3,1
2023HU0911641,3,210,3,1
2023HU0911641,4,210,3,1
2023HU0911667,1,435,2,1
2023HU0911667,2,435,2,1
2023HU0911667,3,435,2,1
2023HU0911667,4,435,2,1
2023HU0912161,1,501,1,1
2023HU0912161,2,501,1,1
2023HU0912161,3,501,1,1
2023HU0912161,4,501,1,1
2023HU0912161,5,501,1,1
2023HU0912191,1,501,1,1
2023HU0912210,1,501,1,1
2023HU0912210,2,501,1,1
2023HU0912392,1,223,1,1
2023HU0912392,2,223,1,1
2023HU0912392,3,223,1,1
2023HU0912780,1,501,1,1
2023HU0912780,2,501,1,1
2023HU0912780,3,501,1,1
2023HU0912808,1,69,3,1
2023HU0912808,2,69,3,1
2023HU0912859,1,66,3,1
2023HU0912859,2,141,3,1
2023HU0912920,1,501,1,1
2023HU0912920,2,501,1,1
2023HU0912920,3,501,1,1
2023HU0912920,4,501,1,1
2023HU0912920,5,501,1,1
2023HU0913082,1,326,1,1
2023HU0913082,2,326,1,1
2023HU0913111,1,501,1,1
2023HU0913111,2,501,1,1
2023HU0913233,1,501,1,1
2023HU0913233,2,501,1,1
2023HU0913243,1,64,1,1
2023HU0913243,2,226,1,1
2023HU0913268,1,369,2,1
2023HU0913268,2,369,2,1
2023HU0913270,1,501,1,1
2023HU0913535,1,501,1,1
2023HU0913535,2,501,1,1
2023HU0913535,3,501,1,1
2023HU0913535,4,501,1,1
2023HU0913535,5,501,1,1
2023HU0913535,6,501,1,1
2023HU0913535,7,501,1,1
2023HU0913619,1,125,4,1
2023HU0913693,1,81,1,1
2023HU0913693,2,81,1,1
2023HU0913693,3,81,1,1
2023HU0913707,1,296,2,1
2023HU0913707,2,296,2,1
2023HU0913775,1,247,3,1
2023HU0913788,1,498,1,1
2023HU0913788,2,498,1,1
2023HU0913885,1,317,3,1
2023HU0914052,1,0,2,1
2023HU0914103,1,501,3,1
2023HU0914103,2,501,3,1
2023HU0914192,1,496,3,1
2023HU0914192,2,496,3,1
2023HU0914192,3,496,3,1
2023HU0914192,4,496,3,1
2023HU0914226,1,190,3,1
2023HU0914405,1,501,2,1
2023HU0914405,2,501,2,1
2023HU0914405,3,501,2,1
2023HU0914405,4,501,2,1
2023HU0914420,1,64,3,1
2023HU0914442,1,501,2,1
2023HU0914522,1,501,1,1
2023HU0914522,2,501,1,1
2023HU0914522,3,501,1,1
2023HU0914529,1,501,2,1
2023HU0914529,2,501,2,1
2023HU0914529,3,501,2,1
2023HU0914567,1,501,1,1
2023HU0914623,1,206,2,1
2023HU0914623,2,206,2,1
2023HU0914623,3,206,2,1
2023HU0914623,4,206,2,1
2023HU0914665,1,501,3,1
2023HU0914671,1,439,2,1
2023HU0914780,1,501,1,1
2023HU0914780,2,501,1,1
2023HU0914865,1,131,2,1
2023HU0914865,2,131,2,1
2023HU0914923,1,42,2,1
2023HU0914923,2,42,2,1
2023HU0915031,1,439,3,1
2023HU0915031,2,439,3,1
2023HU0915031,3,439,3,1
2023HU0915157,1,501,3,1
2023HU0915381,1,436,2,1
2023HU0915381,2,436,2,1
2023HU0915518,1,347,1,1
2023HU0915518,2,347,1,1
2023HU0915601,1,340,2,1
2023HU0915601,2,340,2,1
2023HU0915601,3,340,2,1
2023HU0915720,1,70,4,1
2023HU0915815,1,352,2,1
2023HU0915815,2,352,2,1
2023HU0915828,1,501,1,1
2023HU0915828,2,501,1,1
2023HU0915828,3,501,1,1
2023HU0915828,4,501,1,1
2023HU0915828,5,501,1,1
2023HU0916569,1,501,1,1
2023HU0916575,1,0,3,1
2023HU0916647,1,319,3,1
2023HU0916728,1,501,1,1
2023HU0916767,1,501,1,1
2023HU0916767,2,427,1,1
2023HU0917012,1,123,3,1
2023HU0917053,1,501,1,1
2023HU0917053,2,501,1,1
2023HU0917053,3,501,1,1
2023HU0917107,1,501,3,1
2023HU0917281,1,418,2,1
2023HU0917281,2,418,2,1
2023HU0917515,1,39,2,1
2023HU0917515,2,384,2,1
2023HU0917661,1,165,2,1
2023HU0917680,1,349,3,1
2023HU0917806,1,501,3,1
2023HU0917917,1,89,3,1
2023HU0917978,1,501,1,1
2023HU0917978,2,501,1,1
2023HU0917978,3,501,1,1
2023HU0917978,4,501,1,1
2023HU0918023,1,449,3,1
2023HU0918023,2,501,3,1
2023HU0918084,1,473,2,1
2023HU0918084,2,473,2,1
2023HU0918107,1,62,3,1
2023HU0918107,2,62,3,1
2023HU0918107,3,62,3,1
2023HU0918107,4,62,3,1
2023HU0918107,5,62,3,1
2023HU0918107,6,62,3,1
2023HU0918114,1,501,1,1
2023HU0918250,1,174,3,1
2023HU0918282,1,75,3,1
2023HU0918349,1,501,3,1
2023HU0918438,1,165,2,1
2023HU0918438,2,165,2,1
2023HU0918438,3,165,2,1
2023HU0918438,4,165,2,1
2023HU0918438,5,165,2,1
2023HU0918488,1,501,2,1
2023HU0918734,1,501,3,1
2023HU0918762,1,180,1,1
2023HU0918766,1,194,3,1
2023HU0918812,1,501,2,1
2023HU0918812,2,501,2,1
2023HU0918889,1,59,3,1
2023HU0918996,1,501,1,1
2023HU0919002,1,350,1,1
2023HU0919002,2,193,1,1
2023HU0919002,3,350,1,1
2023HU0919002,4,350,1,1
2023HU0919002,5,350,1,1
2023HU0919018,1,501,1,1
2023HU0919018,2,501,1,1
2023HU0919087,1,0,3,1
2023HU0919200,1,501,2,1
2023HU0919200,2,501,2,1
2023HU0919200,3,501,2,1
2023HU0919200,4,501,2,1
2023HU0919251,1,501,3,1
2023HU0919328,1,501,1,1
2023HU0919447,1,501,1,1
2023HU0919494,1,222,3,1
2023HU0919494,2,317,3,1
2023HU0919637,1,501,3,1
2023HU0919637,2,501,3,1
2023HU0919719,1,176,3,1
2023HU0919719,2,176,3,1
2023HU0919719,3,176,3,1
2023HU0919719,4,176,3,1
2023HU0919907,1,501,2,1
2023HU0919907,2,501,2,1
2023HU0920117,1,28,1,1
2023HU0920117,2,28,1,1
2023HU0920117,3,28,1,1
2023HU0920275,1,280,3,1
2023HU0920275,2,280,3,1
2023HU0920275,3,280,3,1
2023HU0920279,1,501,1,1
2023HU0920279,2,501,1,1
2023HU0920279,3,501,1,1
2023HU0920316,1,255,3,1
2023HU0920322,1,70,3,1
2023HU0920463,1,132,3,1
2023HU0920500,1,372,3,1
2023HU0920500,2,143,3,1
2023HU0920576,1,501,3,1
2023HU0920576,2,501,3,1
2023HU0920599,1,324,3,1
2023HU0920895,1,350,2,1
2023HU0920895,2,350,2,1
2023HU0920895,3,350,2,1
2023HU0920895,4,350,2,1
2023HU0920918,1,27,3,1
2023HU0921041,1,222,3,1
2023HU0921046,1,501,1,1
2023HU0921046,2,501,1,1
2023HU0921046,3,501,1,1
2023HU0921114,1,501,2,1
2023HU0921114,2,501,2,1
2023HU0921114,3,501,2,1
2023HU0921125,1,501,2,1
2023HU0921305,1,388,1,1
2023HU0921312,1,501,1,1
2023HU0921312,2,501,1,1
2023HU0921362,1,1,2,1
2023HU0921362,2,1,2,1
2023HU0921362,3,1,2,1
2023HU0921440,1,293,1,1
2023HU0921440,2,293,1,1
2023HU0921440,3,293,1,1
2023HU0921440,4,293,1,1
2023HU0921692,1,314,1,1
2023HU0921692,2,314,1,1
2023HU0921692,3,314,1,1
2023HU0921692,4,314,1,1
2023HU0921769,1,501,1,1
2023HU0921769,2,501,1,1
2023HU0921769,3,501,1,1
2023HU0921774,1,501,1,1
2023HU0921774,2,501,1,1
2023HU0922113,1,253,1,1
2023HU0922113,2,253,1,1
2023HU0922113,3,253,1,1
2023HU0922113,4,253,1,1
2023HU0922113,5,253,1,1
2023HU0922113,6,,1,1
2023HU0922162,1,314,2,1
2023HU0922332,1,0,3,1
2023HU0922389,1,91,2,1
2023HU0922426,1,501,2,1
2023HU0922426,2,501,2,1
2023HU0922426,3,501,2,1
2023HU0922432,1,406,1,1
2023HU0922438,1,501,3,1
2023HU0922507,1,501,1,1
2023HU0922507,2,501,1,1
2023HU0922507,3,501,1,1
2023HU0922507,4,501,1,1
2023HU0922518,1,501,3,1
2023HU0922518,2,501,3,1
2023HU0922538,1,175,3,1
2023HU0922538,2,0,3,1
2023HU0922538,3,175,3,1
2023HU0922635,1,501,1,1
2023HU0922635,2,501,1,1
2023HU0922986,1,501,2,1
2023HU0922986,2,501,2,1
2023HU0923208,1,306,1,1
2023HU0923208,2,306,1,1
2023HU0923208,3,306,1,1
2023HU0923208,4,306,1,1
2023HU0923208,5,306,1,1
2023HU0923465,1,454,3,1
2023HU0923513,1,501,2,1
2023HU0923513,2,0,2,1
2023HU0923591,1,198,1,1
2023HU0923591,2,198,1,1
2023HU0923591,3,198,1,1
2023HU0923886,1,428,2,1
2023HU0923886,2,428,2,1
2023HU0923886,3,428,2,1
2023HU0924077,1,501,1,1
2023HU0924077,2,501,1,1
2023HU0924148,1,501,1,1
2023HU0924148,2,501,1,1
2023HU0924148,3,501,1,1
2023HU0924148,4,501,1,1
2023HU0924272,1,501,1,1
2023HU0924272,2,501,1,1
2023HU0924272,3,501,1,1
2023HU0924272,4,501,1,1
2023HU0924272,5,501,1,1
2023HU0924296,1,122,2,1
2023HU0924296,2,122,2,1
2023HU0924296,3,122,2,1
2023HU0924475,1,501,1,1
2023HU0924475,2,501,1,1
2023HU0924475,3,501,1,1
2023HU0924692,1,334,2,1
2023HU0925065,1,501,1,1
2023HU0925065,2,501,1,1
2023HU0925147,1,265,3,1
2023HU0925147,2,265,3,1
2023HU0925242,1,501,3,1
2023HU0925322,1,119,2,1
2023HU0925351,1,109,3,1
2023HU0925351,2,109,3,1
2023HU0925351,3,109,3,1
2023HU0925362,1,371,2,1
2023HU0925613,1,501,1,1
2023HU0925613,2,501,1,1
2023HU0925613,3,501,1,1
2023HU0925674,1,107,3,1
2023HU0925674,2,107,3,1
2023HU0925674,3,107,3,1
2023HU0925674,4,107,3,1
2023HU0925757,1,212,2,1
2023HU0925761,1,501,1,1
2023HU0925782,1,133,3,1
2023HU0925782,2,133,3,1
2023HU0925782,3,133,3,1
2023HU0925782,4,133,3,1
2023HU0925782,5,133,3,1
2023HU0925806,1,262,3,1
2023HU0925807,1,501,1,1
2023HU0925939,1,501,3,1
2023HU0925939,2,501,3,1
2023HU0926064,1,311,1,1
2023HU0926064,2,449,1,1
2023HU0926165,1,501,1,1
2023HU0926165,2,501,1,1
2023HU0926502,1,501,1,1
2023HU0926516,1,501,2,1
2023HU0926516,2,501,2,1
2023HU0926549,1,94,3,1
2023HU0926549,2,94,3,1
2023HU0926549,3,94,3,1
2023HU0926549,4,94,3,1
2023HU0926955,1,154,1,1
2023HU0926955,2,154,1,1
2023HU0926955,3,154,1,1
2023HU0926955,4,154,1,1
2023HU0926955,5,154,1,1
2023HU0927221,1,501,3,1
2023HU0927302,1,400,3,1
2023HU0927436,1,344,3,1
2023HU0927436,2,204,3,1
2023HU0927544,1,501,1,1
2023HU0927544,2,501,1,1
2023HU0927594,1,0,3,1
2023HU0927740,1,84,2,1
2023HU0927740,2,84,2,1
2023HU0927740,3,84,2,1
2023HU0927740,4,84,2,1
2023HU0927743,1,501,1,1
2023HU0927743,2,501,1,1
2023HU0927743,3,501,1,1
2023HU0927743,4,501,1,1
2023HU0927743,5,501,1,1
2023HU0927806,1,0,3,1
2023HU0927806,2,0,3,1
2023HU0927806,3,4,3,1
2023HU0927824,1,130,2,1
2023HU0927851,1,501,3,1
2023HU0927851,2,501,3,1
2023HU0928200,1,411,1,1
2023HU0928200,2,411,1,1
2023HU0928200,3,411,1,1
2023HU0928200,4,411,1,1
2023HU0928307,1,202,3,1
2023HU0928421,1,501,3,1
2023HU0928421,2,501,3,1
2023HU0928540,1,501,2,1
2023HU0928540,2,501,2,1
2023HU0928618,1,282,1,1
2023HU0928618,2,282,1,1
2023HU0928618,3,282,1,1
2023HU0928618,4,282,1,1
2023HU0928618,5,282,1,1
2023HU0928618,6,282,1,1
2023HU0928618,7,282,1,1
2023HU0928618,8,282,1,1
2023HU0928618,9,282,1,1
2023HU0928618,10,282,1,1
2023HU0928675,1,501,2,1
2023HU0928675,2,501,2,1
2023HU0928733,1,501,1,1
2023HU0928733,2,501,1,1
2023HU0928733,3,501,1,1
2023HU0929090,1,261,1,1
2023HU0929090,2,225,1,1
2023HU0929101,1,501,1,1
2023HU0929101,2,501,1,1
2023HU0929361,1,501,3,1
2023HU0929361,2,501,3,1
2023HU0929434,1,259,1,1
2023HU0929434,2,259,1,1
2023HU0929663,1,322,3,1
2023HU0929769,1,33,3,1
2023HU0929776,1,258,3,1
2023HU0929776,2,258,3,1
2023HU0929844,1,295,1,1
2023HU0929844,2,295,1,1
2023HU0929966,1,217,3,1
2023HU0930087,1,200,3,1
2023HU0930363,1,20,3,1
2023HU0930363,2,20,3,1
2023HU0930363,3,20,3,1
2023HU0930363,4,20,3,1
2023HU0930363,5,20,3,1
2023HU0930462,1,324,2,1
2023HU0930655,1,92,2,1
2023HU0930718,1,501,1,1
2023HU0930718,2,501,1,1
2023HU0930735,1,258,3,1
2023HU0930735,2,92,3,1
2023HU0930735,3,101,3,1
2023HU0930775,1,501,1,1
2023HU0930775,2,501,1,1
2023HU0930926,1,501,2,1
2023HU0930926,2,501,2,1
2023HU0931583,1,501,3,1
2023HU0931597,1,107,3,1
2023HU0931597,2,107,3,1
2023HU0931642,1,89,3,1
2023HU0932006,1,296,2,1
2023HU0932006,2,296,2,1
2023HU0932140,1,244,1,1
2023HU0932140,2,244,1,1
2023HU0932226,1,461,3,1
2023HU0932311,1,501,1,1
2023HU0932311,2,501,1,1
2023HU0932325,1,316,3,1
2023HU0932333,1,173,3,1
2023HU0932333,2,173,3,1
2023HU0932403,1,501,3,1
2023HU0932403,2,501,3,1
2023HU0932435,1,501,2,1
2023HU0932435,2,501,2,1
2023HU0932440,1,81,3,1
2023HU0932440,2,81,3,1
2023HU0932495,1,501,1,1
2023HU0932495,2,501,1,1
2023HU0932976,1,501,1,1
2023HU0932976,2,501,1,1
2023HU0932976,3,501,1,1
2023HU0932976,4,501,1,1
2023HU0933225,1,107,1,1
2023HU0933225,2,107,1,1
2023HU0933225,3,107,1,1
2023HU0933225,4,107,1,1
2023HU0933225,5,107,1,1
2023HU0933248,1,115,3,1
2023HU0933383,1,501,3,1
2023HU0933432,1,501,3,1
2023HU0933432,2,501,3,1
2023HU0933603,1,501,4,1
2023HU0934021,1,99,3,1
2023HU0934021,2,31,3,1
2023HU0934151,1,410,1,1
2023HU0934151,2,410,1,1
2023HU0934151,3,410,1,1
2023HU0934151,4,410,1,1
2023HU0934211,1,266,1,1
2023HU0934211,2,266,1,1
2023HU0934240,1,447,1,1
2023HU0934240,2,447,1,1
2023HU0934240,3,447,1,1
2023HU0934240,4,447,1,1
2023HU0934240,5,447,1,1
2023HU0934464,1,501,2,1
2023HU0934522,1,501,1,1
2023HU0934522,2,501,1,1
2023HU0934522,3,501,1,1
2023HU0934563,1,234,1,1
2023HU0934563,2,234,1,1
2023HU0934801,1,42,1,1
2023HU0934801,2,42,1,1
2023HU0934801,3,42,1,1
2023HU0934865,1,413,3,1
2023HU0934865,2,413,3,1
2023HU0934865,3,413,3,1
2023HU0934865,4,413,3,1
2023HU0935019,1,414,2,1
2023HU0935458,1,501,1,1
2023HU0935512,1,117,3,1
2023HU0935658,1,398,3,1
2023HU0935658,2,398,3,1
2023HU0935721,1,501,1,1
2023HU0935721,2,501,1,1
2023HU0935721,3,501,1,1
2023HU0935721,4,501,1,1
2023HU0935921,1,175,2,1
2023HU0936039,1,501,1,1
2023HU0936039,2,501,1,1
2023HU0936083,1,499,3,1
2023HU0936089,1,4,1,1
2023HU0936089,2,4,1,1
2023HU0936089,3,4,1,1
2023HU0936089,4,4,1,1
2023HU0936089,5,4,1,1
2023HU0936092,1,412,1,1
2023HU0936092,2,412,1,1
2023HU0936334,1,459,1,1
2023HU0936334,2,459,1,1
2023HU0936334,3,459,1,1
2023HU0936380,1,66,3,1
2023HU0936422,1,501,3,1
2023HU0936422,2,501,3,1
2023HU0936653,1,452,2,1
2023HU0936653,2,452,2,1
2023HU0936841,1,260,2,1
2023HU0936877,1,307,3,1
2023HU0936877,2,307,3,1
2023HU0936902,1,106,2,1
2023HU0936908,1,320,3,1
2023HU0936952,1,501,1,1
2023HU0937079,1,367,1,1
2023HU0937079,2,367,1,1
2023HU0937079,3,367,1,1
2023HU0937110,1,260,1,1
2023HU0937110,2,442,1,1
2023HU0937284,1,335,1,1
2023HU0937284,2,335,1,1
2023HU0937518,1,308,3,1
2023HU0937518,2,308,3,1
2023HU0937518,3,308,3,1
2023HU0937518,4,308,3,1
2023HU0937533,1,484,1,1
2023HU0937550,1,159,3,1
2023HU0937677,1,501,1,1
2023HU0937728,1,501,1,1
2023HU0937815,1,268,3,1
2023HU0937815,2,268,3,1
2023HU0937840,1,499,2,1
2023HU0937840,2,499,2,1
2023HU0937870,1,501,1,1
2023HU0938043,1,501,3,1
2023HU0938043,2,501,3,1
2023HU0938256,1,501,1,1
2023HU0938468,1,207,3,1
2023HU0938468,2,207,3,1
2023HU0938468,3,207,3,1
2023HU0938468,4,205,3,1
2023HU0938498,1,469,1,1
2023HU0938511,1,501,1,1
2023HU0938511,2,501,1,1
2023HU0938511,3,501,1,1
2023HU0938511,4,501,1,1
2023HU0938522,1,501,2,1
2023HU0938522,2,501,2,1
2023HU0938522,3,501,2,1
2023HU0938904,1,501,1,1
2023HU0938904,2,501,1,1
2023HU0938904,3,501,1,1
2023HU0938904,4,501,1,1
2023HU0938904,5,501,1,1
2023HU0938920,1,501,3,1
2023HU0938920,2,501,3,1
2023HU0938920,3,501,3,1
2023HU0938962,1,448,3,1
2023HU0938962,2,448,3,1
2023HU0938962,3,448,3,1
2023HU0938962,4,448,3,1
2023HU0938962,5,448,3,1
2023HU0938989,1,501,2,1
2023HU0938989,2,501,2,1
2023HU0939101,1,428,3,1
2023HU0939101,2,428,3,1
2023HU0939101,3,428,3,1
2023HU0939101,4,428,3,1
2023HU0939143,1,461,1,1
2023HU0939143,2,461,1,1
2023HU0939143,3,461,1,1
2023HU0939173,1,393,3,1
2023HU0939173,2,393,3,1
2023HU0939195,1,501,1,1
2023HU0939195,2,501,1,1
2023HU0939195,3,501,1,1
2023HU0939195,4,501,1,1
2023HU0939195,5,501,1,1
2023HU0939226,1,355,3,1
2023HU0939517,1,312,2,1
2023HU0939517,2,312,2,1
2023HU0939719,1,501,1,1
2023HU0939719,2,501,1,1
2023HU0939719,3,501,1,1
2023HU0939719,4,501,1,1
2023HU0939794,1,501,1,1
2023HU0939794,2,501,1,1
2023HU0939837,1,191,1,1
2023HU0939837,2,191,1,1
2023HU0939885,1,216,2,1
2023HU0940005,1,501,1,1
2023HU0940005,2,501,1,1
2023HU0940074,1,501,1,1
2023HU0940074,2,501,1,1
2023HU0940213,1,501,2,1
2023HU0940357,1,151,2,1
2023HU0940357,2,151,2,1
2023HU0940357,3,151,2,1
2023HU0940450,1,8,3,1
2023HU0940560,1,319,1,1
2023HU0940693,1,101,3,1
2023HU0940693,2,101,3,1
2023HU0940735,1,165,1,1
2023HU0940735,2,165,1,1
2023HU0940735,3,165,1,1
2023HU0940735,4,165,1,1
2023HU0940735,5,165,1,1
2023HU0940766,1,501,2,1
2023HU0940766,2,501,2,1
2023HU0940766,3,501,2,1
2023HU0940798,1,268,3,1
2023HU0940798,2,268,3,1
2023HU0940891,1,224,2,1
2023HU0940891,2,313,2,1
2023HU0940932,1,395,2,1
2023HU0940998,1,27,1,1
2023HU0940998,2,83,1,1
2023HU0940998,3,27,1,1
2023HU0940998,4,320,1,1
2023HU0940998,5,,1,1
2023HU0940998,6,,1,1
2023HU0941303,1,169,3,1
2023HU0941303,2,169,3,1
2023HU0941303,3,169,3,1
2023HU0941303,4,169,3,1
2023HU0941303,5,169,3,1
2023HU0941542,1,501,2,1
2023HU0941542,2,501,2,1
2023HU0941604,1,307,1,1
2023HU0941604,2,307,1,1
2023HU0941604,3,307,1,1
2023HU0941604,4,307,1,1
2023HU0941604,5,307,1,1
2023HU0941664,1,501,1,1
2023HU0941664,2,501,1,1
2023HU0941731,1,448,2,1
2023HU0941731,2,448,2,1
2023HU0941731,3,448,2,1
2023HU0941777,1,380,2,1
2023HU0941777,2,32,2,1
2023HU0941777,3,380,2,1
2023HU0941777,4,380,2,1
2023HU0941777,5,380,2,1
2023HU0941777,6,0,2,1
2023HU0941777,7,,2,1
2023HU0941777,8,,2,1
2023HU0941778,1,416,1,1
2023HU0941778,2,416,1,1
2023HU0941778,3,416,1,1
2023HU0941778,4,416,1,1
2023HU0941778,5,0,1,1
2023HU0941863,1,222,3,1
2023HU0941863,2,222,3,1
2023HU0941964,1,328,3,1
2023HU0941984,1,501,1,1
2023HU0941984,2,501,1,1
2023HU0941985,1,181,2,1
2023HU0941985,2,181,2,1
2023HU0941991,1,358,3,1
2023HU0942378,1,5,3,1
2023HU0942378,2,5,3,1
2023HU0942378,3,5,3,1
2023HU0942378,4,5,3,1
2023HU0942764,1,38,1,1
2023HU0942764,2,167,1,1
2023HU0942909,1,0,3,1
2023HU0942921,1,437,1,1
2023HU0942921,2,437,1,1
2023HU0942921,3,437,1,1
2023HU0942977,1,439,3,1
2023HU0942977,2,439,3,1
2023HU0942977,3,439,3,1
2023HU0942977,4,439,3,1
2023HU0943246,1,401,1,1
2023HU0943246,2,401,1,1
2023HU0943292,1,396,3,1
2023HU0943356,1,501,1,1
2023HU0943356,2,501,1,1
2023HU0943356,3,501,1,1
2023HU0943356,4,501,1,1
2023HU0943356,5,501,1,1
2023HU0943565,1,286,3,1
2023HU0943734,1,501,1,1
2023HU0943799,1,501,4,1
2023HU0943979,1,501,3,1
2023HU0944071,1,489,2,1
2023HU0944071,2,489,2,1
2023HU0944198,1,315,2,1
2023HU0944198,2,315,2,1
2023HU0944249,1,411,3,1
2023HU0944249,2,474,3,1
2023HU0944249,3,6,3,1
2023HU0944252,1,128,3,1
2023HU0944252,2,128,3,1
2023HU0944256,1,501,1,1
2023HU0944256,2,501,1,1
2023HU0944256,3,501,1,1
2023HU0944256,4,501,1,1
2023HU0944256,5,501,1,1
2023HU0944267,1,360,2,1
2023HU0944302,1,501,1,1
2023HU0944302,2,501,1,1
2023HU0944302,3,501,1,1
2023HU0944302,4,501,1,1
2023HU0944302,5,501,1,1
2023HU0944393,1,296,1,1
2023HU0944393,2,283,1,1
2023HU0944446,1,358,2,1
2023HU0944446,2,358,2,1
2023HU0944446,3,358,2,1
2023HU0944446,4,358,2,1
2023HU0944446,5,358,2,1
2023HU0944446,6,358,2,1
2023HU0944455,1,501,2,1
2023HU0944455,2,501,2,1
2023HU0944674,1,501,1,1
2023HU0944690,1,445,2,1
2023HU0944693,1,290,2,1
2023HU0944693,2,290,2,1
2023HU0944731,1,501,3,1
2023HU0944731,2,501,3,1
2023HU0944774,1,164,3,1
2023HU0944843,1,35,3,1
2023HU0944843,2,32,3,1
2023HU0944846,1,501,1,1
2023HU0944846,2,501,1,1
2023HU0944846,3,501,1,1
2023HU0944889,1,299,1,1
2023HU0945003,1,501,2,1
2023HU0945010,1,199,1,1
2023HU0945010,2,199,1,1
2023HU0945010,3,199,1,1
2023HU0945082,1,501,1,1
2023HU0945082,2,501,1,1
2023HU0945082,3,501,1,1
2023HU0945082,4,501,1,1
2023HU0945082,5,501,1,1
2023HU0945082,6,501,1,1
2023HU0945082,7,501,1,1
2023HU0945100,1,501,2,1
2023HU0945100,2,501,2,1
2023HU0945121,1,292,3,1
2023HU0945121,2,292,3,1
2023HU0945121,3,292,3,1
2023HU0945121,4,292,3,1
2023HU0945121,5,0,3,1
2023HU0945133,1,501,1,1
2023HU0945133,2,501,1,1
2023HU0945133,3,501,1,1
2023HU0945139,1,501,1,1
2023HU0945139,2,501,1,1
2023HU0945194,1,130,1,1
2023HU0945194,2,130,1,1
2023HU0945194,3,130,1,1
2023HU0945219,1,286,1,1
2023HU0945219,2,286,1,1
2023HU0945303,1,501,3,1
2023HU0945303,2,501,3,1
2023HU0945357,1,362,3,1
2023HU0945424,1,501,1,1
2023HU0945424,2,501,1,1
2023HU0945424,3,501,1,1
2023HU0945424,4,501,1,1
2023HU0945440,1,351,1,1
2023HU0945440,2,204,1,1
2023HU0945463,1,108,2,1
2023HU0945463,2,108,2,1
2023HU0945463,3,108,2,1
2023HU0945463,4,108,2,1
2023HU0945463,5,108,2,1
2023HU0945463,6,108,2,1
2023HU0945463,7,108,2,1
2023HU0945463,8,108,2,1
2023HU0945520,1,501,1,1
2023HU0945520,2,501,1,1
2023HU0945554,1,172,2,1
2023HU0945554,2,172,2,1
2023HU0945567,1,209,3,1
2023HU0945885,1,371,3,1
2023HU0945885,2,371,3,1
2023HU0945978,1,501,1,1
2023HU0945978,2,501,1,1
2023HU0945978,3,501,1,1
2023HU0945978,4,501,1,1
2023HU0946152,1,402,2,1
2023HU0946153,1,501,1,1
2023HU0946273,1,444,3,1
2023HU0946273,2,177,3,1
2023HU0946286,1,501,1,1
2023HU0946286,2,501,1,1
2023HU0946286,3,501,1,1
2023HU0946286,4,501,1,1
2023HU0946286,5,501,1,1
2023HU0946286,6,501,1,1
2023HU0946286,7,501,1,1
2023HU0946307,1,501,2,1
2023HU0946307,2,501,2,1
2023HU0946311,1,294,2,1
2023HU0946354,1,501,1,1
2023HU0946354,2,501,1,1
2023HU0946354,3,501,1,1
2023HU0946354,4,501,1,1
2023HU0946469,1,211,1,1
2023HU0946469,2,0,1,1
2023HU0946597,1,245,3,1
2023HU0946597,2,245,3,1
2023HU0946821,1,67,2,1
2023HU0946821,2,67,2,1
2023HU0946945,1,329,1,1
2023HU0946945,2,329,1,1
2023HU0946945,3,329,1,1
2023HU0946945,4,329,1,1
2023HU0946945,5,329,1,1
2023HU0947063,1,47,3,1
2023HU0947143,1,456,2,1
2023HU0947143,2,456,2,1
2023HU0947143,3,456,2,1
2023HU0947164,1,104,3,1
2023HU0947196,1,501,1,1
2023HU0947196,2,501,1,1
2023HU0947279,1,501,1,1
2023HU0947279,2,501,1,1
2023HU0947279,3,501,1,1
2023HU0947287,1,440,3,1
2023HU0947287,2,501,3,1
2023HU0947289,1,404,3,1
2023HU0947289,2,404,3,1
2023HU0947386,1,222,2,1
2023HU0947413,1,285,3,1
2023HU0947413,2,285,3,1
2023HU0947471,1,501,3,1
2023HU0947771,1,217,1,1
2023HU0947771,2,217,1,1
2023HU0947771,3,217,1,1
2023HU0947777,1,396,1,1
2023HU0947777,2,396,1,1
2023HU0947897,1,247,3,1
2023HU0947897,2,247,3,1
2023HU0947915,1,413,3,1
2023HU0947973,1,501,1,1
2023HU0947973,2,501,1,1
2023HU0947973,3,501,1,1
2023HU0948019,1,21,3,1
2023HU0948031,1,141,3,1
2023HU0948031,2,64,3,1
2023HU0948041,1,188,1,1
2023HU0948041,2,188,1,1
2023HU0948101,1,161,3,1
2023HU0948257,1,406,3,1
2023HU0948257,2,406,3,1
2023HU0948257,3,177,3,1
2023HU0948257,4,231,3,1
2023HU0948345,1,310,3,1
2023HU0948367,1,501,1,1
2023HU0948759,1,501,2,1
2023HU0948759,2,501,2,1
2023HU0948759,3,501,2,1
2023HU0948759,4,501,2,1
2023HU0948759,5,501,2,1
2023HU0948759,6,501,2,1
2023HU0948839,1,292,1,1
2023HU0948839,2,292,1,1
2023HU0948997,1,0,3,1
2023HU0949079,1,501,1,1
2023HU0949079,2,501,1,1
2023HU0949173,1,190,3,1
2023HU0949216,1,501,2,1
2023HU0949216,2,501,2,1
2023HU0949270,1,501,1,1
2023HU0949270,2,501,1,1
2023HU0949270,3,501,1,1
2023HU0949306,1,501,1,1
2023HU0949306,2,501,1,1
2023HU0949314,1,114,1,1
2023HU0949365,1,129,3,1
2023HU0949381,1,501,1,1
2023HU0949518,1,501,1,1
2023HU0949518,2,501,1,1
2023HU0949541,1,501,3,1
2023HU0949541,2,501,3,1
2023HU0949586,1,299,2,1
2023HU0949615,1,203,4,1
2023HU0949998,1,501,3,1
2023HU0950350,1,501,1,1
2023HU0950350,2,501,1,1
2023HU0950350,3,501,1,1
2023HU0950358,1,501,3,1
2023HU0950481,1,21,3,1
2023HU0950481,2,249,3,1
2023HU0950481,3,21,3,1
2023HU0950481,4,21,3,1
2023HU0950481,5,21,3,1
2023HU0950481,6,21,3,1
2023HU0950503,1,343,3,1
2023HU0950516,1,313,1,1
2023HU0950516,2,224,1,1
2023HU0950541,1,246,3,1
2023HU0950581,1,501,1,1
2023HU0950581,2,501,1,1
2023HU0950581,3,501,1,1
2023HU0950581,4,501,1,1
2023HU0950700,1,100,3,1
2023HU0950714,1,501,1,1
2023HU0950714,2,501,1,1
2023HU0950715,1,199,2,1
2023HU0950732,1,501,1,1
2023HU0950732,2,501,1,1
2023HU0950790,1,501,1,1
2023HU0950790,2,501,1,1
2023HU0950790,3,501,1,1
2023HU0950790,4,501,1,1
2023HU0950979,1,501,1,1
2023HU0950980,1,316,3,1
2023HU0951047,1,212,3,1
2023HU0951047,2,212,3,1
2023HU0951047,3,212,3,1
2023HU0951047,4,212,3,1
2023HU0951047,5,212,3,1
2023HU0951047,6,212,3,1
2023HU0951123,1,501,1,1
2023HU0951139,1,501,1,1
2023HU0951139,2,501,1,1
2023HU0951139,3,501,1,1
2023HU0951233,1,373,2,1
2023HU0951233,2,373,2,1
2023HU0951295,1,501,1,1
2023HU0951295,2,501,1,1
2023HU0951295,3,501,1,1
2023HU0951295,4,501,1,1
2023HU0951423,1,153,2,1
2023HU0951483,1,501,1,1
2023HU0951483,2,501,1,1
2023HU0951483,3,501,1,1
2023HU0951836,1,241,3,1
2023HU0951906,1,389,2,1
2023HU0951906,2,389,2,1
2023HU0951906,3,389,2,1
2023HU0952061,1,501,1,1
2023HU0952061,2,501,1,1
2023HU0952061,3,501,1,1
2023HU0952169,1,501,1,1
2023HU0952169,2,501,1,1
2023HU0952169,3,501,1,1
2023HU0952169,4,501,1,1
2023HU0952183,1,501,1,1
2023HU0952183,2,501,1,1
2023HU0952183,3,501,1,1
2023HU0952297,1,319,3,1
2023HU0952390,1,433,1,1
2023HU0952390,2,433,1,1
2023HU0952390,3,433,1,1
2023HU0952390,4,433,1,1
2023HU0952390,5,433,1,1
2023HU0952409,1,438,2,1
2023HU0952409,2,438,2,1
2023HU0952499,1,501,2,1
2023HU0952499,2,501,2,1
2023HU0952543,1,360,2,1
2023HU0952543,2,360,2,1
2023HU0952543,3,360,2,1
2023HU0952543,4,360,2,1
2023HU0952588,1,266,2,1
2023HU0952588,2,266,2,1
2023HU0952588,3,266,2,1
2023HU0952636,1,501,3,1
2023HU0952647,1,14,1,1
2023HU0952648,1,501,1,1
2023HU0952648,2,501,1,1
2023HU0952686,1,76,1,1
2023HU0952686,2,76,1,1
2023HU0952715,1,0,3,1
2023HU0952715,2,0,3,1
2023HU0952715,3,0,3,1
2023HU0952715,4,0,3,1
2023HU0952722,1,439,1,1
2023HU0952722,2,439,1,1
2023HU0952946,1,135,1,1
2023HU0952946,2,135,1,1
2023HU0952946,3,135,1,1
2023HU0952946,4,135,1,1
2023HU0952946,5,135,1,1
2023HU0952946,6,135,1,1
2023HU0952965,1,367,2,1
2023HU0952965,2,367,2,1
2023HU0953046,1,501,4,1
2023HU0953094,1,10,3,1
2023HU0953126,1,501,1,1
2023HU0953126,2,501,1,1
2023HU0953126,3,501,1,1
2023HU0953126,4,501,1,1
2023HU0953204,1,253,2,1
2023HU0953204,2,253,2,1
2023HU0953340,1,307,1,1
2023HU0953883,1,501,1,1
2023HU0953883,2,501,1,1
2023HU0953883,3,501,1,1
2023HU0953883,4,501,1,1
2023HU0953914,1,302,3,1
2023HU0953914,2,302,3,1
2023HU0954033,1,357,2,1
2023HU0954080,1,255,3,1
2023HU0954102,1,98,3,1
2023HU0954298,1,501,1,1
2023HU0954298,2,501,1,1
2023HU0954298,3,501,1,1
2023HU0954298,4,501,1,1
2023HU0954298,5,501,1,1
2023HU0954298,6,501,1,1
2023HU0954373,1,255,1,1
2023HU0954373,2,255,1,1
2023HU0954373,3,255,1,1
2023HU0954373,4,255,1,1
2023HU0954373,5,255,1,1
2023HU0954508,1,501,1,1
2023HU0954508,2,501,1,1
2023HU0954517,1,501,2,1
2023HU0954517,2,501,2,1
2023HU0954520,1,501,2,1
2023HU0954558,1,394,3,1
2023HU0954558,2,394,3,1
2023HU0954558,3,394,3,1
2023HU0954558,4,394,3,1
2023HU0954627,1,496,1,1
2023HU0954627,2,496,1,1
2023HU0954790,1,432,3,1
2023HU0954790,2,419,3,1
2023HU0955117,1,501,1,1
2023HU0955117,2,501,1,1
2023HU0955117,3,501,1,1
2023HU0955117,4,501,1,1
2023HU0955173,1,363,2,1
2023HU0955173,2,363,2,1
2023HU0955173,3,363,2,1
2023HU0955173,4,363,2,1
2023HU0955173,5,363,2,1
2023HU0955173,6,363,2,1
2023HU0955173,7,363,2,1
2023HU0955173,8,363,2,1
2023HU0955190,1,455,3,1
2023HU0955241,1,355,1,1
2023HU0955241,2,355,1,1
2023HU0955383,1,294,3,1
2023HU0955383,2,294,3,1
2023HU0955468,1,501,1,1
2023HU0955468,2,501,1,1
2023HU0955533,1,160,1,1
2023HU0955599,1,411,1,1
2023HU0955599,2,411,1,1
2023HU0955599,3,411,1,1
2023HU0955599,4,411,1,1
2023HU0955658,1,501,2,1
2023HU0955658,2,501,2,1
2023HU0955664,1,501,1,1
2023HU0955977,1,405,3,1
2023HU0955977,2,66,3,1
2023HU0955977,3,405,3,1
2023HU0955977,4,405,3,1
2023HU0956107,1,0,3,1
2023HU0956160,1,499,2,1
2023HU0956428,1,35,2,1
2023HU0956498,1,327,2,1
2023HU0956527,1,117,3,1
2023HU0956709,1,134,1,1
2023HU0956709,2,134,1,1
2023HU0956709,3,134,1,1
2023HU0956759,1,428,3,1
2023HU0956774,1,80,2,1
2023HU0956774,2,80,2,1
2023HU0956774,3,80,2,1
2023HU0956849,1,501,1,1
2023HU0956849,2,501,1,1
2023HU0956909,1,258,3,1
2023HU0956914,1,501,2,1
2023HU0956914,2,501,2,1
2023HU0956914,3,501,2,1
2023HU0957342,1,501,1,1
2023HU0957342,2,501,1,1
2023HU0957399,1,407,3,1
2023HU0957629,1,501,1,1
2023HU0957629,2,323,1,1
2023HU0957694,1,501,1,1
2023HU0957694,2,501,1,1
2023HU0957694,3,501,1,1
2023HU0957895,1,501,2,1
2023HU0957895,2,501,2,1
2023HU0957895,3,501,2,1
2023HU0957963,1,216,1,1
2023HU0957963,2,216,1,1
2023HU0957963,3,216,1,1
2023HU0958099,1,96,3,1
2023HU0958123,1,414,2,1
2023HU0958165,1,194,3,1
2023HU0958165,2,194,3,1
2023HU0958165,3,194,3,1
2023HU0958246,1,295,2,1
2023HU0958246,2,0,2,1
2023HU0958246,3,295,2,1
2023HU0958246,4,295,2,1
2023HU0958371,1,275,2,1
2023HU0958371,2,275,2,1
2023HU0958371,3,275,2,1
2023HU0958371,4,275,2,1
2023HU0958585,1,465,1,1
2023HU0958585,2,465,1,1
2023HU0958585,3,465,1,1
2023HU0958589,1,281,1,1
2023HU0958589,2,281,1,1
2023HU0958589,3,281,1,1
2023HU0958686,1,269,4,1
2023HU0958686,2,269,4,1
2023HU0958686,3,269,4,1
2023HU0958686,4,269,4,1
2023HU0958885,1,501,1,1
2023HU0958885,2,501,1,1
2023HU0958983,1,264,1,1
2023HU0958983,2,264,1,1
2023HU0958983,3,264,1,1
2023HU0959365,1,255,1,1
2023HU0959492,1,501,1,1
2023HU0959492,2,501,1,1
2023HU0959521,1,308,1,1
2023HU0959521,2,308,1,1
2023HU0959715,1,166,1,1
2023HU0959715,2,220,1,1
2023HU0959715,3,166,1,1
2023HU0959715,4,166,1,1
2023HU0959807,1,483,2,1
2023HU0959936,1,501,3,1
2023HU0959936,2,501,3,1
2023HU0959936,3,501,3,1
2023HU0959980,1,290,2,1
2023HU0959980,2,64,2,1
2023HU0959980,3,290,2,1
2023HU0959980,4,290,2,1
2023HU0960141,1,501,2,1
2023HU0960141,2,501,2,1
2023HU0960159,1,501,2,1
2023HU0960536,1,79,3,1
2023HU0960536,2,79,3,1
2023HU0960551,1,456,3,1
2023HU0960551,2,180,3,1
2023HU0960595,1,298,2,1
2023HU0960595,2,298,2,1
2023HU0960595,3,298,2,1
2023HU0960595,4,298,2,1
2023HU0960595,5,298,2,1
2023HU0960595,6,298,2,1
2023HU0960595,7,298,2,1
2023HU0960638,1,158,3,1
2023HU0960638,2,158,3,1
2023HU0960638,3,158,3,1
2023HU0960638,4,158,3,1
2023HU0960646,1,501,1,1
2023HU0960646,2,501,1,1
2023HU0960646,3,501,1,1
2023HU0960716,1,413,1,1
2023HU0960720,1,354,3,1
2023HU0960720,2,258,3,1
2023HU0960820,1,325,1,1
2023HU0960820,2,390,1,1
2023HU0960843,1,368,3,1
2023HU0960843,2,147,3,1
2023HU0960916,1,418,2,1
2023HU0960916,2,418,2,1
2023HU0960932,1,297,3,1
2023HU0961396,1,501,1,1
2023HU0961396,2,501,1,1
2023HU0961396,3,501,1,1
2023HU0961396,4,501,1,1
2023HU0961637,1,501,2,1
2023HU0961637,2,501,2,1
2023HU0961652,1,501,1,1
2023HU0961652,2,501,1,1
2023HU0961652,3,501,1,1
2023HU0961652,4,501,1,1
2023HU0961652,5,501,1,1
2023HU0961664,1,501,1,1
2023HU0961664,2,501,1,1
2023HU0961664,3,501,1,1
2023HU0962051,1,449,1,1
2023HU0962051,2,449,1,1
2023HU0962051,3,449,1,1
2023HU0962122,1,428,3,1
2023HU0962122,2,428,3,1
2023HU0962233,1,159,2,1
2023HU0962233,2,159,2,1
2023HU0962261,1,501,1,1
2023HU0962292,1,501,3,1
2023HU0962323,1,119,3,1
2023HU0962323,2,122,3,1
2023HU0962323,3,235,3,1
2023HU0962323,4,42,3,1
2023HU0962364,1,446,1,1
2023HU0962364,2,446,1,1
2023HU0962364,3,446,1,1
2023HU0962364,4,446,1,1
2023HU0962447,1,501,1,1
2023HU0962447,2,501,1,1
2023HU0962447,3,501,1,1
2023HU0962447,4,501,1,1
2023HU0962615,1,501,1,1
2023HU0962615,2,501,1,1
2023HU0962615,3,501,1,1
2023HU0962955,1,307,2,1
2023HU0962955,2,307,2,1
2023HU0962955,3,307,2,1
2023HU0962955,4,307,2,1
2023HU0962955,5,307,2,1
2023HU0962955,6,307,2,1
2023HU0962955,7,307,2,1
2023HU0962955,8,307,2,1
2023HU0963065,1,501,3,1
2023HU0963065,2,501,3,1
2023HU0963137,1,425,3,1
2023HU0963137,2,425,3,1
2023HU0963137,3,425,3,1
2023HU0963214,1,43,1,1
2023HU0963214,2,43,1,1
2023HU0963214,3,43,1,1
2023HU0963214,4,43,1,1
2023HU0963214,5,43,1,1
2023HU0963214,6,501,1,1
2023HU0963404,1,501,2,1
2023HU0963404,2,501,2,1
2023HU0963537,1,180,2,1
2023HU0963750,1,501,1,1
2023HU0963764,1,432,3,1
2023HU0963764,2,432,3,1
2023HU0963970,1,124,1,1
2023HU0963970,2,124,1,1
2023HU0963970,3,124,1,1
2023HU0963987,1,262,2,1
2023HU0963987,2,262,2,1
2023HU0963990,1,157,3,1
2023HU0963990,2,157,3,1
2023HU0964099,1,190,3,1
2023HU0964099,2,378,3,1
2023HU0964099,3,190,3,1
2023HU0964099,4,190,3,1
2023HU0964132,1,320,2,1
2023HU0964132,2,320,2,1
2023HU0964141,1,141,3,1
2023HU0964141,2,501,3,1
2023HU0964166,1,295,1,1
2023HU0964166,2,295,1,1
2023HU0964166,3,295,1,1
2023HU0964166,4,295,1,1
2023HU0964166,5,295,1,1
2023HU0964324,1,501,2,1
2023HU0964324,2,501,2,1
2023HU0964324,3,501,2,1
2023HU0964407,1,501,1,1
2023HU0964407,2,501,1,1
2023HU0964407,3,501,1,1
2023HU0964445,1,8,2,1
2023HU0964499,1,101,2,1
2023HU0964499,2,101,2,1
2023HU0964499,3,101,2,1
2023HU0964571,1,163,2,1
2023HU0964571,2,163,2,1
2023HU0964580,1,467,1,1
2023HU0964580,2,467,1,1
2023HU0964672,1,415,1,1
2023HU0964672,2,415,1,1
2023HU0964837,1,429,1,1
2023HU0964837,2,429,1,1
2023HU0964837,3,429,1,1
2023HU0964837,4,429,1,1
2023HU0964877,1,279,1,1
2023HU0964877,2,501,1,1
2023HU0964877,3,279,1,1
2023HU0964877,4,279,1,1
2023HU0964877,5,279,1,1
2023HU0964877,6,279,1,1
2023HU0964900,1,501,2,1
2023HU0964967,1,345,3,1
2023HU0964967,2,345,3,1
2023HU0964967,3,345,3,1
2023HU0964991,1,280,2,1
2023HU0965175,1,189,2,1
2023HU0965410,1,501,3,1
2023HU0965410,2,501,3,1
2023HU0965468,1,501,1,1
2023HU0965468,2,501,1,1
2023HU0965468,3,501,1,1
2023HU0965468,4,501,1,1
2023HU0965533,1,383,1,1
2023HU0965533,2,383,1,1
2023HU0965533,3,383,1,1
2023HU0965533,4,383,1,1
2023HU0965533,5,383,1,1
2023HU0965552,1,501,1,1
2023HU0965552,2,501,1,1
2023HU0965583,1,82,3,1
2023HU0965583,2,82,3,1
2023HU0965686,1,501,1,1
2023HU0965686,2,501,1,1
2023HU0965710,1,321,1,1
2023HU0965710,2,295,1,1
2023HU0965813,1,317,1,1
2023HU0965813,2,317,1,1
2023HU0965813,3,317,1,1
2023HU0965813,4,317,1,1
2023HU0965880,1,501,1,1
2023HU0965880,2,501,1,1
2023HU0966296,1,203,2,1
2023HU0966296,2,203,2,1
2023HU0966393,1,501,1,1
2023HU0966393,2,482,1,1
2023HU0966393,3,501,1,1
2023HU0966393,4,150,1,1
2023HU0966888,1,501,1,1
2023HU0966888,2,501,1,1
2023HU0966945,1,221,1,1
2023HU0967132,1,143,3,1
2023HU0967139,1,495,2,1
2023HU0967139,2,495,2,1
2023HU0967152,1,501,2,1
2023HU0967152,2,501,2,1
2023HU0967196,1,475,2,1
2023HU0967196,2,475,2,1
2023HU0967201,1,501,3,1
2023HU0967201,2,501,3,1
2023HU0967201,3,501,3,1
2023HU0967201,4,501,3,1
2023HU0967202,1,501,2,1
2023HU0967342,1,501,2,1
2023HU0967342,2,501,2,1
2023HU0967366,1,501,3,1
2023HU0967366,2,163,3,1
2023HU0967492,1,159,1,1
2023HU0967538,1,224,2,1
2023HU0967566,1,501,2,1
2023HU0967583,1,501,1,1
2023HU0967583,2,501,1,1
2023HU0967623,1,3,3,1
2023HU0967677,1,501,2,1
2023HU0967689,1,267,3,1
2023HU0967689,2,267,3,1
2023HU0967773,1,157,2,1
2023HU0967879,1,150,3,1
2023HU0967879,2,150,3,1
2023HU0967879,3,150,3,1
2023HU0967879,4,150,3,1
2023HU0967940,1,501,2,1
2023HU0967940,2,501,2,1
2023HU0968013,1,501,2,1
2023HU0968059,1,105,3,1
2023HU0968059,2,105,3,1
2023HU0968059,3,105,3,1
2023HU0968059,4,105,3,1
2023HU0968105,1,100,3,1
2023HU0968151,1,152,3,1
2023HU0968292,1,415,1,1
2023HU0968292,2,415,1,1
2023HU0968292,3,415,1,1
2023HU0968318,1,419,3,1
2023HU0968318,2,453,3,1
2023HU0968352,1,281,1,1
2023HU0968352,2,281,1,1
2023HU0968352,3,108,1,1
2023HU0968352,4,501,1,1
2023HU0968352,5,424,1,1
2023HU0968352,6,457,1,1
2023HU0968352,7,65,1,1
2023HU0968377,1,27,1,1
2023HU0968554,1,401,3,1
2023HU0968653,1,41,3,1
2023HU0968685,1,326,1,1
2023HU0968686,1,140,3,1
2023HU0968778,1,451,2,1
2023HU0968778,2,451,2,1
2023HU0968778,3,451,2,1
2023HU0968778,4,451,2,1
2023HU0968778,5,451,2,1
2023HU0968778,6,451,2,1
2023HU0968803,1,501,1,1
2023HU0968837,1,144,2,1
2023HU0968837,2,144,2,1
2023HU0968889,1,501,1,1
2023HU0968889,2,501,1,1
2023HU0968889,3,63,1,1
2023HU0968907,1,190,3,1
2023HU0968907,2,190,3,1
2023HU0968933,1,501,1,1
2023HU0968933,2,501,1,1
2023HU0969163,1,385,1,1
2023HU0969163,2,385,1,1
2023HU0969163,3,385,1,1
2023HU0969310,1,501,1,1
2023HU0969354,1,302,2,1
2023HU0969370,1,78,1,1
2023HU0969374,1,501,2,1
2023HU0969374,2,501,2,1
2023HU0969377,1,501,1,1
2023HU0969377,2,501,1,1
2023HU0969377,3,501,1,1
2023HU0969377,4,501,1,1
2023HU0969391,1,191,3,1
2023HU0969435,1,350,2,1
2023HU0969435,2,350,2,1
2023HU0969502,1,194,3,1
2023HU0969502,2,194,3,1
2023HU0969502,3,194,3,1
2023HU0969527,1,501,1,1
2023HU0969527,2,501,1,1
2023HU0969527,3,501,1,1
2023HU0969547,1,155,1,1
2023HU0969547,2,155,1,1
2023HU0969647,1,159,3,1
2023HU0969751,1,417,2,1
2023HU0969751,2,417,2,1
2023HU0969751,3,417,2,1
2023HU0969751,4,417,2,1
2023HU0969751,5,417,2,1
2023HU0969885,1,501,1,1
2023HU0969885,2,501,1,1
2023HU0969885,3,501,1,1
2023HU0969885,4,501,1,1
2023HU0969999,1,388,2,1
2023HU0969999,2,388,2,1
2023HU0970012,1,501,1,1
2023HU0970012,2,501,1,1
2023HU0970101,1,276,1,1
2023HU0970101,2,276,1,1
2023HU0970177,1,98,3,1
2023HU0970214,1,208,3,1
2023HU0970214,2,208,3,1
2023HU0970214,3,208,3,1
2023HU0970240,1,161,2,1
2023HU0970240,2,161,2,1
2023HU0970240,3,161,2,1
2023HU0970415,1,361,1,1
2023HU0970415,2,361,1,1
2023HU0970415,3,361,1,1
2023HU0970415,4,361,1,1
2023HU0970532,1,0,2,1
2023HU0970541,1,501,3,1
2023HU0970541,2,501,3,1
2023HU0970541,3,501,3,1
2023HU0970541,4,501,3,1
2023HU0970628,1,296,1,1
2023HU0970628,2,296,1,1
2023HU0970902,1,501,1,1
2023HU0970902,2,501,1,1
2023HU0971054,1,455,1,1
2023HU0971151,1,287,3,1
2023HU0971151,2,0,3,1
2023HU0971161,1,319,2,1
2023HU0971161,2,319,2,1
2023HU0971161,3,319,2,1
2023HU0971161,4,501,2,1
2023HU0971206,1,501,3,1
2023HU0971314,1,501,3,1
2023HU0971695,1,108,3,1
2023HU0971695,2,0,3,1
2023HU0971695,3,108,3,1
2023HU0971695,4,108,3,1
2023HU0971695,5,108,3,1
2023HU0971807,1,285,3,1
2023HU0971807,2,39,3,1
2023HU0971807,3,285,3,1
2023HU0971807,4,285,3,1
2023HU0971830,1,501,1,1
2023HU0971873,1,78,3,1
2023HU0972169,1,311,2,1
2023HU0972344,1,501,2,1
2023HU0972344,2,501,2,1
2023HU0972431,1,501,3,1
2023HU0972593,1,216,1,1
2023HU0972656,1,501,3,1
2023HU0972656,2,501,3,1
2023HU0972669,1,193,3,1
2023HU0972721,1,344,2,1
2023HU0972721,2,344,2,1
2023HU0973080,1,101,2,1
2023HU0973130,1,501,2,1
2023HU0973152,1,211,3,1
2023HU0973223,1,460,3,1
2023HU0973245,1,267,1,1
2023HU0973245,2,267,1,1
2023HU0973302,1,116,2,1
2023HU0973302,2,116,2,1
2023HU0973302,3,116,2,1
2023HU0973302,4,116,2,1
2023HU0973439,1,273,1,1
2023HU0973439,2,273,1,1
2023HU0973439,3,273,1,1
2023HU0973439,4,273,1,1
2023HU0973439,5,273,1,1
2023HU0973541,1,501,1,1
2023HU0973731,1,501,1,1
2023HU0973731,2,501,1,1
2023HU0973817,1,501,2,1
2023HU0973817,2,208,2,1
2023HU0973860,1,501,1,1
2023HU0973860,2,501,1,1
2023HU0973860,3,501,1,1
2023HU0973957,1,238,1,1
2023HU0973957,2,156,1,1
2023HU0973957,3,238,1,1
2023HU0973957,4,238,1,1
2023HU0973957,5,238,1,1
2023HU0974006,1,175,1,1
2023HU0974006,2,175,1,1
2023HU0974006,3,175,1,1
2023HU0974006,4,175,1,1
2023HU0974119,1,501,1,1
2023HU0974119,2,501,1,1
2023HU0974161,1,159,3,1
2023HU0974164,1,501,2,1
2023HU0974164,2,501,2,1
2023HU0974539,1,104,3,1
2023HU0974620,1,501,1,1
2023HU0974620,2,501,1,1
2023HU0974905,1,501,2,1
2023HU0974905,2,501,2,1
2023HU0975114,1,501,1,1
2023HU0975114,2,501,1,1
2023HU0975114,3,501,1,1
2023HU0975114,4,501,1,1
2023HU0975114,5,501,1,1
2023HU0975230,1,501,3,1
2023HU0975304,1,68,3,1
2023HU0975572,1,192,1,1
2023HU0975661,1,472,2,1
2023HU0975661,2,472,2,1
2023HU0975857,1,501,2,1
2023HU0975857,2,501,2,1
2023HU0975930,1,473,3,1
2023HU0975930,2,473,3,1
2023HU0975930,3,182,3,1
2023HU0975972,1,338,1,1
2023HU0975975,1,359,1,1
2023HU0976109,1,187,3,1
2023HU0976109,2,183,3,1
2023HU0976109,3,187,3,1
2023HU0976238,1,61,3,1
2023HU0976239,1,63,3,1
2023HU0976363,1,501,2,1
2023HU0976363,2,501,2,1
2023HU0976610,1,501,3,1
2023HU0976657,1,501,1,1
2023HU0976657,2,501,1,1
2023HU0976657,3,501,1,1
2023HU0976814,1,501,1,1
2023HU0976814,2,501,1,1
2023HU0976814,3,501,1,1
2023HU0976814,4,501,1,1
2023HU0976814,5,501,1,1
2023HU0976814,6,501,1,1
2023HU0976841,1,297,2,1
2023HU0976887,1,339,1,1
2023HU0976887,2,339,1,1
2023HU0976887,3,339,1,1
2023HU0976887,4,339,1,1
2023HU0976894,1,501,3,1
2023HU0976894,2,233,3,1
2023HU0976957,1,98,3,1
2023HU0976957,2,98,3,1
2023HU0976957,3,98,3,1
2023HU0976957,4,98,3,1
2023HU0976989,1,501,3,1
2023HU0977189,1,418,1,1
2023HU0977189,2,418,1,1
2023HU0977189,3,418,1,1
2023HU0977189,4,418,1,1
2023HU0977189,5,418,1,1
2023HU0977261,1,84,3,1
2023HU0977261,2,84,3,1
2023HU0977261,3,84,3,1
2023HU0977261,4,84,3,1
2023HU0977261,5,84,3,1
2023HU0977261,6,84,3,1
2023HU0977285,1,501,1,1
2023HU0977285,2,501,1,1
2023HU0977285,3,501,1,1
2023HU0977452,1,96,3,1
2023HU0977627,1,257,3,1
2023HU0977627,2,257,3,1
2023HU0977696,1,11,3,1
2023HU0977726,1,501,2,1
2023HU0977761,1,447,1,1
2023HU0977761,2,447,1,1
2023HU0977761,3,447,1,1
2023HU0977786,1,210,3,1
2023HU0977786,2,501,3,1
2023HU0977800,1,435,3,1
2023HU0977949,1,106,3,1
2023HU0977979,1,501,3,1
2023HU0977979,2,501,3,1
2023HU0977992,1,501,3,1
2023HU0977992,2,501,3,1
2023HU0977992,3,501,3,1
2023HU0978014,1,501,1,1
2023HU0978016,1,332,1,1
2023HU0978016,2,332,1,1
2023HU0978057,1,454,3,1
2023HU0978057,2,454,3,1
2023HU0978060,1,234,1,1
2023HU0978060,2,234,1,1
2023HU0978060,3,234,1,1
2023HU0978142,1,501,1,1
2023HU0978142,2,501,1,1
2023HU0978166,1,364,1,1
2023HU0978166,2,0,1,1
2023HU0978166,3,364,1,1
2023HU0978166,4,364,1,1
2023HU0978166,5,364,1,1
2023HU0978296,1,501,1,1
2023HU0978296,2,408,1,1
2023HU0978439,1,402,3,1
2023HU0978541,1,229,3,1
2023HU0978541,2,211,3,1
2023HU0978541,3,229,3,1
2023HU0978541,4,229,3,1
2023HU0978541,5,229,3,1
2023HU0978541,6,229,3,1
2023HU0978543,1,501,2,1
2023HU0978543,2,501,2,1
2023HU0978594,1,205,1,1
2023HU0978594,2,205,1,1
2023HU0978763,1,144,2,1
2023HU0978763,2,144,2,1
2023HU0978763,3,144,2,1
2023HU0978763,4,144,2,1
2023HU0978763,5,144,2,1
2023HU0978799,1,501,1,1
2023HU0978799,2,501,1,1
2023HU0978873,1,154,3,1
2023HU0978909,1,501,3,1
2023HU0978909,2,291,3,1
2023HU0978909,3,501,3,1
2023HU0979042,1,501,3,1
2023HU0979076,1,501,2,1
2023HU0979076,2,501,2,1
2023HU0979128,1,501,3,1
2023HU0979128,2,501,3,1
2023HU0979233,1,501,1,1
2023HU0979233,2,501,1,1
2023HU0979270,1,251,1,1
2023HU0979271,1,501,3,1
2023HU0979271,2,487,3,1
2023HU0979303,1,455,1,1
2023HU0979303,2,455,1,1
2023HU0979303,3,455,1,1
2023HU0979303,4,455,1,1
2023HU0979579,1,501,1,1
2023HU0979579,2,501,1,1
2023HU0979579,3,501,1,1
2023HU0979579,4,501,1,1
2023HU0979583,1,292,3,1
2023HU0979583,2,240,3,1
2023HU0979634,1,501,2,1
2023HU0979634,2,501,2,1
2023HU0979634,3,501,2,1
2023HU0979634,4,501,2,1
2023HU0979634,5,501,2,1
2023HU0979864,1,115,2,1
2023HU0979871,1,226,2,1
2023HU0979871,2,226,2,1
2023HU0979907,1,501,1,1
2023HU0979907,2,501,1,1
2023HU0980313,1,501,3,1
2023HU0980313,2,501,3,1
2023HU0980339,1,501,1,1
2023HU0980339,2,501,1,1
2023HU0980529,1,327,1,1
2023HU0980529,2,327,1,1
2023HU0980529,3,327,1,1
2023HU0980529,4,327,1,1
2023HU0980529,5,327,1,1
2023HU0980529,6,327,1,1
2023HU0980540,1,501,2,1
2023HU0980904,1,131,1,1
2023HU0980907,1,501,2,1
2023HU0980907,2,501,2,1
2023HU0980922,1,61,3,1
2023HU0980986,1,109,3,1
2023HU0981303,1,501,2,1
2023HU0981303,2,501,2,1
2023HU0981318,1,501,1,1
2023HU0981318,2,501,1,1
2023HU0981376,1,441,1,1
2023HU0981376,2,441,1,1
2023HU0981376,3,441,1,1
2023HU0981376,4,441,1,1
2023HU0981376,5,441,1,1
2023HU0981505,1,221,1,1
2023HU0981713,1,501,1,1
2023HU0981713,2,501,1,1
2023HU0981713,3,501,1,1
2023HU0981713,4,501,1,1
2023HU0982106,1,73,3,1
2023HU0982106,2,73,3,1
2023HU0982187,1,501,3,1
2023HU0982206,1,492,1,1
2023HU0982206,2,492,1,1
2023HU0982206,3,492,1,1
2023HU0982228,1,357,2,1
2023HU0982228,2,357,2,1
2023HU0982274,1,166,3,1
2023HU0982274,2,166,3,1
2023HU0982274,3,166,3,1
2023HU0982274,4,166,3,1
2023HU0982402,1,288,1,1
2023HU0982402,2,288,1,1
2023HU0982422,1,501,1,1
2023HU0982422,2,501,1,1
2023HU0982533,1,416,2,1
2023HU0982606,1,501,3,1
2023HU0982606,2,58,3,1
2023HU0982611,1,111,3,1
2023HU0982611,2,98,3,1
2023HU0982913,1,501,1,1
2023HU0982913,2,130,1,1
2023HU0982921,1,12,3,1
2023HU0982988,1,377,1,1
2023HU0982988,2,377,1,1
2023HU0983180,1,483,2,1
2023HU0983195,1,229,3,1
2023HU0983195,2,229,3,1
2023HU0983195,3,229,3,1
2023HU0983195,4,229,3,1
2023HU0983367,1,501,3,1
2023HU0983431,1,501,2,1
2023HU0983431,2,501,2,1
2023HU0983536,1,153,1,1
2023HU0983536,2,153,1,1
2023HU0983699,1,501,1,1
2023HU0983699,2,501,1,1
2023HU0983728,1,125,3,1
2023HU0983852,1,269,3,1
2023HU0983852,2,269,3,1
2023HU0983895,1,52,3,1
2023HU0983985,1,501,1,1
2023HU0983985,2,501,1,1
2023HU0983985,3,501,1,1
2023HU0983985,4,501,1,1
2023HU0983985,5,501,1,1
2023HU0983998,1,67,3,1
2023HU0983998,2,0,3,1
2023HU0984158,1,501,1,1
2023HU0984451,1,501,1,1
2023HU0984451,2,501,1,1
2023HU0984451,3,501,1,1
2023HU0984464,1,394,3,1
2023HU0984464,2,394,3,1
2023HU0984474,1,501,1,1
2023HU0984474,2,501,1,1
2023HU0984510,1,501,3,1
2023HU0984605,1,330,3,1
2023HU0984605,2,330,3,1
2023HU0984605,3,330,3,1
2023HU0984679,1,369,1,1
2023HU0984679,2,369,1,1
2023HU0984679,3,369,1,1
2023HU0984831,1,9,2,1
2023HU0984831,2,9,2,1
2023HU0984831,3,9,2,1
2023HU0984831,4,9,2,1
2023HU0984831,5,9,2,1
2023HU0984831,6,9,2,1
2023HU0984831,7,9,2,1
2023HU0984831,8,9,2,1
2023HU0984847,1,501,3,1
2023HU0984976,1,501,1,1
2023HU0984976,2,501,1,1
2023HU0985023,1,174,2,1
2023HU0985023,2,174,2,1
2023HU0985329,1,0,2,1
2023HU0985370,1,301,3,1
2023HU0985370,2,301,3,1
2023HU0985370,3,301,3,1
2023HU0985370,4,301,3,1
2023HU0985370,5,70,3,1
2023HU0985397,1,501,2,1
2023HU0985397,2,501,2,1
2023HU0985397,3,501,2,1
2023HU0985425,1,299,1,1
2023HU0985425,2,299,1,1
2023HU0985425,3,299,1,1
2023HU0985425,4,299,1,1
2023HU0985425,5,299,1,1
2023HU0985520,1,134,3,1
2023HU0985520,2,134,3,1
2023HU0985520,3,0,3,1
2023HU0985744,1,501,1,1
2023HU0985744,2,501,1,1
2023HU0985744,3,501,1,1
2023HU0985782,1,298,2,1
2023HU0985821,1,501,3,1
2023HU0985821,2,501,3,1
2023HU0985916,1,369,3,1
2023HU0986185,1,425,2,1
2023HU0986185,2,425,2,1
2023HU0986185,3,425,2,1
2023HU0986185,4,425,2,1
2023HU0986264,1,73,3,1
2023HU0986264,2,13,3,1
2023HU0986264,3,99,3,1
2023HU0986290,1,376,1,1
2023HU0986290,2,376,1,1
2023HU0986290,3,376,1,1
2023HU0986290,4,376,1,1
2023HU0986290,5,501,1,1
2023HU0986363,1,449,2,1
2023HU0986386,1,357,1,1
2023HU0986386,2,422,1,1
2023HU0986386,3,357,1,1
2023HU0986386,4,357,1,1
2023HU0986398,1,191,1,1
2023HU0986544,1,288,3,1
2023HU0986544,2,128,3,1
2023HU0986719,1,501,1,1
2023HU0986719,2,501,1,1
2023HU0986835,1,321,3,1
2023HU0986891,1,446,2,1
2023HU0986891,2,446,2,1
2023HU0986990,1,483,2,1
2023HU0986990,2,324,2,1
2023HU0987020,1,376,2,1
2023HU0987137,1,335,2,1
2023HU0987429,1,334,3,1
2023HU0987429,2,334,3,1
2023HU0987510,1,501,1,1
2023HU0987510,2,501,1,1
2023HU0987526,1,67,3,1
2023HU0987541,1,501,1,1
2023HU0987551,1,159,1,1
2023HU0987551,2,159,1,1
2023HU0987551,3,159,1,1
2023HU0987558,1,171,3,1
2023HU0987558,2,171,3,1
2023HU0987596,1,501,1,1
2023HU0987818,1,363,1,1
2023HU0987818,2,363,1,1
2023HU0987901,1,501,2,1
2023HU0987925,1,439,1,1
2023HU0987925,2,501,1,1
2023HU0987925,3,136,1,1
2023HU0988043,1,501,1,1
2023HU0988049,1,501,1,1
2023HU0988049,2,501,1,1
2023HU0988049,3,501,1,1
2023HU0988243,1,191,1,1
2023HU0988243,2,191,1,1
2023HU0988243,3,191,1,1
2023HU0988243,4,191,1,1
2023HU0988243,5,191,1,1
2023HU0988360,1,501,1,1
2023HU0988360,2,501,1,1
2023HU0988360,3,501,1,1
2023HU0988360,4,501,1,1
2023HU0988737,1,501,1,1
2023HU0988737,2,501,1,1
2023HU0988930,1,221,3,1
2023HU0988989,1,501,3,1
2023HU0988999,1,501,2,1
2023HU0988999,2,501,2,1
2023HU0989063,1,501,2,1
2023HU0989063,2,501,2,1
2023HU0989364,1,344,1,1
2023HU0989364,2,344,1,1
2023HU0989364,3,344,1,1
2023HU0989364,4,344,1,1
2023HU0989364,5,344,1,1
2023HU0989375,1,82,3,1
2023HU0989391,1,175,3,1
2023HU0989391,2,175,3,1
2023HU0989432,1,236,2,1
2023HU0989445,1,141,2,1
2023HU0989445,2,141,2,1
2023HU0989649,1,459,3,1
2023HU0989649,2,459,3,1
2023HU0989673,1,501,1,1
2023HU0989673,2,501,1,1
2023HU0989673,3,501,1,1
2023HU0989673,4,501,1,1
2023HU0989838,1,247,2,1
2023HU0989855,1,501,1,1
2023HU0989968,1,501,1,1
2023HU0989968,2,501,1,1
2023HU0989968,3,501,1,1
2023HU0989968,4,501,1,1
2023HU0989980,1,501,2,1
2023HU0989980,2,501,2,1
2023HU0990019,1,501,1,1
2023HU0990114,1,304,1,1
2023HU0990114,2,304,1,1
2023HU0990114,3,304,1,1
2023HU0990114,4,304,1,1
2023HU0990114,5,304,1,1
2023HU0990361,1,262,1,1
2023HU0990361,2,262,1,1
2023HU0990361,3,262,1,1
2023HU0990361,4,262,1,1
2023HU0990409,1,208,1,1
2023HU0990409,2,208,1,1
2023HU0990409,3,208,1,1
2023HU0990409,4,208,1,1
2023HU0990409,5,208,1,1
2023HU0990409,6,208,1,1
2023HU0990437,1,463,2,1
2023HU0990437,2,463,2,1
2023HU0990516,1,501,1,1
2023HU0990516,2,501,1,1
2023HU0990768,1,344,2,1
2023HU0990869,1,501,1,1
2023HU0990869,2,501,1,1
2023HU0990869,3,501,1,1
2023HU0990869,4,501,1,1
2023HU0990917,1,413,2,1
2023HU0990917,2,413,2,1
2023HU0990934,1,501,2,1
2023HU0990934,2,501,2,1
2023HU0991219,1,501,3,1
2023HU0991569,1,501,3,1
2023HU0991569,2,501,3,1
2023HU0991569,3,501,3,1
2023HU0991652,1,38,3,1
2023HU0991661,1,501,1,1
2023HU0991661,2,501,1,1
2023HU0991661,3,124,1,1
2023HU0991661,4,289,1,1
2023HU0991799,1,463,3,1
2023HU0992008,1,403,1,1
2023HU0992008,2,403,1,1
2023HU0992049,1,471,1,1
2023HU0992049,2,471,1,1
2023HU0992082,1,501,1,1
2023HU0992082,2,501,1,1
2023HU0992142,1,452,1,1
2023HU0992142,2,452,1,1
2023HU0992344,1,187,3,1
2023HU0992344,2,187,3,1
2023HU0992353,1,501,2,1
2023HU0992353,2,501,2,1
2023HU0992457,1,501,1,1
2023HU0992457,2,501,1,1
2023HU0992596,1,501,2,1
2023HU0992794,1,501,2,1
2023HU0992794,2,501,2,1
2023HU0992817,1,424,1,1
2023HU0992817,2,424,1,1
2023HU0992817,3,,1,1
2023HU0992869,1,315,4,1
2023HU0992869,2,315,4,1
2023HU0992980,1,176,3,1
2023HU0992995,1,501,1,1
2023HU0992995,2,501,1,1
2023HU0993028,1,501,1,1
2023HU0993028,2,501,1,1
2023HU0993028,3,501,1,1
2023HU0993028,4,501,1,1
2023HU0993229,1,492,3,1
2023HU0993229,2,446,3,1
2023HU0993266,1,92,3,1
2023HU0993266,2,92,3,1
2023HU0993283,1,501,3,1
2023HU0993391,1,501,2,1
2023HU0993391,2,501,2,1
2023HU0993391,3,501,2,1
2023HU0993391,4,501,2,1
2023HU0993391,5,501,2,1
2023HU0993452,1,183,1,1
2023HU0993455,1,501,1,1
2023HU0993455,2,501,1,1
2023HU0993455,3,501,1,1
2023HU0993601,1,209,1,1
2023HU0993601,2,209,1,1
2023HU0993671,1,501,1,1
2023HU0993671,2,501,1,1
2023HU0993683,1,483,3,1
2023HU0993683,2,501,3,1
2023HU0993706,1,158,2,1
2023HU0993732,1,501,2,1
2023HU0993732,2,501,2,1
2023HU0993732,3,501,2,1
2023HU0993732,4,501,2,1
2023HU0993772,1,336,3,1
2023HU0993772,2,336,3,1
2023HU0993772,3,336,3,1
2023HU0993838,1,501,3,1
2023HU0993838,2,501,3,1
2023HU0993897,1,254,3,1
2023HU0993897,2,254,3,1
2023HU0994067,1,501,2,1
2023HU0994067,2,501,2,1
2023HU0994084,1,314,3,1
2023HU0994328,1,353,1,1
2023HU0994328,2,353,1,1
2023HU0994328,3,353,1,1
2023HU0994328,4,353,1,1
2023HU0994353,1,449,1,1
2023HU0994353,2,449,1,1
2023HU0994368,1,501,1,1
2023HU0994368,2,501,1,1
2023HU0994368,3,501,1,1
2023HU0994507,1,501,2,1
2023HU0994507,2,135,2,1
2023HU0994726,1,501,1,1
2023HU0994726,2,501,1,1
2023HU0994726,3,501,1,1
2023HU0994726,4,501,1,1
2023HU0994756,1,323,1,1
2023HU0995031,1,165,2,1
2023HU0995031,2,165,2,1
2023HU0995031,3,165,2,1
2023HU0995031,4,165,2,1
2023HU0995089,1,150,1,1
2023HU0995292,1,398,3,1
2023HU0995292,2,0,3,1
2023HU0995385,1,264,1,1
2023HU0995385,2,264,1,1
2023HU0995385,3,264,1,1
2023HU0995385,4,264,1,1
2023HU0995401,1,501,2,1
2023HU0995401,2,501,2,1
2023HU0995697,1,95,3,1
2023HU0995763,1,420,3,1
2023HU0995869,1,127,3,1
2023HU0995869,2,31,3,1
2023HU0995887,1,320,1,1
2023HU0995941,1,501,1,1
2023HU0995941,2,501,1,1
2023HU0995941,3,501,1,1
2023HU0995941,4,501,1,1
2023HU0996056,1,429,1,1
2023HU0996056,2,429,1,1
2023HU0996056,3,429,1,1
2023HU0996056,4,429,1,1
2023HU0996056,5,429,1,1
2023HU0996068,1,208,3,1
2023HU0996068,2,208,3,1
2023HU0996078,1,501,2,1
2023HU0996086,1,143,3,1
2023HU0996086,2,143,3,1
2023HU0996086,3,143,3,1
2023HU0996086,4,143,3,1
2023HU0996090,1,501,2,1
2023HU0996090,2,501,2,1
2023HU0996090,3,501,2,1
2023HU0996181,1,501,2,1
2023HU0996205,1,501,1,1
2023HU0996205,2,204,1,1
2023HU0996294,1,222,3,1
2023HU0996487,1,477,1,1
2023HU0996510,1,501,1,1
2023HU0996510,2,107,1,1
2023HU0996529,1,355,3,1
2023HU0996537,1,0,2,1
2023HU0996575,1,174,3,1
2023HU0996575,2,174,3,1
2023HU0996602,1,175,1,1
2023HU0996602,2,175,1,1
2023HU0996700,1,67,3,1
2023HU0996758,1,501,2,1
2023HU0996758,2,501,2,1
2023HU0996924,1,501,1,1
2023HU0996924,2,501,1,1
2023HU0996924,3,501,1,1
2023HU0996976,1,501,2,1
2023HU0996976,2,501,2,1
2023HU0997056,1,501,2,1
2023HU0997056,2,501,2,1
2023HU0997186,1,1,2,1
2023HU0997186,2,1,2,1
2023HU0997186,3,1,2,1
2023HU0997186,4,1,2,1
2023HU0997186,5,1,2,1
2023HU0997186,6,1,2,1
2023HU0997399,1,393,2,1
2023HU0997399,2,393,2,1
2023HU0997522,1,264,1,1
2023HU0997522,2,264,1,1
2023HU0997522,3,264,1,1
2023HU0997522,4,264,1,1
2023HU0997749,1,269,1,1
2023HU0997749,2,269,1,1
2023HU0997749,3,269,1,1
2023HU0997927,1,153,3,1
2023HU0997927,2,153,3,1
2023HU0997953,1,382,1,1
2023HU0997953,2,382,1,1
2023HU0997953,3,382,1,1
2023HU0997953,4,382,1,1
2023HU0998082,1,277,1,1
2023HU0998109,1,342,1,1
2023HU0998109,2,342,1,1
2023HU0998109,3,342,1,1
2023HU0998109,4,342,1,1
2023HU0998180,1,501,3,1
2023HU0998180,2,501,3,1
2023HU0998240,1,350,1,1
2023HU0998240,2,350,1,1
2023HU0998240,3,350,1,1
2023HU0998240,4,350,1,1
2023HU0998240,5,350,1,1
2023HU0998257,1,501,1,1
2023HU0998257,2,319,1,1
2023HU0998322,1,501,1,1
2023HU0998322,2,501,1,1
2023HU0998322,3,501,1,1
2023HU0998322,4,501,1,1
2023HU0998362,1,223,3,1
2023HU0998390,1,143,3,1
2023HU0998429,1,338,3,1
2023HU0998544,1,319,1,1
2023HU0998601,1,501,2,1
2023HU0998601,2,501,2,1
2023HU0998653,1,501,3,1
2023HU0998687,1,447,3,1
2023HU0998687,2,447,3,1
2023HU0998726,1,477,3,1
2023HU0998820,1,322,3,1
2023HU0998827,1,157,2,1
2023HU0998827,2,157,2,1
2023HU0998827,3,157,2,1
2023HU0998827,4,157,2,1
2023HU0998887,1,388,4,1
2023HU0998887,2,388,4,1
2023HU0998912,1,501,1,1
2023HU0998924,1,501,1,1
2023HU0998924,2,501,1,1
2023HU0998924,3,341,1,1
2023HU0998924,4,262,1,1
2023HU0998924,5,0,1,1
2023HU0999229,1,501,1,1
2023HU0999346,1,501,3,1
2023HU0999604,1,389,2,1
2023HU0999604,2,389,2,1
2023HU0999638,1,501,3,1
2023HU0999638,2,501,3,1
2023HU0999644,1,501,1,1
2023HU0999644,2,501,1,1
2023HU0999645,1,501,2,1
2023HU0999645,2,501,2,1
2023HU0999715,1,501,1,1
2023HU0999715,2,501,1,1
2023HU0999715,3,501,1,1
2023HU0999715,4,501,1,1
2023HU0999746,1,447,1,1
2023HU0999748,1,501,3,1
2023HU0999748,2,479,3,1
2023HU0999799,1,10,2,1
2023HU0999938,1,392,3,1
2023HU0999941,1,78,3,1
2023HU0999985,1,362,2,1
2023HU1000086,1,492,2,1
2023HU1000146,1,501,3,1
2023HU1000258,1,155,2,1
2023HU1000290,1,501,1,1
2023HU1000290,2,501,1,1
2023HU1000370,1,295,1,1
2023HU1000370,2,295,1,1
2023HU1000542,1,501,1,1
2023HU1000542,2,501,1,1
2023HU1000542,3,501,1,1
2023HU1000542,4,501,1,1
2023HU1000545,1,198,3,1
2023HU1000545,2,198,3,1
2023HU1000545,3,198,3,1
2023HU1000579,1,501,3,1
2023HU1000712,1,480,1,1
2023HU1000883,1,501,1,1
2023HU1000883,2,501,1,1
2023HU1000883,3,501,1,1
2023HU1000896,1,383,2,1
2023HU1000896,2,383,2,1
2023HU1000942,1,491,3,1
2023HU1000942,2,491,3,1
2023HU1001021,1,501,1,1
2023HU1001021,2,501,1,1
2023HU1001055,1,249,2,1
2023HU1001094,1,316,1,1
2023HU1001094,2,316,1,1
2023HU1001094,3,316,1,1
2023HU1001094,4,316,1,1
2023HU1001094,5,316,1,1
2023HU1001143,1,165,3,1
2023HU1001195,1,501,2,1
2023HU1001195,2,501,2,1
2023HU1001307,1,130,3,1
2023HU1001338,1,501,1,1
2023HU1001338,2,501,1,1
2023HU1001338,3,501,1,1
2023HU1001343,1,501,2,1
2023HU1001343,2,501,2,1
2023HU1001383,1,501,3,1
2023HU1001383,2,501,3,1
2023HU1001383,3,501,3,1
2023HU1001519,1,58,2,1
2023HU1001519,2,58,2,1
2023HU1001519,3,58,2,1
2023HU1001519,4,58,2,1
2023HU1001519,5,58,2,1
2023HU1001701,1,501,1,1
2023HU1001843,1,167,2,1
2023HU1001918,1,193,3,1
2023HU1001982,1,241,2,1
2023HU1002088,1,179,3,1
2023HU1002088,2,179,3,1
2023HU1002088,3,179,3,1
2023HU1002088,4,179,3,1
2023HU1002088,5,179,3,1
2023HU1002088,6,179,3,1
2023HU1002088,7,179,3,1
2023HU1002133,1,64,2,1
2023HU1002263,1,180,1,1
2023HU1002263,2,180,1,1
2023HU1002263,3,180,1,1
2023HU1002424,1,169,1,1
2023HU1002424,2,169,1,1
2023HU1002445,1,501,2,1
2023HU1002445,2,501,2,1
2023HU1002476,1,501,1,1
2023HU1002476,2,501,1,1
2023HU1002476,3,501,1,1
2023HU1002476,4,501,1,1
2023HU1002510,1,403,1,1
2023HU1002510,2,403,1,1
2023HU1002510,3,403,1,1
2023HU1002510,4,403,1,1
2023HU1002510,5,403,1,1
2023HU1002520,1,383,1,1
2023HU1002520,2,501,1,1
2023HU1002520,3,383,1,1
2023HU1002520,4,383,1,1
2023HU1002557,1,99,2,1
2023HU1002565,1,501,3,1
2023HU1002565,2,501,3,1
2023HU1002565,3,501,3,1
2023HU1002575,1,501,1,1
2023HU1002575,2,244,1,1
2023HU1002657,1,62,2,1
2023HU1002808,1,501,1,1
2023HU1002870,1,0,2,1
2023HU1002870,2,165,2,1
2023HU1002980,1,437,3,1
2023HU1003022,1,501,1,1
2023HU1003022,2,501,1,1
2023HU1003118,1,501,1,1
2023HU1003118,2,501,1,1
2023HU1003118,3,501,1,1
2023HU1003118,4,501,1,1
2023HU1003118,5,501,1,1
2023HU1003118,6,501,1,1
2023HU1003318,1,438,3,1
2023HU1003318,2,501,3,1
2023HU1003373,1,316,1,1
2023HU1003373,2,316,1,1
2023HU1003373,3,316,1,1
2023HU1003677,1,501,1,1
2023HU1003677,2,501,1,1
2023HU1004090,1,0,3,1
2023HU1004181,1,350,2,1
2023HU1004181,2,350,2,1
2023HU1004181,3,350,2,1
2023HU1004181,4,350,2,1
2023HU1004181,5,350,2,1
2023HU1004181,6,350,2,1
2023HU1004300,1,501,1,1
2023HU1004300,2,501,1,1
2023HU1004426,1,238,2,1
2023HU1004426,2,238,2,1
2023HU1004523,1,501,2,1
2023HU1004584,1,277,3,1
2023HU1004584,2,277,3,1
2023HU1004584,3,277,3,1
2023HU1004584,4,277,3,1
2023HU1004584,5,277,3,1
2023HU1004584,6,277,3,1
2023HU1004584,7,52,3,1
2023HU1004588,1,383,1,1
2023HU1004590,1,255,3,1
2023HU1004660,1,501,3,1
2023HU1004859,1,447,3,1
2023HU1004859,2,447,3,1
2023HU1004904,1,488,3,1
2023HU1004969,1,86,3,1
2023HU1005127,1,501,3,1
2023HU1005201,1,501,1,1
2023HU1005201,2,501,1,1
2023HU1005201,3,501,1,1
2023HU1005201,4,501,1,1
2023HU1005201,5,501,1,1
2023HU1005433,1,501,2,1
2023HU1005630,1,238,3,1
2023HU1005630,2,180,3,1
2023HU1005651,1,501,1,1
2023HU1005651,2,501,1,1
2023HU1005665,1,126,3,1
2023HU1005665,2,126,3,1
2023HU1005682,1,191,3,1
2023HU1005682,2,332,3,1
2023HU1005755,1,281,2,1
2023HU1005755,2,154,2,1
2023HU1005792,1,453,1,1
2023HU1005792,2,295,1,1
2023HU1005809,1,501,1,1
2023HU1005809,2,381,1,1
2023HU1005849,1,435,1,1
2023HU1005849,2,122,1,1
2023HU1005925,1,501,1,1
2023HU1005925,2,64,1,1
2023HU1006003,1,411,1,1
2023HU1006003,2,411,1,1
2023HU1006003,3,411,1,1
2023HU1006094,1,154,3,1
2023HU1006191,1,358,2,1
2023HU1006191,2,358,2,1
2023HU1006212,1,501,1,1
2023HU1006212,2,501,1,1
2023HU1006370,1,278,1,1
2023HU1006370,2,278,1,1
2023HU1006370,3,278,1,1
2023HU1006370,4,278,1,1
2023HU1006370,5,278,1,1
2023HU1006370,6,278,1,1
2023HU1006370,7,278,1,1
2023HU1006370,8,278,1,1
2023HU1006370,9,278,1,1
2023HU1006370,10,278,1,1
2023HU1006370,11,278,1,1
2023HU1006385,1,501,1,1
2023HU1006433,1,193,3,1
2023HU1006433,2,193,3,1
2023HU1006643,1,455,3,1
2023HU1006643,2,455,3,1
2023HU1006643,3,455,3,1
2023HU1006708,1,501,1,1
2023HU1006708,2,501,1,1
2023HU1006708,3,501,1,1
2023HU1006748,1,134,3,1
2023HU1006748,2,134,3,1
2023HU1006773,1,226,3,1
2023HU1006773,2,226,3,1
2023HU1006773,3,226,3,1
2023HU1006957,1,501,1,1
2023HU1007128,1,501,3,1
2023HU1007128,2,501,3,1
2023HU1007132,1,243,1,1
2023HU1007132,2,243,1,1
2023HU1007132,3,243,1,1
2023HU1007132,4,243,1,1
2023HU1007132,5,243,1,1
2023HU1007243,1,501,1,1
2023HU1007243,2,501,1,1
2023HU1007413,1,501,3,1
2023HU1007413,2,501,3,1
2023HU1007738,1,83,2,1
2023HU1007738,2,83,2,1
2023HU1007738,3,83,2,1
2023HU1007738,4,83,2,1
2023HU1007738,5,83,2,1
2023HU1007956,1,501,2,1
2023HU1007956,2,501,2,1
2023HU1007977,1,239,3,1
2023HU1007977,2,116,3,1
2023HU1008026,1,289,1,1
2023HU1008026,2,289,1,1
2023HU1008048,1,501,1,1
2023HU1008048,2,501,1,1
2023HU1008048,3,501,1,1
2023HU1008048,4,501,1,1
2023HU1008229,1,430,1,1
2023HU1008229,2,430,1,1
2023HU1008283,1,501,3,1
2023HU1008288,1,90,1,1
2023HU1008288,2,90,1,1
2023HU1008316,1,190,1,1
2023HU1008353,1,216,2,1
2023HU1008353,2,216,2,1
2023HU1008375,1,207,2,1
2023HU1008375,2,207,2,1
2023HU1008462,1,127,3,1
2023HU1008798,1,309,3,1
2023HU1008798,2,309,3,1
2023HU1008798,3,25,3,1
2023HU1008811,1,332,1,1
2023HU1008811,2,332,1,1
2023HU1008811,3,332,1,1
2023HU1009037,1,215,3,1
2023HU1009057,1,501,1,1
2023HU1009057,2,501,1,1
2023HU1009145,1,343,3,1
2023HU1009162,1,415,1,1
2023HU1009265,1,220,3,1
2023HU1009265,2,62,3,1
2023HU1009345,1,501,1,1
2023HU1009345,2,501,1,1
2023HU1009568,1,319,2,1
2023HU1009568,2,319,2,1
2023HU1009640,1,406,3,1
2023HU1009640,2,406,3,1
2023HU1009640,3,406,3,1
2023HU1009739,1,55,3,1
2023HU1009739,2,55,3,1
2023HU1009803,1,219,1,1
2023HU1009987,1,344,1,1
2023HU1009987,2,344,1,1
2023HU1010080,1,501,1,1
2023HU1010080,2,501,1,1
2023HU1010169,1,501,1,1
2023HU1010169,2,501,1,1
2023HU1010413,1,12,3,1
2023HU1010443,1,63,3,1
2023HU1010617,1,501,1,1
2023HU1010617,2,501,1,1
2023HU1010617,3,501,1,1
2023HU1010617,4,501,1,1
2023HU1010643,1,11,2,1
2023HU1010878,1,501,1,1
2023HU1010878,2,501,1,1
2023HU1010878,3,501,1,1
2023HU1010878,4,501,1,1
2023HU1010878,5,501,1,1
2023HU1010884,1,178,2,1
2023HU1010940,1,501,1,1
2023HU1010940,2,501,1,1
2023HU1010940,3,501,1,1
2023HU1011031,1,501,1,1
2023HU1011031,2,501,1,1
2023HU1011031,3,501,1,1
2023HU1011031,4,501,1,1
2023HU1011031,5,501,1,1
2023HU1011080,1,460,1,1
2023HU1011080,2,460,1,1
2023HU1011080,3,460,1,1
2023HU1011093,1,178,2,1
2023HU1011310,1,202,1,1
2023HU1011310,2,202,1,1
2023HU1011310,3,202,1,1
2023HU1011310,4,202,1,1
2023HU1011323,1,72,3,1
2023HU1011323,2,72,3,1
2023HU1011323,3,72,3,1
2023HU1011323,4,72,3,1
2023HU1011323,5,72,3,1
2023HU1011323,6,72,3,1
2023HU1011342,1,67,3,1
2023HU1011342,2,67,3,1
2023HU1011342,3,,3,1
2023HU1011354,1,501,1,1
2023HU1011354,2,501,1,1
2023HU1011363,1,4,2,1
2023HU1011382,1,288,2,1
2023HU1011382,2,288,2,1
2023HU1011407,1,501,1,1
2023HU1011508,1,501,2,1
2023HU1011508,2,323,2,1
2023HU1011564,1,148,3,1
2023HU1011787,1,1,1,1
2023HU1011787,2,0,1,1
2023HU1011787,3,501,1,1
2023HU1011787,4,130,1,1
2023HU1011787,5,83,1,1
2023HU1011801,1,72,1,1
2023HU1011801,2,72,1,1
2023HU1011801,3,72,1,1
2023HU1011801,4,72,1,1
2023HU1011852,1,237,3,1
2023HU1012052,1,399,2,1
2023HU1012355,1,402,1,1
2023HU1012355,2,402,1,1
2023HU1012355,3,402,1,1
2023HU1012363,1,415,1,1
2023HU1012363,2,415,1,1
2023HU1012367,1,501,1,1
2023HU1012367,2,501,1,1
2023HU1012367,3,501,1,1
2023HU1012441,1,329,1,1
2023HU1012441,2,329,1,1
2023HU1012441,3,329,1,1
2023HU1012441,4,329,1,1
2023HU1012441,5,329,1,1
2023HU1012441,6,329,1,1
2023HU1012483,1,304,3,1
2023HU1012483,2,304,3,1
2023HU1012483,3,304,3,1
2023HU1012503,1,259,3,1
2023HU1012503,2,259,3,1
2023HU1012682,1,501,3,1
2023HU1012682,2,501,3,1
2023HU1012725,1,230,1,1
2023HU1012725,2,230,1,1
2023HU1012725,3,230,1,1
2023HU1012725,4,230,1,1
2023HU1012776,1,440,3,1
2023HU1012776,2,0,3,1
2023HU1012776,3,440,3,1
2023HU1012788,1,240,1,1
2023HU1012788,2,240,1,1
2023HU1012788,3,240,1,1
2023HU1012844,1,501,1,1
2023HU1012844,2,259,1,1
2023HU1013319,1,501,1,1
2023HU1013319,2,501,1,1
2023HU1013319,3,501,1,1
2023HU1013319,4,501,1,1
2023HU1013338,1,133,3,1
2023HU1013338,2,133,3,1
2023HU1013338,3,133,3,1
2023HU1013338,4,133,3,1
2023HU1013470,1,501,2,1
2023HU1013470,2,501,2,1
2023HU1013472,1,501,2,1
2023HU1013472,2,501,2,1
2023HU1013472,3,501,2,1
2023HU1013487,1,278,1,1
2023HU1013487,2,278,1,1
2023HU1013577,1,135,3,1
2023HU1013577,2,135,3,1
2023HU1013584,1,229,2,1
2023HU1013667,1,496,3,1
2023HU1013861,1,211,1,1
2023HU1013861,2,74,1,1
2023HU1014174,1,145,3,1
2023HU1014233,1,266,1,1
2023HU1014233,2,266,1,1
2023HU1014285,1,501,1,1
2023HU1014285,2,501,1,1
2023HU1014331,1,501,2,1
2023HU1014331,2,501,2,1
2023HU1014333,1,127,3,1
2023HU1014333,2,127,3,1
2023HU1014333,3,127,3,1
2023HU1014336,1,501,1,1
2023HU1014336,2,387,1,1
2023HU1014336,3,501,1,1
2023HU1014336,4,501,1,1
2023HU1014439,1,181,2,1
2023HU1014439,2,181,2,1
2023HU1014439,3,181,2,1
2023HU1014439,4,181,2,1
2023HU1014439,5,181,2,1
2023HU1014653,1,277,2,1
2023HU1014688,1,501,2,1
2023HU1014688,2,501,2,1
2023HU1014863,1,104,1,1
2023HU1014863,2,104,1,1
2023HU1015222,1,284,2,1
2023HU1015222,2,284,2,1
2023HU1015313,1,233,3,1
2023HU1015369,1,501,3,1
2023HU1015369,2,331,3,1
2023HU1015448,1,15,1,1
2023HU1015448,2,15,1,1
2023HU1015466,1,0,3,1
2023HU1015466,2,449,3,1
2023HU1015466,3,501,3,1
2023HU1015466,4,12,3,1
2023HU1015466,5,4,3,1
2023HU1015623,1,261,2,1
2023HU1015623,2,261,2,1
2023HU1015623,3,261,2,1
2023HU1015639,1,71,3,1
2023HU1015646,1,445,3,1
2023HU1015686,1,413,1,1
2023HU1015686,2,413,1,1
2023HU1015686,3,413,1,1
2023HU1015686,4,413,1,1
2023HU1015698,1,324,2,1
2023HU1015755,1,347,1,1
2023HU1015755,2,347,1,1
2023HU1015809,1,501,3,1
2023HU1016097,1,136,3,1
2023HU1016097,2,136,3,1
2023HU1016097,3,136,3,1
2023HU1016097,4,136,3,1
2023HU1016097,5,136,3,1
2023HU1016124,1,501,1,1
2023HU1016244,1,501,1,1
2023HU1016244,2,501,1,1
2023HU1016354,1,501,3,1
2023HU1016354,2,501,3,1
2023HU1016534,1,152,3,1
2023HU1016534,2,152,3,1
2023HU1016534,3,152,3,1
2023HU1016534,4,152,3,1
2023HU1016534,5,152,3,1
2023HU1016534,6,152,3,1
2023HU1016534,7,152,3,1
2023HU1016534,8,152,3,1
2023HU1016552,1,339,2,1
2023HU1016552,2,339,2,1
2023HU1016603,1,501,1,1
2023HU1016603,2,501,1,1
2023HU1016603,3,501,1,1
2023HU1016603,4,501,1,1
2023HU1016608,1,255,1,1
2023HU1016608,2,255,1,1
2023HU1016608,3,,1,1
2023HU1016608,4,,1,1
2023HU1016608,5,,1,1
2023HU1016659,1,250,2,1
2023HU1016659,2,250,2,1
2023HU1016659,3,250,2,1
2023HU1016659,4,250,2,1
2023HU1016659,5,250,2,1
2023HU1016757,1,501,2,1
2023HU1016757,2,501,2,1
2023HU1016762,1,501,2,1
2023HU1016762,2,501,2,1
2023HU1016762,3,501,2,1
2023HU1016858,1,133,3,1
2023HU1016858,2,133,3,1
2023HU1016858,3,133,3,1
2023HU1016858,4,133,3,1
2023HU1016943,1,253,1,1
2023HU1017041,1,384,3,1
2023HU1017116,1,104,2,1
2023HU1017116,2,104,2,1
2023HU1017118,1,501,1,1
2023HU1017118,2,501,1,1
2023HU1017118,3,501,1,1
2023HU1017118,4,501,1,1
2023HU1017118,5,501,1,1
2023HU1017156,1,225,1,1
2023HU1017156,2,225,1,1
2023HU1017156,3,225,1,1
2023HU1017156,4,225,1,1
2023HU1017156,5,225,1,1
2023HU1017156,6,225,1,1
2023HU1017164,1,501,1,1
2023HU1017181,1,265,1,1
2023HU1017196,1,365,3,1
2023HU1017196,2,365,3,1
2023HU1017321,1,199,2,1
2023HU1017500,1,317,3,1
2023HU1017571,1,501,3,1
2023HU1017571,2,501,3,1
2023HU1017571,3,501,3,1
2023HU1017571,4,501,3,1
2023HU1017808,1,501,2,1
2023HU1017808,2,501,2,1
2023HU1017808,3,501,2,1
2023HU1017808,4,501,2,1
2023HU1017917,1,176,3,1
2023HU1017939,1,501,1,1
2023HU1017939,2,501,1,1
2023HU1017939,3,501,1,1
2023HU1017939,4,501,1,1
2023HU1018020,1,284,3,1
2023HU1018020,2,0,3,1
2023HU1018063,1,501,1,1
2023HU1018063,2,501,1,1
2023HU1018063,3,501,1,1
2023HU1018125,1,439,1,1
2023HU1018125,2,439,1,1
2023HU1018125,3,439,1,1
2023HU1018125,4,439,1,1
2023HU1018182,1,501,2,1
2023HU1018182,2,501,2,1
2023HU1018319,1,501,1,1
2023HU1018319,2,501,1,1
2023HU1018319,3,501,1,1
2023HU1018426,1,501,1,1
2023HU1018457,1,258,2,1
2023HU1018479,1,278,1,1
2023HU1018479,2,278,1,1
2023HU1018479,3,278,1,1
2023HU1018479,4,278,1,1
2023HU1018505,1,348,3,1
2023HU1018657,1,501,2,1
2023HU1018657,2,501,2,1
2023HU1018657,3,501,2,1
2023HU1018657,4,501,2,1
2023HU1018657,5,501,2,1
2023HU1018657,6,501,2,1
2023HU1018657,7,501,2,1
2023HU1018657,8,501,2,1
2023HU1018678,1,192,3,1
2023HU1018678,2,192,3,1
2023HU1018698,1,501,3,1
2023HU1018743,1,501,1,1
2023HU1018743,2,501,1,1
2023HU1018840,1,501,3,1
2023HU1018840,2,501,3,1
2023HU1018840,3,501,3,1
2023HU1019014,1,501,3,1
2023HU1019014,2,501,3,1
2023HU1019289,1,203,3,1
2023HU1019330,1,501,3,1
2023HU1019330,2,0,3,1
2023HU1019392,1,65,2,1
2023HU1019392,2,392,2,1
2023HU1019392,3,68,2,1
2023HU1019440,1,501,1,1
2023HU1019440,2,501,1,1
2023HU1019461,1,501,2,1
2023HU1019461,2,501,2,1
2023HU1019501,1,295,3,1
2023HU1019748,1,4,3,1
2023HU1019748,2,0,3,1
2023HU1019748,3,4,3,1
2023HU1019748,4,4,3,1
2023HU1019748,5,4,3,1
2023HU1019748,6,4,3,1
2023HU1019748,7,4,3,1
2023HU1019748,8,4,3,1
2023HU1019766,1,501,1,1
2023HU1019871,1,83,4,1
2023HU1019871,2,83,4,1
2023HU1020020,1,501,1,1
2023HU1020020,2,501,1,1
2023HU1020066,1,450,3,1
2023HU1020153,1,501,1,1
2023HU1020153,2,501,1,1
2023HU1020153,3,501,1,1
2023HU1020153,4,501,1,1
2023HU1020153,5,501,1,1
2023HU1020153,6,501,1,1
2023HU1020153,7,501,1,1
2023HU1020340,1,501,3,1
2023HU1020473,1,501,1,1
2023HU1020473,2,501,1,1
2023HU1020485,1,13,1,1
2023HU1020485,2,13,1,1
2023HU1020485,3,13,1,1
2023HU1020485,4,13,1,1
2023HU1020485,5,13,1,1
2023HU1020485,6,13,1,1
2023HU1020485,7,13,1,1
2023HU1020522,1,162,2,1
2023HU1020522,2,319,2,1
2023HU1020522,3,162,2,1
2023HU1020594,1,501,3,1
2023HU1020594,2,501,3,1
2023HU1020800,1,172,4,1
2023HU1020803,1,293,3,1
2023HU1020803,2,293,3,1
2023HU1020945,1,82,2,1
2023HU1021114,1,501,4,1
2023HU1021114,2,501,4,1
2023HU1021294,1,501,1,1
2023HU1021353,1,501,2,1
2023HU1021353,2,501,2,1
2023HU1021380,1,501,1,1
2023HU1021432,1,387,2,1
2023HU1021432,2,387,2,1
2023HU1021561,1,501,2,1
2023HU1021561,2,501,2,1
2023HU1021576,1,7,3,1
2023HU1021576,2,7,3,1
2023HU1021578,1,501,3,1
2023HU1021699,1,501,2,1
2023HU1021699,2,501,2,1
2023HU1021699,3,501,2,1
2023HU1021699,4,501,2,1
2023HU1021774,1,109,3,1
2023HU1021793,1,249,1,1
2023HU1021793,2,249,1,1
2023HU1022008,1,501,1,1
2023HU1022008,2,501,1,1
2023HU1022008,3,501,1,1
2023HU1022008,4,501,1,1
2023HU1022031,1,278,3,1
2023HU1022544,1,115,1,1
2023HU1022544,2,115,1,1
2023HU1022544,3,115,1,1
2023HU1022609,1,436,1,1
2023HU1022618,1,10,2,1
2023HU1022645,1,334,3,1
2023HU1022645,2,334,3,1
2023HU1022726,1,501,3,1
2023HU1022726,2,501,3,1
2023HU1022732,1,501,2,1
2023HU1022779,1,204,3,1
2023HU1022779,2,204,3,1
2023HU1022894,1,501,1,1
2023HU1022894,2,501,1,1
2023HU1022894,3,501,1,1
2023HU1022894,4,501,1,1
2023HU1022927,1,115,1,1
2023HU1022927,2,115,1,1
2023HU1022927,3,115,1,1
2023HU1022927,4,115,1,1
2023HU1022927,5,115,1,1
2023HU1022936,1,354,3,1
2023HU1022936,2,387,3,1
2023HU1022948,1,501,1,1
2023HU1022948,2,501,1,1
2023HU1023043,1,501,1,1
2023HU1023043,2,501,1,1
2023HU1023043,3,501,1,1
2023HU1023043,4,501,1,1
2023HU1023118,1,501,1,1
2023HU1023118,2,501,1,1
2023HU1023118,3,501,1,1
2023HU1023118,4,501,1,1
2023HU1023118,5,501,1,1
2023HU1023118,6,501,1,1
2023HU1023165,1,227,1,1
2023HU1023301,1,77,2,1
2023HU1023320,1,501,3,1
2023HU1023320,2,501,3,1
2023HU1023375,1,261,2,1
2023HU1023665,1,501,1,1
2023HU1023665,2,501,1,1
2023HU1023665,3,501,1,1
2023HU1023665,4,501,1,1
2023HU1023727,1,199,3,1
2023HU1023743,1,40,3,1
2023HU1023743,2,40,3,1
2023HU1023743,3,40,3,1
2023HU1023743,4,40,3,1
2023HU1023743,5,40,3,1
2023HU1024001,1,399,1,1
2023HU1024286,1,420,1,1
2023HU1024571,1,501,1,1
2023HU1024571,2,501,1,1
2023HU1024707,1,302,1,1
2023HU1024707,2,302,1,1
2023HU1024783,1,501,1,1
2023HU1024783,2,501,1,1
2023HU1024824,1,313,3,1
2023HU1024893,1,275,1,1
2023HU1024963,1,501,1,1
2023HU1024963,2,501,1,1
2023HU1024980,1,468,3,1
2023HU1025512,1,501,1,1
2023HU1025512,2,501,1,1
2023HU1025705,1,93,3,1
2023HU1025772,1,108,1,1
2023HU1025772,2,108,1,1
2023HU1025772,3,108,1,1
2023HU1025772,4,108,1,1
2023HU1025792,1,501,1,1
2023HU1025792,2,501,1,1
2023HU1025837,1,146,1,1
2023HU1025837,2,146,1,1
2023HU1025837,3,146,1,1
2023HU1025837,4,146,1,1
2023HU1025837,5,146,1,1
2023HU1025837,6,0,1,1
2023HU1025837,7,97,1,1
2023HU1026183,1,496,3,1
2023HU1026183,2,196,3,1
2023HU1026241,1,501,2,1
2023HU1026241,2,501,2,1
2023HU1026359,1,501,1,1
2023HU1026359,2,501,1,1
2023HU1026359,3,501,1,1
2023HU1026359,4,501,1,1
2023HU1026670,1,501,2,1
2023HU1026670,2,501,2,1
2023HU1026670,3,501,2,1
2023HU1026753,1,180,3,1
2023HU1026817,1,319,2,1
2023HU1026896,1,501,3,1
2023HU1026896,2,501,3,1
2023HU1026938,1,501,1,1
2023HU1026938,2,501,1,1
2023HU1026938,3,501,1,1
2023HU1026969,1,179,1,1
2023HU1027329,1,501,2,1
2023HU1027329,2,501,2,1
2023HU1027395,1,70,2,1
2023HU1027395,2,70,2,1
2023HU1027395,3,70,2,1
2023HU1027395,4,70,2,1
2023HU1027395,5,70,2,1
2023HU1027395,6,70,2,1
2023HU1027395,7,70,2,1
2023HU1027515,1,6,3,1
2023HU1027621,1,407,3,1
2023HU1027645,1,381,3,1
2023HU1027680,1,501,1,1
2023HU1027680,2,501,1,1
2023HU1027680,3,501,1,1
2023HU1027680,4,501,1,1
2023HU1027699,1,321,3,1
2023HU1027699,2,321,3,1
2023HU1027699,3,321,3,1
2023HU1027709,1,501,2,1
2023HU1027709,2,245,2,1
2023HU1027808,1,359,2,1
2023HU1028064,1,167,2,1
2023HU1028064,2,167,2,1
2023HU1028064,3,167,2,1
2023HU1028064,4,167,2,1
2023HU1028290,1,243,2,1
2023HU1028290,2,243,2,1
2023HU1028290,3,243,2,1
2023HU1028290,4,243,2,1
2023HU1028290,5,243,2,1
2023HU1028417,1,501,1,1
2023HU1028417,2,501,1,1
2023HU1028417,3,501,1,1
2023HU1028488,1,490,1,1
2023HU1028488,2,490,1,1
2023HU1028488,3,490,1,1
2023HU1028626,1,501,2,1
2023HU1028626,2,501,2,1
2023HU1028801,1,501,1,1
2023HU1028801,2,501,1,1
2023HU1028827,1,501,1,1
2023HU1028889,1,384,1,1
2023HU1028889,2,384,1,1
2023HU1028889,3,384,1,1
2023HU1028889,4,384,1,1
2023HU1028889,5,384,1,1
2023HU1028930,1,501,3,1
2023HU1028930,2,501,3,1
2023HU1028952,1,34,1,1
2023HU1028952,2,34,1,1
2023HU1028990,1,474,1,1
2023HU1028990,2,89,1,1
2023HU1029194,1,419,1,1
2023HU1029194,2,44,1,1
2023HU1029255,1,98,3,1
2023HU1029255,2,501,3,1
2023HU1029384,1,494,1,1
2023HU1029384,2,494,1,1
2023HU1029384,3,494,1,1
2023HU1029384,4,494,1,1
2023HU1029396,1,163,3,1
2023HU1029396,2,163,3,1
2023HU1029412,1,501,3,1
2023HU1029530,1,501,1,1
2023HU1029530,2,501,1,1
2023HU1029530,3,501,1,1
2023HU1029530,4,501,1,1
2023HU1029530,5,501,1,1
2023HU1029567,1,271,1,1
2023HU1029567,2,271,1,1
2023HU1029567,3,271,1,1
2023HU1029567,4,271,1,1
2023HU1029688,1,15,3,1
2023HU1029738,1,501,2,1
2023HU1029748,1,501,1,1
2023HU1029748,2,501,1,1
2023HU1029748,3,501,1,1
2023HU1029769,1,95,2,1
2023HU1029769,2,95,2,1
2023HU1029769,3,95,2,1
2023HU1029842,1,501,1,1
2023HU1029862,1,354,1,1
2023HU1029862,2,354,1,1
2023HU1030105,1,113,2,1
2023HU1030106,1,116,3,1
2023HU1030272,1,501,2,1
2023HU1030272,2,307,2,1
2023HU1030556,1,401,3,1
2023HU1030581,1,150,2,1
2023HU1030581,2,150,2,1
2023HU1030590,1,413,2,1
2023HU1030602,1,501,3,1
2023HU1030602,2,501,3,1
2023HU1030803,1,76,3,1
2023HU1030961,1,285,1,1
2023HU1030961,2,285,1,1
2023HU1031006,1,326,2,1
2023HU1031006,2,326,2,1
2023HU1031288,1,431,4,1
2023HU1031437,1,69,3,1
2023HU1031539,1,501,1,1
2023HU1031984,1,214,3,1
2023HU1032049,1,501,2,1
2023HU1032049,2,501,2,1
2023HU1032084,1,501,1,1
2023HU1032084,2,501,1,1
2023HU1032102,1,501,1,1
2023HU1032102,2,501,1,1
2023HU1032246,1,501,2,1
2023HU1032246,2,501,2,1
2023HU1032269,1,413,1,1
2023HU1032269,2,156,1,1
2023HU1032269,3,413,1,1
2023HU1032269,4,413,1,1
2023HU1032502,1,279,3,1
2023HU1032608,1,91,3,1
2023HU1032608,2,91,3,1
2023HU1032608,3,91,3,1
2023HU1032608,4,91,3,1
2023HU1032646,1,421,1,1
2023HU1032757,1,501,1,1
2023HU1032757,2,501,1,1
2023HU1032757,3,501,1,1
2023HU1032757,4,501,1,1
2023HU1032757,5,501,1,1
2023HU1032757,6,501,1,1
2023HU1032904,1,320,3,1
2023HU1032904,2,320,3,1
2023HU1033099,1,305,2,1
2023HU1033099,2,305,2,1
2023HU1033099,3,305,2,1
2023HU1033099,4,305,2,1
2023HU1033184,1,369,3,1
2023HU1033184,2,369,3,1
2023HU1033194,1,226,3,1
2023HU1033194,2,226,3,1
2023HU1033194,3,226,3,1
2023HU1033196,1,100,1,1
2023HU1033262,1,299,3,1
2023HU1033334,1,419,4,1
2023HU1033342,1,501,2,1
2023HU1033342,2,501,2,1
2023HU1033343,1,397,3,1
2023HU1033343,2,397,3,1
2023HU1033441,1,215,1,1
2023HU1033770,1,469,3,1
2023HU1033770,2,469,3,1
2023HU1034113,1,501,1,1
2023HU1034147,1,501,1,1
2023HU1034282,1,501,1,1
2023HU1034282,2,501,1,1
2023HU1034282,3,501,1,1
2023HU1034361,1,57,3,1
2023HU1034426,1,336,3,1
2023HU1034426,2,414,3,1
2023HU1034592,1,501,1,1
2023HU1034592,2,501,1,1
2023HU1034709,1,216,1,1
2023HU1034709,2,216,1,1
2023HU1034709,3,216,1,1
2023HU1034709,4,216,1,1
2023HU1034709,5,216,1,1
2023HU1034888,1,268,2,1
2023HU1034909,1,431,1,1
2023HU1034909,2,431,1,1
2023HU1034909,3,431,1,1
2023HU1034909,4,431,1,1
2023HU1034909,5,431,1,1
2023HU1035229,1,236,3,1
2023HU1035244,1,501,2,1
2023HU1035244,2,501,2,1
2023HU1035248,1,501,1,1
2023HU1035248,2,501,1,1
2023HU1035299,1,0,4,1
2023HU1035317,1,501,1,1
2023HU1035317,2,501,1,1
2023HU1035555,1,98,1,1
2023HU1035555,2,98,1,1
2023HU1035555,3,98,1,1
2023HU1035555,4,98,1,1
2023HU1035694,1,225,2,1
2023HU1035694,2,225,2,1
2023HU1035818,1,501,1,1
2023HU1035818,2,114,1,1
2023HU1035892,1,501,1,1
2023HU1035892,2,501,1,1
2023HU1035892,3,501,1,1
2023HU1035892,4,501,1,1
2023HU1035892,5,501,1,1
2023HU1035892,6,501,1,1
2023HU1036318,1,501,1,1
2023HU1036318,2,501,1,1
2023HU1036379,1,501,1,1
2023HU1036379,2,501,1,1
2023HU1036379,3,501,1,1
2023HU1036461,1,501,2,1
2023HU1036461,2,501,2,1
2023HU1036496,1,501,1,1
2023HU1036496,2,501,1,1
2023HU1036557,1,190,3,1
2023HU1036652,1,393,1,1
2023HU1036652,2,393,1,1
2023HU1036652,3,393,1,1
2023HU1036657,1,161,3,1
2023HU1036657,2,182,3,1
2023HU1036672,1,102,3,1
2023HU1036672,2,401,3,1
2023HU1036672,3,129,3,1
2023HU1036814,1,397,1,1
2023HU1036814,2,397,1,1
2023HU1037015,1,501,1,1
2023HU1037119,1,501,2,1
2023HU1037238,1,325,1,1
2023HU1037238,2,388,1,1
2023HU1037265,1,501,2,1
2023HU1037267,1,37,3,1
2023HU1037335,1,501,3,1
2023HU1037397,1,501,1,1
2023HU1037670,1,166,1,1
2023HU1037804,1,168,3,1
2023HU1037804,2,168,3,1
2023HU1037856,1,127,2,1
2023HU1037904,1,247,3,1
2023HU1037904,2,247,3,1
2023HU1037904,3,190,3,1
2023HU1037919,1,501,1,1
2023HU1037919,2,501,1,1
2023HU1037919,3,501,1,1
2023HU1037920,1,320,2,1
2023HU1037920,2,320,2,1
2023HU1037963,1,501,1,1
2023HU1037963,2,501,1,1
2023HU1037963,3,501,1,1
2023HU1037963,4,501,1,1
2023HU1037963,5,501,1,1
2023HU1038131,1,501,2,1
2023HU1038131,2,501,2,1
2023HU1038131,3,501,2,1
2023HU1038148,1,147,1,1
2023HU1038148,2,147,1,1
2023HU1038148,3,147,1,1
2023HU1038148,4,147,1,1
2023HU1038148,5,147,1,1
2023HU1038218,1,466,1,1
2023HU1038218,2,466,1,1
2023HU1038218,3,466,1,1
2023HU1038218,4,466,1,1
2023HU1038364,1,501,1,1
2023HU1038364,2,501,1,1
2023HU1038448,1,501,1,1
2023HU1038448,2,501,1,1
2023HU1038571,1,255,2,1
2023HU1038593,1,501,1,1
2023HU1038593,2,501,1,1
2023HU1038593,3,501,1,1
2023HU1038593,4,501,1,1
2023HU1038593,5,501,1,1
2023HU1038652,1,431,2,1
2023HU1038652,2,431,2,1
2023HU1038652,3,431,2,1
2023HU1038652,4,431,2,1
2023HU1038652,5,431,2,1
2023HU1038774,1,488,3,1
2023HU1038792,1,501,1,1
2023HU1038792,2,501,1,1
2023HU1038848,1,501,2,1
2023HU1038848,2,501,2,1
2023HU1038879,1,464,3,1
2023HU1038998,1,501,2,1
2023HU1039126,1,501,1,1
2023HU1039163,1,501,2,1
2023HU1039163,2,501,2,1
2023HU1039210,1,501,3,1
2023HU1039210,2,501,3,1
2023HU1039353,1,71,2,1
2023HU1039353,2,181,2,1
2023HU1039495,1,501,1,1
2023HU1039495,2,501,1,1
2023HU1039495,3,501,1,1
2023HU1039585,1,231,1,1
2023HU1039585,2,231,1,1
2023HU1039585,3,231,1,1
2023HU1039585,4,231,1,1
2023HU1039585,5,231,1,1
2023HU1039721,1,45,2,1
2023HU1039721,2,485,2,1
2023HU1039721,3,226,2,1
2023HU1039721,4,194,2,1
2023HU1039834,1,77,2,1
2023HU1039887,1,501,1,1
2023HU1039887,2,501,1,1
2023HU1039887,3,501,1,1
2023HU1039936,1,287,3,1
2023HU1039936,2,287,3,1
2023HU1039936,3,287,3,1
2023HU1040017,1,501,1,1
2023HU1040017,2,501,1,1
2023HU1040017,3,501,1,1
2023HU1040053,1,437,4,1
2023HU1040053,2,501,4,1
2023HU1040053,3,437,4,1
2023HU1040053,4,437,4,1
2023HU1040236,1,153,2,1
2023HU1040236,2,153,2,1
2023HU1040247,1,501,1,1
2023HU1040247,2,501,1,1
2023HU1040346,1,325,3,1
2023HU1040346,2,325,3,1
2023HU1040346,3,325,3,1
2023HU1040348,1,422,3,1
2023HU1040348,2,195,3,1
2023HU1040419,1,501,1,1
2023HU1040419,2,501,1,1
2023HU1040419,3,501,1,1
2023HU1040419,4,501,1,1
2023HU1040419,5,501,1,1
2023HU1040497,1,501,1,1
2023HU1040567,1,193,1,1
2023HU1040567,2,193,1,1
2023HU1040688,1,357,3,1
2023HU1040688,2,357,3,1
2023HU1040731,1,155,3,1
2023HU1040805,1,501,1,1
2023HU1040909,1,501,3,1
2023HU1040909,2,95,3,1
2023HU1041006,1,501,1,1
2023HU1041006,2,501,1,1
2023HU1041006,3,501,1,1
2023HU1041006,4,501,1,1
2023HU1041072,1,474,1,1
2023HU1041072,2,474,1,1
2023HU1041072,3,474,1,1
2023HU1041072,4,474,1,1
2023HU1041116,1,501,3,1
2023HU1041116,2,501,3,1
2023HU1041243,1,501,2,1
2023HU1041396,1,448,3,1
2023HU1041396,2,448,3,1
2023HU1041469,1,501,1,1
2023HU1041469,2,501,1,1
2023HU1041469,3,501,1,1
2023HU1041492,1,102,1,1
2023HU1041609,1,501,1,1
2023HU1041609,2,501,1,1
2023HU1041609,3,501,1,1
2023HU1041609,4,501,1,1
2023HU1041857,1,242,3,1
2023HU1041873,1,501,1,1
2023HU1041873,2,501,1,1
2023HU1041873,3,501,1,1
2023HU1042293,1,245,3,1
2023HU1042293,2,245,3,1
2023HU1042293,3,245,3,1
2023HU1042293,4,245,3,1
2023HU1042293,5,245,3,1
2023HU1042293,6,245,3,1
2023HU1042293,7,245,3,1
2023HU1042293,8,245,3,1
2023HU1042293,9,245,3,1
2023HU1042299,1,129,1,1
2023HU1042299,2,129,1,1
2023HU1042299,3,129,1,1
2023HU1042377,1,501,3,1
2023HU1042377,2,501,3,1
2023HU1042421,1,72,3,1
2023HU1042805,1,247,3,1
2023HU1042805,2,247,3,1
2023HU1042805,3,247,3,1
2023HU1042805,4,247,3,1
2023HU1042870,1,176,2,1
2023HU1042894,1,306,1,1
2023HU1042894,2,109,1,1
2023HU1042894,3,0,1,1
2023HU1043148,1,501,1,1
2023HU1043148,2,501,1,1
2023HU1043413,1,501,1,1
2023HU1043413,2,501,1,1
2023HU1043413,3,501,1,1
2023HU1043413,4,501,1,1
2023HU1043413,5,501,1,1
2023HU1043539,1,501,1,1
2023HU1043539,2,501,1,1
2023HU1043539,3,501,1,1
2023HU1043539,4,501,1,1
2023HU1043669,1,388,3,1
2023HU1043669,2,388,3,1
2023HU1043676,1,501,3,1
2023HU1043710,1,501,2,1
2023HU1043710,2,501,2,1
2023HU1043781,1,2,1,1
2023HU1043862,1,501,1,1
2023HU1043885,1,501,1,1
2023HU1043885,2,501,1,1
2023HU1043972,1,85,2,1
2023HU1044182,1,501,1,1
2023HU1044182,2,501,1,1
2023HU1044182,3,501,1,1
2023HU1044182,4,501,1,1
2023HU1044217,1,501,3,1
2023HU1044222,1,5,2,1
2023HU1044257,1,501,3,1
2023HU1044257,2,501,3,1
2023HU1044257,3,501,3,1
2023HU1044371,1,501,3,1
2023HU1044371,2,501,3,1
2023HU1044459,1,345,3,1
2023HU1044584,1,299,2,1
2023HU1044584,2,299,2,1
2023HU1044584,3,299,2,1
2023HU1044592,1,492,3,1
2023HU1044592,2,466,3,1
2023HU1044679,1,277,2,1
2023HU1044679,2,277,2,1
2023HU1044802,1,223,1,1
2023HU1044802,2,223,1,1
2023HU1044926,1,95,3,1
2023HU1044926,2,95,3,1
2023HU1044926,3,95,3,1
2023HU1044926,4,163,3,1
2023HU1044944,1,501,2,1
2023HU1044944,2,501,2,1
2023HU1044944,3,501,2,1
2023HU1045229,1,83,1,1
2023HU1045229,2,83,1,1
2023HU1045229,3,83,1,1
2023HU1045281,1,299,2,1
2023HU1045310,1,501,1,1
2023HU1045310,2,160,1,1
2023HU1045318,1,355,1,1
2023HU1045318,2,355,1,1
2023HU1045318,3,355,1,1
2023HU1045318,4,355,1,1
2023HU1045318,5,355,1,1
2023HU1045318,6,355,1,1
2023HU1045381,1,283,1,1
2023HU1045796,1,501,1,1
2023HU1045796,2,501,1,1
2023HU1045922,1,390,1,1
2023HU1045922,2,390,1,1
2023HU1045991,1,101,1,1
2023HU1045991,2,130,1,1
2023HU1045991,3,101,1,1
2023HU1046061,1,482,3,1
2023HU1046061,2,482,3,1
2023HU1046137,1,29,3,1
2023HU1046137,2,29,3,1
2023HU1046137,3,29,3,1
2023HU1046137,4,29,3,1
2023HU1046298,1,501,1,1
2023HU1046386,1,382,1,1
2023HU1046386,2,382,1,1
2023HU1046386,3,382,1,1
2023HU1046386,4,382,1,1
2023HU1046386,5,382,1,1
2023HU1046396,1,209,1,1
2023HU1046396,2,209,1,1
2023HU1046687,1,501,3,1
2023HU1046731,1,229,2,1
2023HU1046928,1,245,1,1
2023HU1046928,2,245,1,1
2023HU1047102,1,495,1,1
2023HU1047102,2,495,1,1
2023HU1047199,1,83,1,1
2023HU1047212,1,264,3,1
2023HU1047228,1,501,1,1
2023HU1047228,2,501,1,1
2023HU1047330,1,501,1,1
2023HU1047330,2,501,1,1
2023HU1047403,1,501,1,1
2023HU1047586,1,319,1,1
2023HU1047586,2,446,1,1
2023HU1047835,1,501,3,1
2023HU1047835,2,501,3,1
2023HU1047868,1,106,2,1
2023HU1047868,2,106,2,1
2023HU1047868,3,106,2,1
2023HU1047868,4,106,2,1
2023HU1047877,1,185,3,1
2023HU1047877,2,129,3,1
2023HU1047877,3,185,3,1
2023HU1047893,1,19,3,1
2023HU1047907,1,0,1,1
2023HU1047946,1,355,3,1
2023HU1047946,2,355,3,1
2023HU1048014,1,501,2,1
2023HU1048110,1,463,1,1
2023HU1048110,2,463,1,1
2023HU1048211,1,227,1,1
2023HU1048211,2,227,1,1
2023HU1048211,3,227,1,1
2023HU1048211,4,227,1,1
2023HU1048241,1,501,1,1
2023HU1048259,1,470,2,1
2023HU1048259,2,470,2,1
2023HU1048261,1,232,3,1
2023HU1048261,2,225,3,1
2023HU1048331,1,501,2,1
2023HU1048331,2,501,2,1
2023HU1048388,1,19,2,1
2023HU1048624,1,501,1,1
2023HU1049021,1,23,1,1
2023HU1049021,2,23,1,1
2023HU1049021,3,23,1,1
2023HU1049135,1,305,1,1
2023HU1049135,2,305,1,1
2023HU1049135,3,305,1,1
2023HU1049135,4,305,1,1
2023HU1049224,1,261,3,1
2023HU1049224,2,261,3,1
2023HU1049249,1,422,1,1
2023HU1049249,2,422,1,1
2023HU1049303,1,170,3,1
2023HU1049303,2,0,3,1
2023HU1049303,3,501,3,1
2023HU1049303,4,158,3,1
2023HU1049329,1,501,3,1
2023HU1049329,2,501,3,1
2023HU1049758,1,501,1,1
2023HU1049758,2,501,1,1
2023HU1049831,1,177,1,1
2023HU1049847,1,232,2,1
2023HU1049894,1,487,1,1
2023HU1049894,2,487,1,1
2023HU1049894,3,487,1,1
2023HU1049894,4,487,1,1
2023HU1050081,1,501,1,1
2023HU1050081,2,501,1,1
2023HU1050081,3,501,1,1
2023HU1050098,1,388,1,1
2023HU1050098,2,388,1,1
2023HU1050098,3,388,1,1
2023HU1050098,4,388,1,1
2023HU1050098,5,388,1,1
2023HU1050098,6,388,1,1
2023HU1050127,1,416,1,1
2023HU1050127,2,416,1,1
2023HU1050127,3,416,1,1
2023HU1050127,4,416,1,1
2023HU1050127,5,416,1,1
2023HU1050315,1,501,1,1
2023HU1050315,2,501,1,1
2023HU1050315,3,501,1,1
2023HU1050315,4,501,1,1
2023HU1050315,5,501,1,1
2023HU1050315,6,501,1,1
2023HU1050400,1,15,3,1
2023HU1050405,1,501,2,1
2023HU1050405,2,501,2,1
2023HU1050564,1,247,2,1
2023HU1050750,1,501,1,1
2023HU1050750,2,501,1,1
2023HU1050786,1,285,3,1
2023HU1050919,1,501,1,1
2023HU1050919,2,501,1,1
2023HU1050941,1,158,2,1
2023HU1051174,1,331,2,1
2023HU1051281,1,114,2,1
2023HU1051293,1,496,1,1
2023HU1051293,2,496,1,1
2023HU1051293,3,496,1,1
2023HU1051532,1,452,2,1
2023HU1051532,2,452,2,1
2023HU1051532,3,452,2,1
2023HU1051532,4,452,2,1
2023HU1051730,1,501,1,1
2023HU1051730,2,501,1,1
2023HU1051730,3,501,1,1
2023HU1051730,4,501,1,1
2023HU1051730,5,501,1,1
2023HU1051730,6,501,1,1
2023HU1052032,1,194,1,1
2023HU1052032,2,194,1,1
2023HU1052037,1,432,2,1
2023HU1052037,2,432,2,1
2023HU1052174,1,88,3,1
2023HU1052360,1,501,3,1
2023HU1052406,1,224,3,1
2023HU1052406,2,224,3,1
2023HU1052407,1,7,1,1
2023HU1052407,2,7,1,1
2023HU1052407,3,7,1,1
2023HU1052428,1,501,1,1
2023HU1052428,2,501,1,1
2023HU1052428,3,501,1,1
2023HU1052428,4,501,1,1
2023HU1052431,1,102,2,1
2023HU1052431,2,102,2,1
2023HU1052431,3,102,2,1
2023HU1052431,4,102,2,1
2023HU1052431,5,102,2,1
2023HU1052507,1,100,2,1
2023HU1052530,1,501,1,1
2023HU1052530,2,501,1,1
2023HU1052530,3,501,1,1
2023HU1052530,4,501,1,1
2023HU1052530,5,501,1,1
2023HU1052530,6,501,1,1
2023HU1052547,1,501,1,1
2023HU1052547,2,501,1,1
2023HU1052547,3,501,1,1
2023HU1052547,4,501,1,1
2023HU1052551,1,501,2,1
2023HU1052551,2,501,2,1
2023HU1052603,1,396,1,1
2023HU1052603,2,396,1,1
2023HU1052603,3,396,1,1
2023HU1052603,4,396,1,1
2023HU1052670,1,152,2,1
2023HU1052670,2,501,2,1
2023HU1052742,1,501,2,1
2023HU1052742,2,501,2,1
2023HU1052783,1,432,1,1
2023HU1052783,2,432,1,1
2023HU1052783,3,6,1,1
2023HU1052783,4,54,1,1
2023HU1052852,1,459,1,1
2023HU1052852,2,459,1,1
2023HU1052852,3,459,1,1
2023HU1052852,4,459,1,1
2023HU1052966,1,167,3,1
2023HU1052971,1,501,1,1
2023HU1052971,2,501,1,1
2023HU1052971,3,501,1,1
2023HU1052971,4,501,1,1
2023HU1053207,1,449,1,1
2023HU1053207,2,449,1,1
2023HU1053281,1,501,1,1
2023HU1053281,2,501,1,1
2023HU1053303,1,335,3,1
2023HU1053310,1,302,1,1
2023HU1053310,2,302,1,1
2023HU1053310,3,302,1,1
2023HU1053310,4,302,1,1
2023HU1053310,5,302,1,1
2023HU1053310,6,302,1,1
2023HU1053310,7,302,1,1
2023HU1053312,1,490,3,1
2023HU1053312,2,490,3,1
2023HU1053312,3,490,3,1
2023HU1053312,4,490,3,1
2023HU1053351,1,501,3,1
2023HU1053411,1,501,1,1
2023HU1053411,2,501,1,1
2023HU1053411,3,501,1,1
2023HU1053426,1,501,1,1
2023HU1053426,2,501,1,1
2023HU1053733,1,257,3,1
2023HU1053978,1,272,1,1
2023HU1053978,2,272,1,1
2023HU1053978,3,272,1,1
2023HU1053978,4,272,1,1
2023HU1053978,5,272,1,1
2023HU1053978,6,272,1,1
2023HU1054032,1,501,1,1
2023HU1054032,2,501,1,1
2023HU1054162,1,501,3,1
2023HU1054170,1,162,1,1
2023HU1054213,1,218,2,1
2023HU1054294,1,108,2,1
2023HU1054294,2,108,2,1
2023HU1054484,1,415,2,1
2023HU1054501,1,236,1,1
2023HU1054501,2,236,1,1
2023HU1054501,3,236,1,1
2023HU1054501,4,236,1,1
2023HU1054722,1,165,2,1
2023HU1054861,1,59,3,1
2023HU1054994,1,261,3,1
2023HU1055039,1,135,3,1
2023HU1055242,1,371,2,1
2023HU1055242,2,371,2,1
2023HU1055242,3,371,2,1
2023HU1055310,1,16,3,1
2023HU1055310,2,69,3,1
2023HU1055319,1,501,2,1
2023HU1055319,2,501,2,1
2023HU1055319,3,501,2,1
2023HU1055319,4,501,2,1
2023HU1055319,5,501,2,1
2023HU1055319,6,0,2,1
2023HU1055336,1,221,3,1
2023HU1055336,2,221,3,1
2023HU1055347,1,501,3,1
2023HU1055347,2,501,3,1
2023HU1055347,3,501,3,1
2023HU1055347,4,501,3,1
2023HU1055353,1,501,1,1
2023HU1055719,1,102,1,1
2023HU1055878,1,501,1,1
2023HU1055990,1,501,1,1
2023HU1055990,2,501,1,1
2023HU1056016,1,189,1,1
2023HU1056016,2,189,1,1
2023HU1056016,3,189,1,1
2023HU1056184,1,242,1,1
2023HU1056184,2,242,1,1
2023HU1056184,3,242,1,1
2023HU1056184,4,242,1,1
2023HU1056184,5,242,1,1
2023HU1056270,1,501,2,1
2023HU1056270,2,501,2,1
2023HU1056321,1,501,1,1
2023HU1056321,2,501,1,1
2023HU1056478,1,197,3,1
2023HU1056478,2,501,3,1
2023HU1056632,1,501,2,1
2023HU1056632,2,501,2,1
2023HU1056708,1,341,1,1
2023HU1056714,1,501,2,1
2023HU1056714,2,501,2,1
2023HU1056714,3,501,2,1
2023HU1056845,1,501,1,1
2023HU1056845,2,501,1,1
2023HU1057171,1,230,2,1
2023HU1057171,2,230,2,1
2023HU1057171,3,230,2,1
2023HU1057171,4,230,2,1
2023HU1057171,5,230,2,1
2023HU1057206,1,17,1,1
2023HU1057206,2,17,1,1
2023HU1057206,3,17,1,1
2023HU1057206,4,17,1,1
2023HU1057509,1,501,1,1
2023HU1057509,2,103,1,1
2023HU1057521,1,206,3,1
2023HU1057623,1,15,2,1
2023HU1057647,1,242,3,1
2023HU1058292,1,170,3,1
2023HU1058292,2,170,3,1
2023HU1058292,3,90,3,1
2023HU1058394,1,244,1,1
2023HU1058394,2,244,1,1
2023HU1058394,3,244,1,1
2023HU1058394,4,244,1,1
2023HU1058402,1,197,2,1
2023HU1058402,2,197,2,1
2023HU1058402,3,197,2,1
2023HU1058402,4,197,2,1
2023HU1058403,1,501,1,1
2023HU1058403,2,501,1,1
2023HU1058600,1,288,3,1
2023HU1058600,2,382,3,1
2023HU1058600,3,288,3,1
2023HU1058600,4,288,3,1
2023HU1058643,1,501,1,1
2023HU1058643,2,501,1,1
2023HU1058659,1,501,2,1
2023HU1058659,2,501,2,1
2023HU1059063,1,501,1,1
2023HU1059063,2,501,1,1
2023HU1059074,1,380,1,1
2023HU1059098,1,501,1,1
2023HU1059098,2,501,1,1
2023HU1059214,1,255,1,1
2023HU1059214,2,255,1,1
2023HU1059310,1,136,3,1
2023HU1059310,2,136,3,1
2023HU1059318,1,150,3,1
2023HU1059318,2,0,3,1
2023HU1059467,1,501,1,1
2023HU1059467,2,501,1,1
2023HU1059467,3,501,1,1
2023HU1059668,1,501,1,1
2023HU1059668,2,501,1,1
2023HU1059691,1,254,2,1
2023HU1059691,2,254,2,1
2023HU1059691,3,261,2,1
2023HU1059691,4,153,2,1
2023HU1059691,5,501,2,1
2023HU1059701,1,397,1,1
2023HU1059701,2,397,1,1
2023HU1059701,3,397,1,1
2023HU1059701,4,397,1,1
2023HU1059707,1,451,1,1
2023HU1059738,1,501,3,1
2023HU1059738,2,501,3,1
2023HU1059773,1,0,2,1
2023HU1059773,2,0,2,1
2023HU1059773,3,0,2,1
2023HU1059773,4,0,2,1
2023HU1059773,5,0,2,1
2023HU1059847,1,501,2,1
2023HU1059847,2,501,2,1
2023HU1059854,1,167,3,1
2023HU1059854,2,167,3,1
2023HU1059931,1,466,1,1
2023HU1059971,1,391,1,1
2023HU1059971,2,391,1,1
2023HU1060046,1,447,3,1
2023HU1060046,2,447,3,1
2023HU1060289,1,167,3,1
2023HU1060601,1,501,1,1
2023HU1060601,2,501,1,1
2023HU1060601,3,501,1,1
2023HU1060601,4,501,1,1
2023HU1060962,1,493,1,1
2023HU1060962,2,493,1,1
2023HU1060983,1,325,1,1
2023HU1060983,2,325,1,1
2023HU1060983,3,325,1,1
2023HU1060983,4,325,1,1
2023HU1060983,5,354,1,1
2023HU1061220,1,466,1,1
2023HU1061343,1,384,2,1
2023HU1061343,2,384,2,1
2023HU1061362,1,501,3,1
2023HU1061362,2,501,3,1
2023HU1061369,1,501,3,1
2023HU1061438,1,410,1,1
2023HU1061438,2,410,1,1
2023HU1061438,3,410,1,1
2023HU1061658,1,223,3,1
2023HU1061716,1,26,2,1
2023HU1062070,1,501,1,1
2023HU1062070,2,501,1,1
2023HU1062070,3,501,1,1
2023HU1062233,1,413,1,1
2023HU1062233,2,413,1,1
2023HU1062447,1,501,2,1
2023HU1062447,2,501,2,1
2023HU1062451,1,501,1,1
2023HU1062451,2,501,1,1
2023HU1062534,1,501,1,1
2023HU1062626,1,54,3,1
2023HU1062626,2,54,3,1
2023HU1062626,3,54,3,1
2023HU1062626,4,54,3,1
2023HU1062761,1,435,2,1
2023HU1062761,2,435,2,1
2023HU1062761,3,435,2,1
2023HU1062761,4,435,2,1
2023HU1062771,1,329,3,1
2023HU1062771,2,133,3,1
2023HU1062857,1,501,2,1
2023HU1062857,2,501,2,1
2023HU1062929,1,435,1,1
2023HU1062929,2,435,1,1
2023HU1062929,3,435,1,1
2023HU1062943,1,74,3,1
2023HU1062943,2,74,3,1
2023HU1062943,3,74,3,1
2023HU1062943,4,74,3,1
2023HU1062943,5,74,3,1
2023HU1062980,1,92,3,1
2023HU1062980,2,92,3,1
2023HU1062980,3,92,3,1
2023HU1062980,4,92,3,1
2023HU1063025,1,281,2,1
2023HU1063434,1,501,3,1
2023HU1063434,2,501,3,1
2023HU1063615,1,100,3,1
2023HU1063615,2,100,3,1
2023HU1063615,3,100,3,1
2023HU1063744,1,89,1,1
2023HU1063744,2,89,1,1
2023HU1063877,1,482,3,1
2023HU1064051,1,294,3,1
2023HU1064109,1,501,3,1
2023HU1064109,2,501,3,1
2023HU1064160,1,501,1,1
2023HU1064160,2,501,1,1
2023HU1064160,3,501,1,1
2023HU1064160,4,501,1,1
2023HU1064272,1,501,1,1
2023HU1064272,2,501,1,1
2023HU1064488,1,501,1,1
2023HU1064488,2,501,1,1
2023HU1064501,1,198,3,1
2023HU1064781,1,501,2,1
2023HU1064808,1,501,1,1
2023HU1064808,2,501,1,1
2023HU1064808,3,501,1,1
2023HU1064813,1,501,1,1
2023HU1064813,2,501,1,1
2023HU1064834,1,501,2,1
2023HU1064834,2,501,2,1
2023HU1064834,3,501,2,1
2023HU1065036,1,141,3,1
2023HU1065036,2,424,3,1
2023HU1065101,1,0,3,1
2023HU1065101,2,0,3,1
2023HU1065412,1,63,2,1
2023HU1065707,1,501,3,1
2023HU1065707,2,501,3,1
2023HU1065757,1,308,2,1
2023HU1066015,1,361,3,1
2023HU1066015,2,87,3,1
2023HU1066295,1,501,3,1
2023HU1066295,2,501,3,1
2023HU1066295,3,501,3,1
2023HU1066295,4,501,3,1
2023HU1066834,1,5,3,1
2023HU1066834,2,191,3,1
2023HU1067004,1,347,2,1
2023HU1067297,1,501,1,1
2023HU1067297,2,501,1,1
2023HU1067389,1,348,2,1
2023HU1067389,2,348,2,1
2023HU1067389,3,348,2,1
2023HU1067389,4,348,2,1
2023HU1067389,5,348,2,1
2023HU1067389,6,348,2,1
2023HU1067389,7,348,2,1
2023HU1067402,1,246,1,1
2023HU1067599,1,0,2,1
2023HU1067599,2,0,2,1
2023HU1067646,1,341,3,1
2023HU1067681,1,77,3,1
2023HU1067681,2,77,3,1
2023HU1067681,3,77,3,1
2023HU1067681,4,77,3,1
2023HU1067743,1,501,1,1
2023HU1067743,2,501,1,1
2023HU1067821,1,419,3,1
2023HU1067821,2,419,3,1
2023HU1067821,3,419,3,1
2023HU1067821,4,,3,1
2023HU1067872,1,482,1,1
2023HU1067872,2,482,1,1
2023HU1067872,3,482,1,1
2023HU1067947,1,501,2,1
2023HU1067947,2,501,2,1
2023HU1068022,1,501,2,1
2023HU1068099,1,501,1,1
2023HU1068099,2,501,1,1
2023HU1068099,3,501,1,1
2023HU1068099,4,501,1,1
2023HU1068113,1,360,3,1
2023HU1068113,2,360,3,1
2023HU1068113,3,360,3,1
2023HU1068360,1,124,2,1
2023HU1068360,2,124,2,1
2023HU1068360,3,124,2,1
2023HU1068473,1,501,2,1
2023HU1068599,1,98,3,1
2023HU1068599,2,98,3,1
2023HU1068601,1,245,1,1
2023HU1068673,1,385,2,1
2023HU1068673,2,257,2,1
2023HU1068694,1,66,3,1
2023HU1068731,1,99,2,1
2023HU1068742,1,418,3,1
2023HU1068742,2,418,3,1
2023HU1068742,3,418,3,1
2023HU1068748,1,180,2,1
2023HU1068963,1,501,1,1
2023HU1068963,2,501,1,1
2023HU1068963,3,501,1,1
2023HU1069380,1,55,3,1
2023HU1069489,1,41,3,1
2023HU1069600,1,292,2,1
2023HU1069600,2,292,2,1
2023HU1069600,3,292,2,1
2023HU1069600,4,292,2,1
2023HU1069822,1,501,2,1
2023HU1069822,2,501,2,1
2023HU1069822,3,501,2,1
2023HU1069955,1,457,3,1
2023HU1069955,2,339,3,1
2023HU1069995,1,501,1,1
2023HU1069995,2,501,1,1
2023HU1070018,1,75,1,1
2023HU1070089,1,0,1,1
2023HU1070089,2,0,1,1
2023HU1070149,1,501,2,1
2023HU1070149,2,501,2,1
2023HU1070203,1,252,2,1
2023HU1070203,2,252,2,1
2023HU1070508,1,433,3,1
2023HU1070508,2,433,3,1
2023HU1070508,3,433,3,1
2023HU1070586,1,444,3,1
2023HU1070586,2,126,3,1
2023HU1070586,3,253,3,1
2023HU1070586,4,147,3,1
2023HU1070586,5,38,3,1
2023HU1070886,1,277,2,1
2023HU1070886,2,277,2,1
2023HU1070931,1,501,3,1
2023HU1070931,2,501,3,1
2023HU1070931,3,501,3,1
2023HU1071139,1,501,1,1
2023HU1071139,2,501,1,1
2023HU1071139,3,501,1,1
2023HU1071139,4,501,1,1
2023HU1071157,1,501,1,1
2023HU1071157,2,501,1,1
2023HU1071157,3,501,1,1
2023HU1071189,1,275,3,1
2023HU1071286,1,348,3,1
2023HU1071340,1,120,2,1
2023HU1071340,2,120,2,1
2023HU1071419,1,191,3,1
2023HU1071474,1,444,1,1
2023HU1071573,1,344,3,1
2023HU1071573,2,344,3,1
2023HU1071595,1,43,3,1
2023HU1071595,2,43,3,1
2023HU1072089,1,501,2,1
2023HU1072123,1,394,2,1
2023HU1072212,1,120,2,1
2023HU1072216,1,295,2,1
2023HU1072216,2,295,2,1
2023HU1072369,1,501,1,1
2023HU1072369,2,501,1,1
2023HU1072369,3,501,1,1
2023HU1072542,1,501,1,1
2023HU1072542,2,501,1,1
2023HU1072542,3,501,1,1
2023HU1072542,4,501,1,1
2023HU1072542,5,501,1,1
2023HU1072899,1,304,1,1
2023HU1072899,2,304,1,1
2023HU1072899,3,304,1,1
2023HU1072899,4,304,1,1
2023HU1072985,1,301,1,1
2023HU1072985,2,301,1,1
2023HU1072985,3,301,1,1
2023HU1072985,4,301,1,1
2023HU1073091,1,259,3,1
2023HU1073091,2,0,3,1
2023HU1073091,3,259,3,1
2023HU1073584,1,451,1,1
2023HU1073584,2,451,1,1
2023HU1073584,3,451,1,1
2023HU1073584,4,451,1,1
2023HU1073584,5,451,1,1
2023HU1073610,1,216,1,1
2023HU1073610,2,216,1,1
2023HU1073610,3,216,1,1
2023HU1073610,4,216,1,1
2023HU1073610,5,216,1,1
2023HU1073610,6,216,1,1
2023HU1073610,7,216,1,1
2023HU1073610,8,216,1,1
2023HU1073682,1,97,1,1
2023HU1073742,1,384,2,1
2023HU1073742,2,384,2,1
2023HU1073742,3,384,2,1
2023HU1073742,4,384,2,1
2023HU1073744,1,501,3,1
2023HU1073744,2,501,3,1
2023HU1073773,1,501,2,1
2023HU1073773,2,501,2,1
2023HU1073824,1,370,3,1
2023HU1074345,1,501,1,1
2023HU1074345,2,501,1,1
2023HU1074396,1,501,1,1
2023HU1074396,2,501,1,1
2023HU1074396,3,501,1,1
2023HU1074437,1,501,3,1
2023HU1074437,2,501,3,1
2023HU1074484,1,501,1,1
2023HU1074484,2,501,1,1
2023HU1074541,1,130,3,1
2023HU1074541,2,0,3,1
2023HU1074579,1,501,2,1
2023HU1074579,2,501,2,1
2023HU1074599,1,501,1,1
2023HU1074599,2,501,1,1
2023HU1074798,1,501,1,1
2023HU1074798,2,501,1,1
2023HU1074798,3,501,1,1
2023HU1074811,1,501,1,1
2023HU1074860,1,501,1,1
2023HU1074860,2,501,1,1
2023HU1074950,1,501,2,1
2023HU1074950,2,501,2,1
2023HU1075015,1,128,3,1
2023HU1075015,2,128,3,1
2023HU1075267,1,3,3,1
2023HU1075404,1,315,1,1
2023HU1075404,2,315,1,1
2023HU1075404,3,315,1,1
2023HU1075404,4,315,1,1
2023HU1075404,5,315,1,1
2023HU1075404,6,315,1,1
2023HU1075521,1,24,3,1
2023HU1075521,2,24,3,1
2023HU1075521,3,24,3,1
2023HU1075526,1,203,2,1
2023HU1075526,2,203,2,1
2023HU1075526,3,203,2,1
2023HU1075526,4,203,2,1
2023HU1075526,5,203,2,1
2023HU1075526,6,203,2,1
2023HU1075652,1,501,2,1
2023HU1075652,2,501,2,1
2023HU1075657,1,0,3,1
2023HU1075748,1,501,1,1
2023HU1075761,1,275,1,1
2023HU1075761,2,275,1,1
2023HU1075761,3,275,1,1
2023HU1075761,4,275,1,1
2023HU1075761,5,275,1,1
2023HU1075791,1,206,3,1
2023HU1075823,1,501,1,1
2023HU1075823,2,501,1,1
2023HU1075823,3,501,1,1
2023HU1075841,1,501,2,1
2023HU1076026,1,501,2,1
2023HU1076047,1,43,3,1
2023HU1076047,2,43,3,1
2023HU1076047,3,43,3,1
2023HU1076047,4,43,3,1
2023HU1076047,5,43,3,1
2023HU1076090,1,119,1,1
2023HU1076202,1,501,1,1
2023HU1076202,2,501,1,1
2023HU1076202,3,501,1,1
2023HU1076282,1,339,1,1
2023HU1076282,2,339,1,1
2023HU1076282,3,339,1,1
2023HU1076420,1,481,3,1
2023HU1076420,2,481,3,1
2023HU1076420,3,481,3,1
2023HU1076487,1,501,3,1
2023HU1076488,1,84,3,1
2023HU1076510,1,501,1,1
2023HU1076510,2,501,1,1
2023HU1076511,1,501,1,1
2023HU1076534,1,501,2,1
2023HU1076534,2,501,2,1
2023HU1076656,1,10,2,1
2023HU1076656,2,10,2,1
2023HU1076785,1,287,1,1
2023HU1076785,2,287,1,1
2023HU1076785,3,287,1,1
2023HU1076785,4,287,1,1
2023HU1076882,1,501,1,1
2023HU1076882,2,501,1,1
2023HU1076882,3,501,1,1
2023HU1076882,4,501,1,1
2023HU1076909,1,501,2,1
2023HU1076948,1,0,1,1
2023HU1077065,1,501,1,1
2023HU1077065,2,501,1,1
2023HU1077065,3,501,1,1
2023HU1077065,4,501,1,1
2023HU1077178,1,501,1,1
2023HU1077180,1,0,3,1
2023HU1077180,2,0,3,1
2023HU1077180,3,0,3,1
2023HU1077216,1,0,4,1
2023HU1077216,2,0,4,1
2023HU1077216,3,0,4,1
2023HU1077216,4,0,4,1
2023HU1077453,1,501,1,1
2023HU1077453,2,501,1,1
2023HU1077453,3,501,1,1
2023HU1077556,1,468,3,1
2023HU1077556,2,487,3,1
2023HU1077651,1,501,1,1
2023HU1077651,2,501,1,1
2023HU1077723,1,501,3,1
2023HU1077857,1,144,3,1
2023HU1077857,2,144,3,1
2023HU1077857,3,144,3,1
2023HU1077857,4,144,3,1
2023HU1077857,5,144,3,1
2023HU1077857,6,144,3,1
2023HU1077890,1,501,2,1
2023HU1077890,2,501,2,1
2023HU1077890,3,501,2,1
2023HU1077890,4,501,2,1
2023HU1078029,1,19,3,1
2023HU1078029,2,192,3,1
2023HU1078029,3,32,3,1
2023HU1078031,1,501,1,1
2023HU1078031,2,501,1,1
2023HU1078031,3,501,1,1
2023HU1078244,1,501,1,1
2023HU1078244,2,501,1,1
2023HU1078244,3,501,1,1
2023HU1078357,1,132,3,1
2023HU1078357,2,132,3,1
2023HU1078363,1,501,2,1
2023HU1078363,2,319,2,1
2023HU1078522,1,501,1,1
2023HU1078522,2,501,1,1
2023HU1078522,3,501,1,1
2023HU1078522,4,501,1,1
2023HU1078522,5,501,1,1
2023HU1078809,1,102,3,1
2023HU1078836,1,501,3,1
2023HU1078836,2,492,3,1
2023HU1078974,1,118,3,1
2023HU1079087,1,302,4,1
2023HU1079087,2,302,4,1
2023HU1079109,1,501,2,1
2023HU1079136,1,501,1,1
2023HU1079354,1,62,2,1
2023HU1079354,2,62,2,1
2023HU1079354,3,62,2,1
2023HU1079360,1,133,3,1
2023HU1079360,2,133,3,1
2023HU1079418,1,292,2,1
2023HU1079418,2,292,2,1
2023HU1079418,3,292,2,1
2023HU1079418,4,292,2,1
2023HU1079515,1,501,1,1
2023HU1079515,2,501,1,1
2023HU1079515,3,501,1,1
2023HU1079521,1,481,3,1
2023HU1079521,2,256,3,1
2023HU1079593,1,164,4,1
2023HU1079599,1,501,2,1
2023HU1079599,2,501,2,1
2023HU1079794,1,445,3,1
2023HU1079874,1,274,1,1
2023HU1079874,2,274,1,1
2023HU1079874,3,274,1,1
2023HU1079874,4,274,1,1
2023HU1079874,5,274,1,1
2023HU1079955,1,501,2,1
2023HU1079955,2,501,2,1
2023HU1079955,3,501,2,1
2023HU1080042,1,499,1,1
2023HU1080042,2,499,1,1
2023HU1080042,3,499,1,1
2023HU1080171,1,331,1,1
2023HU1080171,2,501,1,1
2023HU1080171,3,331,1,1
2023HU1080171,4,331,1,1
2023HU1080171,5,331,1,1
2023HU1080545,1,198,2,1
2023HU1080545,2,110,2,1
2023HU1080892,1,474,2,1
2023HU1080917,1,501,2,1
2023HU1080917,2,501,2,1
2023HU1081212,1,296,1,1
2023HU1081212,2,296,1,1
2023HU1081212,3,296,1,1
2023HU1081232,1,501,1,1
2023HU1081232,2,501,1,1
2023HU1081232,3,501,1,1
2023HU1081279,1,0,3,1
2023HU1081368,1,501,3,1
2023HU1081404,1,501,1,1
2023HU1081404,2,501,1,1
2023HU1081404,3,501,1,1
2023HU1081427,1,283,1,1
2023HU1081427,2,283,1,1
2023HU1081496,1,501,1,1
2023HU1081496,2,501,1,1
2023HU1081716,1,7,3,1
2023HU1081730,1,384,1,1
2023HU1081730,2,384,1,1
2023HU1081730,3,384,1,1
2023HU1081934,1,440,2,1
2023HU1081934,2,440,2,1
2023HU1081988,1,67,2,1
2023HU1081996,1,308,1,1
2023HU1081996,2,308,1,1
2023HU1081996,3,308,1,1
2023HU1081996,4,308,1,1
2023HU1082001,1,192,1,1
2023HU1082063,1,91,3,1
2023HU1082201,1,501,2,1
2023HU1082201,2,501,2,1
2023HU1082445,1,161,2,1
2023HU1082445,2,161,2,1
2023HU1082552,1,218,1,1
2023HU1082552,2,218,1,1
2023HU1082552,3,218,1,1
2023HU1082552,4,218,1,1
2023HU1082552,5,218,1,1
2023HU1082552,6,218,1,1
2023HU1082552,7,218,1,1
2023HU1082552,8,218,1,1
2023HU1082552,9,218,1,1
2023HU1082552,10,218,1,1
2023HU1082552,11,229,1,1
2023HU1082748,1,95,1,1
2023HU1082748,2,9,1,1
2023HU1082748,3,95,1,1
2023HU1082765,1,159,3,1
2023HU1082809,1,189,2,1
2023HU1082855,1,501,1,1
2023HU1082855,2,501,1,1
2023HU1082915,1,370,2,1
2023HU1082915,2,370,2,1
2023HU1082949,1,272,3,1
2023HU1082950,1,501,2,1
2023HU1082950,2,501,2,1
2023HU1082994,1,272,1,1
2023HU1083165,1,367,2,1
2023HU1083165,2,367,2,1
2023HU1083177,1,456,1,1
2023HU1083177,2,456,1,1
2023HU1083177,3,456,1,1
2023HU1083177,4,456,1,1
2023HU1083314,1,501,2,1
2023HU1083314,2,0,2,1
2023HU1083314,3,0,2,1
2023HU1083314,4,0,2,1
2023HU1083314,5,0,2,1
2023HU1083582,1,249,3,1
2023HU1083582,2,110,3,1
2023HU1083594,1,501,2,1
2023HU1083594,2,501,2,1
2023HU1083594,3,501,2,1
2023HU1083594,4,501,2,1
2023HU1083724,1,501,1,1
2023HU1083724,2,501,1,1
2023HU1083724,3,501,1,1
2023HU1083837,1,451,1,1
2023HU1083886,1,422,1,1
2023HU1083886,2,422,1,1
2023HU1083886,3,422,1,1
2023HU1083886,4,422,1,1
2023HU1083886,5,422,1,1
2023HU1083886,6,422,1,1
2023HU1083886,7,422,1,1
2023HU1083886,8,422,1,1
2023HU1083886,9,501,1,1
2023HU1083886,10,,1,1
2023HU1084268,1,273,3,1
2023HU1084268,2,273,3,1
2023HU1084464,1,501,4,1
2023HU1084510,1,501,3,1
2023HU1084523,1,273,1,1
2023HU1084523,2,273,1,1
2023HU1084525,1,226,1,1
2023HU1084525,2,226,1,1
2023HU1084591,1,501,1,1
2023HU1084591,2,501,1,1
2023HU1084591,3,501,1,1
2023HU1084591,4,501,1,1
2023HU1084591,5,501,1,1
2023HU1084661,1,323,3,1
2023HU1084683,1,275,1,1
2023HU1084683,2,275,1,1
2023HU1084683,3,275,1,1
2023HU1084683,4,275,1,1
2023HU1084683,5,275,1,1
2023HU1084683,6,275,1,1
2023HU1084683,7,275,1,1
2023HU1084683,8,275,1,1
2023HU1084683,9,275,1,1
2023HU1084683,10,275,1,1
2023HU1084726,1,240,2,1
2023HU1084726,2,240,2,1
2023HU1084734,1,495,1,1
2023HU1084734,2,495,1,1
2023HU1084734,3,495,1,1
2023HU1084737,1,117,3,1
2023HU1084813,1,474,1,1
2023HU1084813,2,474,1,1
2023HU1084813,3,474,1,1
2023HU1084813,4,474,1,1
2023HU1084813,5,474,1,1
2023HU1085085,1,220,1,1
2023HU1085085,2,,1,1
2023HU1085085,3,,1,1
2023HU1085085,4,,1,1
2023HU1085161,1,501,1,1
2023HU1085161,2,501,1,1
2023HU1085161,3,501,1,1
2023HU1085161,4,501,1,1
2023HU1085403,1,97,3,1
2023HU1085403,2,52,3,1
2023HU1085403,3,97,3,1
2023HU1085403,4,97,3,1
2023HU1085403,5,97,3,1
2023HU1085414,1,501,1,1
2023HU1085414,2,501,1,1
2023HU1085414,3,501,1,1
2023HU1085414,4,501,1,1
2023HU1085485,1,501,1,1
2023HU1085485,2,501,1,1
2023HU1085485,3,501,1,1
2023HU1085485,4,501,1,1
2023HU1085547,1,501,1,1
2023HU1085547,2,501,1,1
2023HU1085547,3,501,1,1
2023HU1085547,4,501,1,1
2023HU1085606,1,181,2,1
2023HU1085606,2,181,2,1
2023HU1085606,3,181,2,1
2023HU1085674,1,0,3,1
2023HU1085674,2,501,3,1
2023HU1085674,3,0,3,1
2023HU1085768,1,501,1,1
2023HU1085798,1,282,3,1
2023HU1085798,2,282,3,1
2023HU1085816,1,392,2,1
2023HU1085816,2,392,2,1
2023HU1085816,3,392,2,1
2023HU1085816,4,392,2,1
2023HU1085891,1,435,2,1
2023HU1085981,1,501,1,1
2023HU1085981,2,501,1,1
2023HU1085981,3,501,1,1
2023HU1086345,1,86,3,1
2023HU1086345,2,86,3,1
2023HU1086345,3,86,3,1
2023HU1086453,1,323,1,1
2023HU1086453,2,323,1,1
2023HU1086468,1,405,1,1
2023HU1086468,2,405,1,1
2023HU1086598,1,501,1,1
2023HU1086598,2,501,1,1
2023HU1086598,3,501,1,1
2023HU1086598,4,501,1,1
2023HU1086624,1,75,3,1
2023HU1086786,1,501,1,1
2023HU1086786,2,501,1,1
2023HU1087204,1,455,1,1
2023HU1087204,2,455,1,1
2023HU1087274,1,74,1,1
2023HU1087274,2,74,1,1
2023HU1087274,3,74,1,1
2023HU1087274,4,74,1,1
2023HU1087274,5,74,1,1
2023HU1087274,6,74,1,1
2023HU1087387,1,501,2,1
2023HU1087387,2,501,2,1
2023HU1087567,1,442,1,1
2023HU1087567,2,442,1,1
2023HU1087567,3,442,1,1
2023HU1087567,4,442,1,1
2023HU1087626,1,384,3,1
2023HU1087674,1,34,2,1
2023HU1087674,2,34,2,1
2023HU1087995,1,387,2,1
2023HU1087995,2,387,2,1
2023HU1088076,1,296,3,1
2023HU1088382,1,501,1,1
2023HU1088382,2,501,1,1
2023HU1088612,1,195,1,1
2023HU1088612,2,198,1,1
2023HU1088612,3,195,1,1
2023HU1088612,4,195,1,1
2023HU1088612,5,195,1,1
2023HU1088612,6,195,1,1
2023HU1088750,1,466,3,1
2023HU1088812,1,501,1,1
2023HU1088812,2,501,1,1
2023HU1089243,1,501,1,1
2023HU1089243,2,501,1,1
2023HU1089243,3,501,1,1
2023HU1089243,4,501,1,1
2023HU1089256,1,387,2,1
2023HU1089282,1,210,1,1
2023HU1089288,1,59,3,1
2023HU1089356,1,112,2,1
2023HU1089383,1,350,1,1
2023HU1089386,1,393,2,1
2023HU1089386,2,393,2,1
2023HU1089419,1,501,2,1
2023HU1089419,2,501,2,1
2023HU1089500,1,501,1,1
2023HU1089500,2,501,1,1
2023HU1089500,3,501,1,1
2023HU1089500,4,501,1,1
2023HU1089500,5,501,1,1
2023HU1089596,1,422,3,1
2023HU1089729,1,148,2,1
2023HU1089874,1,255,3,1
2023HU1089977,1,126,1,1
2023HU1090031,1,96,3,1
2023HU1090031,2,488,3,1
2023HU1090188,1,263,2,1
2023HU1090300,1,130,3,1
2023HU1090473,1,292,2,1
2023HU1090473,2,292,2,1
2023HU1090473,3,292,2,1
2023HU1090590,1,501,1,1
2023HU1090590,2,501,1,1
2023HU1090590,3,501,1,1
2023HU1090590,4,501,1,1
2023HU1090596,1,44,3,1
2023HU1090596,2,44,3,1
2023HU1090660,1,501,1,1
2023HU1090779,1,253,3,1
2023HU1090783,1,198,2,1
2023HU1090783,2,198,2,1
2023HU1090783,3,198,2,1
2023HU1090943,1,95,3,1
2023HU1091192,1,470,1,1
2023HU1091192,2,470,1,1
2023HU1091194,1,501,2,1
2023HU1091194,2,501,2,1
2023HU1091301,1,501,3,1
2023HU1091301,2,501,3,1
2023HU1091334,1,501,1,1
2023HU1091823,1,263,1,1
2023HU1091823,2,263,1,1
2023HU1091823,3,263,1,1
2023HU1091823,4,263,1,1
2023HU1091868,1,256,1,1
2023HU1091868,2,256,1,1
2023HU1091868,3,256,1,1
2023HU1091868,4,256,1,1
2023HU1091868,5,256,1,1
2023HU1091868,6,256,1,1
2023HU1091943,1,501,2,1
2023HU1091943,2,501,2,1
2023HU1091943,3,501,2,1
2023HU1091943,4,326,2,1
2023HU1091950,1,194,3,1
2023HU1091972,1,444,3,1
2023HU1091972,2,444,3,1
2023HU1091972,3,444,3,1
2023HU1092093,1,501,3,1
2023HU1092093,2,501,3,1
2023HU1092093,3,501,3,1
2023HU1092093,4,501,3,1
2023HU1092115,1,501,1,1
2023HU1092115,2,501,1,1
2023HU1092277,1,501,1,1
2023HU1092277,2,501,1,1
2023HU1092300,1,474,1,1
2023HU1092300,2,474,1,1
2023HU1092300,3,474,1,1
2023HU1092300,4,474,1,1
2023HU1092308,1,501,1,1
2023HU1092308,2,501,1,1
2023HU1092308,3,501,1,1
2023HU1092308,4,501,1,1
2023HU1092308,5,501,1,1
2023HU1092347,1,501,1,1
2023HU1092347,2,501,1,1
2023HU1092383,1,501,3,1
2023HU1092448,1,501,3,1
2023HU1092458,1,501,1,1
2023HU1092695,1,501,1,1
2023HU1092695,2,501,1,1
2023HU1092759,1,64,3,1
2023HU1092759,2,64,3,1
2023HU1092833,1,501,1,1
2023HU1092833,2,501,1,1
2023HU1092833,3,501,1,1
2023HU1092833,4,501,1,1
2023HU1093009,1,329,1,1
2023HU1093009,2,329,1,1
2023HU1093063,1,419,1,1
2023HU1093063,2,419,1,1
2023HU1093122,1,501,1,1
2023HU1093122,2,207,1,1
2023HU1093299,1,501,3,1
2023HU1093299,2,501,3,1
2023HU1093299,3,501,3,1
2023HU1093299,4,501,3,1
2023HU1093299,5,501,3,1
2023HU1093678,1,501,1,1
2023HU1093678,2,501,1,1
2023HU1093678,3,501,1,1
2023HU1093678,4,501,1,1
2023HU1093873,1,501,1,1
2023HU1093873,2,501,1,1
2023HU1093964,1,206,2,1
2023HU1094004,1,501,1,1
2023HU1094313,1,282,3,1
2023HU1094558,1,470,3,1
2023HU1094558,2,470,3,1
2023HU1094720,1,294,2,1
2023HU1094720,2,294,2,1
2023HU1094848,1,238,2,1
2023HU1094848,2,238,2,1
2023HU1094848,3,238,2,1
2023HU1094889,1,477,1,1
2023HU1094971,1,399,2,1
2023HU1094971,2,399,2,1
2023HU1094971,3,399,2,1
2023HU1094973,1,156,2,1
2023HU1094973,2,156,2,1
2023HU1095119,1,329,1,1
2023HU1095167,1,317,2,1
2023HU1095169,1,250,3,1
2023HU1095169,2,250,3,1
2023HU1095184,1,501,2,1
2023HU1095184,2,501,2,1
2023HU1095262,1,383,3,1
2023HU1095365,1,501,1,1
2023HU1095423,1,318,2,1
2023HU1095423,2,318,2,1
2023HU1095423,3,318,2,1
2023HU1095602,1,501,2,1
2023HU1095602,2,501,2,1
2023HU1095602,3,501,2,1
2023HU1095877,1,0,3,1
2023HU1095877,2,0,3,1
2023HU1095877,3,0,3,1
2023HU1095935,1,239,3,1
2023HU1096241,1,450,3,1
2023HU1096261,1,209,1,1
2023HU1096261,2,209,1,1
2023HU1096261,3,209,1,1
2023HU1096261,4,209,1,1
2023HU1096261,5,209,1,1
2023HU1096475,1,59,1,1
2023HU1096475,2,59,1,1
2023HU1096566,1,501,3,1
2023HU1096566,2,501,3,1
2023HU1096566,3,501,3,1
2023HU1096645,1,97,2,1
2023HU1096670,1,501,1,1
2023HU1096670,2,501,1,1
2023HU1096670,3,501,1,1
2023HU1096681,1,421,2,1
2023HU1096681,2,421,2,1
2023HU1096713,1,483,2,1
2023HU1096713,2,483,2,1
2023HU1096713,3,483,2,1
2023HU1096713,4,483,2,1
2023HU1096738,1,150,1,1
2023HU1096738,2,196,1,1
2023HU1096738,3,150,1,1
2023HU1096779,1,245,2,1
2023HU1096819,1,309,1,1
2023HU1096819,2,309,1,1
2023HU1097042,1,501,2,1
2023HU1097042,2,501,2,1
2023HU1097042,3,501,2,1
2023HU1097161,1,28,1,1
2023HU1097161,2,28,1,1
2023HU1097183,1,163,3,1
2023HU1097183,2,190,3,1
2023HU1097183,3,190,3,1
2023HU1097660,1,168,1,1
2023HU1097660,2,168,1,1
2023HU1097660,3,168,1,1
2023HU1097723,1,501,2,1
2023HU1097723,2,501,2,1
2023HU1097762,1,182,1,1
2023HU1097762,2,182,1,1
2023HU1097775,1,501,2,1
2023HU1097775,2,501,2,1
2023HU1097912,1,501,2,1
2023HU1097941,1,310,2,1
2023HU1097941,2,310,2,1
2023HU1097941,3,310,2,1
2023HU1098028,1,501,3,1
2023HU1098201,1,341,3,1
2023HU1098201,2,501,3,1
2023HU1098270,1,501,4,1
2023HU1098332,1,501,2,1
2023HU1098332,2,501,2,1
2023HU1098402,1,501,1,1
2023HU1098403,1,501,1,1
2023HU1098403,2,501,1,1
2023HU1098403,3,501,1,1
2023HU1098457,1,501,1,1
2023HU1098457,2,501,1,1
2023HU1098457,3,501,1,1
2023HU1098457,4,501,1,1
2023HU1098458,1,357,2,1
2023HU1098458,2,357,2,1
2023HU1098458,3,357,2,1
2023HU1098458,4,357,2,1
2023HU1098458,5,357,2,1
2023HU1098458,6,357,2,1
2023HU1098458,7,357,2,1
2023HU1098513,1,48,2,1
2023HU1098577,1,29,3,1
2023HU1098577,2,29,3,1
2023HU1098654,1,315,3,1
2023HU1098654,2,315,3,1
2023HU1098654,3,315,3,1
2023HU1098850,1,243,1,1
2023HU1098850,2,243,1,1
2023HU1098850,3,243,1,1
2023HU1098850,4,243,1,1
2023HU1098850,5,243,1,1
2023HU1098850,6,243,1,1
2023HU1098850,7,243,1,1
2023HU1098921,1,291,1,1
2023HU1098941,1,404,2,1
2023HU1098941,2,404,2,1
2023HU1098962,1,388,2,1
2023HU1098962,2,388,2,1
2023HU1099152,1,501,1,1
2023HU1099152,2,501,1,1
2023HU1099152,3,501,1,1
2023HU1099152,4,501,1,1
2023HU1099187,1,7,3,1
2023HU1099263,1,501,3,1
2023HU1099283,1,501,1,1
2023HU1099283,2,501,1,1
2023HU1099450,1,501,1,1
2023HU1099450,2,501,1,1
2023HU1099450,3,501,1,1
2023HU1099468,1,172,2,1
2023HU1099664,1,265,2,1
2023HU1099664,2,265,2,1
2023HU1100108,1,501,1,1
2023HU1100108,2,501,1,1
2023HU1100132,1,65,3,1
2023HU1100132,2,155,3,1
2023HU1100132,3,65,3,1
2023HU1100132,4,65,3,1
2023HU1100132,5,65,3,1
2023HU1100167,1,292,3,1
2023HU1100167,2,227,3,1
2023HU1100181,1,155,3,1
2023HU1100181,2,155,3,1
2023HU1100181,3,155,3,1
2023HU1100183,1,63,1,1
2023HU1100183,2,312,1,1
2023HU1100294,1,501,1,1
2023HU1100305,1,65,3,1
2023HU1100305,2,501,3,1
2023HU1100423,1,501,3,1
2023HU1100423,2,501,3,1
2023HU1100449,1,128,1,1
2023HU1100449,2,128,1,1
2023HU1100449,3,128,1,1
2023HU1100449,4,128,1,1
2023HU1100449,5,128,1,1
2023HU1100449,6,128,1,1
2023HU1100495,1,453,1,1
2023HU1100567,1,296,2,1
2023HU1100603,1,478,1,1
2023HU1100603,2,478,1,1
2023HU1100728,1,116,3,1
2023HU1100728,2,116,3,1
2023HU1100728,3,116,3,1
2023HU1100746,1,493,1,1
2023HU1100746,2,493,1,1
2023HU1100746,3,493,1,1
2023HU1100746,4,493,1,1
2023HU1100799,1,501,3,1
2023HU1100799,2,501,3,1
2023HU1100799,3,501,3,1
2023HU1100911,1,51,1,1
2023HU1101038,1,76,3,1
2023HU1101207,1,330,1,1
2023HU1101207,2,330,1,1
2023HU1101633,1,501,3,1
2023HU1101835,1,396,1,1
2023HU1102054,1,501,3,1
2023HU1102054,2,417,3,1
2023HU1102087,1,433,1,1
2023HU1102087,2,433,1,1
2023HU1102087,3,433,1,1
2023HU1102087,4,433,1,1
2023HU1102104,1,318,1,1
2023HU1102104,2,318,1,1
2023HU1102104,3,318,1,1
2023HU1102104,4,318,1,1
2023HU1102104,5,318,1,1
2023HU1102104,6,318,1,1
2023HU1102508,1,501,1,1
2023HU1102508,2,501,1,1
2023HU1102515,1,204,1,1
2023HU1102515,2,204,1,1
2023HU1102515,3,204,1,1
2023HU1102515,4,204,1,1
2023HU1102515,5,204,1,1
2023HU1102575,1,19,2,1
2023HU1102575,2,19,2,1
2023HU1102616,1,501,2,1
2023HU1102616,2,501,2,1
2023HU1102642,1,501,3,1
2023HU1102677,1,501,1,1
2023HU1102677,2,501,1,1
2023HU1102677,3,501,1,1
2023HU1102677,4,501,1,1
2023HU1102788,1,191,3,1
2023HU1102818,1,316,3,1
2023HU1102818,2,316,3,1
2023HU1102948,1,468,1,1
2023HU1103105,1,501,3,1
2023HU1103105,2,501,3,1
2023HU1103115,1,43,3,1
2023HU1103248,1,166,3,1
2023HU1103248,2,166,3,1
2023HU1103369,1,207,1,1
2023HU1103369,2,207,1,1
2023HU1103408,1,501,2,1
2023HU1103446,1,501,1,1
2023HU1103446,2,501,1,1
2023HU1103472,1,158,3,1
2023HU1103472,2,158,3,1
2023HU1103505,1,501,1,1
2023HU1103505,2,501,1,1
2023HU1103505,3,501,1,1
2023HU1103505,4,501,1,1
2023HU1103582,1,501,2,1
2023HU1103582,2,501,2,1
2023HU1103600,1,48,3,1
2023HU1103600,2,48,3,1
2023HU1103600,3,48,3,1
2023HU1103623,1,149,2,1
2023HU1103623,2,149,2,1
2023HU1103798,1,501,1,1
2023HU1103798,2,501,1,1
2023HU1103798,3,501,1,1
2023HU1103863,1,353,2,1
2023HU1103863,2,353,2,1
2023HU1103863,3,353,2,1
2023HU1103863,4,353,2,1
2023HU1103873,1,167,2,1
2023HU1103873,2,167,2,1
2023HU1103873,3,167,2,1
2023HU1103873,4,167,2,1
2023HU1103942,1,205,3,1
2023HU1103942,2,205,3,1
2023HU1103944,1,370,1,1
2023HU1103966,1,501,1,1
2023HU1103966,2,501,1,1
2023HU1103966,3,501,1,1
2023HU1103977,1,377,3,1
2023HU1104063,1,109,3,1
2023HU1104063,2,109,3,1
2023HU1104063,3,109,3,1
2023HU1104063,4,109,3,1
2023HU1104077,1,457,1,1
2023HU1104131,1,104,2,1
2023HU1104131,2,104,2,1
2023HU1104237,1,373,2,1
2023HU1104253,1,424,2,1
2023HU1104253,2,424,2,1
2023HU1104253,3,424,2,1
2023HU1104253,4,424,2,1
2023HU1104258,1,501,1,1
2023HU1104258,2,501,1,1
2023HU1104322,1,501,1,1
2023HU1104322,2,501,1,1
2023HU1104322,3,501,1,1
2023HU1104322,4,501,1,1
2023HU1104322,5,501,1,1
2023HU1104322,6,501,1,1
2023HU1104322,7,0,1,1
2023HU1104520,1,437,2,1
2023HU1104570,1,501,3,1
2023HU1104570,2,96,3,1
2023HU1104593,1,501,3,1
2023HU1104593,2,501,3,1
2023HU1104601,1,125,2,1
2023HU1104649,1,501,2,1
2023HU1104649,2,501,2,1
2023HU1104649,3,501,2,1
2023HU1104704,1,501,1,1
2023HU1104704,2,501,1,1
2023HU1104704,3,501,1,1
2023HU1104905,1,126,3,1
2023HU1104905,2,126,3,1
2023HU1104927,1,500,1,1
2023HU1104971,1,39,3,1
2023HU1105034,1,425,3,1
2023HU1105049,1,215,2,1
2023HU1105049,2,215,2,1
2023HU1105113,1,501,3,1
2023HU1105249,1,88,3,1
2023HU1105258,1,464,1,1
2023HU1105293,1,72,3,1
2023HU1105293,2,65,3,1
2023HU1105809,1,164,3,1
2023HU1105809,2,164,3,1
2023HU1105809,3,164,3,1
2023HU1105883,1,501,2,1
2023HU1105894,1,274,2,1
2023HU1105920,1,51,3,1
2023HU1106074,1,409,1,1
2023HU1106074,2,409,1,1
2023HU1106074,3,409,1,1
2023HU1106074,4,409,1,1
2023HU1106096,1,501,1,1
2023HU1106096,2,501,1,1
2023HU1106136,1,322,3,1
2023HU1106421,1,283,2,1
2023HU1106485,1,75,2,1
2023HU1106573,1,501,2,1
2023HU1106745,1,312,3,1
2023HU1106836,1,299,3,1
2023HU1106905,1,99,1,1
2023HU1106905,2,99,1,1
2023HU1106905,3,99,1,1
2023HU1106905,4,99,1,1
2023HU1106905,5,99,1,1
2023HU1106905,6,99,1,1
2023HU1106905,7,99,1,1
2023HU1107006,1,501,2,1
2023HU1107006,2,501,2,1
2023HU1107130,1,501,3,1
2023HU1107130,2,501,3,1
2023HU1107162,1,157,1,1
2023HU1107162,2,157,1,1
2023HU1107263,1,413,2,1
2023HU1107263,2,413,2,1
2023HU1107312,1,153,1,1
2023HU1107312,2,153,1,1
2023HU1107333,1,331,2,1
2023HU1107333,2,331,2,1
2023HU1107333,3,,2,1
2023HU1107421,1,483,1,1
2023HU1107421,2,483,1,1
2023HU1107421,3,483,1,1
2023HU1107437,1,343,1,1
2023HU1107437,2,343,1,1
2023HU1107440,1,229,1,1
2023HU1107440,2,229,1,1
2023HU1107440,3,229,1,1
2023HU1107440,4,229,1,1
2023HU1107459,1,501,1,1
2023HU1107459,2,501,1,1
2023HU1107513,1,501,1,1
2023HU1107513,2,501,1,1
2023HU1107513,3,501,1,1
2023HU1107526,1,240,3,1
2023HU1107613,1,394,1,1
2023HU1107613,2,501,1,1
2023HU1107684,1,248,1,1
2023HU1107684,2,248,1,1
2023HU1107684,3,248,1,1
2023HU1107684,4,248,1,1
2023HU1107684,5,248,1,1
2023HU1107697,1,365,2,1
2023HU1107731,1,340,3,1
2023HU1107731,2,501,3,1
2023HU1107732,1,172,3,1
2023HU1107732,2,172,3,1
2023HU1107732,3,172,3,1
2023HU1107732,4,172,3,1
2023HU1107732,5,172,3,1
2023HU1107732,6,172,3,1
2023HU1107732,7,172,3,1
2023HU1108064,1,302,2,1
2023HU1108064,2,302,2,1
2023HU1108109,1,339,3,1
2023HU1108123,1,287,1,1
2023HU1108123,2,0,1,1
2023HU1108123,3,287,1,1
2023HU1108123,4,287,1,1
2023HU1108378,1,498,2,1
2023HU1108378,2,498,2,1
2023HU1108490,1,178,2,1
2023HU1108496,1,501,2,1
2023HU1108496,2,0,2,1
2023HU1108556,1,359,3,1
2023HU1108592,1,501,1,1
2023HU1108592,2,501,1,1
2023HU1108662,1,311,3,1
2023HU1108686,1,462,3,1
2023HU1108686,2,462,3,1
2023HU1108686,3,462,3,1
2023HU1108686,4,462,3,1
2023HU1108809,1,23,2,1
2023HU1108809,2,23,2,1
2023HU1108809,3,23,2,1
2023HU1108809,4,23,2,1
2023HU1109001,1,501,3,1
2023HU1109503,1,501,3,1
2023HU1109503,2,501,3,1
2023HU1109503,3,501,3,1
2023HU1109523,1,501,1,1
2023HU1109523,2,501,1,1
2023HU1109523,3,501,1,1
2023HU1109523,4,501,1,1
2023HU1109622,1,501,1,1
2023HU1109622,2,501,1,1
2023HU1109622,3,501,1,1
2023HU1109622,4,501,1,1
2023HU1109622,5,501,1,1
2023HU1109640,1,501,2,1
2023HU1109896,1,501,1,1
2023HU1109896,2,501,1,1
2023HU1109896,3,501,1,1
2023HU1109915,1,303,3,1
2023HU1109915,2,451,3,1
2023HU1110363,1,501,3,1
2023HU1110363,2,501,3,1
2023HU1110363,3,501,3,1
2023HU1110411,1,299,2,1
2023HU1110411,2,299,2,1
2023HU1110411,3,299,2,1
2023HU1110544,1,501,1,1
2023HU1110544,2,501,1,1
2023HU1110544,3,501,1,1
2023HU1110646,1,501,2,1
2023HU1110646,2,501,2,1
2023HU1110646,3,501,2,1
2023HU1110646,4,501,2,1
2023HU1110654,1,125,1,1
2023HU1110718,1,229,3,1
2023HU1110821,1,501,2,1
2023HU1110821,2,501,2,1
2023HU1110912,1,0,3,1
2023HU1111099,1,501,1,1
2023HU1111099,2,501,1,1
2023HU1111099,3,501,1,1
2023HU1111172,1,371,1,1
2023HU1111319,1,200,2,1
2023HU1111319,2,200,2,1
2023HU1111319,3,200,2,1
2023HU1111319,4,200,2,1
2023HU1111319,5,200,2,1
2023HU1111319,6,200,2,1
2023HU1111460,1,21,1,1
2023HU1111460,2,255,1,1
2023HU1111559,1,501,1,1
2023HU1111559,2,501,1,1
2023HU1111559,3,501,1,1
2023HU1111565,1,501,3,1
2023HU1111568,1,478,1,1
2023HU1111568,2,478,1,1
2023HU1111568,3,478,1,1
2023HU1111568,4,478,1,1
2023HU1111568,5,478,1,1
2023HU1111568,6,478,1,1
2023HU1111568,7,478,1,1
2023HU1111623,1,413,3,1
2023HU1111623,2,413,3,1
2023HU1111725,1,196,3,1
2023HU1111725,2,501,3,1
2023HU1111743,1,501,1,1
2023HU1111743,2,501,1,1
2023HU1111743,3,501,1,1
2023HU1111839,1,501,1,1
2023HU1111839,2,501,1,1
2023HU1111839,3,501,1,1
2023HU1111896,1,435,1,1
2023HU1111896,2,435,1,1
2023HU1111896,3,435,1,1
2023HU1111917,1,473,1,1
2023HU1112252,1,230,2,1
2023HU1112252,2,230,2,1
2023HU1112478,1,233,2,1
2023HU1112478,2,233,2,1
2023HU1112535,1,501,2,1
2023HU1112535,2,501,2,1
2023HU1112633,1,477,3,1
2023HU1112633,2,477,3,1
2023HU1112633,3,477,3,1
2023HU1112739,1,501,3,1
2023HU1112773,1,91,2,1
2023HU1113034,1,364,1,1
2023HU1113034,2,364,1,1
2023HU1113034,3,364,1,1
2023HU1113034,4,364,1,1
2023HU1113034,5,364,1,1
2023HU1113111,1,375,1,1
2023HU1113111,2,375,1,1
2023HU1113111,3,375,1,1
2023HU1113111,4,375,1,1
2023HU1113414,1,140,2,1
2023HU1113414,2,140,2,1
2023HU1113432,1,333,3,1
2023HU1113432,2,256,3,1
2023HU1113432,3,,3,1
2023HU1113815,1,316,3,1
2023HU1114008,1,363,1,1
2023HU1114008,2,363,1,1
2023HU1114008,3,363,1,1
2023HU1114008,4,363,1,1
2023HU1114101,1,501,2,1
2023HU1114101,2,501,2,1
2023HU1114211,1,449,1,1
2023HU1114301,1,20,3,1
2023HU1114361,1,246,1,1
2023HU1114361,2,246,1,1
2023HU1114408,1,450,1,1
2023HU1114409,1,501,2,1
2023HU1114478,1,501,1,1
2023HU1114478,2,501,1,1
2023HU1114896,1,242,1,1
2023HU1114896,2,242,1,1
2023HU1114896,3,242,1,1
2023HU1114912,1,501,1,1
2023HU1114912,2,501,1,1
2023HU1114998,1,370,2,1
2023HU1114998,2,370,2,1
2023HU1114998,3,370,2,1
2023HU1114998,4,370,2,1
2023HU1114998,5,370,2,1
2023HU1115159,1,501,3,1
2023HU1115159,2,192,3,1
2023HU1115161,1,289,1,1
2023HU1115161,2,289,1,1
2023HU1115260,1,453,3,1
2023HU1115282,1,501,1,1
2023HU1115282,2,501,1,1
2023HU1115282,3,501,1,1
2023HU1115282,4,501,1,1
2023HU1115308,1,143,1,1
2023HU1115308,2,143,1,1
2023HU1115308,3,143,1,1
2023HU1115308,4,143,1,1
2023HU1115407,1,0,2,1
2023HU1115407,2,1,2,1
2023HU1115542,1,164,1,1
2023HU1115588,1,38,3,1
2023HU1115588,2,501,3,1
2023HU1115605,1,501,1,1
2023HU1115605,2,501,1,1
2023HU1115605,3,501,1,1
2023HU1115605,4,501,1,1
2023HU1115606,1,376,1,1
2023HU1115606,2,376,1,1
2023HU1115625,1,297,1,1
2023HU1115625,2,297,1,1
2023HU1115627,1,501,2,1
2023HU1115627,2,501,2,1
2023HU1115890,1,501,2,1
2023HU1115890,2,501,2,1
2023HU1115890,3,501,2,1
2023HU1115890,4,501,2,1
2023HU1116125,1,390,2,1
2023HU1116125,2,0,2,1
2023HU1116125,3,390,2,1
2023HU1116125,4,390,2,1
2023HU1116125,5,390,2,1
2023HU1116125,6,379,2,1
2023HU1116152,1,501,1,1
2023HU1116152,2,501,1,1
2023HU1116193,1,304,1,1
2023HU1116193,2,304,1,1
2023HU1116193,3,304,1,1
2023HU1116193,4,304,1,1
2023HU1116193,5,304,1,1
2023HU1116221,1,259,1,1
2023HU1116221,2,259,1,1
2023HU1116347,1,272,2,1
2023HU1116347,2,272,2,1
2023HU1116370,1,431,2,1
2023HU1116370,2,431,2,1
2023HU1116370,3,431,2,1
2023HU1116370,4,431,2,1
2023HU1116370,5,431,2,1
2023HU1116385,1,492,1,1
2023HU1116385,2,492,1,1
2023HU1116385,3,492,1,1
2023HU1116385,4,492,1,1
2023HU1116421,1,142,3,1
2023HU1116421,2,45,3,1
2023HU1116421,3,142,3,1
2023HU1116421,4,142,3,1
2023HU1116563,1,442,3,1
2023HU1116563,2,240,3,1
2023HU1116577,1,501,2,1
2023HU1116577,2,501,2,1
2023HU1116656,1,288,1,1
2023HU1116656,2,69,1,1
2023HU1116717,1,501,1,1
2023HU1116717,2,501,1,1
2023HU1116717,3,501,1,1
2023HU1116723,1,331,2,1
2023HU1116723,2,331,2,1
2023HU1116723,3,331,2,1
2023HU1116723,4,331,2,1
2023HU1116972,1,501,1,1
2023HU1116972,2,501,1,1
2023HU1116972,3,501,1,1
2023HU1116972,4,501,1,1
2023HU1117021,1,126,2,1
2023HU1117041,1,501,1,1
2023HU1117043,1,501,3,1
2023HU1117043,2,501,3,1
2023HU1117043,3,501,3,1
2023HU1117118,1,174,3,1
2023HU1117118,2,174,3,1
2023HU1117142,1,368,3,1
2023HU1117142,2,368,3,1
2023HU1117142,3,368,3,1
2023HU1117142,4,368,3,1
2023HU1117142,5,368,3,1
2023HU1117259,1,405,1,1
2023HU1117259,2,405,1,1
2023HU1117312,1,362,3,1
2023HU1117463,1,501,1,1
2023HU1117463,2,501,1,1
2023HU1117463,3,501,1,1
2023HU1117463,4,501,1,1
2023HU1117597,1,501,3,1
2023HU1117712,1,501,1,1
2023HU1117712,2,501,1,1
2023HU1117712,3,501,1,1
2023HU1117723,1,194,3,1
2023HU1117723,2,194,3,1
2023HU1117747,1,346,1,1
2023HU1117747,2,346,1,1
2023HU1117821,1,501,3,1
2023HU1117964,1,96,3,1
2023HU1117969,1,11,1,1
2023HU1118062,1,479,1,1
2023HU1118062,2,479,1,1
2023HU1118522,1,167,3,1
2023HU1118522,2,167,3,1
2023HU1118522,3,167,3,1
2023HU1118522,4,167,3,1
2023HU1118611,1,289,3,1
2023HU1118611,2,289,3,1
2023HU1118611,3,289,3,1
2023HU1118842,1,501,1,1
2023HU1118842,2,501,1,1
2023HU1118842,3,501,1,1
2023HU1118842,4,501,1,1
2023HU1118989,1,421,3,1
2023HU1119176,1,300,1,1
2023HU1119176,2,300,1,1
2023HU1119176,3,300,1,1
2023HU1119350,1,501,1,1
2023HU1119350,2,501,1,1
2023HU1119358,1,0,3,1
2023HU1119358,2,0,3,1
2023HU1119708,1,145,3,1
2023HU1119805,1,501,2,1
2023HU1119805,2,501,2,1
2023HU1119959,1,463,2,1
2023HU1119959,2,463,2,1
2023HU1120118,1,501,1,1
2023HU1120118,2,501,1,1
2023HU1120186,1,334,3,1
2023HU1120186,2,255,3,1
2023HU1120186,3,334,3,1
2023HU1120311,1,231,2,1
2023HU1120399,1,133,3,1
2023HU1120483,1,501,2,1
2023HU1120483,2,501,2,1
2023HU1120647,1,385,1,1
2023HU1120686,1,426,2,1
2023HU1120686,2,426,2,1
2023HU1120688,1,501,3,1
2023HU1120706,1,501,1,1
2023HU1120706,2,501,1,1
2023HU1120706,3,501,1,1
2023HU1120706,4,501,1,1
2023HU1120743,1,187,1,1
2023HU1120743,2,187,1,1
2023HU1120743,3,187,1,1
2023HU1120751,1,147,3,1
2023HU1120751,2,147,3,1
2023HU1120751,3,147,3,1
2023HU1120751,4,147,3,1
2023HU1120906,1,501,1,1
2023HU1120906,2,501,1,1
2023HU1120934,1,384,2,1
2023HU1120934,2,384,2,1
2023HU1121078,1,501,2,1
2023HU1121078,2,501,2,1
2023HU1121079,1,501,1,1
2023HU1121079,2,501,1,1
2023HU1121165,1,501,1,1
2023HU1121210,1,501,3,1
2023HU1121211,1,501,1,1
2023HU1121211,2,501,1,1
2023HU1121211,3,501,1,1
2023HU1121211,4,501,1,1
2023HU1121244,1,501,1,1
2023HU1121244,2,501,1,1
2023HU1121244,3,501,1,1
2023HU1121244,4,501,1,1
2023HU1121346,1,339,1,1
2023HU1121346,2,339,1,1
2023HU1121372,1,9,2,1
2023HU1121538,1,182,1,1
2023HU1121538,2,182,1,1
2023HU1121538,3,182,1,1
2023HU1121538,4,182,1,1
2023HU1121609,1,379,3,1
2023HU1121609,2,411,3,1
2023HU1121696,1,164,1,1
2023HU1121696,2,164,1,1
2023HU1121696,3,164,1,1
2023HU1121696,4,164,1,1
2023HU1121706,1,460,1,1
2023HU1121768,1,251,1,1
2023HU1121768,2,251,1,1
2023HU1121768,3,251,1,1
2023HU1121768,4,251,1,1
2023HU1121798,1,29,3,1
2023HU1121798,2,501,3,1
2023HU1122126,1,247,3,1
2023HU1122126,2,247,3,1
2023HU1122554,1,497,1,1
2023HU1122554,2,497,1,1
2023HU1122554,3,497,1,1
2023HU1122554,4,497,1,1
2023HU1122554,5,497,1,1
2023HU1122652,1,501,3,1
2023HU1122725,1,0,1,1
2023HU1122725,2,0,1,1
2023HU1122725,3,0,1,1
2023HU1122725,4,0,1,1
2023HU1122725,5,0,1,1
2023HU1122725,6,0,1,1
2023HU1122982,1,171,2,1
2023HU1122982,2,171,2,1
2023HU1122982,3,171,2,1
2023HU1122982,4,171,2,1
2023HU1122989,1,179,1,1
2023HU1122989,2,179,1,1
2023HU1123054,1,82,3,1
2023HU1123054,2,82,3,1
2023HU1123126,1,501,1,1
2023HU1123126,2,501,1,1
2023HU1123126,3,501,1,1
2023HU1123196,1,501,3,1
2023HU1123196,2,446,3,1
2023HU1123249,1,501,2,1
2023HU1123401,1,127,1,1
2023HU1123401,2,127,1,1
2023HU1123585,1,501,1,1
2023HU1123585,2,501,1,1
2023HU1123651,1,388,3,1
2023HU1123743,1,501,1,1
2023HU1123880,1,144,3,1
2023HU1123880,2,144,3,1
2023HU1123880,3,144,3,1
2023HU1123880,4,144,3,1
2023HU1123880,5,144,3,1
2023HU1123880,6,0,3,1
2023HU1123919,1,8,3,1
2023HU1123919,2,2,3,1
2023HU1124028,1,73,2,1
2023HU1124108,1,276,2,1
2023HU1124108,2,276,2,1
2023HU1124216,1,0,3,1
2023HU1124232,1,168,3,1
2023HU1124278,1,243,3,1
2023HU1124278,2,243,3,1
2023HU1124278,3,243,3,1
2023HU1124278,4,243,3,1
2023HU1124432,1,501,3,1
2023HU1124739,1,88,3,1
2023HU1124739,2,88,3,1
2023HU1124739,3,88,3,1
2023HU1124739,4,88,3,1
2023HU1124748,1,387,3,1
2023HU1124748,2,387,3,1
2023HU1124804,1,339,2,1
2023HU1124804,2,339,2,1
2023HU1124804,3,339,2,1
2023HU1124804,4,339,2,1
2023HU1124804,5,339,2,1
2023HU1124804,6,339,2,1
2023HU1124814,1,91,1,1
2023HU1124814,2,91,1,1
2023HU1124814,3,91,1,1
2023HU1124998,1,248,2,1
2023HU1124998,2,248,2,1
2023HU1124998,3,248,2,1
2023HU1125004,1,271,2,1
2023HU1125061,1,501,1,1
2023HU1125061,2,501,1,1
2023HU1125151,1,501,1,1
2023HU1125151,2,501,1,1
2023HU1125151,3,501,1,1
2023HU1125151,4,501,1,1
2023HU1125151,5,501,1,1
2023HU1125176,1,501,3,1
2023HU1125176,2,501,3,1
2023HU1125176,3,501,3,1
2023HU1125176,4,501,3,1
2023HU1125300,1,152,3,1
2023HU1125332,1,228,1,1
2023HU1125332,2,228,1,1
2023HU1125458,1,102,2,1
2023HU1125469,1,57,3,1
2023HU1125479,1,429,1,1
2023HU1125578,1,380,1,1
2023HU1125578,2,380,1,1
2023HU1125578,3,380,1,1
2023HU1125578,4,380,1,1
2023HU1125614,1,177,1,1
2023HU1125619,1,243,2,1
2023HU1125803,1,80,1,1
2023HU1125803,2,80,1,1
2023HU1125827,1,501,1,1
2023HU1125827,2,501,1,1
2023HU1125827,3,501,1,1
2023HU1125827,4,501,1,1
2023HU1125902,1,501,2,1
2023HU1125902,2,501,2,1
2023HU1125920,1,501,3,1
2023HU1125920,2,501,3,1
2023HU1126077,1,501,1,1
2023HU1126077,2,501,1,1
2023HU1126077,3,501,1,1
2023HU1126077,4,501,1,1
2023HU1126080,1,501,2,1
2023HU1126080,2,501,2,1
2023HU1126080,3,501,2,1
2023HU1126487,1,501,1,1
2023HU1126487,2,501,1,1
2023HU1126487,3,501,1,1
2023HU1126596,1,501,2,1
2023HU1126669,1,77,3,1
2023HU1126729,1,295,3,1
2023HU1126917,1,185,1,1
2023HU1126917,2,501,1,1
2023HU1126917,3,185,1,1
2023HU1126917,4,185,1,1
2023HU1127000,1,350,1,1
2023HU1127000,2,350,1,1
2023HU1127000,3,350,1,1
2023HU1127000,4,350,1,1
2023HU1127000,5,350,1,1
2023HU1127006,1,402,3,1
2023HU1127006,2,402,3,1
2023HU1127006,3,402,3,1
2023HU1127006,4,402,3,1
2023HU1127006,5,402,3,1
2023HU1127228,1,501,1,1
2023HU1127228,2,501,1,1
2023HU1127228,3,501,1,1
2023HU1127228,4,501,1,1
2023HU1127247,1,381,1,1
2023HU1127247,2,132,1,1
2023HU1127272,1,325,2,1
2023HU1127343,1,298,3,1
2023HU1127360,1,158,1,1
2023HU1127360,2,158,1,1
2023HU1127360,3,158,1,1
2023HU1127360,4,158,1,1
2023HU1127455,1,501,1,1
2023HU1127455,2,501,1,1
2023HU1127497,1,501,1,1
2023HU1127497,2,501,1,1
2023HU1127497,3,501,1,1
2023HU1127497,4,501,1,1
2023HU1127669,1,501,1,1
2023HU1127669,2,501,1,1
2023HU1127669,3,501,1,1
2023HU1127836,1,257,3,1
2023HU1127865,1,179,3,1
2023HU1127925,1,281,1,1
2023HU1127925,2,281,1,1
2023HU1127925,3,281,1,1
2023HU1127925,4,281,1,1
2023HU1128125,1,501,2,1
2023HU1128125,2,501,2,1
2023HU1128125,3,501,2,1
2023HU1128176,1,9,3,1
2023HU1128528,1,238,2,1
2023HU1128536,1,501,3,1
2023HU1128536,2,446,3,1
2023HU1128637,1,285,3,1
2023HU1128655,1,501,3,1
2023HU1128696,1,501,1,1
2023HU1128700,1,184,3,1
2023HU1128700,2,184,3,1
2023HU1128700,3,184,3,1
2023HU1128700,4,184,3,1
2023HU1128700,5,184,3,1
2023HU1128700,6,184,3,1
2023HU1128703,1,253,1,1
2023HU1128745,1,501,2,1
2023HU1128745,2,501,2,1
2023HU1128763,1,169,3,1
2023HU1128777,1,341,2,1
2023HU1128791,1,287,1,1
2023HU1128791,2,287,1,1
2023HU1128791,3,287,1,1
2023HU1128791,4,287,1,1
2023HU1128791,5,287,1,1
2023HU1128791,6,287,1,1
2023HU1128791,7,287,1,1
2023HU1128791,8,287,1,1
2023HU1128891,1,501,1,1
2023HU1128891,2,501,1,1
2023HU1128891,3,501,1,1
2023HU1128891,4,501,1,1
2023HU1129193,1,485,3,1
2023HU1129193,2,134,3,1
2023HU1129246,1,501,2,1
2023HU1129246,2,501,2,1
2023HU1129341,1,501,1,1
2023HU1129431,1,501,1,1
2023HU1129495,1,241,2,1
2023HU1129512,1,38,3,1
2023HU1129512,2,38,3,1
2023HU1129512,3,38,3,1
2023HU1129512,4,38,3,1
2023HU1129652,1,501,1,1
2023HU1129652,2,501,1,1
2023HU1129652,3,501,1,1
2023HU1129652,4,501,1,1
2023HU1129728,1,492,1,1
2023HU1129811,1,316,3,1
2023HU1129951,1,501,1,1
2023HU1129951,2,501,1,1
2023HU1129951,3,501,1,1
2023HU1130069,1,388,3,1
2023HU1130112,1,474,3,1
2023HU1130229,1,501,2,1
2023HU1130229,2,501,2,1
2023HU1130229,3,501,2,1
2023HU1130288,1,500,3,1
2023HU1130288,2,487,3,1
2023HU1130371,1,501,1,1
2023HU1130371,2,501,1,1
2023HU1130382,1,442,3,1
2023HU1130401,1,501,3,1
2023HU1130401,2,501,3,1
2023HU1130764,1,156,2,1
2023HU1130787,1,473,1,1
2023HU1130803,1,401,1,1
2023HU1130803,2,401,1,1
2023HU1130803,3,401,1,1
2023HU1130803,4,401,1,1
2023HU1130803,5,401,1,1
2023HU1130918,1,501,2,1
2023HU1131044,1,358,3,1
2023HU1131044,2,358,3,1
2023HU1131044,3,358,3,1
2023HU1131408,1,186,3,1
2023HU1131408,2,186,3,1
2023HU1131408,3,186,3,1
2023HU1131418,1,501,1,1
2023HU1131564,1,418,2,1
2023HU1131564,2,418,2,1
2023HU1131564,3,418,2,1
2023HU1131564,4,418,2,1
2023HU1131564,5,418,2,1
2023HU1131603,1,501,2,1
2023HU1131654,1,249,3,1
2023HU1131671,1,501,1,1
2023HU1131671,2,501,1,1
2023HU1131698,1,169,2,1
2023HU1131698,2,169,2,1
2023HU1131698,3,169,2,1
2023HU1131698,4,169,2,1
2023HU1131698,5,169,2,1
2023HU1131759,1,75,3,1
2023HU1131912,1,212,1,1
2023HU1131912,2,212,1,1
2023HU1131912,3,212,1,1
2023HU1131912,4,212,1,1
2023HU1131912,5,212,1,1
2023HU1131912,6,212,1,1
2023HU1131912,7,212,1,1
2023HU1131937,1,26,2,1
2023HU1132068,1,173,1,1
2023HU1132068,2,173,1,1
2023HU1132068,3,173,1,1
2023HU1132337,1,289,3,1
2023HU1132460,1,138,3,1
2023HU1132528,1,6,3,1
2023HU1132645,1,501,2,1
2023HU1132645,2,501,2,1
2023HU1132645,3,501,2,1
2023HU1132789,1,501,3,1
2023HU1133025,1,155,2,1
2023HU1133025,2,143,2,1
2023HU1133137,1,501,1,1
2023HU1133141,1,280,2,1
2023HU1133141,2,280,2,1
2023HU1133284,1,501,2,1
2023HU1133284,2,501,2,1
2023HU1133285,1,178,3,1
2023HU1133421,1,501,1,1
2023HU1133508,1,400,1,1
2023HU1133508,2,400,1,1
2023HU1133508,3,400,1,1
2023HU1133508,4,400,1,1
2023HU1133542,1,397,2,1
2023HU1133740,1,71,3,1
2023HU1133779,1,501,2,1
2023HU1133779,2,501,2,1
2023HU1133841,1,0,4,1
2023HU1133886,1,501,1,1
2023HU1133886,2,501,1,1
2023HU1133886,3,501,1,1
2023HU1133886,4,501,1,1
2023HU1133886,5,501,1,1
2023HU1133949,1,501,1,1
2023HU1133949,2,501,1,1
2023HU1133949,3,501,1,1
2023HU1133949,4,501,1,1
2023HU1134106,1,258,1,1
2023HU1134106,2,258,1,1
2023HU1134189,1,344,1,1
2023HU1134189,2,344,1,1
2023HU1134189,3,344,1,1
2023HU1134189,4,344,1,1
2023HU1134236,1,221,3,1
2023HU1134236,2,144,3,1
2023HU1134327,1,501,1,1
2023HU1134327,2,501,1,1
2023HU1134327,3,501,1,1
2023HU1134327,4,501,1,1
2023HU1134336,1,501,1,1
2023HU1134336,2,501,1,1
2023HU1134336,3,501,1,1
2023HU1134336,4,501,1,1
2023HU1134565,1,432,2,1
2023HU1134565,2,318,2,1
2023HU1134673,1,501,1,1
2023HU1134673,2,501,1,1
2023HU1134673,3,501,1,1
2023HU1134673,4,501,1,1
2023HU1134695,1,501,2,1
2023HU1134695,2,501,2,1
2023HU1134695,3,501,2,1
2023HU1134818,1,357,1,1
2023HU1134818,2,357,1,1
2023HU1134818,3,357,1,1
2023HU1134818,4,357,1,1
2023HU1134846,1,468,1,1
2023HU1134846,2,468,1,1
2023HU1134940,1,501,1,1
2023HU1134940,2,501,1,1
2023HU1134940,3,501,1,1
2023HU1134940,4,501,1,1
2023HU1134971,1,501,2,1
2023HU1134971,2,501,2,1
2023HU1134998,1,458,1,1
2023HU1135006,1,291,1,1
2023HU1135046,1,0,3,1
2023HU1135109,1,198,1,1
2023HU1135109,2,198,1,1
2023HU1135242,1,260,3,1
2023HU1135312,1,501,1,1
2023HU1135312,2,501,1,1
2023HU1135312,3,501,1,1
2023HU1135451,1,357,1,1
2023HU1135476,1,414,1,1
2023HU1135476,2,414,1,1
2023HU1135476,3,347,1,1
2023HU1135538,1,501,2,1
2023HU1135554,1,501,3,1
2023HU1135815,1,501,1,1
2023HU1135815,2,501,1,1
2023HU1135847,1,501,2,1
2023HU1135847,2,501,2,1
2023HU1135847,3,501,2,1
2023HU1135847,4,501,2,1
2023HU1136112,1,433,1,1
2023HU1136112,2,433,1,1
2023HU1136310,1,362,1,1
2023HU1136310,2,362,1,1
2023HU1136310,3,362,1,1
2023HU1136604,1,501,1,1
2023HU1136719,1,398,1,1
2023HU1136719,2,398,1,1
2023HU1136731,1,501,1,1
2023HU1136731,2,501,1,1
2023HU1136731,3,501,1,1
2023HU1136753,1,261,3,1
2023HU1136753,2,261,3,1
2023HU1136797,1,348,1,1
2023HU1136797,2,348,1,1
2023HU1136888,1,501,2,1
2023HU1136888,2,501,2,1
2023HU1136909,1,500,3,1
2023HU1136909,2,500,3,1
2023HU1137164,1,25,1,1
2023HU1137164,2,215,1,1
2023HU1137295,1,501,1,1
2023HU1137295,2,501,1,1
2023HU1137295,3,501,1,1
2023HU1137295,4,501,1,1
2023HU1137295,5,501,1,1
2023HU1137295,6,501,1,1
2023HU1137295,7,92,1,1
2023HU1137303,1,501,2,1
2023HU1137303,2,501,2,1
2023HU1137303,3,501,2,1
2023HU1137737,1,10,1,1
2023HU1137737,2,10,1,1
2023HU1137737,3,10,1,1
2023HU1137755,1,478,3,1
2023HU1137775,1,501,1,1
2023HU1137775,2,501,1,1
2023HU1137775,3,501,1,1
2023HU1137776,1,501,1,1
2023HU1137776,2,501,1,1
2023HU1137776,3,501,1,1
2023HU1137916,1,192,3,1
2023HU1137916,2,3,3,1
2023HU1138010,1,404,1,1
2023HU1138010,2,404,1,1
2023HU1138010,3,404,1,1
2023HU1138010,4,404,1,1
2023HU1138070,1,300,3,1
2023HU1138070,2,50,3,1
2023HU1138223,1,501,1,1
2023HU1138223,2,501,1,1
2023HU1138297,1,501,1,1
2023HU1138297,2,501,1,1
2023HU1138297,3,501,1,1
2023HU1138297,4,501,1,1
2023HU1138370,1,208,4,1
2023HU1138560,1,501,1,1
2023HU1138560,2,501,1,1
2023HU1138560,3,501,1,1
2023HU1138560,4,501,1,1
2023HU1138560,5,501,1,1
2023HU1138560,6,501,1,1
2023HU1138560,7,501,1,1
2023HU1138560,8,501,1,1
2023HU1138619,1,501,1,1
2023HU1138686,1,35,3,1
2023HU1138784,1,501,3,1
2023HU1138852,1,501,1,1
2023HU1138852,2,501,1,1
2023HU1138852,3,501,1,1
2023HU1138852,4,501,1,1
2023HU1138852,5,501,1,1
2023HU1138928,1,501,1,1
2023HU1138928,2,501,1,1
2023HU1138928,3,501,1,1
2023HU1138928,4,501,1,1
2023HU1138933,1,364,1,1
2023HU1138933,2,364,1,1
2023HU1138988,1,161,1,1
2023HU1139013,1,501,2,1
2023HU1139013,2,501,2,1
2023HU1139044,1,275,3,1
2023HU1139128,1,30,1,1
2023HU1139231,1,394,1,1
2023HU1139231,2,394,1,1
2023HU1139231,3,394,1,1
2023HU1139231,4,394,1,1
2023HU1139231,5,394,1,1
2023HU1139248,1,501,3,1
2023HU1139248,2,392,3,1
2023HU1139304,1,501,1,1
2023HU1139473,1,501,3,1
2023HU1139473,2,501,3,1
2023HU1139491,1,501,2,1
2023HU1139491,2,501,2,1
2023HU1139603,1,405,2,1
2023HU1139684,1,499,1,1
2023HU1139684,2,499,1,1
2023HU1139684,3,499,1,1
2023HU1139684,4,499,1,1
2023HU1139684,5,499,1,1
2023HU1139720,1,234,3,1
2023HU1139720,2,234,3,1
2023HU1139720,3,234,3,1
2023HU1139720,4,234,3,1
2023HU1139720,5,234,3,1
2023HU1139720,6,234,3,1
2023HU1139866,1,92,3,1
2023HU1139866,2,92,3,1
2023HU1139882,1,162,1,1
2023HU1139882,2,162,1,1
2023HU1139882,3,162,1,1
2023HU1139882,4,162,1,1
2023HU1139940,1,260,3,1
2023HU1140093,1,342,2,1
2023HU1140424,1,302,3,1
2023HU1140424,2,302,3,1
2023HU1141010,1,273,1,1
2023HU1141010,2,273,1,1
2023HU1141057,1,399,1,1
2023HU1141057,2,399,1,1
2023HU1141079,1,177,3,1
2023HU1141079,2,177,3,1
2023HU1141145,1,501,2,1
2023HU1141145,2,501,2,1
2023HU1141196,1,263,3,1
2023HU1141196,2,126,3,1
2023HU1141196,3,263,3,1
2023HU1141523,1,501,2,1
2023HU1141523,2,501,2,1
2023HU1141523,3,501,2,1
2023HU1141752,1,312,1,1
2023HU1141778,1,501,1,1
2023HU1141778,2,501,1,1
2023HU1141778,3,501,1,1
2023HU1141778,4,501,1,1
2023HU1141860,1,217,2,1
2023HU1142063,1,263,1,1
2023HU1142100,1,501,1,1
2023HU1142100,2,501,1,1
2023HU1142100,3,501,1,1
2023HU1142242,1,139,3,1
2023HU1142310,1,501,2,1
2023HU1142310,2,501,2,1
2023HU1142339,1,306,3,1
2023HU1142339,2,306,3,1
2023HU1142339,3,306,3,1
2023HU1142452,1,224,2,1
2023HU1142524,1,501,2,1
2023HU1142575,1,501,1,1
2023HU1142575,2,501,1,1
2023HU1142575,3,501,1,1
2023HU1142575,4,501,1,1
2023HU1142685,1,219,3,1
2023HU1142685,2,219,3,1
2023HU1142824,1,20,2,1
2023HU1142824,2,191,2,1
2023HU1142883,1,196,3,1
2023HU1142907,1,343,2,1
2023HU1142907,2,343,2,1
2023HU1142907,3,343,2,1
2023HU1142907,4,343,2,1
2023HU1142907,5,343,2,1
2023HU1142907,6,343,2,1
2023HU1142907,7,0,2,1
2023HU1143020,1,501,1,1
2023HU1143191,1,145,1,1
2023HU1143191,2,145,1,1
2023HU1143191,3,145,1,1
2023HU1143191,4,145,1,1
2023HU1143191,5,145,1,1
2023HU1143243,1,270,3,1
2023HU1143500,1,501,1,1
2023HU1143807,1,381,1,1
2023HU1143807,2,381,1,1
2023HU1143935,1,85,3,1
2023HU1143935,2,85,3,1
2023HU1143998,1,501,1,1
2023HU1143998,2,501,1,1
2023HU1143998,3,501,1,1
2023HU1143998,4,501,1,1
2023HU1144020,1,352,1,1
2023HU1144020,2,352,1,1
2023HU1144020,3,352,1,1
2023HU1144020,4,352,1,1
2023HU1144020,5,352,1,1
2023HU1144128,1,501,2,1
2023HU1144128,2,501,2,1
2023HU1144128,3,501,2,1
2023HU1144177,1,255,3,1
2023HU1144432,1,501,2,1
2023HU1144432,2,501,2,1
2023HU1144449,1,110,1,1
2023HU1144449,2,110,1,1
2023HU1144449,3,110,1,1
2023HU1144449,4,110,1,1
2023HU1144449,5,110,1,1
2023HU1144449,6,110,1,1
2023HU1144527,1,501,1,1
2023HU1144527,2,501,1,1
2023HU1144527,3,501,1,1
2023HU1144527,4,501,1,1
2023HU1144569,1,501,1,1
2023HU1144569,2,501,1,1
2023HU1144569,3,501,1,1
2023HU1144569,4,501,1,1
2023HU1144798,1,172,1,1
2023HU1144882,1,501,2,1
2023HU1145069,1,277,1,1
2023HU1145363,1,501,3,1
2023HU1145363,2,501,3,1
2023HU1145652,1,501,1,1
2023HU1145652,2,501,1,1
2023HU1145779,1,501,1,1
2023HU1145779,2,501,1,1
2023HU1145779,3,501,1,1
2023HU1145779,4,0,1,1
2023HU1145811,1,412,1,1
2023HU1145811,2,412,1,1
2023HU1145811,3,412,1,1
2023HU1145811,4,287,1,1
2023HU1145811,5,12,1,1
2023HU1146048,1,183,3,1
2023HU1146048,2,183,3,1
2023HU1146166,1,501,1,1
2023HU1146166,2,441,1,1
2023HU1146217,1,93,3,1
2023HU1146217,2,303,3,1
2023HU1146217,3,93,3,1
2023HU1146321,1,129,2,1
2023HU1146321,2,129,2,1
2023HU1146321,3,129,2,1
2023HU1146321,4,129,2,1
2023HU1146321,5,129,2,1
2023HU1146321,6,129,2,1
2023HU1146321,7,129,2,1
2023HU1146347,1,360,1,1
2023HU1146347,2,360,1,1
2023HU1146347,3,360,1,1
2023HU1146347,4,360,1,1
2023HU1146347,5,360,1,1
2023HU1146367,1,501,1,1
2023HU1146367,2,501,1,1
2023HU1146367,3,501,1,1
2023HU1146371,1,195,3,1
2023HU1146371,2,195,3,1
2023HU1146383,1,501,2,1
2023HU1146383,2,501,2,1
2023HU1146452,1,242,2,1
2023HU1146464,1,185,2,1
2023HU1146635,1,392,2,1
2023HU1146635,2,392,2,1
2023HU1146635,3,392,2,1
2023HU1146654,1,501,3,1
2023HU1146654,2,501,3,1
2023HU1146700,1,233,2,1
2023HU1146795,1,501,1,1
2023HU1146795,2,495,1,1
2023HU1146795,3,501,1,1
2023HU1146994,1,1,3,1
2023HU1146994,2,0,3,1
2023HU1147102,1,255,3,1
2023HU1147182,1,501,3,1
2023HU1147295,1,501,2,1
2023HU1147295,2,501,2,1
2023HU1147368,1,501,1,1
2023HU1147368,2,501,1,1
2023HU1147368,3,501,1,1
2023HU1147368,4,501,1,1
2023HU1147798,1,272,1,1
2023HU1147798,2,272,1,1
2023HU1147798,3,272,1,1
2023HU1147910,1,294,1,1
2023HU1147910,2,294,1,1
2023HU1147910,3,294,1,1
2023HU1147910,4,294,1,1
2023HU1147913,1,473,3,1
2023HU1147937,1,439,2,1
2023HU1147978,1,501,2,1
2023HU1148057,1,501,1,1
2023HU1148057,2,501,1,1
2023HU1148057,3,501,1,1
2023HU1148057,4,501,1,1
2023HU1148064,1,274,3,1
2023HU1148137,1,501,1,1
2023HU1148137,2,501,1,1
2023HU1148137,3,501,1,1
2023HU1148340,1,501,3,1
2023HU1148429,1,76,3,1
2023HU1148539,1,350,1,1
2023HU1148617,1,392,2,1
2023HU1148617,2,392,2,1
2023HU1148617,3,392,2,1
2023HU1148617,4,392,2,1
2023HU1148644,1,395,3,1
2023HU1148644,2,395,3,1
2023HU1148654,1,235,1,1
2023HU1148654,2,235,1,1
2023HU1148654,3,235,1,1
2023HU1148654,4,235,1,1
2023HU1148833,1,464,3,1
2023HU1148866,1,163,2,1
2023HU1148919,1,501,1,1
2023HU1148955,1,501,1,1
2023HU1149113,1,203,1,1
2023HU1149113,2,203,1,1
2023HU1149113,3,203,1,1
2023HU1149113,4,203,1,1
2023HU1149113,5,203,1,1
2023HU1149113,6,203,1,1
2023HU1149113,7,203,1,1
2023HU1149113,8,203,1,1
2023HU1149229,1,406,1,1
2023HU1149229,2,406,1,1
2023HU1149349,1,397,2,1
2023HU1149349,2,397,2,1
2023HU1149349,3,397,2,1
2023HU1149349,4,397,2,1
2023HU1149398,1,246,2,1
2023HU1149495,1,50,3,1
2023HU1149495,2,50,3,1
2023HU1149495,3,50,3,1
2023HU1149578,1,501,1,1
2023HU1149578,2,501,1,1
2023HU1149579,1,501,3,1
2023HU1149579,2,501,3,1
2023HU1149579,3,501,3,1
2023HU1149579,4,501,3,1
2023HU1149673,1,469,3,1
2023HU1149727,1,442,3,1
2023HU1149754,1,424,1,1
2023HU1149754,2,424,1,1
2023HU1149754,3,424,1,1
2023HU1149754,4,424,1,1
2023HU1149978,1,243,3,1
2023HU1149978,2,243,3,1
2023HU1149978,3,243,3,1
2023HU1149978,4,243,3,1
2023HU1150005,1,501,3,1
2023HU1150005,2,501,3,1
2023HU1150024,1,220,2,1
2023HU1150024,2,220,2,1
2023HU1150024,3,220,2,1
2023HU1150024,4,220,2,1
2023HU1150024,5,220,2,1
2023HU1150112,1,91,1,1
2023HU1150143,1,501,2,1
2023HU1150143,2,501,2,1
2023HU1150143,3,501,2,1
2023HU1150173,1,501,1,1
2023HU1150173,2,501,1,1
2023HU1150191,1,501,3,1
2023HU1150192,1,301,2,1
2023HU1150192,2,301,2,1
2023HU1150430,1,406,1,1
2023HU1150430,2,406,1,1
2023HU1150564,1,254,1,1
2023HU1150613,1,501,1,1
2023HU1150725,1,442,2,1
2023HU1150725,2,442,2,1
2023HU1150725,3,442,2,1
2023HU1150725,4,442,2,1
2023HU1150771,1,436,2,1
2023HU1150824,1,501,3,1
2023HU1150824,2,501,3,1
2023HU1150911,1,501,2,1
2023HU1150911,2,501,2,1
2023HU1150943,1,255,3,1
2023HU1150943,2,501,3,1
2023HU1150974,1,501,3,1
2023HU1151054,1,501,1,1
2023HU1151076,1,501,3,1
2023HU1151076,2,501,3,1
2023HU1151076,3,501,3,1
2023HU1151319,1,485,1,1
2023HU1151319,2,485,1,1
2023HU1151319,3,485,1,1
2023HU1151319,4,485,1,1
2023HU1151397,1,332,3,1
2023HU1151460,1,501,1,1
2023HU1151460,2,501,1,1
2023HU1151764,1,310,3,1
2023HU1151764,2,310,3,1
2023HU1151764,3,310,3,1
2023HU1151766,1,291,3,1
2023HU1151766,2,291,3,1
2023HU1151766,3,291,3,1
2023HU1151815,1,157,1,1
2023HU1151860,1,501,1,1
2023HU1151860,2,501,1,1
2023HU1151860,3,501,1,1
2023HU1151963,1,360,2,1
2023HU1151963,2,360,2,1
2023HU1152105,1,246,1,1
2023HU1152105,2,246,1,1
2023HU1152105,3,246,1,1
2023HU1152172,1,501,1,1
2023HU1152172,2,477,1,1
2023HU1152398,1,501,3,1
2023HU1152398,2,259,3,1
2023HU1152583,1,427,1,1
2023HU1152668,1,501,3,1
2023HU1152753,1,501,1,1
2023HU1152753,2,501,1,1
2023HU1152885,1,294,2,1
2023HU1152885,2,294,2,1
2023HU1152885,3,294,2,1
2023HU1152885,4,294,2,1
2023HU1152885,5,294,2,1
2023HU1152885,6,294,2,1
2023HU1152885,7,294,2,1
2023HU1152885,8,294,2,1
2023HU1152885,9,294,2,1
2023HU1153059,1,501,2,1
2023HU1153059,2,501,2,1
2023HU1153178,1,501,3,1
2023HU1153272,1,386,1,1
2023HU1153272,2,386,1,1
2023HU1153313,1,130,3,1
2023HU1153313,2,273,3,1
2023HU1153329,1,330,2,1
2023HU1153329,2,330,2,1
2023HU1153365,1,256,1,1
2023HU1153365,2,256,1,1
2023HU1153365,3,256,1,1
2023HU1153365,4,256,1,1
2023HU1153401,1,101,2,1
2023HU1153401,2,101,2,1
2023HU1153417,1,501,1,1
2023HU1153644,1,434,2,1
2023HU1153644,2,434,2,1
2023HU1153644,3,434,2,1
2023HU1153644,4,434,2,1
2023HU1153780,1,0,3,1
2023HU1153780,2,0,3,1
2023HU1153780,3,501,3,1
2023HU1153780,4,0,3,1
2023HU1153791,1,501,1,1
2023HU1153997,1,179,1,1
2023HU1153997,2,179,1,1
2023HU1153997,3,179,1,1
2023HU1154275,1,501,1,1
2023HU1154275,2,501,1,1
2023HU1154275,3,501,1,1
2023HU1154453,1,358,1,1
2023HU1154453,2,358,1,1
2023HU1154453,3,358,1,1
2023HU1154453,4,358,1,1
2023HU1154453,5,358,1,1
2023HU1154500,1,455,1,1
2023HU1154500,2,455,1,1
2023HU1154500,3,455,1,1
2023HU1154500,4,455,1,1
2023HU1154500,5,455,1,1
2023HU1154500,6,455,1,1
2023HU1154500,7,455,1,1
2023HU1154599,1,164,2,1
2023HU1154599,2,164,2,1
2023HU1154702,1,439,1,1
2023HU1154702,2,439,1,1
2023HU1154702,3,439,1,1
2023HU1154702,4,439,1,1
2023HU1154773,1,501,3,1
2023HU1154773,2,501,3,1
2023HU1155462,1,501,1,1
2023HU1155462,2,501,1,1
2023HU1155462,3,501,1,1
2023HU1155462,4,501,1,1
2023HU1155499,1,324,1,1
2023HU1155499,2,324,1,1
2023HU1155499,3,324,1,1
2023HU1155559,1,254,3,1
2023HU1155559,2,318,3,1
2023HU1155677,1,501,2,1
2023HU1155677,2,501,2,1
2023HU1155706,1,424,2,1
2023HU1155706,2,424,2,1
2023HU1155834,1,147,2,1
2023HU1155850,1,501,3,1
2023HU1156141,1,501,2,1
2023HU1156141,2,501,2,1
2023HU1156141,3,501,2,1
2023HU1156141,4,501,2,1
2023HU1156201,1,501,1,1
2023HU1156261,1,501,3,1
2023HU1156526,1,244,1,1
2023HU1156526,2,244,1,1
2023HU1156612,1,414,1,1
2023HU1156701,1,501,3,1
2023HU1156701,2,501,3,1
2023HU1156899,1,168,2,1
2023HU1156953,1,0,4,1
2023HU1156972,1,69,3,1
2023HU1157046,1,501,3,1
2023HU1157046,2,501,3,1
2023HU1157052,1,63,3,1
2023HU1157350,1,0,3,1
2023HU1157350,2,289,3,1
2023HU1157350,3,0,3,1
2023HU1157436,1,105,3,1
2023HU1157436,2,130,3,1
2023HU1157458,1,11,3,1
2023HU1157786,1,34,3,1
2023HU1157786,2,34,3,1
2023HU1157786,3,34,3,1
2023HU1157786,4,34,3,1
2023HU1157786,5,34,3,1
2023HU1157805,1,330,1,1
2023HU1157896,1,501,3,1
2023HU1157896,2,501,3,1
2023HU1157911,1,501,2,1
2023HU1158052,1,397,2,1
2023HU1158177,1,501,2,1
2023HU1158177,2,501,2,1
2023HU1158181,1,72,3,1
2023HU1158181,2,72,3,1
2023HU1158455,1,70,3,1
2023HU1158455,2,70,3,1
2023HU1158489,1,380,3,1
2023HU1158489,2,380,3,1
2023HU1158489,3,380,3,1
2023HU1158565,1,501,2,1
2023HU1158565,2,501,2,1
2023HU1158701,1,501,3,1
2023HU1158775,1,501,1,1
2023HU1158775,2,501,1,1
2023HU1158775,3,501,1,1
2023HU1158847,1,501,3,1
2023HU1158847,2,390,3,1
2023HU1158847,3,250,3,1
2023HU1158847,4,448,3,1
2023HU1158919,1,501,2,1
2023HU1158928,1,501,1,1
2023HU1159229,1,436,3,1
2023HU1159229,2,436,3,1
2023HU1159229,3,436,3,1
2023HU1159442,1,299,1,1
2023HU1159442,2,299,1,1
2023HU1159463,1,179,1,1
2023HU1159511,1,501,1,1
2023HU1159511,2,384,1,1
2023HU1159538,1,222,1,1
2023HU1159538,2,222,1,1
2023HU1160128,1,501,1,1
2023HU1160128,2,501,1,1
2023HU1160128,3,501,1,1
2023HU1160193,1,189,1,1
2023HU1160208,1,336,3,1
2023HU1160287,1,501,2,1
2023HU1160290,1,447,1,1
2023HU1160290,2,447,1,1
2023HU1160290,3,447,1,1
2023HU1160432,1,501,2,1
2023HU1160432,2,501,2,1
2023HU1160589,1,0,3,1
2023HU1160589,2,0,3,1
2023HU1160657,1,210,1,1
2023HU1160723,1,0,1,1
2023HU1160723,2,191,1,1
2023HU1160733,1,501,1,1
2023HU1160733,2,501,1,1
2023HU1160733,3,501,1,1
2023HU1160812,1,501,1,1
2023HU1160812,2,501,1,1
2023HU1160849,1,501,3,1
2023HU1160849,2,501,3,1
2023HU1160922,1,350,2,1
2023HU1160961,1,115,3,1
2023HU1161037,1,249,2,1
2023HU1161069,1,197,2,1
2023HU1161069,2,197,2,1
2023HU1161069,3,197,2,1
2023HU1161104,1,286,2,1
2023HU1161104,2,286,2,1
2023HU1161140,1,126,3,1
2023HU1161140,2,126,3,1
2023HU1161143,1,418,3,1
2023HU1161143,2,418,3,1
2023HU1161334,1,404,1,1
2023HU1161334,2,404,1,1
2023HU1161411,1,492,2,1
2023HU1161411,2,492,2,1
2023HU1161565,1,257,3,1
2023HU1161565,2,257,3,1
2023HU1161565,3,257,3,1
2023HU1161565,4,257,3,1
2023HU1161565,5,257,3,1
2023HU1161565,6,257,3,1
2023HU1161565,7,257,3,1
2023HU1161586,1,501,3,1
2023HU1161586,2,31,3,1
2023HU1161586,3,,3,1
2023HU1161740,1,223,2,1
2023HU1161740,2,223,2,1
2023HU1161740,3,223,2,1
2023HU1162009,1,501,1,1
2023HU1162035,1,319,1,1
2023HU1162035,2,319,1,1
2023HU1162035,3,319,1,1
2023HU1162035,4,319,1,1
2023HU1162035,5,319,1,1
2023HU1162060,1,32,3,1
2023HU1162121,1,80,3,1
2023HU1162139,1,501,3,1
2023HU1162139,2,501,3,1
2023HU1162139,3,501,3,1
2023HU1162139,4,501,3,1
2023HU1162144,1,501,2,1
2023HU1162144,2,501,2,1
2023HU1162144,3,501,2,1
2023HU1162144,4,501,2,1
2023HU1162144,5,501,2,1
2023HU1162144,6,501,2,1
2023HU1162223,1,272,1,1
2023HU1162223,2,272,1,1
2023HU1162233,1,209,3,1
2023HU1162235,1,501,2,1
2023HU1162235,2,501,2,1
2023HU1162258,1,501,2,1
2023HU1162258,2,501,2,1
2023HU1162297,1,135,2,1
2023HU1162415,1,170,1,1
2023HU1162415,2,170,1,1
2023HU1162521,1,88,2,1
2023HU1162521,2,88,2,1
2023HU1162674,1,501,2,1
2023HU1162703,1,0,3,1
2023HU1162703,2,0,3,1
2023HU1162912,1,89,2,1
2023HU1162912,2,89,2,1
2023HU1162912,3,89,2,1
2023HU1162912,4,89,2,1
2023HU1162912,5,89,2,1
2023HU1162912,6,89,2,1
2023HU1163320,1,257,3,1
2023HU1163320,2,257,3,1
2023HU1163320,3,257,3,1
2023HU1163320,4,257,3,1
2023HU1163326,1,277,3,1
2023HU1163362,1,302,1,1
2023HU1163362,2,302,1,1
2023HU1163362,3,302,1,1
2023HU1163362,4,302,1,1
2023HU1163362,5,302,1,1
2023HU1163362,6,302,1,1
2023HU1163445,1,501,1,1
2023HU1163445,2,501,1,1
2023HU1163445,3,501,1,1
2023HU1163445,4,501,1,1
2023HU1163479,1,501,2,1
2023HU1163479,2,501,2,1
2023HU1163500,1,501,3,1
2023HU1163500,2,144,3,1
2023HU1163522,1,312,2,1
2023HU1163522,2,312,2,1
2023HU1163530,1,501,1,1
2023HU1163530,2,501,1,1
2023HU1163530,3,501,1,1
2023HU1163573,1,497,2,1
2023HU1163573,2,497,2,1
2023HU1163610,1,327,1,1
2023HU1163610,2,327,1,1
2023HU1163610,3,327,1,1
2023HU1163824,1,5,3,1
2023HU1163824,2,5,3,1
2023HU1163824,3,5,3,1
2023HU1163861,1,89,3,1
2023HU1163861,2,89,3,1
2023HU1163877,1,501,1,1
2023HU1163877,2,501,1,1
2023HU1163877,3,501,1,1
2023HU1163877,4,501,1,1
2023HU1163877,5,501,1,1
2023HU1163877,6,501,1,1
2023HU1163975,1,501,3,1
2023HU1163975,2,404,3,1
2023HU1164002,1,413,3,1
2023HU1164002,2,413,3,1
2023HU1164002,3,413,3,1
2023HU1164092,1,501,1,1
2023HU1164092,2,501,1,1
2023HU1164102,1,363,2,1
2023HU1164102,2,363,2,1
2023HU1164189,1,115,3,1
2023HU1164189,2,115,3,1
2023HU1164189,3,115,3,1
2023HU1164189,4,115,3,1
2023HU1164284,1,501,4,1
2023HU1164284,2,501,4,1
2023HU1164571,1,501,2,1
2023HU1164571,2,501,2,1
2023HU1164686,1,293,2,1
2023HU1164686,2,293,2,1
2023HU1164706,1,446,3,1
2023HU1164706,2,446,3,1
2023HU1164719,1,501,2,1
2023HU1164719,2,501,2,1
2023HU1164740,1,78,2,1
2023HU1164740,2,78,2,1
2023HU1164750,1,501,3,1
2023HU1164775,1,501,1,1
2023HU1164913,1,501,3,1
2023HU1164913,2,183,3,1
2023HU1164913,3,501,3,1
2023HU1164913,4,32,3,1
2023HU1164949,1,501,1,1
2023HU1164949,2,501,1,1
2023HU1164949,3,501,1,1
2023HU1164960,1,501,2,1
2023HU1164960,2,501,2,1
2023HU1165179,1,501,1,1
2023HU1165179,2,501,1,1
2023HU1165179,3,501,1,1
2023HU1165179,4,501,1,1
2023HU1165202,1,191,1,1
2023HU1165202,2,319,1,1
2023HU1165305,1,501,2,1
2023HU1165305,2,501,2,1
2023HU1165305,3,501,2,1
2023HU1165394,1,51,1,1
2023HU1165462,1,457,3,1
2023HU1165473,1,418,3,1
2023HU1165681,1,501,1,1
2023HU1165681,2,501,1,1
2023HU1165689,1,501,2,1
2023HU1165689,2,501,2,1
2023HU1165896,1,501,1,1
2023HU1165896,2,501,1,1
2023HU1165932,1,501,3,1
2023HU1166038,1,342,2,1
2023HU1166038,2,342,2,1
2023HU1166407,1,327,2,1
2023HU1166407,2,327,2,1
2023HU1166515,1,251,1,1
2023HU1166524,1,225,1,1
2023HU1166559,1,501,2,1
2023HU1166559,2,501,2,1
2023HU1166783,1,501,2,1
2023HU1166783,2,501,2,1
2023HU1166783,3,501,2,1
2023HU1166912,1,501,1,1
2023HU1166912,2,501,1,1
2023HU1166912,3,501,1,1
2023HU1166912,4,501,1,1
2023HU1166960,1,366,2,1
2023HU1166960,2,366,2,1
2023HU1166960,3,366,2,1
2023HU1167017,1,430,3,1
2023HU1167017,2,430,3,1
2023HU1167017,3,430,3,1
2023HU1167017,4,430,3,1
2023HU1167487,1,228,2,1
2023HU1167580,1,383,1,1
2023HU1167580,2,501,1,1
2023HU1167580,3,,1,1
2023HU1167580,4,,1,1
2023HU1167745,1,501,1,1
2023HU1167745,2,501,1,1
2023HU1167761,1,501,2,1
2023HU1167761,2,501,2,1
2023HU1167833,1,46,2,1
2023HU1167882,1,41,2,1
2023HU1167983,1,501,3,1
2023HU1167983,2,501,3,1
2023HU1168020,1,0,3,1
2023HU1168020,2,0,3,1
2023HU1168020,3,0,3,1
2023HU1168020,4,10,3,1
2023HU1168037,1,442,3,1
2023HU1168037,2,254,3,1
2023HU1168037,3,442,3,1
2023HU1168105,1,501,3,1
2023HU1168345,1,135,3,1
2023HU1168431,1,136,3,1
2023HU1168449,1,501,2,1
2023HU1168449,2,501,2,1
2023HU1168474,1,501,2,1
2023HU1168474,2,501,2,1
2023HU1168479,1,501,1,1
2023HU1168531,1,342,1,1
2023HU1168577,1,253,2,1
2023HU1168656,1,272,3,1
2023HU1168656,2,272,3,1
2023HU1168773,1,320,1,1
2023HU1168773,2,380,1,1
2023HU1168773,3,320,1,1
2023HU1169014,1,338,3,1
2023HU1169014,2,501,3,1
2023HU1169032,1,291,3,1
2023HU1169032,2,291,3,1
2023HU1169032,3,291,3,1
2023HU1169032,4,291,3,1
2023HU1169032,5,291,3,1
2023HU1169055,1,467,3,1
2023HU1169055,2,467,3,1
2023HU1169055,3,467,3,1
2023HU1169107,1,275,2,1
2023HU1169107,2,275,2,1
2023HU1169107,3,275,2,1
2023HU1169449,1,294,2,1
2023HU1169449,2,294,2,1
2023HU1169449,3,294,2,1
2023HU1169693,1,337,3,1
2023HU1169693,2,337,3,1
2023HU1169830,1,457,2,1
2023HU1169881,1,339,1,1
2023HU1169906,1,96,1,1
2023HU1170008,1,319,1,1
2023HU1170008,2,319,1,1
2023HU1170008,3,319,1,1
2023HU1170008,4,319,1,1
2023HU1170049,1,411,1,1
2023HU1170049,2,411,1,1
2023HU1170049,3,411,1,1
2023HU1170229,1,501,1,1
2023HU1170229,2,501,1,1
2023HU1170305,1,123,2,1
2023HU1170305,2,123,2,1
2023HU1170305,3,123,2,1
2023HU1170305,4,123,2,1
2023HU1170305,5,123,2,1
2023HU1170305,6,123,2,1
2023HU1170305,7,129,2,1
2023HU1170321,1,501,3,1
2023HU1170408,1,245,3,1
2023HU1170562,1,212,3,1
2023HU1170562,2,212,3,1
2023HU1170562,3,212,3,1
2023HU1170562,4,212,3,1
2023HU1170610,1,227,2,1
2023HU1170610,2,295,2,1
2023HU1170723,1,459,1,1
2023HU1170857,1,293,2,1
2023HU1170908,1,409,2,1
2023HU1170908,2,409,2,1
2023HU1171042,1,501,1,1
2023HU1171042,2,501,1,1
2023HU1171042,3,501,1,1
2023HU1171042,4,501,1,1
2023HU1171146,1,493,3,1
2023HU1171146,2,284,3,1
2023HU1171167,1,275,2,1
2023HU1171189,1,501,2,1
2023HU1171189,2,501,2,1
2023HU1171189,3,501,2,1
2023HU1171189,4,501,2,1
2023HU1171379,1,501,1,1
2023HU1171379,2,501,1,1
2023HU1171379,3,501,1,1
2023HU1171379,4,501,1,1
2023HU1171379,5,501,1,1
2023HU1171471,1,311,2,1
2023HU1171471,2,311,2,1
2023HU1171471,3,311,2,1
2023HU1171471,4,311,2,1
2023HU1171471,5,311,2,1
2023HU1171471,6,311,2,1
2023HU1171471,7,311,2,1
2023HU1171471,8,311,2,1
2023HU1171471,9,311,2,1
2023HU1171596,1,39,4,1
2023HU1171769,1,446,3,1
2023HU1171769,2,414,3,1
2023HU1171841,1,501,3,1
2023HU1171841,2,501,3,1
2023HU1171842,1,499,2,1
2023HU1171842,2,499,2,1
2023HU1172033,1,121,1,1
2023HU1172033,2,121,1,1
2023HU1172059,1,41,2,1
2023HU1172167,1,172,3,1
2023HU1172318,1,422,3,1
2023HU1172461,1,501,1,1
2023HU1172461,2,501,1,1
2023HU1172461,3,501,1,1
2023HU1172461,4,501,1,1
2023HU1172620,1,501,3,1
2023HU1172620,2,96,3,1
2023HU1172741,1,453,3,1
2023HU1172741,2,453,3,1
2023HU1173080,1,449,3,1
2023HU1173080,2,449,3,1
2023HU1173084,1,435,2,1
2023HU1173084,2,435,2,1
2023HU1173084,3,435,2,1
2023HU1173084,4,435,2,1
2023HU1173125,1,501,1,1
2023HU1173125,2,501,1,1
2023HU1173125,3,501,1,1
2023HU1173125,4,501,1,1
2023HU1173161,1,464,3,1
2023HU1173175,1,501,1,1
2023HU1173175,2,501,1,1
2023HU1173175,3,501,1,1
2023HU1173480,1,266,3,1
2023HU1173492,1,501,1,1
2023HU1173492,2,501,1,1
2023HU1173554,1,423,1,1
2023HU1173554,2,423,1,1
2023HU1173579,1,435,2,1
2023HU1173579,2,435,2,1
2023HU1173579,3,435,2,1
2023HU1173885,1,501,1,1
2023HU1173885,2,501,1,1
2023HU1173885,3,501,1,1
2023HU1173885,4,501,1,1
2023HU1173886,1,501,1,1
2023HU1173886,2,501,1,1
2023HU1173886,3,501,1,1
2023HU1173917,1,501,1,1
2023HU1173917,2,501,1,1
2023HU1173917,3,501,1,1
2023HU1173917,4,501,1,1
2023HU1173917,5,501,1,1
2023HU1173917,6,501,1,1
2023HU1173917,7,501,1,1
2023HU1173917,8,501,1,1
2023HU1174487,1,501,1,1
2023HU1174487,2,501,1,1
2023HU1174487,3,501,1,1
2023HU1174487,4,501,1,1
2023HU1174487,5,501,1,1
2023HU1174563,1,501,2,1
2023HU1174563,2,501,2,1
2023HU1174563,3,501,2,1
2023HU1174626,1,501,1,1
2023HU1174626,2,501,1,1
2023HU1174626,3,501,1,1
2023HU1174687,1,409,1,1
2023HU1174687,2,409,1,1
2023HU1174687,3,409,1,1
2023HU1174715,1,501,1,1
2023HU1174715,2,501,1,1
2023HU1174715,3,501,1,1
2023HU1174807,1,248,1,1
2023HU1174807,2,248,1,1
2023HU1174817,1,375,1,1
2023HU1174817,2,375,1,1
2023HU1174817,3,375,1,1
2023HU1174817,4,375,1,1
2023HU1174916,1,104,3,1
2023HU1174916,2,0,3,1
2023HU1174916,3,104,3,1
2023HU1174916,4,104,3,1
2023HU1174916,5,104,3,1
2023HU1174996,1,230,3,1
2023HU1174996,2,230,3,1
2023HU1175004,1,191,2,1
2023HU1175004,2,191,2,1
2023HU1175089,1,501,1,1
2023HU1175089,2,501,1,1
2023HU1175185,1,450,1,1
2023HU1175372,1,501,1,1
2023HU1175372,2,501,1,1
2023HU1175372,3,501,1,1
2023HU1175388,1,267,1,1
2023HU1175388,2,267,1,1
2023HU1175388,3,267,1,1
2023HU1175388,4,267,1,1
2023HU1175398,1,143,3,1
2023HU1175398,2,143,3,1
2023HU1175398,3,143,3,1
2023HU1175406,1,209,1,1
2023HU1175406,2,209,1,1
2023HU1175450,1,501,2,1
2023HU1175450,2,501,2,1
2023HU1175545,1,501,1,1
2023HU1175813,1,0,1,1
2023HU1175815,1,501,2,1
2023HU1175878,1,501,2,1
2023HU1175878,2,501,2,1
2023HU1175885,1,210,3,1
2023HU1175885,2,269,3,1
2023HU1175885,3,197,3,1
2023HU1175885,4,341,3,1
2023HU1175885,5,131,3,1
2023HU1175953,1,177,2,1
2023HU1175953,2,73,2,1
2023HU1176002,1,294,1,1
2023HU1176002,2,294,1,1
2023HU1176039,1,321,1,1
2023HU1176039,2,501,1,1
2023HU1176163,1,501,1,1
2023HU1176163,2,501,1,1
2023HU1176282,1,7,3,1
2023HU1176282,2,7,3,1
2023HU1176308,1,105,3,1
2023HU1176308,2,105,3,1
2023HU1176308,3,105,3,1
2023HU1176378,1,501,1,1
2023HU1176594,1,306,3,1
2023HU1176650,1,358,1,1
2023HU1176650,2,358,1,1
2023HU1176707,1,10,2,1
2023HU1176811,1,501,2,1
2023HU1176811,2,501,2,1
2023HU1176865,1,325,1,1
2023HU1176970,1,501,3,1
2023HU1176970,2,501,3,1
2023HU1176970,3,501,3,1
2023HU1176984,1,111,4,1
2023HU1177018,1,218,2,1
2023HU1177018,2,218,2,1
2023HU1177122,1,501,3,1
2023HU1177122,2,479,3,1
2023HU1177172,1,201,2,1
2023HU1177172,2,236,2,1
2023HU1177172,3,,2,1
2023HU1177173,1,501,1,1
2023HU1177173,2,501,1,1
2023HU1177227,1,247,1,1
2023HU1177227,2,247,1,1
2023HU1177227,3,247,1,1
2023HU1177227,4,247,1,1
2023HU1177227,5,247,1,1
2023HU1177289,1,483,1,1
2023HU1177289,2,483,1,1
2023HU1177289,3,483,1,1
2023HU1177289,4,483,1,1
2023HU1177289,5,483,1,1
2023HU1177289,6,483,1,1
2023HU1177289,7,483,1,1
2023HU1177726,1,487,1,1
2023HU1177726,2,487,1,1
2023HU1177800,1,363,2,1
2023HU1177895,1,428,1,1
2023HU1177895,2,428,1,1
2023HU1177962,1,501,2,1
2023HU1177962,2,501,2,1
2023HU1177962,3,501,2,1
2023HU1177962,4,501,2,1
2023HU1178155,1,501,1,1
2023HU1178220,1,36,3,1
2023HU1178294,1,433,3,1
2023HU1178294,2,0,3,1
2023HU1178299,1,86,2,1
2023HU1178299,2,86,2,1
2023HU1178301,1,501,1,1
2023HU1178301,2,501,1,1
2023HU1178433,1,141,2,1
2023HU1178433,2,141,2,1
2023HU1178508,1,281,1,1
2023HU1178508,2,281,1,1
2023HU1178508,3,281,1,1
2023HU1178508,4,281,1,1
2023HU1178508,5,281,1,1
2023HU1178508,6,281,1,1
2023HU1178509,1,501,3,1
2023HU1178509,2,501,3,1
2023HU1178509,3,501,3,1
2023HU1178596,1,385,1,1
2023HU1178596,2,385,1,1
2023HU1178663,1,501,1,1
2023HU1178663,2,501,1,1
2023HU1178668,1,501,1,1
2023HU1178668,2,501,1,1
2023HU1178668,3,501,1,1
2023HU1178668,4,501,1,1
2023HU1178752,1,229,1,1
2023HU1178752,2,229,1,1
2023HU1178752,3,229,1,1
2023HU1178752,4,229,1,1
2023HU1178752,5,229,1,1
2023HU1178761,1,10,1,1
2023HU1178776,1,407,1,1
2023HU1178776,2,407,1,1
2023HU1178776,3,407,1,1
2023HU1178776,4,407,1,1
2023HU1179047,1,501,2,1
2023HU1179047,2,501,2,1
2023HU1179047,3,501,2,1
2023HU1179151,1,501,2,1
2023HU1179151,2,501,2,1
2023HU1179151,3,501,2,1
2023HU1179180,1,501,1,1
2023HU1179180,2,501,1,1
2023HU1179180,3,501,1,1
2023HU1179310,1,83,1,1
2023HU1179310,2,83,1,1
2023HU1179344,1,45,3,1
2023HU1179344,2,45,3,1
2023HU1179344,3,45,3,1
2023HU1179344,4,45,3,1
2023HU1179366,1,65,2,1
2023HU1179366,2,65,2,1
2023HU1179366,3,65,2,1
2023HU1179366,4,65,2,1
2023HU1179484,1,501,1,1
2023HU1179484,2,501,1,1
2023HU1179484,3,501,1,1
2023HU1179484,4,501,1,1
2023HU1179484,5,501,1,1
2023HU1179717,1,177,1,1
2023HU1179717,2,177,1,1
2023HU1179717,3,177,1,1
2023HU1179717,4,177,1,1
2023HU1179902,1,94,1,1
2023HU1180182,1,501,1,1
2023HU1180182,2,501,1,1
2023HU1180182,3,501,1,1
2023HU1180182,4,501,1,1
2023HU1180240,1,416,3,1
2023HU1180240,2,416,3,1
2023HU1180301,1,70,3,1
2023HU1180301,2,70,3,1
2023HU1180301,3,70,3,1
2023HU1180500,1,1,4,1
2023HU1180530,1,114,2,1
2023HU1180626,1,501,2,1
2023HU1180626,2,501,2,1
2023HU1180662,1,223,3,1
2023HU1180662,2,223,3,1
2023HU1180815,1,501,1,1
2023HU1180815,2,501,1,1
2023HU1180826,1,501,2,1
2023HU1180826,2,501,2,1
2023HU1180940,1,501,2,1
2023HU1180940,2,501,2,1
2023HU1181034,1,129,3,1
2023HU1181316,1,480,1,1
2023HU1181316,2,480,1,1
2023HU1181435,1,109,3,1
2023HU1181435,2,225,3,1
2023HU1181435,3,501,3,1
2023HU1181435,4,160,3,1
2023HU1181435,5,257,3,1
2023HU1181435,6,128,3,1
2023HU1181541,1,501,1,1
2023HU1181541,2,501,1,1
2023HU1181541,3,501,1,1
2023HU1181739,1,501,1,1
2023HU1181739,2,501,1,1
2023HU1181981,1,166,2,1
2023HU1181981,2,322,2,1
2023HU1181981,3,166,2,1
2023HU1181981,4,166,2,1
2023HU1181988,1,133,2,1
2023HU1181988,2,133,2,1
2023HU1181988,3,133,2,1
2023HU1182014,1,501,3,1
2023HU1182116,1,256,1,1
2023HU1182160,1,74,1,1
2023HU1182354,1,423,2,1
2023HU1182354,2,423,2,1
2023HU1182395,1,501,1,1
2023HU1182435,1,374,2,1
2023HU1182435,2,374,2,1
2023HU1182505,1,501,1,1
2023HU1182505,2,501,1,1
2023HU1182505,3,501,1,1
2023HU1182505,4,501,1,1
2023HU1182550,1,226,3,1
2023HU1182556,1,27,1,1
2023HU1182581,1,80,3,1
2023HU1183039,1,501,1,1
2023HU1183039,2,501,1,1
2023HU1183039,3,501,1,1
2023HU1183086,1,501,3,1
2023HU1183086,2,501,3,1
2023HU1183090,1,73,2,1
2023HU1183090,2,73,2,1
2023HU1183129,1,501,1,1
2023HU1183129,2,501,1,1
2023HU1183129,3,501,1,1
2023HU1183129,4,501,1,1
2023HU1183129,5,501,1,1
2023HU1183425,1,251,1,1
2023HU1183425,2,251,1,1
2023HU1183425,3,251,1,1
2023HU1183425,4,251,1,1
2023HU1183506,1,501,2,1
2023HU1183506,2,501,2,1
2023HU1183563,1,501,1,1
2023HU1183563,2,501,1,1
2023HU1183589,1,13,2,1
2023HU1183609,1,501,1,1
2023HU1183609,2,501,1,1
2023HU1183647,1,2,3,1
2023HU1183647,2,2,3,1
2023HU1183647,3,2,3,1
2023HU1183737,1,310,2,1
2023HU1183737,2,7,2,1
2023HU1183794,1,164,2,1
2023HU1183883,1,501,2,1
2023HU1183962,1,263,1,1
2023HU1184204,1,174,2,1
2023HU1184204,2,174,2,1
2023HU1184573,1,158,3,1
2023HU1184573,2,158,3,1
2023HU1184573,3,158,3,1
2023HU1184573,4,158,3,1
2023HU1184583,1,499,1,1
2023HU1184583,2,499,1,1
2023HU1184828,1,367,2,1
2023HU1184828,2,367,2,1
2023HU1184828,3,367,2,1
2023HU1184828,4,367,2,1
2023HU1184895,1,501,1,1
2023HU1184895,2,501,1,1
2023HU1184895,3,501,1,1
2023HU1184895,4,501,1,1
2023HU1184903,1,116,3,1
2023HU1184903,2,0,3,1
2023HU1184903,3,116,3,1
2023HU1185101,1,349,3,1
2023HU1185101,2,349,3,1
2023HU1185101,3,260,3,1
2023HU1185101,4,162,3,1
2023HU1185101,5,455,3,1
2023HU1185110,1,282,3,1
2023HU1185110,2,282,3,1
2023HU1185211,1,77,3,1
2023HU1185211,2,77,3,1
2023HU1185211,3,77,3,1
2023HU1185211,4,385,3,1
2023HU1185255,1,501,3,1
2023HU1185314,1,402,1,1
2023HU1185495,1,104,2,1
2023HU1185731,1,408,2,1
2023HU1185885,1,354,2,1
2023HU1185885,2,354,2,1
2023HU1185885,3,354,2,1
2023HU1185885,4,354,2,1
2023HU1185910,1,299,3,1
2023HU1185910,2,299,3,1
2023HU1185981,1,119,2,1
2023HU1186007,1,153,2,1
2023HU1186142,1,238,2,1
2023HU1186208,1,121,3,1
2023HU1186208,2,76,3,1
2023HU1186276,1,314,2,1
2023HU1186276,2,314,2,1
2023HU1186315,1,262,2,1
2023HU1186315,2,262,2,1
2023HU1186333,1,13,2,1
2023HU1186333,2,13,2,1
2023HU1186333,3,13,2,1
2023HU1186333,4,13,2,1
2023HU1186333,5,13,2,1
2023HU1186333,6,13,2,1
2023HU1186338,1,501,1,1
2023HU1186338,2,501,1,1
2023HU1186338,3,501,1,1
2023HU1186338,4,501,1,1
2023HU1186338,5,501,1,1
2023HU1186578,1,501,1,1
2023HU1186578,2,501,1,1
2023HU1186610,1,12,1,1
2023HU1186610,2,12,1,1
2023HU1186667,1,226,3,1
2023HU1186667,2,501,3,1
2023HU1186667,3,226,3,1
2023HU1186667,4,226,3,1
2023HU1186703,1,501,1,1
2023HU1186703,2,501,1,1
2023HU1186703,3,501,1,1
2023HU1186703,4,501,1,1
2023HU1186703,5,501,1,1
2023HU1186703,6,501,1,1
2023HU1186703,7,501,1,1
2023HU1186716,1,441,2,1
2023HU1186716,2,441,2,1
2023HU1186909,1,501,3,1
2023HU1186909,2,501,3,1
2023HU1186957,1,420,1,1
2023HU1186957,2,420,1,1
2023HU1186957,3,420,1,1
2023HU1186957,4,420,1,1
2023HU1187048,1,501,3,1
2023HU1187064,1,386,2,1
2023HU1187064,2,386,2,1
2023HU1187064,3,386,2,1
2023HU1187064,4,386,2,1
2023HU1187064,5,386,2,1
2023HU1187064,6,386,2,1
2023HU1187064,7,386,2,1
2023HU1187064,8,386,2,1
2023HU1187070,1,392,3,1
2023HU1187123,1,501,2,1
2023HU1187123,2,501,2,1
2023HU1187417,1,501,1,1
2023HU1187462,1,501,2,1
2023HU1187462,2,501,2,1
2023HU1187481,1,463,2,1
2023HU1187556,1,498,1,1
2023HU1187556,2,498,1,1
2023HU1187556,3,498,1,1
2023HU1187556,4,498,1,1
2023HU1187611,1,472,2,1
2023HU1187611,2,472,2,1
2023HU1187611,3,472,2,1
2023HU1187611,4,472,2,1
2023HU1187611,5,472,2,1
2023HU1187619,1,188,2,1
2023HU1187619,2,188,2,1
2023HU1187968,1,501,2,1
2023HU1187968,2,501,2,1
2023HU1187968,3,501,2,1
2023HU1187970,1,299,2,1
2023HU1187970,2,299,2,1
2023HU1187992,1,123,1,1
2023HU1187992,2,123,1,1
2023HU1188140,1,501,1,1
2023HU1188210,1,501,1,1
2023HU1188210,2,501,1,1
2023HU1188245,1,501,1,1
2023HU1188245,2,501,1,1
2023HU1188245,3,501,1,1
2023HU1188245,4,501,1,1
2023HU1188371,1,62,3,1
2023HU1188389,1,468,3,1
2023HU1188567,1,442,1,1
2023HU1188567,2,442,1,1
2023HU1188567,3,442,1,1
2023HU1188567,4,442,1,1
2023HU1188567,5,442,1,1
2023HU1188682,1,469,3,1
2023HU1188682,2,469,3,1
2023HU1188703,1,501,1,1
2023HU1188703,2,501,1,1
2023HU1188703,3,501,1,1
2023HU1188703,4,501,1,1
2023HU1188802,1,288,1,1
2023HU1188994,1,101,2,1
2023HU1189074,1,435,2,1
2023HU1189082,1,78,3,1
2023HU1189156,1,501,3,1
2023HU1189184,1,501,3,1
2023HU1189184,2,501,3,1
2023HU1189184,3,501,3,1
2023HU1189184,4,501,3,1
2023HU1189184,5,256,3,1
2023HU1189291,1,395,2,1
2023HU1189306,1,501,1,1
2023HU1189320,1,282,1,1
2023HU1189320,2,282,1,1
2023HU1189320,3,282,1,1
2023HU1189320,4,282,1,1
2023HU1189320,5,282,1,1
2023HU1189324,1,300,1,1
2023HU1189324,2,300,1,1
2023HU1189324,3,300,1,1
2023HU1189324,4,300,1,1
2023HU1189380,1,501,1,1
2023HU1189380,2,501,1,1
2023HU1189380,3,501,1,1
2023HU1189380,4,501,1,1
2023HU1189384,1,501,3,1
2023HU1189384,2,501,3,1
2023HU1189384,3,501,3,1
2023HU1189523,1,501,3,1
2023HU1189523,2,501,3,1
2023HU1190102,1,501,1,1
2023HU1190102,2,501,1,1
2023HU1190102,3,501,1,1
2023HU1190150,1,80,2,1
2023HU1190195,1,501,1,1
2023HU1190195,2,501,1,1
2023HU1190195,3,501,1,1
2023HU1190195,4,501,1,1
2023HU1190195,5,501,1,1
2023HU1190686,1,211,3,1
2023HU1190686,2,211,3,1
2023HU1190686,3,211,3,1
2023HU1190686,4,211,3,1
2023HU1190736,1,501,3,1
2023HU1190748,1,501,3,1
2023HU1190748,2,82,3,1
2023HU1190748,3,501,3,1
2023HU1190795,1,501,1,1
2023HU1190795,2,501,1,1
2023HU1190795,3,501,1,1
2023HU1190948,1,501,1,1
2023HU1190951,1,107,2,1
2023HU1190984,1,91,1,1
2023HU1190984,2,91,1,1
2023HU1191114,1,113,1,1
2023HU1191365,1,285,3,1
2023HU1191568,1,501,2,1
2023HU1191722,1,183,1,1
2023HU1191732,1,501,1,1
2023HU1191732,2,501,1,1
2023HU1192125,1,501,2,1
2023HU1192125,2,501,2,1
2023HU1192157,1,84,3,1
2023HU1192157,2,84,3,1
2023HU1192157,3,84,3,1
2023HU1192157,4,84,3,1
2023HU1192228,1,492,1,1
2023HU1192228,2,492,1,1
2023HU1192228,3,492,1,1
2023HU1192228,4,492,1,1
2023HU1192228,5,492,1,1
2023HU1192233,1,332,2,1
2023HU1192233,2,332,2,1
2023HU1192233,3,332,2,1
2023HU1192233,4,332,2,1
2023HU1192241,1,394,1,1
2023HU1192241,2,394,1,1
2023HU1192241,3,394,1,1
2023HU1192241,4,394,1,1
2023HU1192241,5,394,1,1
2023HU1192241,6,394,1,1
2023HU1192317,1,317,2,1
2023HU1192318,1,468,2,1
2023HU1192318,2,468,2,1
2023HU1192336,1,501,1,1
2023HU1192336,2,501,1,1
2023HU1192336,3,501,1,1
2023HU1192611,1,181,3,1
2023HU1192618,1,501,2,1
2023HU1192776,1,501,1,1
2023HU1192776,2,501,1,1
2023HU1192776,3,501,1,1
2023HU1192984,1,412,1,1
2023HU1192984,2,412,1,1
2023HU1192984,3,412,1,1
2023HU1193036,1,320,1,1
2023HU1193036,2,320,1,1
2023HU1193180,1,501,2,1
2023HU1193180,2,501,2,1
2023HU1193275,1,501,2,1
2023HU1193275,2,501,2,1
2023HU1193593,1,450,1,1
2023HU1193593,2,417,1,1
2023HU1193608,1,501,2,1
2023HU1193608,2,501,2,1
2023HU1193608,3,501,2,1
2023HU1193653,1,467,3,1
2023HU1193653,2,467,3,1
2023HU1193679,1,215,1,1
2023HU1193679,2,215,1,1
2023HU1193679,3,215,1,1
2023HU1193679,4,215,1,1
2023HU1193812,1,168,2,1
2023HU1193812,2,168,2,1
2023HU1193812,3,168,2,1
2023HU1193812,4,168,2,1
2023HU1193812,5,168,2,1
2023HU1193839,1,501,1,1
2023HU1193839,2,501,1,1
2023HU1193839,3,501,1,1
2023HU1193856,1,50,3,1
2023HU1193856,2,50,3,1
2023HU1193856,3,50,3,1
2023HU1194160,1,501,1,1
2023HU1194205,1,501,2,1
2023HU1194205,2,501,2,1
2023HU1194243,1,501,3,1
2023HU1194247,1,440,2,1
2023HU1194247,2,440,2,1
2023HU1194247,3,440,2,1
2023HU1194311,1,267,1,1
2023HU1194311,2,267,1,1
2023HU1194367,1,5,1,1
2023HU1194519,1,292,2,1
2023HU1194559,1,405,1,1
2023HU1194559,2,405,1,1
2023HU1194559,3,405,1,1
2023HU1194559,4,405,1,1
2023HU1194559,5,405,1,1
2023HU1194595,1,317,2,1
2023HU1194595,2,317,2,1
2023HU1194595,3,317,2,1
2023HU1194595,4,317,2,1
2023HU1194595,5,317,2,1
2023HU1194595,6,317,2,1
2023HU1194603,1,501,1,1
2023HU1194603,2,501,1,1
2023HU1194603,3,501,1,1
2023HU1194612,1,501,1,1
2023HU1194612,2,501,1,1
2023HU1194612,3,501,1,1
2023HU1194612,4,501,1,1
2023HU1194612,5,501,1,1
2023HU1194639,1,120,2,1
2023HU1194820,1,361,1,1
2023HU1194820,2,361,1,1
2023HU1194949,1,501,3,1
2023HU1195288,1,501,1,1
2023HU1195288,2,501,1,1
2023HU1195288,3,501,1,1
2023HU1195288,4,501,1,1
2023HU1195615,1,334,3,1
2023HU1195615,2,334,3,1
2023HU1195617,1,501,1,1
2023HU1195617,2,501,1,1
2023HU1195617,3,501,1,1
2023HU1195653,1,501,2,1
2023HU1195653,2,501,2,1
2023HU1195766,1,97,3,1
2023HU1195766,2,97,3,1
2023HU1196222,1,501,1,1
2023HU1196222,2,501,1,1
2023HU1196383,1,501,1,1
2023HU1196383,2,501,1,1
2023HU1196391,1,501,1,1
2023HU1196391,2,501,1,1
2023HU1196391,3,501,1,1
2023HU1196391,4,501,1,1
2023HU1196403,1,74,3,1
2023HU1196452,1,306,2,1
2023HU1196628,1,501,1,1
2023HU1196950,1,0,1,1
2023HU1196960,1,88,3,1
2023HU1197040,1,501,3,1
2023HU1197040,2,501,3,1
2023HU1197115,1,52,3,1
2023HU1197115,2,15,3,1
2023HU1197115,3,62,3,1
2023HU1197147,1,227,2,1
2023HU1197147,2,227,2,1
2023HU1197282,1,501,4,1
2023HU1197282,2,501,4,1
2023HU1197384,1,479,1,1
2023HU1197477,1,0,4,1
2023HU1197627,1,501,2,1
2023HU1197686,1,501,3,1
2023HU1197686,2,501,3,1
2023HU1197734,1,501,1,1
2023HU1197734,2,501,1,1
2023HU1197808,1,192,1,1
2023HU1197992,1,501,1,1
2023HU1198127,1,501,1,1
2023HU1198127,2,501,1,1
2023HU1198127,3,501,1,1
2023HU1198222,1,501,1,1
2023HU1198222,2,501,1,1
2023HU1198300,1,501,1,1
2023HU1198300,2,501,1,1
2023HU1198300,3,501,1,1
2023HU1198322,1,501,1,1
2023HU1198322,2,501,1,1
2023HU1198322,3,501,1,1
2023HU1198350,1,501,2,1
2023HU1198350,2,501,2,1
2023HU1198363,1,327,1,1
2023HU1198363,2,327,1,1
2023HU1198363,3,327,1,1
2023HU1198403,1,27,3,1
2023HU1198403,2,27,3,1
2023HU1198403,3,27,3,1
2023HU1198403,4,27,3,1
2023HU1198403,5,27,3,1
2023HU1198411,1,395,1,1
2023HU1198411,2,395,1,1
2023HU1198553,1,501,1,1
2023HU1198553,2,501,1,1
2023HU1198553,3,501,1,1
2023HU1198553,4,501,1,1
2023HU1198578,1,501,1,1
2023HU1198758,1,472,3,1
2023HU1198758,2,472,3,1
2023HU1198812,1,501,2,1
2023HU1198812,2,501,2,1
2023HU1198812,3,501,2,1
2023HU1198812,4,501,2,1
2023HU1199002,1,456,1,1
2023HU1199002,2,456,1,1
2023HU1199131,1,132,3,1
2023HU1199158,1,501,1,1
2023HU1199158,2,501,1,1
2023HU1199158,3,501,1,1
2023HU1199158,4,501,1,1
2023HU1199245,1,501,3,1
2023HU1199245,2,501,3,1
2023HU1199320,1,123,3,1
2023HU1199328,1,308,2,1
2023HU1199388,1,422,2,1
2023HU1199388,2,261,2,1
2023HU1199388,3,422,2,1
2023HU1199388,4,422,2,1
2023HU1199491,1,501,1,1
2023HU1199491,2,501,1,1
2023HU1199491,3,501,1,1
2023HU1199641,1,501,2,1
2023HU1199641,2,501,2,1
2023HU1199718,1,501,3,1
2023HU1199718,2,501,3,1
2023HU1199718,3,501,3,1
2023HU1199719,1,472,1,1
2023HU1199719,2,15,1,1
2023HU1199719,3,472,1,1
2023HU1199854,1,501,1,1
2023HU1199854,2,501,1,1
2023HU1199854,3,501,1,1
2023HU1199854,4,501,1,1
2023HU1199881,1,501,1,1
2023HU1199881,2,501,1,1
2023HU1200006,1,501,1,1
2023HU1200057,1,445,3,1
2023HU1200158,1,501,1,1
2023HU1200174,1,501,1,1
2023HU1200174,2,501,1,1
2023HU1200174,3,501,1,1
2023HU1200359,1,501,3,1
2023HU1200359,2,501,3,1
2023HU1200359,3,501,3,1
2023HU1200359,4,501,3,1
2023HU1200422,1,32,3,1
2023HU1200498,1,57,1,1
2023HU1200498,2,57,1,1
2023HU1200755,1,17,3,1
2023HU1200755,2,128,3,1
2023HU1200767,1,400,3,1
2023HU1200767,2,400,3,1
2023HU1200767,3,400,3,1
2023HU1200767,4,400,3,1
2023HU1200806,1,18,4,1
2023HU1200816,1,156,1,1
2023HU1200985,1,501,1,1
2023HU1200985,2,501,1,1
2023HU1201116,1,501,3,1
2023HU1201303,1,326,3,1
2023HU1201339,1,81,2,1
2023HU1201365,1,501,1,1
2023HU1201365,2,501,1,1
2023HU1201365,3,501,1,1
2023HU1201365,4,501,1,1
2023HU1201366,1,422,1,1
2023HU1201425,1,241,3,1
2023HU1201469,1,501,1,1
2023HU1201469,2,501,1,1
2023HU1201469,3,501,1,1
2023HU1201545,1,116,2,1
2023HU1201654,1,496,2,1
2023HU1201747,1,501,1,1
2023HU1201747,2,501,1,1
2023HU1201879,1,501,3,1
2023HU1201879,2,501,3,1
2023HU1201904,1,411,1,1
2023HU1201904,2,411,1,1
2023HU1201907,1,210,1,1
2023HU1201907,2,210,1,1
2023HU1201939,1,501,2,1
2023HU1202066,1,96,2,1
2023HU1202078,1,501,1,1
2023HU1202078,2,501,1,1
2023HU1202078,3,501,1,1
2023HU1202103,1,100,3,1
2023HU1202110,1,222,3,1
2023HU1202110,2,222,3,1
2023HU1202317,1,165,2,1
2023HU1202317,2,165,2,1
2023HU1202317,3,165,2,1
2023HU1202322,1,501,2,1
2023HU1202322,2,501,2,1
2023HU1202458,1,501,1,1
2023HU1202505,1,322,1,1
2023HU1202585,1,255,3,1
2023HU1202623,1,501,3,1
2023HU1202722,1,444,1,1
2023HU1202722,2,444,1,1
2023HU1202722,3,444,1,1
2023HU1202722,4,444,1,1
2023HU1202764,1,263,3,1
2023HU1202804,1,501,1,1
2023HU1202804,2,501,1,1
2023HU1202804,3,501,1,1
2023HU1202895,1,159,3,1
2023HU1202899,1,501,3,1
2023HU1202915,1,501,3,1
2023HU1202928,1,501,1,1
2023HU1202928,2,501,1,1
2023HU1202928,3,501,1,1
2023HU1202933,1,164,3,1
2023HU1202933,2,164,3,1
2023HU1202933,3,164,3,1
2023HU1202998,1,501,1,1
2023HU1203081,1,501,1,1
2023HU1203081,2,501,1,1
2023HU1203172,1,71,3,1
2023HU1203216,1,501,1,1
2023HU1203216,2,501,1,1
2023HU1203341,1,501,1,1
2023HU1203578,1,121,1,1
2023HU1203578,2,121,1,1
2023HU1203582,1,501,3,1
2023HU1203746,1,99,3,1
2023HU1203746,2,99,3,1
2023HU1203798,1,72,2,1
2023HU1203928,1,501,1,1
2023HU1203928,2,501,1,1
2023HU1203928,3,501,1,1
2023HU1203945,1,468,2,1
2023HU1203945,2,468,2,1
2023HU1203945,3,468,2,1
2023HU1203945,4,468,2,1
2023HU1203999,1,113,3,1
2023HU1203999,2,113,3,1
2023HU1203999,3,113,3,1
2023HU1204040,1,111,3,1
2023HU1204093,1,319,1,1
2023HU1204259,1,501,1,1
2023HU1204259,2,501,1,1
2023HU1204259,3,501,1,1
2023HU1204259,4,501,1,1
2023HU1204401,1,118,3,1
2023HU1204401,2,118,3,1
2023HU1204408,1,418,2,1
2023HU1204408,2,418,2,1
2023HU1204408,3,418,2,1
2023HU1204408,4,418,2,1
2023HU1204408,5,418,2,1
2023HU1204408,6,418,2,1
2023HU1204469,1,66,2,1
2023HU1204529,1,51,1,1
2023HU1204618,1,501,2,1
2023HU1204770,1,501,3,1
2023HU1204772,1,501,1,1
2023HU1204772,2,501,1,1
2023HU1204772,3,501,1,1
2023HU1204772,4,501,1,1
2023HU1204791,1,0,2,1
2023HU1204812,1,272,2,1
2023HU1204843,1,280,1,1
2023HU1204843,2,280,1,1
2023HU1204925,1,449,3,1
2023HU1204925,2,449,3,1
2023HU1204925,3,449,3,1
2023HU1205070,1,501,1,1
2023HU1205070,2,501,1,1
2023HU1205070,3,501,1,1
2023HU1205070,4,501,1,1
2023HU1205085,1,450,3,1
2023HU1205149,1,501,3,1
2023HU1205149,2,501,3,1
2023HU1205215,1,241,3,1
2023HU1205215,2,28,3,1
2023HU1205337,1,501,1,1
2023HU1205337,2,501,1,1
2023HU1205381,1,501,1,1
2023HU1205381,2,501,1,1
2023HU1205639,1,501,1,1
2023HU1205681,1,501,2,1
2023HU1205718,1,381,1,1
2023HU1205882,1,501,2,1
2023HU1205882,2,501,2,1
2023HU1205882,3,222,2,1
2023HU1205882,4,126,2,1
2023HU1205882,5,255,2,1
2023HU1205882,6,444,2,1
2023HU1205882,7,41,2,1
2023HU1205882,8,,2,1
2023HU1205907,1,242,1,1
2023HU1205907,2,242,1,1
2023HU1206011,1,382,2,1
2023HU1206011,2,382,2,1
2023HU1206021,1,398,2,1
2023HU1206218,1,183,1,1
2023HU1206218,2,183,1,1
2023HU1206421,1,113,4,1
2023HU1206465,1,207,1,1
2023HU1206465,2,207,1,1
2023HU1206472,1,60,2,1
2023HU1206646,1,501,2,1
2023HU1206646,2,501,2,1
2023HU1206646,3,501,2,1
2023HU1206808,1,501,3,1
2023HU1206808,2,501,3,1
2023HU1206894,1,353,1,1
2023HU1206894,2,437,1,1
2023HU1206909,1,350,2,1
2023HU1206909,2,350,2,1
2023HU1206932,1,227,1,1
2023HU1206932,2,227,1,1
2023HU1206975,1,501,1,1
2023HU1206975,2,501,1,1
2023HU1206975,3,501,1,1
2023HU1206992,1,244,1,1
2023HU1206992,2,244,1,1
2023HU1207308,1,388,1,1
2023HU1207308,2,388,1,1
2023HU1207372,1,339,2,1
2023HU1207372,2,339,2,1
2023HU1207372,3,339,2,1
2023HU1207372,4,339,2,1
2023HU1207372,5,339,2,1
2023HU1207372,6,339,2,1
2023HU1207372,7,339,2,1
2023HU1207376,1,190,1,1
2023HU1207376,2,190,1,1
2023HU1207467,1,501,1,1
2023HU1207467,2,501,1,1
2023HU1207467,3,501,1,1
2023HU1207467,4,501,1,1
2023HU1207500,1,501,3,1
2023HU1207500,2,501,3,1
2023HU1207870,1,501,1,1
2023HU1207870,2,501,1,1
2023HU1207870,3,501,1,1
2023HU1207870,4,501,1,1
2023HU1208154,1,392,3,1
2023HU1208170,1,501,3,1
2023HU1208234,1,272,3,1
2023HU1208234,2,272,3,1
2023HU1208234,3,216,3,1
2023HU1208273,1,338,2,1
2023HU1208273,2,338,2,1
2023HU1208298,1,13,1,1
2023HU1208522,1,501,1,1
2023HU1208522,2,501,1,1
2023HU1208522,3,501,1,1
2023HU1208535,1,319,3,1
2023HU1208535,2,382,3,1
2023HU1208618,1,226,2,1
2023HU1208663,1,79,1,1
2023HU1208671,1,0,3,1
2023HU1208804,1,501,2,1
2023HU1208804,2,501,2,1
2023HU1208987,1,445,3,1
2023HU1209023,1,501,2,1
2023HU1209023,2,501,2,1
2023HU1209142,1,176,1,1
2023HU1209142,2,176,1,1
2023HU1209142,3,176,1,1
2023HU1209142,4,176,1,1
2023HU1209142,5,176,1,1
2023HU1209144,1,450,1,1
2023HU1209144,2,450,1,1
2023HU1209144,3,450,1,1
2023HU1209144,4,450,1,1
2023HU1209144,5,450,1,1
2023HU1209144,6,450,1,1
2023HU1209252,1,0,3,1
2023HU1209267,1,501,3,1
2023HU1209267,2,501,3,1
2023HU1209416,1,253,3,1
2023HU1209416,2,501,3,1
2023HU1209591,1,501,1,1
2023HU1209591,2,501,1,1
2023HU1209941,1,398,3,1
2023HU1209941,2,398,3,1
2023HU1209941,3,398,3,1
2023HU1210056,1,271,1,1
2023HU1210102,1,501,1,1
2023HU1210102,2,501,1,1
2023HU1210102,3,501,1,1
2023HU1210221,1,501,3,1
2023HU1210221,2,228,3,1
2023HU1210357,1,501,3,1
2023HU1210357,2,501,3,1
2023HU1210357,3,501,3,1
2023HU1210495,1,501,3,1
2023HU1210495,2,501,3,1
2023HU1211064,1,324,1,1
2023HU1211064,2,324,1,1
2023HU1211138,1,501,1,1
2023HU1211138,2,501,1,1
2023HU1211301,1,76,3,1
2023HU1211413,1,501,1,1
2023HU1211454,1,501,1,1
2023HU1211586,1,501,2,1
2023HU1211630,1,501,1,1
2023HU1211630,2,501,1,1
2023HU1211734,1,405,2,1
2023HU1211734,2,405,2,1
2023HU1211734,3,405,2,1
2023HU1211734,4,405,2,1
2023HU1211750,1,127,3,1
2023HU1211750,2,339,3,1
2023HU1211777,1,226,1,1
2023HU1211777,2,226,1,1
2023HU1211879,1,363,3,1
2023HU1211879,2,0,3,1
2023HU1211879,3,363,3,1
2023HU1211890,1,0,1,1
2023HU1211890,2,63,1,1
2023HU1212041,1,466,2,1
2023HU1212041,2,466,2,1
2023HU1212041,3,466,2,1
2023HU1212105,1,323,2,1
2023HU1212105,2,323,2,1
2023HU1212114,1,501,1,1
2023HU1212114,2,501,1,1
2023HU1212114,3,501,1,1
2023HU1212114,4,501,1,1
2023HU1212175,1,448,2,1
2023HU1212175,2,448,2,1
2023HU1212175,3,448,2,1
2023HU1212185,1,501,2,1
2023HU1212185,2,501,2,1
2023HU1212237,1,501,1,1
2023HU1212237,2,501,1,1
2023HU1212237,3,501,1,1
2023HU1212237,4,501,1,1
2023HU1212285,1,501,1,1
2023HU1212285,2,501,1,1
2023HU1212563,1,154,1,1
2023HU1212563,2,501,1,1
2023HU1212563,3,154,1,1
2023HU1212592,1,501,1,1
2023HU1212592,2,501,1,1
2023HU1212592,3,501,1,1
2023HU1212764,1,501,3,1
2023HU1212781,1,91,2,1
2023HU1212781,2,91,2,1
2023HU1212786,1,335,3,1
2023HU1212933,1,296,2,1
2023HU1212933,2,296,2,1
2023HU1212993,1,501,2,1
2023HU1212993,2,501,2,1
2023HU1213169,1,346,2,1
2023HU1213169,2,319,2,1
2023HU1213216,1,501,1,1
2023HU1213216,2,501,1,1
2023HU1213216,3,501,1,1
2023HU1213216,4,501,1,1
2023HU1213318,1,106,1,1
2023HU1213331,1,210,3,1
2023HU1213331,2,210,3,1
2023HU1213331,3,210,3,1
2023HU1213331,4,210,3,1
2023HU1213633,1,287,3,1
2023HU1213742,1,501,3,1
2023HU1213742,2,501,3,1
2023HU1213750,1,95,3,1
2023HU1213750,2,0,3,1
2023HU1213768,1,501,2,1
2023HU1213768,2,501,2,1
2023HU1213768,3,501,2,1
2023HU1213768,4,501,2,1
2023HU1213776,1,106,2,1
2023HU1213776,2,114,2,1
2023HU1213784,1,501,1,1
2023HU1213784,2,501,1,1
2023HU1213784,3,501,1,1
2023HU1213784,4,501,1,1
2023HU1214087,1,190,2,1
2023HU1214135,1,501,1,1
2023HU1214150,1,385,2,1
2023HU1214150,2,385,2,1
2023HU1214150,3,385,2,1
2023HU1214249,1,501,2,1
2023HU1214276,1,2,3,1
2023HU1214276,2,2,3,1
2023HU1214276,3,2,3,1
2023HU1214451,1,369,3,1
2023HU1214451,2,369,3,1
2023HU1214642,1,131,2,1
2023HU1214642,2,0,2,1
2023HU1214649,1,501,1,1
2023HU1214649,2,501,1,1
2023HU1214769,1,501,2,1
2023HU1214769,2,501,2,1
2023HU1214844,1,157,3,1
2023HU1214844,2,157,3,1
2023HU1214895,1,501,1,1
2023HU1215312,1,13,2,1
2023HU1215382,1,192,3,1
2023HU1215387,1,501,1,1
2023HU1215458,1,7,3,1
2023HU1215501,1,501,2,1
2023HU1215501,2,501,2,1
2023HU1215546,1,469,3,1
2023HU1215546,2,469,3,1
2023HU1215587,1,65,3,1
2023HU1215634,1,373,1,1
2023HU1215634,2,373,1,1
2023HU1215739,1,501,1,1
2023HU1215739,2,501,1,1
2023HU1215765,1,221,3,1
2023HU1215765,2,221,3,1
2023HU1216066,1,501,1,1
2023HU1216066,2,501,1,1
2023HU1216153,1,501,1,1
2023HU1216153,2,501,1,1
2023HU1216153,3,101,1,1
2023HU1216220,1,501,1,1
2023HU1216220,2,501,1,1
2023HU1216336,1,501,2,1
2023HU1216336,2,501,2,1
2023HU1216336,3,501,2,1
2023HU1216336,4,501,2,1
2023HU1216396,1,183,3,1
2023HU1216396,2,183,3,1
2023HU1216465,1,125,2,1
2023HU1216465,2,125,2,1
2023HU1216465,3,125,2,1
2023HU1216487,1,181,3,1
2023HU1216487,2,181,3,1
2023HU1216487,3,181,3,1
2023HU1216497,1,464,2,1
2023HU1216497,2,464,2,1
2023HU1216517,1,238,3,1
2023HU1216517,2,238,3,1
2023HU1216517,3,238,3,1
2023HU1216523,1,0,4,1
2023HU1216598,1,79,3,1
2023HU1216598,2,79,3,1
2023HU1216626,1,501,1,1
2023HU1216626,2,501,1,1
2023HU1216626,3,501,1,1
2023HU1216728,1,501,2,1
2023HU1216728,2,501,2,1
2023HU1216847,1,501,1,1
2023HU1216920,1,501,1,1
2023HU1216920,2,501,1,1
2023HU1217076,1,196,1,1
2023HU1217153,1,26,2,1
2023HU1217290,1,501,2,1
2023HU1217290,2,501,2,1
2023HU1217290,3,501,2,1
2023HU1217292,1,261,2,1
2023HU1217292,2,261,2,1
2023HU1217316,1,501,3,1
2023HU1217316,2,501,3,1
2023HU1217902,1,173,4,1
2023HU1217902,2,173,4,1
2023HU1217902,3,173,4,1
2023HU1218515,1,167,3,1
2023HU1218582,1,501,1,1
2023HU1218623,1,501,1,1
2023HU1218623,2,501,1,1
2023HU1218623,3,501,1,1
2023HU1218623,4,501,1,1
2023HU1218623,5,66,1,1
2023HU1218642,1,191,2,1
2023HU1218793,1,218,3,1
2023HU1218819,1,57,3,1
2023HU1218819,2,57,3,1
2023HU1218854,1,501,1,1
2023HU1218854,2,501,1,1
2023HU1218854,3,501,1,1
2023HU1218971,1,265,3,1
2023HU1218971,2,265,3,1
2023HU1218971,3,265,3,1
2023HU1218971,4,265,3,1
2023HU1219082,1,501,1,1
2023HU1219082,2,501,1,1
2023HU1219082,3,501,1,1
2023HU1219082,4,501,1,1
2023HU1219163,1,501,1,1
2023HU1219163,2,501,1,1
2023HU1219163,3,501,1,1
2023HU1219163,4,501,1,1
2023HU1219286,1,501,1,1
2023HU1219286,2,501,1,1
2023HU1219348,1,501,1,1
2023HU1219508,1,274,3,1
2023HU1219508,2,274,3,1
2023HU1219585,1,151,3,1
2023HU1219689,1,501,1,1
2023HU1219689,2,501,1,1
2023HU1219689,3,501,1,1
2023HU1219689,4,501,1,1
2023HU1219829,1,9,3,1
2023HU1219831,1,411,3,1
2023HU1219831,2,501,3,1
2023HU1219835,1,501,1,1
2023HU1220048,1,501,2,1
2023HU1220048,2,501,2,1
2023HU1220048,3,501,2,1
2023HU1220137,1,501,1,1
2023HU1220137,2,501,1,1
2023HU1220162,1,85,3,1
2023HU1220162,2,85,3,1
2023HU1220204,1,380,3,1
2023HU1220211,1,501,1,1
2023HU1220211,2,501,1,1
2023HU1220394,1,501,1,1
2023HU1220394,2,225,1,1
2023HU1220394,3,501,1,1
2023HU1220424,1,32,2,1
2023HU1220424,2,32,2,1
2023HU1220466,1,501,1,1
2023HU1220466,2,501,1,1
2023HU1220466,3,501,1,1
2023HU1220511,1,501,2,1
2023HU1220511,2,501,2,1
2023HU1220520,1,190,1,1
2023HU1220598,1,59,2,1
2023HU1220598,2,0,2,1
2023HU1220598,3,59,2,1
2023HU1220598,4,59,2,1
2023HU1220598,5,59,2,1
2023HU1220598,6,59,2,1
2023HU1220598,7,59,2,1
2023HU1220627,1,501,1,1
2023HU1220627,2,501,1,1
2023HU1220627,3,501,1,1
2023HU1220697,1,316,3,1
2023HU1220745,1,361,3,1
2023HU1220745,2,361,3,1
2023HU1220745,3,361,3,1
2023HU1220745,4,361,3,1
2023HU1220745,5,361,3,1
2023HU1220828,1,489,1,1
2023HU1220828,2,489,1,1
2023HU1220933,1,52,3,1
2023HU1220936,1,501,2,1
2023HU1220936,2,501,2,1
2023HU1221159,1,318,1,1
2023HU1221159,2,318,1,1
2023HU1221159,3,318,1,1
2023HU1221159,4,318,1,1
2023HU1221378,1,275,1,1
2023HU1221378,2,275,1,1
2023HU1221378,3,275,1,1
2023HU1221378,4,275,1,1
2023HU1221378,5,275,1,1
2023HU1221440,1,169,3,1
2023HU1221586,1,501,3,1
2023HU1221617,1,324,2,1
2023HU1221635,1,228,1,1
2023HU1221635,2,228,1,1
2023HU1221713,1,501,1,1
2023HU1221713,2,501,1,1
2023HU1221713,3,501,1,1
2023HU1221713,4,501,1,1
2023HU1221867,1,465,1,1
2023HU1221867,2,465,1,1
2023HU1221867,3,465,1,1
2023HU1221867,4,465,1,1
2023HU1221867,5,465,1,1
2023HU1221916,1,95,3,1
2023HU1221986,1,501,3,1
2023HU1222048,1,357,3,1
2023HU1222079,1,501,2,1
2023HU1222153,1,102,3,1
2023HU1222374,1,501,1,1
2023HU1222374,2,501,1,1
2023HU1222374,3,501,1,1
2023HU1222374,4,501,1,1
2023HU1222486,1,387,4,1
2023HU1222487,1,501,1,1
2023HU1222487,2,501,1,1
2023HU1222552,1,501,2,1
2023HU1222552,2,501,2,1
2023HU1222579,1,501,2,1
2023HU1222579,2,501,2,1
2023HU1222579,3,501,2,1
2023HU1222579,4,501,2,1
2023HU1222579,5,501,2,1
2023HU1222615,1,501,1,1
2023HU1222615,2,501,1,1
2023HU1222615,3,501,1,1
2023HU1222615,4,501,1,1
2023HU1222615,5,501,1,1
2023HU1222664,1,501,1,1
2023HU1222664,2,501,1,1
2023HU1222664,3,501,1,1
2023HU1222664,4,501,1,1
2023HU1222672,1,290,3,1
2023HU1222672,2,451,3,1
2023HU1222924,1,501,2,1
2023HU1222924,2,501,2,1
2023HU1222924,3,501,2,1
2023HU1222987,1,473,1,1
2023HU1222987,2,473,1,1
2023HU1222990,1,265,2,1
2023HU1222990,2,265,2,1
2023HU1222990,3,265,2,1
2023HU1223035,1,443,1,1
2023HU1223035,2,443,1,1
2023HU1223035,3,443,1,1
2023HU1223081,1,243,3,1
2023HU1223278,1,501,1,1
2023HU1223278,2,501,1,1
2023HU1223278,3,501,1,1
2023HU1223341,1,501,3,1
2023HU1223341,2,501,3,1
2023HU1223358,1,0,3,1
2023HU1223358,2,0,3,1
2023HU1223499,1,453,3,1
2023HU1223499,2,501,3,1
2023HU1223613,1,501,3,1
2023HU1223613,2,501,3,1
2023HU1223613,3,501,3,1
2023HU1223621,1,279,3,1
2023HU1223621,2,279,3,1
2023HU1223654,1,115,2,1
2023HU1223664,1,134,2,1
2023HU1223664,2,134,2,1
2023HU1223664,3,134,2,1
2023HU1223664,4,134,2,1
2023HU1223680,1,501,1,1
2023HU1223680,2,501,1,1
2023HU1223680,3,501,1,1
2023HU1223680,4,501,1,1
2023HU1223764,1,456,1,1
2023HU1223764,2,456,1,1
2023HU1223764,3,456,1,1
2023HU1223764,4,456,1,1
2023HU1223872,1,501,2,1
2023HU1223872,2,501,2,1
2023HU1223872,3,501,2,1
2023HU1223950,1,459,1,1
2023HU1224090,1,145,3,1
2023HU1224090,2,145,3,1
2023HU1224090,3,145,3,1
2023HU1224132,1,501,1,1
2023HU1224132,2,394,1,1
2023HU1224194,1,501,2,1
2023HU1224194,2,501,2,1
2023HU1224194,3,501,2,1
2023HU1224194,4,501,2,1
2023HU1224194,5,501,2,1
2023HU1224194,6,501,2,1
2023HU1224594,1,286,3,1
2023HU1224658,1,431,2,1
2023HU1224658,2,431,2,1
2023HU1224658,3,431,2,1
2023HU1224726,1,501,3,1
2023HU1224739,1,501,1,1
2023HU1224739,2,501,1,1
2023HU1224910,1,343,3,1
2023HU1224910,2,343,3,1
2023HU1224936,1,501,1,1
2023HU1224936,2,501,1,1
2023HU1224936,3,501,1,1
2023HU1224936,4,501,1,1
2023HU1224936,5,501,1,1
2023HU1225027,1,233,3,1
2023HU1225033,1,479,3,1
2023HU1225033,2,501,3,1
2023HU1225082,1,490,3,1
2023HU1225082,2,490,3,1
2023HU1225082,3,490,3,1
2023HU1225082,4,490,3,1
2023HU1225100,1,501,1,1
2023HU1225178,1,350,3,1
2023HU1225178,2,114,3,1
2023HU1225178,3,70,3,1
2023HU1225178,4,0,3,1
2023HU1225196,1,263,3,1
2023HU1225209,1,446,3,1
2023HU1225228,1,501,2,1
2023HU1225228,2,501,2,1
2023HU1225285,1,126,3,1
2023HU1225285,2,126,3,1
2023HU1225290,1,488,2,1
2023HU1225443,1,60,3,1
2023HU1225595,1,85,3,1
2023HU1225730,1,501,1,1
2023HU1225766,1,501,1,1
2023HU1225766,2,501,1,1
2023HU1225798,1,315,1,1
2023HU1225798,2,315,1,1
2023HU1225798,3,315,1,1
2023HU1225832,1,123,3,1
2023HU1225832,2,0,3,1
2023HU1225832,3,123,3,1
2023HU1225832,4,123,3,1
2023HU1225832,5,123,3,1
2023HU1225958,1,77,1,1
2023HU1225958,2,77,1,1
2023HU1226094,1,6,3,1
2023HU1226123,1,486,2,1
2023HU1226315,1,501,2,1
2023HU1226315,2,501,2,1
2023HU1226350,1,230,1,1
2023HU1226360,1,44,2,1
2023HU1226360,2,204,2,1
2023HU1226532,1,333,3,1
2023HU1226532,2,333,3,1
2023HU1226533,1,429,2,1
2023HU1226630,1,402,1,1
2023HU1226630,2,402,1,1
2023HU1226697,1,501,1,1
2023HU1226697,2,501,1,1
2023HU1226698,1,493,1,1
2023HU1226698,2,493,1,1
2023HU1226698,3,493,1,1
2023HU1226736,1,188,3,1
2023HU1226736,2,188,3,1
2023HU1226799,1,371,1,1
2023HU1226799,2,371,1,1
2023HU1226799,3,371,1,1
2023HU1226799,4,371,1,1
2023HU1227076,1,234,1,1
2023HU1227076,2,234,1,1
2023HU1227076,3,234,1,1
2023HU1227076,4,234,1,1
2023HU1227211,1,501,1,1
2023HU1227211,2,501,1,1
2023HU1227211,3,501,1,1
2023HU1227211,4,501,1,1
2023HU1227211,5,501,1,1
2023HU1227256,1,501,2,1
2023HU1227256,2,501,2,1
2023HU1227268,1,319,1,1
2023HU1227269,1,281,3,1
2023HU1227269,2,281,3,1
2023HU1227269,3,281,3,1
2023HU1227287,1,492,3,1
2023HU1227300,1,225,1,1
2023HU1227300,2,225,1,1
2023HU1227300,3,225,1,1
2023HU1227300,4,225,1,1
2023HU1227563,1,291,3,1
2023HU1227592,1,351,3,1
2023HU1227735,1,482,2,1
2023HU1227932,1,381,1,1
2023HU1227932,2,381,1,1
2023HU1227932,3,381,1,1
2023HU1228157,1,501,3,1
2023HU1228242,1,358,3,1
2023HU1228242,2,358,3,1
2023HU1228242,3,358,3,1
2023HU1228525,1,437,2,1
2023HU1228525,2,437,2,1
2023HU1228662,1,309,2,1
2023HU1228662,2,309,2,1
2023HU1228662,3,309,2,1
2023HU1228662,4,309,2,1
2023HU1228677,1,465,1,1
2023HU1228677,2,465,1,1
2023HU1228677,3,465,1,1
2023HU1228677,4,465,1,1
2023HU1228871,1,381,3,1
2023HU1228929,1,380,3,1
2023HU1228929,2,501,3,1
2023HU1229140,1,354,1,1
2023HU1229140,2,354,1,1
2023HU1229140,3,354,1,1
2023HU1229140,4,159,1,1
2023HU1229275,1,490,2,1
2023HU1229309,1,501,3,1
2023HU1229309,2,501,3,1
2023HU1229309,3,501,3,1
2023HU1229309,4,501,3,1
2023HU1229322,1,501,1,1
2023HU1229633,1,260,3,1
2023HU1229633,2,260,3,1
2023HU1229980,1,501,1,1
2023HU1229980,2,501,1,1
2023HU1229980,3,501,1,1
2023HU1229980,4,501,1,1
2023HU1230218,1,105,1,1
2023HU1230218,2,501,1,1
2023HU1230223,1,501,1,1
2023HU1230258,1,290,2,1
2023HU1230258,2,290,2,1
2023HU1230258,3,290,2,1
2023HU1230258,4,290,2,1
2023HU1230258,5,290,2,1
2023HU1230258,6,290,2,1
2023HU1230258,7,290,2,1
2023HU1230280,1,501,2,1
2023HU1230300,1,158,3,1
2023HU1230358,1,501,2,1
2023HU1230358,2,501,2,1
2023HU1230367,1,501,2,1
2023HU1230367,2,501,2,1
2023HU1230367,3,501,2,1
2023HU1230611,1,501,3,1
2023HU1230611,2,381,3,1
2023HU1230680,1,501,1,1
2023HU1230680,2,501,1,1
2023HU1230680,3,501,1,1
2023HU1230680,4,501,1,1
2023HU1230680,5,501,1,1
2023HU1230680,6,501,1,1
2023HU1230770,1,501,3,1
2023HU1230800,1,203,2,1
2023HU1230984,1,248,1,1
2023HU1230984,2,248,1,1
2023HU1230984,3,248,1,1
2023HU1230984,4,248,1,1
2023HU1230984,5,248,1,1
2023HU1231050,1,306,2,1
2023HU1231050,2,306,2,1
2023HU1231050,3,306,2,1
2023HU1231101,1,501,1,1
2023HU1231101,2,0,1,1
2023HU1231136,1,196,1,1
2023HU1231177,1,308,1,1
2023HU1231177,2,308,1,1
2023HU1231177,3,308,1,1
2023HU1231177,4,308,1,1
2023HU1231199,1,316,3,1
2023HU1231199,2,379,3,1
2023HU1231433,1,407,3,1
2023HU1231474,1,34,3,1
2023HU1231474,2,163,3,1
2023HU1231474,3,34,3,1
2023HU1231474,4,501,3,1
2023HU1231511,1,393,3,1
2023HU1231588,1,9,3,1
2023HU1231588,2,72,3,1
2023HU1231893,1,309,1,1
2023HU1231893,2,309,1,1
2023HU1231968,1,116,1,1
2023HU1232049,1,501,1,1
2023HU1232227,1,22,3,1
2023HU1232239,1,501,1,1
2023HU1232267,1,393,3,1
2023HU1232267,2,393,3,1
2023HU1232277,1,338,2,1
2023HU1232419,1,399,1,1
2023HU1232419,2,399,1,1
2023HU1232419,3,399,1,1
2023HU1232423,1,501,1,1
2023HU1232423,2,501,1,1
2023HU1232527,1,501,2,1
2023HU1232692,1,139,1,1
2023HU1232692,2,139,1,1
2023HU1232692,3,139,1,1
2023HU1232692,4,139,1,1
2023HU1232692,5,139,1,1
2023HU1232888,1,501,2,1
2023HU1232888,2,501,2,1
2023HU1232904,1,111,3,1
2023HU1233006,1,501,1,1
2023HU1233006,2,390,1,1
2023HU1233006,3,501,1,1
2023HU1233175,1,130,3,1
2023HU1233175,2,132,3,1
2023HU1233175,3,130,3,1
2023HU1233322,1,305,1,1
2023HU1233379,1,501,1,1
2023HU1233379,2,501,1,1
2023HU1233585,1,83,3,1
2023HU1233585,2,83,3,1
2023HU1233585,3,83,3,1
2023HU1233585,4,83,3,1
2023HU1233688,1,393,2,1
2023HU1233688,2,393,2,1
2023HU1233700,1,228,3,1
2023HU1233859,1,375,3,1
2023HU1233859,2,375,3,1
2023HU1233892,1,31,3,1
2023HU1233933,1,501,3,1
2023HU1234086,1,456,2,1
2023HU1234086,2,456,2,1
2023HU1234266,1,501,1,1
2023HU1234266,2,501,1,1
2023HU1234266,3,501,1,1
2023HU1234542,1,342,1,1
2023HU1234542,2,342,1,1
2023HU1234567,1,501,2,1
2023HU1234567,2,501,2,1
2023HU1234622,1,500,3,1
2023HU1234622,2,500,3,1
2023HU1234676,1,370,2,1
2023HU1234695,1,230,3,1
2023HU1234706,1,68,3,1
2023HU1234706,2,68,3,1
2023HU1234706,3,68,3,1
2023HU1234706,4,68,3,1
2023HU1234706,5,68,3,1
2023HU1234706,6,68,3,1
2023HU1234706,7,68,3,1
2023HU1234706,8,68,3,1
2023HU1234706,9,68,3,1
2023HU1234723,1,206,3,1
2023HU1234723,2,206,3,1
2023HU1234723,3,206,3,1
2023HU1234758,1,152,2,1
2023HU1234811,1,14,1,1
2023HU1234939,1,0,3,1
2023HU1234939,2,0,3,1
2023HU1235004,1,501,2,1
2023HU1235004,2,501,2,1
2023HU1235004,3,501,2,1
2023HU1235312,1,501,1,1
2023HU1235392,1,501,1,1
2023HU1235392,2,131,1,1
2023HU1235406,1,211,3,1
2023HU1235702,1,67,3,1
2023HU1235702,2,67,3,1
2023HU1235751,1,501,2,1
2023HU1235751,2,501,2,1
2023HU1235844,1,501,2,1
2023HU1235844,2,501,2,1
2023HU1235914,1,328,3,1
2023HU1235938,1,476,2,1
2023HU1236154,1,501,1,1
2023HU1236154,2,501,1,1
2023HU1236171,1,182,2,1
2023HU1236171,2,182,2,1
2023HU1236379,1,410,2,1
2023HU1236379,2,410,2,1
2023HU1236498,1,501,2,1
2023HU1236498,2,501,2,1
2023HU1236515,1,501,1,1
2023HU1236515,2,501,1,1
2023HU1236515,3,501,1,1
2023HU1236606,1,346,1,1
2023HU1236715,1,378,1,1
2023HU1236715,2,378,1,1
2023HU1236940,1,134,2,1
2023HU1236993,1,279,2,1
2023HU1237064,1,501,1,1
2023HU1237095,1,453,3,1
2023HU1237095,2,259,3,1
2023HU1237103,1,227,1,1
2023HU1237103,2,227,1,1
2023HU1237103,3,227,1,1
2023HU1237103,4,227,1,1
2023HU1237103,5,227,1,1
2023HU1237103,6,227,1,1
2023HU1237116,1,501,1,1
2023HU1237160,1,178,2,1
2023HU1237212,1,10,3,1
2023HU1237354,1,176,3,1
2023HU1237354,2,176,3,1
2023HU1237408,1,501,3,1
2023HU1237408,2,501,3,1
2023HU1237424,1,501,1,1
2023HU1237424,2,501,1,1
2023HU1237424,3,501,1,1
2023HU1237424,4,501,1,1
2023HU1237425,1,219,3,1
2023HU1237425,2,219,3,1
2023HU1237425,3,219,3,1
2023HU1237426,1,63,3,1
2023HU1237775,1,0,2,1
2023HU1237775,2,0,2,1
2023HU1237821,1,211,3,1
2023HU1237821,2,211,3,1
2023HU1237821,3,211,3,1
2023HU1237885,1,380,3,1
2023HU1237885,2,501,3,1
2023HU1237930,1,501,3,1
2023HU1238037,1,501,1,1
2023HU1238037,2,501,1,1
2023HU1238037,3,501,1,1
2023HU1238037,4,501,1,1
2023HU1238037,5,501,1,1
2023HU1238129,1,501,2,1
2023HU1238129,2,501,2,1
2023HU1238221,1,454,3,1
2023HU1238221,2,454,3,1
2023HU1238315,1,2,3,1
2023HU1238315,2,254,3,1
2023HU1238397,1,501,3,1
2023HU1238397,2,501,3,1
2023HU1238397,3,501,3,1
2023HU1238460,1,348,2,1
2023HU1238460,2,348,2,1
2023HU1238560,1,258,1,1
2023HU1238560,2,258,1,1
2023HU1238560,3,258,1,1
2023HU1238571,1,501,2,1
2023HU1238571,2,501,2,1
2023HU1238600,1,501,3,1
2023HU1238688,1,501,3,1
2023HU1238691,1,501,1,1
2023HU1238691,2,501,1,1
2023HU1238691,3,501,1,1
2023HU1238691,4,501,1,1
2023HU1238691,5,501,1,1
2023HU1238751,1,501,1,1
2023HU1238751,2,345,1,1
2023HU1238768,1,253,3,1
2023HU1238861,1,146,3,1
2023HU1238861,2,146,3,1
2023HU1239107,1,303,3,1
2023HU1239107,2,303,3,1
2023HU1239107,3,303,3,1
2023HU1239107,4,303,3,1
2023HU1239107,5,303,3,1
2023HU1239107,6,303,3,1
2023HU1239121,1,501,1,1
2023HU1239208,1,322,3,1
2023HU1239288,1,327,2,1
2023HU1239288,2,327,2,1
2023HU1239288,3,327,2,1
2023HU1239288,4,327,2,1
2023HU1239315,1,0,1,1
2023HU1239315,2,0,1,1
2023HU1239315,3,0,1,1
2023HU1239315,4,0,1,1
2023HU1239381,1,501,2,1
2023HU1239381,2,501,2,1
2023HU1239666,1,472,2,1
2023HU1239666,2,472,2,1
2023HU1239751,1,501,3,1
2023HU1239751,2,501,3,1
2023HU1239751,3,501,3,1
2023HU1239751,4,501,3,1
2023HU1239878,1,420,1,1
2023HU1239878,2,420,1,1
2023HU1239878,3,420,1,1
2023HU1239878,4,420,1,1
2023HU1239878,5,420,1,1
2023HU1239952,1,501,3,1
2023HU1240003,1,501,1,1
2023HU1240003,2,501,1,1
2023HU1240003,3,501,1,1
2023HU1240003,4,501,1,1
2023HU1240030,1,353,1,1
2023HU1240030,2,353,1,1
2023HU1240030,3,353,1,1
2023HU1240030,4,353,1,1
2023HU1240158,1,340,3,1
2023HU1240158,2,263,3,1
2023HU1240171,1,145,1,1
2023HU1240171,2,145,1,1
2023HU1240171,3,145,1,1
2023HU1240171,4,145,1,1
2023HU1240171,5,145,1,1
2023HU1240295,1,224,2,1
2023HU1240295,2,224,2,1
2023HU1240295,3,224,2,1
2023HU1240295,4,224,2,1
2023HU1240418,1,325,1,1
2023HU1240418,2,325,1,1
2023HU1240418,3,325,1,1
2023HU1240418,4,325,1,1
2023HU1240482,1,0,1,1
2023HU1240597,1,326,3,1
2023HU1240708,1,501,2,1
2023HU1240708,2,501,2,1
2023HU1240708,3,501,2,1
2023HU1240793,1,233,1,1
2023HU1240793,2,233,1,1
2023HU1240793,3,233,1,1
2023HU1240809,1,501,1,1
2023HU1240809,2,501,1,1
2023HU1240834,1,501,3,1
2023HU1240834,2,501,3,1
2023HU1240873,1,501,2,1
2023HU1240873,2,501,2,1
2023HU1240873,3,501,2,1
2023HU1240873,4,501,2,1
2023HU1240875,1,186,1,1
2023HU1240875,2,186,1,1
2023HU1240875,3,186,1,1
2023HU1240875,4,186,1,1
2023HU1240875,5,186,1,1
2023HU1240875,6,186,1,1
2023HU1240984,1,501,1,1
2023HU1240984,2,501,1,1
2023HU1241212,1,501,1,1
2023HU1241212,2,501,1,1
2023HU1241212,3,501,1,1
2023HU1241368,1,485,2,1
2023HU1241368,2,485,2,1
2023HU1241373,1,147,3,1
2023HU1241373,2,152,3,1
2023HU1241373,3,147,3,1
2023HU1241373,4,147,3,1
2023HU1241507,1,296,2,1
2023HU1241507,2,296,2,1
2023HU1241507,3,296,2,1
2023HU1241507,4,296,2,1
2023HU1241507,5,296,2,1
2023HU1241507,6,296,2,1
2023HU1241617,1,223,1,1
2023HU1241617,2,223,1,1
2023HU1241633,1,422,1,1
2023HU1241880,1,501,1,1
2023HU1241880,2,501,1,1
2023HU1241880,3,501,1,1
2023HU1241880,4,501,1,1
2023HU1242030,1,288,1,1
2023HU1242030,2,288,1,1
2023HU1242030,3,288,1,1
2023HU1242117,1,501,1,1
2023HU1242117,2,501,1,1
2023HU1242133,1,409,3,1
2023HU1242133,2,409,3,1
2023HU1242166,1,387,3,1
2023HU1242217,1,501,2,1
2023HU1242313,1,501,2,1
2023HU1242313,2,191,2,1
2023HU1242336,1,501,3,1
2023HU1242336,2,501,3,1
2023HU1242393,1,501,1,1
2023HU1242393,2,415,1,1
2023HU1242393,3,383,1,1
2023HU1242491,1,94,3,1
2023HU1242491,2,380,3,1
2023HU1242547,1,182,1,1
2023HU1242547,2,182,1,1
2023HU1242547,3,182,1,1
2023HU1242547,4,182,1,1
2023HU1242547,5,182,1,1
2023HU1242547,6,182,1,1
2023HU1242547,7,182,1,1
2023HU1242597,1,0,3,1
2023HU1242597,2,130,3,1
2023HU1242607,1,275,2,1
2023HU1242794,1,501,1,1
2023HU1242794,2,501,1,1
2023HU1242843,1,501,1,1
2023HU1242843,2,501,1,1
2023HU1242843,3,501,1,1
2023HU1242870,1,288,2,1
2023HU1242870,2,288,2,1
2023HU1242870,3,288,2,1
2023HU1242870,4,288,2,1
2023HU1242870,5,288,2,1
2023HU1242870,6,288,2,1
2023HU1243126,1,501,2,1
2023HU1243126,2,501,2,1
2023HU1243126,3,501,2,1
2023HU1243233,1,160,3,1
2023HU1243233,2,160,3,1
2023HU1243233,3,160,3,1
2023HU1243258,1,345,2,1
2023HU1243258,2,345,2,1
2023HU1243311,1,501,1,1
2023HU1243311,2,501,1,1
2023HU1243311,3,501,1,1
2023HU1243334,1,90,2,1
2023HU1243334,2,230,2,1
2023HU1243334,3,90,2,1
2023HU1243346,1,269,1,1
2023HU1243346,2,269,1,1
2023HU1243346,3,269,1,1
2023HU1243346,4,269,1,1
2023HU1243388,1,501,1,1
2023HU1243388,2,501,1,1
2023HU1243388,3,501,1,1
2023HU1243388,4,501,1,1
2023HU1243389,1,298,3,1
2023HU1243398,1,459,2,1
2023HU1243398,2,459,2,1
2023HU1243398,3,459,2,1
2023HU1243398,4,459,2,1
2023HU1243623,1,501,3,1
2023HU1243623,2,257,3,1
2023HU1243866,1,136,1,1
2023HU1243866,2,136,1,1
2023HU1243866,3,136,1,1
2023HU1243889,1,501,1,1
2023HU1243889,2,501,1,1
2023HU1243970,1,199,2,1
2023HU1243970,2,199,2,1
2023HU1243970,3,199,2,1
2023HU1243970,4,199,2,1
2023HU1243970,5,199,2,1
2023HU1243970,6,199,2,1
2023HU1244021,1,394,3,1
2023HU1244041,1,501,1,1
2023HU1244268,1,501,1,1
2023HU1244268,2,501,1,1
2023HU1244268,3,501,1,1
2023HU1244268,4,501,1,1
2023HU1244330,1,501,1,1
2023HU1244330,2,501,1,1
2023HU1244358,1,501,1,1
2023HU1244358,2,501,1,1
2023HU1244389,1,353,3,1
2023HU1244389,2,353,3,1
2023HU1244389,3,353,3,1
2023HU1244389,4,353,3,1
2023HU1244505,1,180,1,1
2023HU1244505,2,180,1,1
2023HU1244505,3,180,1,1
2023HU1244505,4,180,1,1
2023HU1244505,5,180,1,1
2023HU1244577,1,316,2,1
2023HU1244577,2,316,2,1
2023HU1244577,3,316,2,1
2023HU1244609,1,163,2,1
2023HU1244609,2,0,2,1
2023HU1244619,1,350,2,1
2023HU1244650,1,12,3,1
2023HU1244786,1,161,2,1
2023HU1244786,2,161,2,1
2023HU1244786,3,85,2,1
2023HU1244878,1,456,2,1
2023HU1244878,2,456,2,1
2023HU1245015,1,192,1,1
2023HU1245067,1,181,3,1
2023HU1245070,1,501,1,1
2023HU1245070,2,501,1,1
2023HU1245070,3,501,1,1
2023HU1245070,4,501,1,1
2023HU1245254,1,0,3,1
2023HU1245674,1,476,1,1
2023HU1245674,2,476,1,1
2023HU1245674,3,476,1,1
2023HU1245674,4,476,1,1
2023HU1245674,5,476,1,1
2023HU1245687,1,473,1,1
2023HU1245687,2,473,1,1
2023HU1245687,3,473,1,1
2023HU1245687,4,473,1,1
2023HU1245839,1,174,4,1
2023HU1245839,2,174,4,1
2023HU1245839,3,174,4,1
2023HU1245839,4,174,4,1
2023HU1245839,5,174,4,1
2023HU1245864,1,30,2,1
2023HU1245911,1,501,3,1
2023HU1245911,2,501,3,1
2023HU1245911,3,501,3,1
2023HU1245923,1,501,1,1
2023HU1245923,2,501,1,1
2023HU1245923,3,501,1,1
2023HU1245923,4,501,1,1
2023HU1245923,5,501,1,1
2023HU1245961,1,32,1,1
2023HU1245961,2,328,1,1
2023HU1246083,1,501,1,1
2023HU1246083,2,501,1,1
2023HU1246090,1,501,3,1
2023HU1246201,1,137,3,1
2023HU1246203,1,84,3,1
2023HU1246268,1,114,2,1
2023HU1246268,2,114,2,1
2023HU1246364,1,501,1,1
2023HU1246364,2,501,1,1
2023HU1246364,3,501,1,1
2023HU1246364,4,501,1,1
2023HU1246581,1,501,1,1
2023HU1246581,2,501,1,1
2023HU1246590,1,11,3,1
2023HU1246590,2,11,3,1
2023HU1246654,1,501,1,1
2023HU1246654,2,501,1,1
2023HU1246706,1,0,3,1
2023HU1247038,1,187,2,1
2023HU1247038,2,187,2,1
2023HU1247038,3,187,2,1
2023HU1247153,1,434,2,1
2023HU1247266,1,276,3,1
2023HU1247266,2,276,3,1
2023HU1247272,1,402,1,1
2023HU1247272,2,402,1,1
2023HU1247272,3,168,1,1
2023HU1247358,1,501,1,1
2023HU1247358,2,501,1,1
2023HU1247401,1,192,3,1
2023HU1247401,2,192,3,1
2023HU1247635,1,64,3,1
2023HU1247635,2,96,3,1
2023HU1247635,3,464,3,1
2023HU1247741,1,223,2,1
2023HU1247798,1,501,1,1
2023HU1247798,2,501,1,1
2023HU1247798,3,501,1,1
2023HU1247818,1,146,1,1
2023HU1247818,2,64,1,1
2023HU1247818,3,146,1,1
2023HU1247818,4,146,1,1
2023HU1247818,5,146,1,1
2023HU1247818,6,146,1,1
2023HU1247818,7,146,1,1
2023HU1247818,8,146,1,1
2023HU1247853,1,501,1,1
2023HU1247969,1,501,1,1
2023HU1247969,2,501,1,1
2023HU1247969,3,501,1,1
2023HU1248006,1,501,1,1
2023HU1248006,2,501,1,1
2023HU1248093,1,501,1,1
2023HU1248132,1,195,2,1
2023HU1248132,2,195,2,1
2023HU1248132,3,195,2,1
2023HU1248144,1,85,1,1
2023HU1248144,2,85,1,1
2023HU1248252,1,125,2,1
2023HU1248252,2,125,2,1
2023HU1248252,3,125,2,1
2023HU1248412,1,426,3,1
2023HU1248412,2,426,3,1
2023HU1248412,3,0,3,1
2023HU1248447,1,501,1,1
2023HU1248447,2,501,1,1
2023HU1248550,1,501,3,1
2023HU1248677,1,501,1,1
2023HU1248677,2,501,1,1
2023HU1248677,3,501,1,1
2023HU1248735,1,212,1,1
2023HU1248735,2,212,1,1
2023HU1248735,3,212,1,1
2023HU1248759,1,501,1,1
2023HU1248759,2,501,1,1
2023HU1248777,1,55,1,1
2023HU1248777,2,55,1,1
2023HU1248822,1,381,3,1
2023HU1249064,1,140,1,1
2023HU1249413,1,97,1,1
2023HU1249413,2,97,1,1
2023HU1249413,3,97,1,1
2023HU1249413,4,97,1,1
2023HU1249413,5,97,1,1
2023HU1249518,1,501,1,1
2023HU1249518,2,501,1,1
2023HU1249518,3,501,1,1
2023HU1249518,4,501,1,1
2023HU1249637,1,163,1,1
2023HU1249699,1,190,1,1
2023HU1249699,2,190,1,1
2023HU1249699,3,190,1,1
2023HU1249699,4,190,1,1
2023HU1249704,1,501,2,1
2023HU1249704,2,501,2,1
2023HU1249805,1,501,1,1
2023HU1249805,2,501,1,1
2023HU1249805,3,501,1,1
2023HU1249805,4,501,1,1
2023HU1249805,5,501,1,1
2023HU1249817,1,231,3,1
2023HU1249817,2,268,3,1
2023HU1249826,1,501,1,1
2023HU1249826,2,501,1,1
2023HU1249826,3,501,1,1
2023HU1249826,4,501,1,1
2023HU1249880,1,252,2,1
2023HU1249883,1,50,2,1
2023HU1249956,1,24,3,1
2023HU1249956,2,24,3,1
2023HU1250011,1,501,1,1
2023HU1250011,2,501,1,1
2023HU1250011,3,501,1,1
2023HU1250021,1,186,3,1
2023HU1250308,1,501,1,1
2023HU1250308,2,501,1,1
2023HU1250308,3,501,1,1
2023HU1250308,4,501,1,1
2023HU1250308,5,501,1,1
2023HU1250311,1,501,1,1
2023HU1250311,2,501,1,1
2023HU1250414,1,501,3,1
2023HU1250414,2,501,3,1
2023HU1250414,3,501,3,1
2023HU1250512,1,307,3,1
2023HU1250604,1,208,3,1
2023HU1250604,2,208,3,1
2023HU1250604,3,208,3,1
2023HU1250604,4,208,3,1
2023HU1250604,5,208,3,1
2023HU1250659,1,382,1,1
2023HU1250662,1,501,2,1
2023HU1250662,2,0,2,1
2023HU1250662,3,449,2,1
2023HU1250662,4,,2,1
2023HU1250925,1,460,3,1
2023HU1250925,2,460,3,1
2023HU1250925,3,460,3,1
2023HU1251162,1,501,3,1
2023HU1251162,2,501,3,1
2023HU1251162,3,501,3,1
2023HU1251220,1,489,2,1
2023HU1251256,1,501,1,1
2023HU1251256,2,501,1,1
2023HU1251256,3,501,1,1
2023HU1251256,4,501,1,1
2023HU1251256,5,501,1,1
2023HU1251440,1,360,3,1
2023HU1251461,1,501,3,1
2023HU1251461,2,501,3,1
2023HU1251697,1,35,3,1
2023HU1251697,2,3,3,1
2023HU1251697,3,46,3,1
2023HU1251807,1,0,2,1
2023HU1251927,1,501,1,1
2023HU1251927,2,501,1,1
2023HU1251943,1,236,1,1
2023HU1251943,2,236,1,1
2023HU1252067,1,501,1,1
2023HU1252067,2,501,1,1
2023HU1252094,1,501,1,1
2023HU1252140,1,297,2,1
2023HU1252140,2,297,2,1
2023HU1252142,1,256,1,1
2023HU1252159,1,501,3,1
2023HU1252159,2,501,3,1
2023HU1252175,1,501,1,1
2023HU1252175,2,501,1,1
2023HU1252175,3,501,1,1
2023HU1252193,1,501,3,1
2023HU1252193,2,501,3,1
2023HU1252302,1,314,1,1
2023HU1252302,2,8,1,1
2023HU1252302,3,314,1,1
2023HU1252302,4,314,1,1
2023HU1252304,1,501,1,1
2023HU1252551,1,68,3,1
2023HU1252577,1,123,3,1
2023HU1252616,1,345,3,1
2023HU1252616,2,345,3,1
2023HU1252636,1,470,2,1
2023HU1252636,2,470,2,1
2023HU1252863,1,501,2,1
2023HU1252863,2,501,2,1
2023HU1252863,3,501,2,1
2023HU1252864,1,194,3,1
2023HU1252892,1,501,1,1
2023HU1252892,2,501,1,1
2023HU1252953,1,0,2,1
2023HU1252953,2,0,2,1
2023HU1252953,3,0,2,1
2023HU1252978,1,501,1,1
2023HU1253051,1,445,3,1
2023HU1253152,1,378,2,1
2023HU1253174,1,425,1,1
2023HU1253174,2,425,1,1
2023HU1253281,1,122,2,1
2023HU1253555,1,501,3,1
2023HU1253630,1,501,1,1
2023HU1253630,2,501,1,1
2023HU1253649,1,501,1,1
2023HU1253649,2,501,1,1
2023HU1253649,3,501,1,1
2023HU1253649,4,501,1,1
2023HU1253649,5,501,1,1
2023HU1253693,1,501,1,1
2023HU1253693,2,501,1,1
2023HU1253724,1,501,2,1
2023HU1254193,1,501,1,1
2023HU1254421,1,501,2,1
2023HU1254421,2,501,2,1
2023HU1254421,3,501,2,1
2023HU1254427,1,352,3,1
2023HU1254427,2,352,3,1
2023HU1254427,3,352,3,1
2023HU1254427,4,352,3,1
2023HU1254627,1,501,1,1
2023HU1254871,1,268,3,1
2023HU1254871,2,358,3,1
2023HU1254939,1,101,2,1
2023HU1254995,1,246,1,1
2023HU1254995,2,246,1,1
2023HU1254995,3,246,1,1
2023HU1254995,4,246,1,1
2023HU1254995,5,246,1,1
2023HU1255506,1,501,3,1
2023HU1255506,2,501,3,1
2023HU1255508,1,22,4,1
2023HU1255521,1,246,3,1
2023HU1255521,2,246,3,1
2023HU1255749,1,501,1,1
2023HU1255749,2,501,1,1
2023HU1255749,3,501,1,1
2023HU1255986,1,292,1,1
2023HU1255986,2,292,1,1
2023HU1255986,3,292,1,1
2023HU1255986,4,292,1,1
2023HU1256144,1,383,1,1
2023HU1256144,2,0,1,1
2023HU1256144,3,383,1,1
2023HU1256144,4,383,1,1
2023HU1256144,5,383,1,1
2023HU1256144,6,383,1,1
2023HU1256144,7,383,1,1
2023HU1256145,1,440,3,1
2023HU1256201,1,501,1,1
2023HU1256201,2,307,1,1
2023HU1256201,3,76,1,1
2023HU1256477,1,397,1,1
2023HU1256477,2,397,1,1
2023HU1256477,3,397,1,1
2023HU1256477,4,397,1,1
2023HU1256495,1,501,3,1
2023HU1256499,1,262,3,1
2023HU1256499,2,262,3,1
2023HU1256499,3,262,3,1
2023HU1256499,4,262,3,1
2023HU1256499,5,262,3,1
2023HU1256499,6,262,3,1
2023HU1256499,7,262,3,1
2023HU1256499,8,262,3,1
2023HU1256499,9,262,3,1
2023HU1256499,10,262,3,1
2023HU1256499,11,0,3,1
2023HU1256610,1,261,1,1
2023HU1256610,2,261,1,1
2023HU1256735,1,501,2,1
2023HU1256831,1,249,3,1
2023HU1257057,1,501,2,1
2023HU1257057,2,501,2,1
2023HU1257469,1,459,2,1
2023HU1257469,2,459,2,1
2023HU1257523,1,501,1,1
2023HU1257523,2,501,1,1
2023HU1257911,1,450,3,1
2023HU1258045,1,325,3,1
2023HU1258045,2,24,3,1
2023HU1258061,1,501,1,1
2023HU1258061,2,501,1,1
2023HU1258061,3,501,1,1
2023HU1258082,1,501,1,1
2023HU1258082,2,501,1,1
2023HU1258082,3,501,1,1
2023HU1258082,4,501,1,1
2023HU1258186,1,501,3,1
2023HU1258213,1,32,3,1
2023HU1258223,1,501,1,1
2023HU1258223,2,501,1,1
2023HU1258223,3,501,1,1
2023HU1258223,4,501,1,1
2023HU1258223,5,501,1,1
2023HU1258266,1,501,1,1
2023HU1258266,2,501,1,1
2023HU1258266,3,501,1,1
2023HU1258266,4,501,1,1
2023HU1258289,1,501,3,1
2023HU1258623,1,474,1,1
2023HU1258623,2,474,1,1
2023HU1258710,1,427,1,1
2023HU1258710,2,427,1,1
2023HU1258710,3,427,1,1
2023HU1258745,1,501,1,1
2023HU1258749,1,501,1,1
2023HU1258749,2,501,1,1
2023HU1258749,3,501,1,1
2023HU1258749,4,501,1,1
2023HU1258749,5,501,1,1
2023HU1258956,1,202,4,1
2023HU1258956,2,202,4,1
2023HU1258956,3,202,4,1
2023HU1258974,1,487,1,1
2023HU1258974,2,487,1,1
2023HU1259066,1,370,2,1
2023HU1259066,2,370,2,1
2023HU1259120,1,501,1,1
2023HU1259229,1,501,2,1
2023HU1259229,2,501,2,1
2023HU1259448,1,501,1,1
2023HU1259448,2,501,1,1
2023HU1259507,1,9,1,1
2023HU1259600,1,501,1,1
2023HU1259600,2,501,1,1
2023HU1259661,1,501,1,1
2023HU1259661,2,501,1,1
2023HU1259661,3,501,1,1
2023HU1259681,1,313,1,1
2023HU1259681,2,313,1,1
2023HU1259713,1,501,1,1
2023HU1259713,2,501,1,1
2023HU1259760,1,362,1,1
2023HU1259760,2,362,1,1
2023HU1259760,3,362,1,1
2023HU1259760,4,362,1,1
2023HU1259774,1,471,1,1
2023HU1259774,2,471,1,1
2023HU1259794,1,173,2,1
2023HU1260018,1,501,1,1
2023HU1260018,2,501,1,1
2023HU1260025,1,491,1,1
2023HU1260025,2,491,1,1
2023HU1260028,1,54,3,1
2023HU1260028,2,54,3,1
2023HU1260056,1,498,1,1
2023HU1260056,2,498,1,1
2023HU1260056,3,498,1,1
2023HU1260056,4,498,1,1
2023HU1260172,1,105,4,1
2023HU1260229,1,112,1,1
2023HU1260536,1,501,1,1
2023HU1260536,2,501,1,1
2023HU1260536,3,501,1,1
2023HU1260701,1,185,2,1
2023HU1260701,2,185,2,1
2023HU1260701,3,185,2,1
2023HU1260701,4,185,2,1
2023HU1260701,5,185,2,1
2023HU1260701,6,191,2,1
2023HU1260827,1,501,2,1
2023HU1260827,2,501,2,1
2023HU1260827,3,501,2,1
2023HU1261154,1,390,3,1
2023HU1261155,1,501,1,1
2023HU1261155,2,501,1,1
2023HU1261230,1,460,1,1
2023HU1261509,1,255,2,1
2023HU1261626,1,67,3,1
2023HU1261729,1,501,1,1
2023HU1261729,2,501,1,1
2023HU1261729,3,501,1,1
2023HU1261773,1,501,1,1
2023HU1261773,2,501,1,1
2023HU1261885,1,130,3,1
2023HU1261921,1,292,3,1
2023HU1261921,2,110,3,1
2023HU1261921,3,435,3,1
2023HU1261932,1,501,3,1
2023HU1261932,2,501,3,1
2023HU1261932,3,,3,1
2023HU1262075,1,297,1,1
2023HU1262075,2,297,1,1
2023HU1262075,3,297,1,1
2023HU1262093,1,297,1,1
2023HU1262123,1,171,3,1
2023HU1262123,2,0,3,1
2023HU1262123,3,171,3,1
2023HU1262123,4,171,3,1
2023HU1262123,5,171,3,1
2023HU1262123,6,171,3,1
2023HU1262134,1,63,3,1
2023HU1262164,1,459,1,1
2023HU1262164,2,459,1,1
2023HU1262164,3,459,1,1
2023HU1262167,1,284,2,1
2023HU1262167,2,284,2,1
2023HU1262342,1,319,1,1
2023HU1262379,1,110,1,1
2023HU1262379,2,91,1,1
2023HU1262423,1,83,2,1
2023HU1262430,1,501,1,1
2023HU1262430,2,501,1,1
2023HU1262483,1,230,3,1
2023HU1262483,2,230,3,1
2023HU1262483,3,230,3,1
2023HU1262483,4,230,3,1
2023HU1262509,1,327,1,1
2023HU1262509,2,6,1,1
2023HU1262509,3,327,1,1
2023HU1262509,4,327,1,1
2023HU1262509,5,327,1,1
2023HU1262553,1,270,3,1
2023HU1262553,2,270,3,1
2023HU1262605,1,393,1,1
2023HU1262605,2,393,1,1
2023HU1262605,3,393,1,1
2023HU1262605,4,393,1,1
2023HU1262629,1,501,3,1
2023HU1262821,1,0,3,1
2023HU1262832,1,41,3,1
2023HU1262884,1,183,1,1
2023HU1262884,2,183,1,1
2023HU1263099,1,268,3,1
2023HU1263099,2,268,3,1
2023HU1263099,3,268,3,1
2023HU1263099,4,268,3,1
2023HU1263128,1,180,2,1
2023HU1263128,2,180,2,1
2023HU1263163,1,501,1,1
2023HU1263163,2,482,1,1
2023HU1263173,1,501,1,1
2023HU1263175,1,501,2,1
2023HU1263175,2,501,2,1
2023HU1263175,3,501,2,1
2023HU1263175,4,501,2,1
2023HU1263179,1,271,2,1
2023HU1263179,2,271,2,1
2023HU1263239,1,400,1,1
2023HU1263239,2,400,1,1
2023HU1263239,3,400,1,1
2023HU1263239,4,400,1,1
2023HU1263383,1,140,3,1
2023HU1263383,2,140,3,1
2023HU1263413,1,501,2,1
2023HU1263413,2,501,2,1
2023HU1263413,3,501,2,1
2023HU1263474,1,8,1,1
2023HU1263550,1,419,3,1
2023HU1263614,1,90,3,1
2023HU1263614,2,90,3,1
2023HU1263664,1,13,2,1
2023HU1263665,1,501,2,1
2023HU1263665,2,501,2,1
2023HU1263705,1,501,3,1
2023HU1263705,2,501,3,1
2023HU1263973,1,209,2,1
2023HU1263973,2,209,2,1
2023HU1264099,1,501,1,1
2023HU1264099,2,501,1,1
2023HU1264153,1,501,1,1
2023HU1264153,2,501,1,1
2023HU1264153,3,501,1,1
2023HU1264153,4,501,1,1
2023HU1264349,1,157,2,1
2023HU1264349,2,157,2,1
2023HU1264391,1,374,1,1
2023HU1264391,2,374,1,1
2023HU1264391,3,374,1,1
2023HU1264470,1,393,1,1
2023HU1264470,2,501,1,1
2023HU1264470,3,393,1,1
2023HU1264512,1,501,1,1
2023HU1264512,2,501,1,1
2023HU1264553,1,173,2,1
2023HU1264553,2,173,2,1
2023HU1264553,3,173,2,1
2023HU1264553,4,173,2,1
2023HU1264553,5,173,2,1
2023HU1264584,1,127,3,1
2023HU1264585,1,501,2,1
2023HU1264585,2,501,2,1
2023HU1264706,1,501,1,1
2023HU1264706,2,501,1,1
2023HU1264706,3,501,1,1
2023HU1264735,1,182,3,1
2023HU1264747,1,501,2,1
2023HU1264747,2,501,2,1
2023HU1264758,1,458,2,1
2023HU1264758,2,458,2,1
2023HU1264758,3,458,2,1
2023HU1264892,1,161,3,1
2023HU1264932,1,501,2,1
2023HU1264932,2,501,2,1
2023HU1264944,1,70,3,1
2023HU1264952,1,501,1,1
2023HU1264952,2,501,1,1
2023HU1265171,1,110,3,1
2023HU1265171,2,193,3,1
2023HU1265217,1,338,3,1
2023HU1265238,1,253,3,1
2023HU1265238,2,0,3,1
2023HU1265266,1,205,3,1
2023HU1265267,1,501,3,1
2023HU1265359,1,317,3,1
2023HU1265359,2,317,3,1
2023HU1265475,1,501,1,1
2023HU1265475,2,501,1,1
2023HU1265475,3,501,1,1
2023HU1265507,1,501,1,1
2023HU1265716,1,306,1,1
2023HU1265716,2,306,1,1
2023HU1265716,3,306,1,1
2023HU1265716,4,306,1,1
2023HU1265829,1,501,1,1
2023HU1265829,2,501,1,1
2023HU1265854,1,501,3,1
2023HU1265940,1,294,3,1
2023HU1266063,1,152,3,1
2023HU1266452,1,60,2,1
2023HU1266493,1,501,3,1
2023HU1266493,2,501,3,1
2023HU1266505,1,501,1,1
2023HU1266638,1,271,1,1
2023HU1266638,2,271,1,1
2023HU1266638,3,271,1,1
2023HU1266834,1,501,1,1
2023HU1266834,2,501,1,1
2023HU1266898,1,501,1,1
2023HU1266898,2,501,1,1
2023HU1266898,3,501,1,1
2023HU1266898,4,501,1,1
2023HU1266898,5,501,1,1
2023HU1267184,1,290,3,1
2023HU1267184,2,290,3,1
2023HU1267286,1,357,1,1
2023HU1267286,2,357,1,1
2023HU1267376,1,501,1,1
2023HU1267388,1,501,1,1
2023HU1267388,2,501,1,1
2023HU1267388,3,501,1,1
2023HU1267388,4,501,1,1
2023HU1267420,1,140,4,1
2023HU1267420,2,255,4,1
2023HU1267622,1,501,2,1
2023HU1267622,2,501,2,1
2023HU1267650,1,268,2,1
2023HU1267650,2,268,2,1
2023HU1267708,1,501,2,1
2023HU1267708,2,501,2,1
2023HU1267708,3,501,2,1
2023HU1267708,4,501,2,1
2023HU1267750,1,501,2,1
2023HU1267750,2,501,2,1
2023HU1267750,3,501,2,1
2023HU1267750,4,501,2,1
2023HU1267755,1,501,2,1
2023HU1267755,2,501,2,1
2023HU1267784,1,411,3,1
2023HU1267784,2,411,3,1
2023HU1267784,3,411,3,1
2023HU1267808,1,12,3,1
2023HU1267824,1,155,3,1
2023HU1267824,2,155,3,1
2023HU1267824,3,155,3,1
2023HU1267824,4,155,3,1
2023HU1267824,5,155,3,1
2023HU1267824,6,155,3,1
2023HU1267890,1,501,2,1
2023HU1267890,2,501,2,1
2023HU1267921,1,501,1,1
2023HU1267921,2,501,1,1
2023HU1267921,3,501,1,1
2023HU1267991,1,501,3,1
2023HU1267991,2,501,3,1
2023HU1268034,1,51,3,1
2023HU1268094,1,282,2,1
2023HU1268128,1,501,1,1
2023HU1268128,2,501,1,1
2023HU1268128,3,501,1,1
2023HU1268142,1,501,1,1
2023HU1268142,2,501,1,1
2023HU1268142,3,501,1,1
2023HU1268196,1,192,3,1
2023HU1268196,2,192,3,1
2023HU1268224,1,178,3,1
2023HU1268262,1,336,1,1
2023HU1268262,2,336,1,1
2023HU1268262,3,336,1,1
2023HU1268262,4,336,1,1
2023HU1268328,1,105,3,1
2023HU1268328,2,105,3,1
2023HU1268426,1,501,1,1
2023HU1268426,2,501,1,1
2023HU1268499,1,349,4,1
2023HU1268499,2,349,4,1
2023HU1268499,3,349,4,1
2023HU1268499,4,349,4,1
2023HU1268695,1,501,1,1
2023HU1268695,2,501,1,1
2023HU1268695,3,501,1,1
2023HU1268750,1,287,2,1
2023HU1268750,2,287,2,1
2023HU1268773,1,501,1,1
2023HU1268888,1,298,2,1
2023HU1268888,2,298,2,1
2023HU1268919,1,144,2,1
2023HU1269230,1,314,3,1
2023HU1269230,2,314,3,1
2023HU1269230,3,314,3,1
2023HU1269230,4,314,3,1
2023HU1269230,5,314,3,1
2023HU1269289,1,172,2,1
2023HU1269333,1,140,1,1
2023HU1269333,2,140,1,1
2023HU1269409,1,501,1,1
2023HU1269409,2,501,1,1
2023HU1269409,3,501,1,1
2023HU1269409,4,501,1,1
2023HU1269447,1,501,3,1
2023HU1269511,1,381,2,1
2023HU1269519,1,232,3,1
2023HU1269519,2,96,3,1
2023HU1269544,1,384,2,1
2023HU1269544,2,384,2,1
2023HU1269544,3,384,2,1
2023HU1269582,1,501,1,1
2023HU1269582,2,501,1,1
2023HU1269588,1,301,3,1
2023HU1269615,1,501,3,1
2023HU1269740,1,108,3,1
2023HU1269799,1,378,2,1
2023HU1269799,2,378,2,1
2023HU1269816,1,126,3,1
2023HU1269920,1,332,2,1
2023HU1269920,2,332,2,1
2023HU1269920,3,332,2,1
2023HU1270001,1,501,1,1
2023HU1270001,2,501,1,1
2023HU1270001,3,501,1,1
2023HU1270001,4,501,1,1
2023HU1270036,1,298,2,1
2023HU1270036,2,298,2,1
2023HU1270180,1,330,3,1
2023HU1270194,1,501,2,1
2023HU1270669,1,501,1,1
2023HU1270669,2,398,1,1
2023HU1270785,1,257,3,1
2023HU1270785,2,385,3,1
2023HU1271059,1,501,2,1
2023HU1271071,1,255,3,1
2023HU1271071,2,479,3,1
2023HU1271102,1,501,1,1
2023HU1271102,2,501,1,1
2023HU1271134,1,108,3,1
2023HU1271319,1,501,3,1
2023HU1271319,2,411,3,1
2023HU1271570,1,257,3,1
2023HU1271570,2,257,3,1
2023HU1271570,3,257,3,1
2023HU1271629,1,281,1,1
2023HU1271732,1,120,3,1
2023HU1271732,2,120,3,1
2023HU1271754,1,248,1,1
2023HU1271754,2,248,1,1
2023HU1271754,3,248,1,1
2023HU1271754,4,248,1,1
2023HU1271827,1,212,4,1
2023HU1271827,2,212,4,1
2023HU1272484,1,43,2,1
2023HU1272485,1,131,3,1
2023HU1272485,2,131,3,1
2023HU1272485,3,131,3,1
2023HU1272485,4,131,3,1
2023HU1272543,1,183,1,1
2023HU1272618,1,231,3,1
2023HU1272655,1,501,1,1
2023HU1272655,2,501,1,1
2023HU1272722,1,501,1,1
2023HU1272722,2,501,1,1
2023HU1272807,1,396,1,1
2023HU1272872,1,315,1,1
2023HU1272872,2,315,1,1
2023HU1272876,1,501,3,1
2023HU1272876,2,501,3,1
2023HU1272905,1,501,3,1
2023HU1272992,1,400,1,1
2023HU1272992,2,400,1,1
2023HU1272995,1,382,4,1
2023HU1273080,1,501,1,1
2023HU1273080,2,501,1,1
2023HU1273080,3,501,1,1
2023HU1273227,1,331,1,1
2023HU1273227,2,331,1,1
2023HU1273227,3,331,1,1
2023HU1273227,4,331,1,1
2023HU1273230,1,425,1,1
2023HU1273230,2,425,1,1
2023HU1273230,3,425,1,1
2023HU1273230,4,425,1,1
2023HU1273230,5,425,1,1
2023HU1273381,1,107,3,1
2023HU1273381,2,149,3,1
2023HU1273381,3,107,3,1
2023HU1273823,1,237,3,1
2023HU1273823,2,237,3,1
2023HU1273823,3,237,3,1
2023HU1273823,4,237,3,1
2023HU1273823,5,237,3,1
2023HU1273841,1,501,1,1
2023HU1273841,2,501,1,1
2023HU1273841,3,501,1,1
2023HU1273841,4,501,1,1
2023HU1273976,1,420,2,1
2023HU1273976,2,420,2,1
2023HU1273976,3,420,2,1
2023HU1273976,4,420,2,1
2023HU1273976,5,420,2,1
2023HU1273976,6,122,2,1
2023HU1274021,1,227,2,1
2023HU1274240,1,501,1,1
2023HU1274424,1,501,2,1
2023HU1274424,2,501,2,1
2023HU1274531,1,310,1,1
2023HU1274531,2,379,1,1
2023HU1274596,1,501,3,1
2023HU1274596,2,501,3,1
2023HU1274596,3,501,3,1
2023HU1274984,1,184,2,1
2023HU1275092,1,402,1,1
2023HU1275240,1,46,1,1
2023HU1275277,1,501,1,1
2023HU1275277,2,501,1,1
2023HU1275277,3,501,1,1
2023HU1275277,4,501,1,1
2023HU1275295,1,282,2,1
2023HU1275339,1,501,2,1
2023HU1275392,1,351,3,1
2023HU1275392,2,351,3,1
2023HU1275457,1,164,3,1
2023HU1275630,1,112,3,1
2023HU1275630,2,0,3,1
2023HU1275630,3,112,3,1
2023HU1275907,1,501,1,1
2023HU1275907,2,501,1,1
2023HU1275907,3,501,1,1
2023HU1275907,4,501,1,1
2023HU1276102,1,501,1,1
2023HU1276102,2,501,1,1
2023HU1276168,1,501,2,1
2023HU1276168,2,501,2,1
2023HU1276341,1,501,1,1
2023HU1276341,2,501,1,1
2023HU1276371,1,287,3,1
2023HU1276412,1,501,3,1
2023HU1276648,1,445,1,1
2023HU1276648,2,445,1,1
2023HU1276648,3,445,1,1
2023HU1276700,1,501,1,1
2023HU1276700,2,501,1,1
2023HU1276700,3,501,1,1
2023HU1276776,1,0,2,1
2023HU1276776,2,390,2,1
2023HU1276776,3,501,2,1
2023HU1276907,1,0,3,1
2023HU1276945,1,501,1,1
2023HU1276945,2,501,1,1
2023HU1276945,3,501,1,1
2023HU1276975,1,266,2,1
2023HU1277059,1,230,3,1
2023HU1277100,1,501,1,1
2023HU1277100,2,501,1,1
2023HU1277100,3,501,1,1
2023HU1277172,1,501,2,1
2023HU1277214,1,385,3,1
2023HU1277349,1,501,1,1
2023HU1277403,1,501,2,1
2023HU1277403,2,501,2,1
2023HU1277417,1,181,2,1
2023HU1277417,2,181,2,1
2023HU1277450,1,501,1,1
2023HU1277450,2,501,1,1
2023HU1277560,1,159,1,1
2023HU1277662,1,461,1,1
2023HU1277662,2,461,1,1
2023HU1277662,3,461,1,1
2023HU1277662,4,461,1,1
2023HU1277756,1,501,1,1
2023HU1277756,2,501,1,1
2023HU1277821,1,501,3,1
2023HU1277838,1,501,1,1
2023HU1277838,2,501,1,1
2023HU1277845,1,446,3,1
2023HU1277845,2,446,3,1
2023HU1277849,1,501,1,1
2023HU1277849,2,501,1,1
2023HU1277849,3,501,1,1
2023HU1277849,4,501,1,1
2023HU1278302,1,207,2,1
2023HU1278302,2,207,2,1
2023HU1278302,3,207,2,1
2023HU1278302,4,207,2,1
2023HU1278302,5,207,2,1
2023HU1278356,1,501,2,1
2023HU1278356,2,501,2,1
2023HU1278670,1,313,1,1
2023HU1278864,1,487,1,1
2023HU1278864,2,487,1,1
2023HU1278864,3,487,1,1
2023HU1278908,1,501,1,1
2023HU1278908,2,501,1,1
2023HU1278908,3,501,1,1
2023HU1278908,4,501,1,1
2023HU1278981,1,227,3,1
2023HU1278981,2,227,3,1
2023HU1278992,1,46,3,1
2023HU1278992,2,46,3,1
2023HU1278992,3,46,3,1
2023HU1279222,1,200,1,1
2023HU1279232,1,501,2,1
2023HU1279232,2,501,2,1
2023HU1279254,1,501,1,1
2023HU1279254,2,501,1,1
2023HU1279343,1,501,3,1
2023HU1279343,2,316,3,1
2023HU1279401,1,445,2,1
2023HU1279401,2,445,2,1
2023HU1279401,3,445,2,1
2023HU1279401,4,445,2,1
2023HU1279650,1,196,3,1
2023HU1279700,1,501,1,1
2023HU1279700,2,501,1,1
2023HU1279700,3,501,1,1
2023HU1279941,1,501,1,1
2023HU1279941,2,501,1,1
2023HU1279965,1,501,3,1
2023HU1279965,2,501,3,1
2023HU1279965,3,501,3,1
2023HU1280000,1,501,1,1
2023HU1280000,2,501,1,1
2023HU1280000,3,501,1,1
2023HU1280000,4,501,1,1
2023HU1280004,1,492,1,1
2023HU1280104,1,69,3,1
2023HU1280104,2,442,3,1
2023HU1280185,1,212,1,1
2023HU1280185,2,212,1,1
2023HU1280185,3,212,1,1
2023HU1280185,4,212,1,1
2023HU1280185,5,212,1,1
2023HU1280185,6,212,1,1
2023HU1280215,1,0,3,1
2023HU1280215,2,0,3,1
2023HU1280215,3,0,3,1
2023HU1280215,4,0,3,1
2023HU1280215,5,0,3,1
2023HU1280306,1,501,1,1
2023HU1280306,2,501,1,1
2023HU1280446,1,232,3,1
2023HU1280446,2,232,3,1
2023HU1280535,1,501,2,1
2023HU1280535,2,501,2,1
2023HU1280677,1,501,3,1
2023HU1280750,1,501,1,1
2023HU1280750,2,501,1,1
2023HU1280750,3,501,1,1
2023HU1280750,4,501,1,1
2023HU1280819,1,137,3,1
2023HU1280819,2,82,3,1
2023HU1280982,1,223,3,1
2023HU1281106,1,454,3,1
2023HU1281106,2,454,3,1
2023HU1281106,3,19,3,1
2023HU1281106,4,345,3,1
2023HU1281106,5,64,3,1
2023HU1281153,1,147,3,1
2023HU1281296,1,234,1,1
2023HU1281296,2,234,1,1
2023HU1281296,3,234,1,1
2023HU1281296,4,234,1,1
2023HU1281296,5,234,1,1
2023HU1281296,6,234,1,1
2023HU1281375,1,501,2,1
2023HU1281375,2,501,2,1
2023HU1281453,1,251,3,1
2023HU1281479,1,254,1,1
2023HU1281597,1,501,3,1
2023HU1281597,2,501,3,1
2023HU1281602,1,501,1,1
2023HU1281602,2,501,1,1
2023HU1281602,3,501,1,1
2023HU1281602,4,202,1,1
2023HU1281681,1,501,1,1
2023HU1281778,1,385,1,1
2023HU1281778,2,385,1,1
2023HU1281812,1,387,3,1
2023HU1281925,1,373,3,1
2023HU1281925,2,373,3,1
2023HU1281944,1,501,1,1
2023HU1281944,2,501,1,1
2023HU1281975,1,477,3,1
2023HU1281975,2,477,3,1
2023HU1281975,3,477,3,1
2023HU1281998,1,501,1,1
2023HU1282257,1,501,1,1
2023HU1282325,1,501,2,1
2023HU1282828,1,60,1,1
2023HU1282915,1,501,1,1
2023HU1282974,1,501,1,1
2023HU1282974,2,501,1,1
2023HU1283159,1,501,3,1
2023HU1283170,1,501,1,1
2023HU1283170,2,501,1,1
2023HU1283178,1,0,3,1
2023HU1283268,1,196,2,1
2023HU1283268,2,196,2,1
2023HU1283485,1,501,1,1
2023HU1283485,2,501,1,1
2023HU1283521,1,249,3,1
2023HU1283570,1,111,2,1
2023HU1283635,1,372,2,1
2023HU1283635,2,137,2,1
2023HU1283635,3,372,2,1
2023HU1283653,1,90,3,1
2023HU1283653,2,90,3,1
2023HU1283653,3,90,3,1
2023HU1283665,1,501,1,1
2023HU1283665,2,501,1,1
2023HU1283697,1,313,1,1
2023HU1283697,2,501,1,1
2023HU1283697,3,313,1,1
2023HU1283711,1,501,1,1
2023HU1283711,2,501,1,1
2023HU1284025,1,501,3,1
2023HU1284326,1,43,1,1
2023HU1284379,1,501,1,1
2023HU1284379,2,501,1,1
2023HU1284519,1,434,3,1
2023HU1284519,2,434,3,1
2023HU1284519,3,434,3,1
2023HU1284519,4,434,3,1
2023HU1284534,1,501,3,1
2023HU1284543,1,425,1,1
2023HU1284653,1,317,3,1
2023HU1284653,2,317,3,1
2023HU1284653,3,317,3,1
2023HU1284653,4,317,3,1
2023HU1284653,5,317,3,1
2023HU1284900,1,132,2,1
2023HU1284998,1,501,1,1
2023HU1284998,2,501,1,1
2023HU1284998,3,501,1,1
2023HU1285057,1,492,1,1
2023HU1285057,2,492,1,1
2023HU1285057,3,492,1,1
2023HU1285057,4,492,1,1
2023HU1285148,1,220,3,1
2023HU1285218,1,280,3,1
2023HU1285218,2,280,3,1
2023HU1285229,1,501,3,1
2023HU1285289,1,501,2,1
2023HU1285289,2,501,2,1
2023HU1285374,1,501,2,1
2023HU1285395,1,165,3,1
2023HU1285395,2,165,3,1
2023HU1285395,3,165,3,1
2023HU1285395,4,165,3,1
2023HU1285395,5,165,3,1
2023HU1285503,1,501,2,1
2023HU1285527,1,177,3,1
2023HU1285527,2,177,3,1
2023HU1285527,3,177,3,1
2023HU1285536,1,228,3,1
2023HU1285593,1,440,2,1
2023HU1285593,2,440,2,1
2023HU1285593,3,440,2,1
2023HU1285597,1,223,1,1
2023HU1285694,1,501,2,1
2023HU1285694,2,501,2,1
2023HU1285694,3,501,2,1
2023HU1285694,4,501,2,1
2023HU1285715,1,501,3,1
2023HU1285745,1,501,2,1
2023HU1285745,2,501,2,1
2023HU1285797,1,365,1,1
2023HU1285845,1,501,2,1
2023HU1285845,2,501,2,1
2023HU1285845,3,501,2,1
2023HU1285845,4,501,2,1
2023HU1286107,1,240,1,1
2023HU1286197,1,368,1,1
2023HU1286197,2,368,1,1
2023HU1286197,3,368,1,1
2023HU1286197,4,368,1,1
2023HU1286356,1,146,2,1
2023HU1286356,2,105,2,1
2023HU1286356,3,146,2,1
2023HU1286369,1,201,2,1
2023HU1286390,1,501,1,1
2023HU1286390,2,501,1,1
2023HU1286390,3,501,1,1
2023HU1286390,4,501,1,1
2023HU1286778,1,501,3,1
2023HU1286778,2,0,3,1
2023HU1287030,1,282,1,1
2023HU1287063,1,501,3,1
2023HU1287076,1,501,1,1
2023HU1287076,2,501,1,1
2023HU1287089,1,85,1,1
2023HU1287089,2,85,1,1
2023HU1287139,1,65,4,1
2023HU1287139,2,65,4,1
2023HU1287381,1,345,2,1
2023HU1287381,2,345,2,1
2023HU1287381,3,345,2,1
2023HU1287381,4,345,2,1
2023HU1287491,1,344,1,1
2023HU1287491,2,344,1,1
2023HU1287491,3,344,1,1
2023HU1287619,1,501,1,1
2023HU1287671,1,501,3,1
2023HU1287779,1,431,3,1
2023HU1287779,2,431,3,1
2023HU1287988,1,230,1,1
2023HU1287988,2,230,1,1
2023HU1287988,3,230,1,1
2023HU1287988,4,230,1,1
2023HU1288120,1,0,2,1
2023HU1288518,1,501,1,1
2023HU1288518,2,501,1,1
2023HU1288585,1,501,3,1
2023HU1288585,2,319,3,1
2023HU1288963,1,501,1,1
2023HU1288963,2,501,1,1
2023HU1288963,3,501,1,1
2023HU1288963,4,501,1,1
2023HU1288964,1,501,3,1
2023HU1288964,2,501,3,1
2023HU1289002,1,501,2,1
2023HU1289093,1,501,1,1
2023HU1289093,2,501,1,1
2023HU1289093,3,501,1,1
2023HU1289107,1,501,1,1
2023HU1289107,2,501,1,1
2023HU1289107,3,501,1,1
2023HU1289107,4,501,1,1
2023HU1289107,5,501,1,1
2023HU1289107,6,501,1,1
2023HU1289130,1,319,1,1
2023HU1289152,1,239,2,1
2023HU1289239,1,501,3,1
2023HU1289239,2,501,3,1
2023HU1289239,3,501,3,1
2023HU1289255,1,70,3,1
2023HU1289255,2,70,3,1
2023HU1289255,3,70,3,1
2023HU1289255,4,70,3,1
2023HU1289255,5,70,3,1
2023HU1289329,1,501,2,1
2023HU1289329,2,501,2,1
2023HU1289329,3,501,2,1
2023HU1289474,1,501,1,1
2023HU1289474,2,501,1,1
2023HU1289474,3,501,1,1
2023HU1289556,1,341,2,1
2023HU1289556,2,341,2,1
2023HU1289732,1,501,1,1
2023HU1289732,2,501,1,1
2023HU1289831,1,501,3,1
2023HU1289947,1,501,1,1
2023HU1289947,2,501,1,1
2023HU1290114,1,501,2,1
2023HU1290114,2,501,2,1
2023HU1290114,3,501,2,1
2023HU1290150,1,501,2,1
2023HU1290150,2,501,2,1
2023HU1290195,1,271,1,1
2023HU1290195,2,271,1,1
2023HU1290282,1,466,2,1
2023HU1290282,2,466,2,1
2023HU1290282,3,466,2,1
2023HU1290346,1,127,3,1
2023HU1290346,2,259,3,1
2023HU1290346,3,127,3,1
2023HU1290346,4,127,3,1
2023HU1290463,1,294,3,1
2023HU1290463,2,294,3,1
2023HU1290463,3,501,3,1
2023HU1290469,1,452,2,1
2023HU1290469,2,452,2,1
2023HU1290503,1,431,1,1
2023HU1290541,1,501,1,1
2023HU1290541,2,501,1,1
2023HU1290541,3,501,1,1
2023HU1290544,1,272,1,1
2023HU1290568,1,146,3,1
2023HU1290842,1,71,2,1
2023HU1290845,1,501,3,1
2023HU1290845,2,501,3,1
2023HU1290887,1,501,3,1
2023HU1290991,1,270,4,1
2023HU1290991,2,270,4,1
2023HU1290991,3,270,4,1
2023HU1291142,1,153,3,1
2023HU1291203,1,436,3,1
2023HU1291404,1,501,2,1
2023HU1291404,2,501,2,1
2023HU1291574,1,501,2,1
2023HU1291580,1,161,2,1
2023HU1291580,2,161,2,1
2023HU1291618,1,501,1,1
2023HU1291618,2,501,1,1
2023HU1291618,3,501,1,1
2023HU1291878,1,247,2,1
2023HU1291878,2,247,2,1
2023HU1291907,1,43,1,1
2023HU1291907,2,43,1,1
2023HU1292322,1,6,3,1
2023HU1292380,1,4,3,1
2023HU1292380,2,4,3,1
2023HU1292380,3,4,3,1
2023HU1292555,1,185,3,1
2023HU1292680,1,501,2,1
2023HU1292694,1,501,2,1
2023HU1292694,2,501,2,1
2023HU1292694,3,501,2,1
2023HU1292694,4,501,2,1
2023HU1292694,5,501,2,1
2023HU1292791,1,501,1,1
2023HU1292791,2,501,1,1
2023HU1292805,1,361,1,1
2023HU1292948,1,49,3,1
2023HU1292948,2,49,3,1
2023HU1292967,1,420,1,1
2023HU1292967,2,420,1,1
2023HU1292967,3,420,1,1
2023HU1292967,4,420,1,1
2023HU1292967,5,420,1,1
2023HU1293179,1,398,3,1
2023HU1293179,2,501,3,1
2023HU1293183,1,501,1,1
2023HU1293201,1,451,2,1
2023HU1293287,1,134,2,1
2023HU1293287,2,134,2,1
2023HU1293287,3,134,2,1
2023HU1293447,1,117,2,1
2023HU1293447,2,117,2,1
2023HU1293447,3,117,2,1
2023HU1293447,4,117,2,1
2023HU1293752,1,356,3,1
2023HU1293845,1,183,3,1
2023HU1293845,2,91,3,1
2023HU1293845,3,183,3,1
2023HU1293845,4,183,3,1
2023HU1293896,1,20,2,1
2023HU1293933,1,300,1,1
2023HU1293933,2,300,1,1
2023HU1293933,3,300,1,1
2023HU1293933,4,300,1,1
2023HU1294077,1,439,3,1
2023HU1294077,2,439,3,1
2023HU1294077,3,439,3,1
2023HU1294077,4,439,3,1
2023HU1294077,5,439,3,1
2023HU1294077,6,439,3,1
2023HU1294077,7,439,3,1
2023HU1294198,1,156,1,1
2023HU1294198,2,156,1,1
2023HU1294198,3,156,1,1
2023HU1294270,1,314,2,1
2023HU1294270,2,314,2,1
2023HU1294270,3,314,2,1
2023HU1294270,4,314,2,1
2023HU1294270,5,314,2,1
2023HU1294348,1,501,2,1
2023HU1294348,2,501,2,1
2023HU1294348,3,501,2,1
2023HU1294348,4,501,2,1
2023HU1294348,5,501,2,1
2023HU1294435,1,18,3,1
2023HU1294444,1,473,1,1
2023HU1294444,2,473,1,1
2023HU1294462,1,427,4,1
2023HU1294710,1,311,1,1
2023HU1294710,2,311,1,1
2023HU1294710,3,311,1,1
2023HU1294710,4,311,1,1
2023HU1294936,1,328,2,1
2023HU1294936,2,328,2,1
2023HU1294936,3,328,2,1
2023HU1294936,4,328,2,1
2023HU1295003,1,415,2,1
2023HU1295003,2,415,2,1
2023HU1295007,1,501,3,1
2023HU1295101,1,501,1,1
2023HU1295101,2,501,1,1
2023HU1295299,1,210,2,1
2023HU1295299,2,210,2,1
2023HU1295299,3,210,2,1
2023HU1295371,1,315,1,1
2023HU1295414,1,185,1,1
2023HU1295414,2,185,1,1
2023HU1295414,3,185,1,1
2023HU1295603,1,501,2,1
2023HU1295603,2,501,2,1
2023HU1295660,1,445,1,1
2023HU1295660,2,445,1,1
2023HU1295920,1,501,3,1
2023HU1295951,1,501,3,1
2023HU1295951,2,501,3,1
2023HU1296020,1,21,3,1
2023HU1296020,2,21,3,1
2023HU1296025,1,257,1,1
2023HU1296025,2,283,1,1
2023HU1296034,1,501,3,1
2023HU1296034,2,501,3,1
2023HU1296034,3,501,3,1
2023HU1296034,4,501,3,1
2023HU1296144,1,42,3,1
2023HU1296144,2,42,3,1
2023HU1296179,1,501,1,1
2023HU1296179,2,501,1,1
2023HU1296179,3,501,1,1
2023HU1296179,4,501,1,1
2023HU1296246,1,27,1,1
2023HU1296246,2,27,1,1
2023HU1296246,3,27,1,1
2023HU1296246,4,27,1,1
2023HU1296246,5,27,1,1
2023HU1296246,6,429,1,1
2023HU1296246,7,53,1,1
2023HU1296298,1,501,1,1
2023HU1296298,2,501,1,1
2023HU1296354,1,330,2,1
2023HU1296354,2,330,2,1
2023HU1296354,3,330,2,1
2023HU1296354,4,330,2,1
2023HU1296354,5,330,2,1
2023HU1296354,6,330,2,1
2023HU1296372,1,501,2,1
2023HU1296377,1,501,2,1
2023HU1296377,2,501,2,1
2023HU1296377,3,501,2,1
2023HU1296385,1,380,3,1
2023HU1296385,2,501,3,1
2023HU1296446,1,426,2,1
2023HU1296446,2,426,2,1
2023HU1296453,1,83,3,1
2023HU1296501,1,501,3,1
2023HU1296501,2,501,3,1
2023HU1296510,1,66,3,1
2023HU1296614,1,501,2,1
2023HU1296614,2,501,2,1
2023HU1296614,3,501,2,1
2023HU1296724,1,233,2,1
2023HU1296724,2,233,2,1
2023HU1296762,1,413,2,1
2023HU1296776,1,248,1,1
2023HU1296776,2,248,1,1
2023HU1296907,1,403,1,1
2023HU1296907,2,403,1,1
2023HU1296907,3,403,1,1
2023HU1296907,4,403,1,1
2023HU1296948,1,501,3,1
2023HU1297035,1,263,3,1
2023HU1297072,1,39,3,1
2023HU1297128,1,501,1,1
2023HU1297128,2,501,1,1
2023HU1297328,1,501,1,1
2023HU1297328,2,501,1,1
2023HU1297328,3,501,1,1
2023HU1297328,4,501,1,1
2023HU1297335,1,501,1,1
2023HU1297335,2,501,1,1
2023HU1297335,3,501,1,1
2023HU1297457,1,202,2,1
2023HU1297527,1,501,3,1
2023HU1297527,2,501,3,1
2023HU1297539,1,105,3,1
2023HU1297706,1,501,1,1
2023HU1297706,2,501,1,1
2023HU1297706,3,501,1,1
2023HU1297706,4,501,1,1
2023HU1297712,1,266,2,1
2023HU1297744,1,501,3,1
2023HU1297744,2,501,3,1
2023HU1297957,1,61,3,1
2023HU1297957,2,61,3,1
2023HU1297983,1,387,3,1
2023HU1297983,2,387,3,1
2023HU1297995,1,387,1,1
2023HU1297995,2,387,1,1
2023HU1298019,1,248,3,1
2023HU1298019,2,248,3,1
2023HU1298019,3,248,3,1
2023HU1298146,1,420,1,1
2023HU1298146,2,420,1,1
2023HU1298146,3,420,1,1
2023HU1298146,4,420,1,1
2023HU1298211,1,501,1,1
2023HU1298211,2,501,1,1
2023HU1298211,3,501,1,1
2023HU1298353,1,403,2,1
2023HU1298353,2,403,2,1
2023HU1298353,3,403,2,1
2023HU1298353,4,403,2,1
2023HU1298360,1,350,1,1
2023HU1298360,2,350,1,1
2023HU1298360,3,350,1,1
2023HU1298373,1,501,2,1
2023HU1298373,2,501,2,1
2023HU1298580,1,501,1,1
2023HU1298580,2,501,1,1
2023HU1298755,1,501,1,1
2023HU1298755,2,501,1,1
2023HU1298755,3,501,1,1
2023HU1298755,4,501,1,1
2023HU1298755,5,501,1,1
2023HU1298828,1,501,1,1
2023HU1298828,2,501,1,1
2023HU1298828,3,501,1,1
2023HU1298946,1,107,3,1
2023HU1298946,2,107,3,1
2023HU1298950,1,258,3,1
2023HU1298972,1,501,1,1
2023HU1298972,2,501,1,1
2023HU1299007,1,501,3,1
2023HU1299212,1,83,3,1
2023HU1299657,1,415,3,1
2023HU1299657,2,415,3,1
2023HU1299657,3,415,3,1
2023HU1299657,4,415,3,1
2023HU1299858,1,159,4,1
2023HU1300065,1,501,1,1
2023HU1300065,2,501,1,1
2023HU1300065,3,501,1,1
2023HU1300119,1,340,2,1
2023HU1300207,1,501,1,1
2023HU1300207,2,501,1,1
2023HU1300207,3,501,1,1
2023HU1300207,4,501,1,1
2023HU1300245,1,235,1,1
2023HU1300260,1,152,2,1
2023HU1300365,1,501,1,1
2023HU1300365,2,501,1,1
2023HU1300381,1,354,2,1
2023HU1300472,1,225,3,1
2023HU1300479,1,501,2,1
2023HU1300479,2,501,2,1
2023HU1300479,3,501,2,1
2023HU1300479,4,501,2,1
2023HU1300593,1,231,3,1
2023HU1300749,1,413,3,1
2023HU1300749,2,413,3,1
2023HU1300758,1,501,2,1
2023HU1300772,1,501,1,1
2023HU1300772,2,501,1,1
2023HU1300870,1,501,2,1
2023HU1300930,1,501,1,1
2023HU1300930,2,501,1,1
2023HU1300930,3,501,1,1
2023HU1300930,4,501,1,1
2023HU1300930,5,501,1,1
2023HU1300930,6,501,1,1
2023HU1300930,7,501,1,1
2023HU1300930,8,501,1,1
2023HU1300949,1,153,2,1
2023HU1300949,2,0,2,1
2023HU1300988,1,180,2,1
2023HU1301141,1,501,3,1
2023HU1301141,2,501,3,1
2023HU1301141,3,501,3,1
2023HU1301141,4,501,3,1
2023HU1301141,5,501,3,1
2023HU1301173,1,59,3,1
2023HU1301173,2,59,3,1
2023HU1301173,3,42,3,1
2023HU1301173,4,49,3,1
2023HU1301173,5,109,3,1
2023HU1301178,1,501,2,1
2023HU1301178,2,501,2,1
2023HU1301308,1,501,2,1
2023HU1301471,1,501,1,1
2023HU1301471,2,501,1,1
2023HU1301471,3,501,1,1
2023HU1301471,4,501,1,1
2023HU1301718,1,45,1,1
2023HU1301748,1,501,1,1
2023HU1301752,1,95,3,1
2023HU1301752,2,215,3,1
2023HU1301752,3,95,3,1
2023HU1302141,1,501,1,1
2023HU1302141,2,501,1,1
2023HU1302141,3,501,1,1
2023HU1302141,4,501,1,1
2023HU1302141,5,501,1,1
2023HU1302212,1,501,2,1
2023HU1302212,2,501,2,1
2023HU1302221,1,501,2,1
2023HU1302449,1,368,2,1
2023HU1302595,1,275,2,1
2023HU1302595,2,275,2,1
2023HU1302595,3,275,2,1
2023HU1302595,4,275,2,1
2023HU1302603,1,384,1,1
2023HU1302603,2,384,1,1
2023HU1302615,1,3,1,1
2023HU1302615,2,353,1,1
2023HU1302615,3,3,1,1
2023HU1302615,4,3,1,1
2023HU1302615,5,3,1,1
2023HU1302690,1,485,1,1
2023HU1302690,2,485,1,1
2023HU1302690,3,485,1,1
2023HU1302694,1,92,1,1
2023HU1302694,2,92,1,1
2023HU1302694,3,92,1,1
2023HU1302694,4,92,1,1
2023HU1302694,5,92,1,1
2023HU1302694,6,92,1,1
2023HU1302709,1,501,1,1
2023HU1302709,2,501,1,1
2023HU1302709,3,501,1,1
2023HU1302715,1,501,2,1
2023HU1302773,1,501,1,1
2023HU1302773,2,501,1,1
2023HU1302898,1,304,3,1
2023HU1302898,2,304,3,1
2023HU1303020,1,403,1,1
2023HU1303028,1,501,1,1
2023HU1303028,2,501,1,1
2023HU1303163,1,129,2,1
2023HU1303242,1,501,2,1
2023HU1303242,2,501,2,1
2023HU1303304,1,501,1,1
2023HU1303307,1,501,3,1
2023HU1303334,1,310,1,1
2023HU1303398,1,364,4,1
2023HU1303458,1,122,3,1
2023HU1303458,2,122,3,1
2023HU1303458,3,122,3,1
2023HU1303458,4,122,3,1
2023HU1303458,5,122,3,1
2023HU1303982,1,501,1,1
2023HU1303982,2,501,1,1
2023HU1303982,3,501,1,1
2023HU1303982,4,501,1,1
2023HU1304016,1,156,2,1
2023HU1304016,2,156,2,1
2023HU1304016,3,156,2,1
2023HU1304016,4,156,2,1
2023HU1304016,5,156,2,1
2023HU1304343,1,13,2,1
2023HU1304347,1,189,3,1
2023HU1304483,1,120,2,1
2023HU1304587,1,286,3,1
2023HU1304657,1,501,1,1
2023HU1304679,1,501,1,1
2023HU1304679,2,501,1,1
2023HU1304679,3,501,1,1
2023HU1304679,4,501,1,1
2023HU1304915,1,70,3,1
2023HU1304915,2,59,3,1
2023HU1304963,1,82,2,1
2023HU1305002,1,110,2,1
2023HU1305005,1,201,3,1
2023HU1305005,2,295,3,1
2023HU1305005,3,201,3,1
2023HU1305005,4,201,3,1
2023HU1305005,5,201,3,1
2023HU1305132,1,501,2,1
2023HU1305132,2,501,2,1
2023HU1305212,1,417,3,1
2023HU1305309,1,501,2,1
2023HU1305309,2,264,2,1
2023HU1305452,1,501,2,1
2023HU1305452,2,501,2,1
2023HU1305530,1,424,3,1
2023HU1305530,2,424,3,1
2023HU1305623,1,501,1,1
2023HU1305623,2,501,1,1
2023HU1306005,1,501,1,1
2023HU1306081,1,156,2,1
2023HU1306081,2,156,2,1
2023HU1306123,1,501,2,1
2023HU1306123,2,501,2,1
2023HU1306123,3,501,2,1
2023HU1306360,1,501,2,1
2023HU1306360,2,501,2,1
2023HU1306363,1,501,2,1
2023HU1306363,2,501,2,1
2023HU1306415,1,337,3,1
2023HU1306415,2,501,3,1
2023HU1306415,3,337,3,1
2023HU1306415,4,337,3,1
2023HU1306432,1,501,2,1
2023HU1306432,2,501,2,1
2023HU1306466,1,501,2,1
2023HU1306466,2,501,2,1
2023HU1306626,1,227,3,1
2023HU1306784,1,501,2,1
2023HU1306784,2,501,2,1
2023HU1306784,3,501,2,1
2023HU1306888,1,501,1,1
2023HU1307104,1,40,3,1
2023HU1307117,1,501,3,1
2023HU1307117,2,501,3,1
2023HU1307235,1,135,1,1
2023HU1307235,2,135,1,1
2023HU1307235,3,135,1,1
2023HU1307235,4,135,1,1
2023HU1307305,1,394,3,1
2023HU1307344,1,174,3,1
2023HU1307478,1,501,3,1
2023HU1307478,2,501,3,1
2023HU1307478,3,501,3,1
2023HU1307478,4,501,3,1
2023HU1307508,1,105,3,1
2023HU1307508,2,105,3,1
2023HU1307508,3,105,3,1
2023HU1307508,4,105,3,1
2023HU1307632,1,501,1,1
2023HU1307632,2,501,1,1
2023HU1307632,3,501,1,1
2023HU1307632,4,501,1,1
2023HU1307632,5,501,1,1
2023HU1307762,1,482,2,1
2023HU1307912,1,501,1,1
2023HU1307923,1,453,2,1
2023HU1307923,2,453,2,1
2023HU1308014,1,359,3,1
2023HU1308014,2,359,3,1
2023HU1308038,1,249,3,1
2023HU1308094,1,501,1,1
2023HU1308094,2,501,1,1
2023HU1308117,1,501,3,1
2023HU1308117,2,501,3,1
2023HU1308154,1,501,1,1
2023HU1308154,2,501,1,1
2023HU1308154,3,501,1,1
2023HU1308256,1,127,3,1
2023HU1308256,2,382,3,1
2023HU1308256,3,501,3,1
2023HU1308257,1,501,2,1
2023HU1308257,2,501,2,1
2023HU1308313,1,501,1,1
2023HU1308313,2,501,1,1
2023HU1308313,3,501,1,1
2023HU1308441,1,290,2,1
2023HU1308441,2,290,2,1
2023HU1308594,1,78,2,1
2023HU1308638,1,261,2,1
2023HU1308638,2,261,2,1
2023HU1308645,1,501,2,1
2023HU1308645,2,501,2,1
2023HU1308758,1,501,2,1
2023HU1308758,2,501,2,1
2023HU1308815,1,501,1,1
2023HU1308849,1,243,1,1
2023HU1308849,2,243,1,1
2023HU1308918,1,501,1,1
2023HU1309039,1,259,2,1
2023HU1309039,2,259,2,1
2023HU1309065,1,501,1,1
2023HU1309065,2,501,1,1
2023HU1309065,3,501,1,1
2023HU1309079,1,501,2,1
2023HU1309123,1,501,2,1
2023HU1309123,2,501,2,1
2023HU1309162,1,454,3,1
2023HU1309162,2,454,3,1
2023HU1309162,3,454,3,1
2023HU1309162,4,454,3,1
2023HU1309162,5,454,3,1
2023HU1309162,6,454,3,1
2023HU1309162,7,454,3,1
2023HU1309168,1,232,3,1
2023HU1309168,2,338,3,1
2023HU1309168,3,191,3,1
2023HU1309206,1,94,3,1
2023HU1309347,1,501,1,1
2023HU1309347,2,501,1,1
2023HU1309347,3,501,1,1
2023HU1309347,4,501,1,1
2023HU1309364,1,501,3,1
2023HU1309364,2,384,3,1
2023HU1309463,1,127,3,1
2023HU1309463,2,127,3,1
2023HU1309669,1,501,1,1
2023HU1309669,2,501,1,1
2023HU1309669,3,501,1,1
2023HU1309669,4,501,1,1
2023HU1309823,1,328,1,1
2023HU1309867,1,501,1,1
2023HU1309867,2,501,1,1
2023HU1309940,1,423,1,1
2023HU1309940,2,423,1,1
2023HU1309962,1,501,1,1
2023HU1309962,2,501,1,1
2023HU1310056,1,44,3,1
2023HU1310282,1,271,3,1
2023HU1310282,2,271,3,1
2023HU1310315,1,194,2,1
2023HU1310315,2,194,2,1
2023HU1310315,3,194,2,1
2023HU1310315,4,194,2,1
2023HU1310315,5,194,2,1
2023HU1310315,6,194,2,1
2023HU1310315,7,194,2,1
2023HU1310315,8,194,2,1
2023HU1310315,9,194,2,1
2023HU1310315,10,194,2,1
2023HU1310315,11,194,2,1
2023HU1310315,12,194,2,1
2023HU1310405,1,473,1,1
2023HU1310405,2,473,1,1
2023HU1310559,1,501,1,1
2023HU1310559,2,501,1,1
2023HU1310559,3,501,1,1
2023HU1310559,4,501,1,1
2023HU1310616,1,45,2,1
2023HU1310616,2,225,2,1
2023HU1310698,1,456,4,1
2023HU1310726,1,501,2,1
2023HU1310805,1,34,1,1
2023HU1310846,1,501,3,1
2023HU1310846,2,501,3,1
2023HU1310911,1,501,1,1
2023HU1310911,2,501,1,1
2023HU1310911,3,501,1,1
2023HU1310911,4,501,1,1
2023HU1310989,1,218,3,1
2023HU1310989,2,218,3,1
2023HU1310989,3,218,3,1
2023HU1310989,4,218,3,1
2023HU1311154,1,368,1,1
2023HU1311154,2,6,1,1
2023HU1311154,3,368,1,1
2023HU1311404,1,0,3,1
2023HU1311404,2,0,3,1
2023HU1311420,1,501,2,1
2023HU1311420,2,501,2,1
2023HU1311731,1,342,1,1
2023HU1311731,2,342,1,1
2023HU1311731,3,342,1,1
2023HU1311731,4,342,1,1
2023HU1311731,5,342,1,1
2023HU1311885,1,501,1,1
2023HU1311896,1,286,2,1
2023HU1311896,2,375,2,1
2023HU1311968,1,501,3,1
2023HU1311982,1,501,3,1
2023HU1311982,2,501,3,1
2023HU1312461,1,97,3,1
2023HU1312461,2,97,3,1
2023HU1312461,3,97,3,1
2023HU1312615,1,434,3,1
2023HU1312761,1,501,1,1
2023HU1312804,1,402,1,1
2023HU1312804,2,402,1,1
2023HU1312804,3,402,1,1
2023HU1312972,1,82,3,1
2023HU1312972,2,82,3,1
2023HU1312972,3,82,3,1
2023HU1312972,4,82,3,1
2023HU1312972,5,82,3,1
2023HU1312972,6,82,3,1
2023HU1312978,1,173,2,1
2023HU1312978,2,173,2,1
2023HU1312978,3,173,2,1
2023HU1312978,4,316,2,1
2023HU1312978,5,392,2,1
2023HU1312978,6,281,2,1
2023HU1313099,1,501,3,1
2023HU1313099,2,417,3,1
2023HU1313419,1,501,1,1
2023HU1313419,2,501,1,1
2023HU1313419,3,501,1,1
2023HU1313419,4,501,1,1
2023HU1313445,1,501,1,1
2023HU1313445,2,501,1,1
2023HU1313516,1,286,3,1
2023HU1313632,1,501,3,1
2023HU1313705,1,212,3,1
2023HU1313725,1,288,3,1
2023HU1313780,1,77,2,1
2023HU1313848,1,501,3,1
2023HU1313848,2,501,3,1
2023HU1313942,1,501,1,1
2023HU1313942,2,501,1,1
2023HU1313942,3,501,1,1
2023HU1314098,1,291,2,1
2023HU1314098,2,291,2,1
2023HU1314098,3,291,2,1
2023HU1314098,4,291,2,1
2023HU1314102,1,222,2,1
2023HU1314102,2,222,2,1
2023HU1314363,1,247,1,1
2023HU1314363,2,247,1,1
2023HU1314363,3,247,1,1
2023HU1314367,1,7,2,1
2023HU1314367,2,7,2,1
2023HU1314475,1,305,3,1
2023HU1314484,1,501,3,1
2023HU1314484,2,501,3,1
2023HU1314495,1,151,3,1
2023HU1314495,2,151,3,1
2023HU1314495,3,151,3,1
2023HU1314495,4,151,3,1
2023HU1314495,5,151,3,1
2023HU1314664,1,457,3,1
2023HU1314697,1,501,3,1
2023HU1314717,1,174,2,1
2023HU1314816,1,501,1,1
2023HU1314837,1,141,3,1
2023HU1314905,1,288,2,1
2023HU1314905,2,288,2,1
2023HU1314920,1,129,3,1
2023HU1314920,2,84,3,1
2023HU1315039,1,501,3,1
2023HU1315051,1,501,1,1
2023HU1315051,2,501,1,1
2023HU1315249,1,501,1,1
2023HU1315249,2,501,1,1
2023HU1315380,1,377,3,1
2023HU1315380,2,377,3,1
2023HU1315515,1,180,3,1
2023HU1315610,1,38,3,1
2023HU1315807,1,250,3,1
2023HU1315807,2,250,3,1
2023HU1315809,1,501,1,1
2023HU1315809,2,501,1,1
2023HU1315942,1,153,3,1
2023HU1315942,2,228,3,1
2023HU1315942,3,153,3,1
2023HU1315960,1,367,1,1
2023HU1315960,2,367,1,1
2023HU1315960,3,367,1,1
2023HU1316087,1,120,2,1
2023HU1316087,2,120,2,1
2023HU1316087,3,120,2,1
2023HU1316106,1,291,1,1
2023HU1316106,2,291,1,1
2023HU1316106,3,291,1,1
2023HU1316106,4,291,1,1
2023HU1316111,1,501,2,1
2023HU1316111,2,501,2,1
2023HU1316111,3,501,2,1
2023HU1316188,1,254,3,1
2023HU1316203,1,142,1,1
2023HU1316203,2,142,1,1
2023HU1316392,1,189,3,1
2023HU1316392,2,501,3,1
2023HU1316398,1,501,1,1
2023HU1316425,1,501,2,1
2023HU1316425,2,501,2,1
2023HU1316596,1,430,1,1
2023HU1316596,2,430,1,1
2023HU1316702,1,130,1,1
2023HU1316727,1,501,2,1
2023HU1316727,2,501,2,1
2023HU1316727,3,501,2,1
2023HU1316727,4,501,2,1
2023HU1316869,1,269,1,1
2023HU1316869,2,320,1,1
2023HU1316869,3,269,1,1
2023HU1316869,4,269,1,1
2023HU1316928,1,205,3,1
2023HU1316928,2,267,3,1
2023HU1316933,1,501,1,1
2023HU1316933,2,501,1,1
2023HU1316933,3,501,1,1
2023HU1316933,4,501,1,1
2023HU1316933,5,501,1,1
2023HU1317190,1,364,3,1
2023HU1317190,2,103,3,1
2023HU1317352,1,53,3,1
2023HU1317352,2,53,3,1
2023HU1317354,1,501,3,1
2023HU1317492,1,147,3,1
2023HU1317525,1,501,1,1
2023HU1317525,2,501,1,1
2023HU1317526,1,423,3,1
2023HU1317675,1,247,1,1
2023HU1317675,2,247,1,1
2023HU1317675,3,247,1,1
2023HU1317675,4,247,1,1
2023HU1317675,5,247,1,1
2023HU1317675,6,247,1,1
2023HU1317675,7,247,1,1
2023HU1317839,1,501,1,1
2023HU1317839,2,501,1,1
2023HU1317839,3,442,1,1
2023HU1318036,1,501,3,1
2023HU1318075,1,243,1,1
2023HU1318075,2,303,1,1
2023HU1318075,3,243,1,1
2023HU1318097,1,501,1,1
2023HU1318097,2,501,1,1
2023HU1318145,1,138,3,1
2023HU1318145,2,138,3,1
2023HU1318145,3,138,3,1
2023HU1318145,4,138,3,1
2023HU1318145,5,138,3,1
2023HU1318145,6,138,3,1
2023HU1318145,7,138,3,1
2023HU1318170,1,501,1,1
2023HU1318170,2,501,1,1
2023HU1318170,3,501,1,1
2023HU1318170,4,501,1,1
2023HU1318170,5,501,1,1
2023HU1318370,1,501,1,1
2023HU1318413,1,501,1,1
2023HU1318413,2,501,1,1
2023HU1318413,3,501,1,1
2023HU1318434,1,501,1,1
2023HU1318434,2,501,1,1
2023HU1318434,3,501,1,1
2023HU1318434,4,501,1,1
2023HU1318452,1,501,2,1
2023HU1318452,2,501,2,1
2023HU1318452,3,501,2,1
2023HU1318454,1,361,3,1
2023HU1318454,2,361,3,1
2023HU1318471,1,279,2,1
2023HU1318471,2,279,2,1
2023HU1318471,3,279,2,1
2023HU1318471,4,279,2,1
2023HU1318471,5,279,2,1
2023HU1318471,6,279,2,1
2023HU1318471,7,279,2,1
2023HU1318471,8,501,2,1
2023HU1318489,1,501,3,1
2023HU1318489,2,51,3,1
2023HU1318527,1,125,3,1
2023HU1318587,1,325,1,1
2023HU1318703,1,264,2,1
2023HU1318732,1,501,1,1
2023HU1319021,1,257,1,1
2023HU1319117,1,501,2,1
2023HU1319332,1,0,3,1
2023HU1319734,1,12,3,1
2023HU1319734,2,12,3,1
2023HU1319734,3,12,3,1
2023HU1319737,1,501,3,1
2023HU1319737,2,501,3,1
2023HU1319862,1,120,3,1
2023HU1319862,2,120,3,1
2023HU1319862,3,120,3,1
2023HU1319862,4,120,3,1
2023HU1319862,5,120,3,1
2023HU1319862,6,120,3,1
2023HU1319983,1,501,3,1
2023HU1319983,2,501,3,1
2023HU1319983,3,501,3,1
2023HU1319994,1,501,4,1
2023HU1319994,2,501,4,1
2023HU1319994,3,501,4,1
2023HU1320032,1,38,3,1
2023HU1320162,1,424,2,1
2023HU1320162,2,424,2,1
2023HU1320162,3,424,2,1
2023HU1320171,1,367,2,1
2023HU1320171,2,367,2,1
2023HU1320171,3,367,2,1
2023HU1320254,1,501,2,1
2023HU1320254,2,501,2,1
2023HU1320291,1,70,2,1
2023HU1320315,1,48,1,1
2023HU1320315,2,48,1,1
2023HU1320334,1,501,1,1
2023HU1320355,1,116,3,1
2023HU1320355,2,116,3,1
2023HU1320355,3,116,3,1
2023HU1320441,1,501,3,1
2023HU1320503,1,399,1,1
2023HU1320503,2,399,1,1
2023HU1320843,1,271,3,1
2023HU1320843,2,271,3,1
2023HU1320843,3,271,3,1
2023HU1320937,1,311,2,1
2023HU1320975,1,501,3,1
2023HU1321048,1,430,1,1
2023HU1321048,2,430,1,1
2023HU1321048,3,430,1,1
2023HU1321077,1,501,3,1
2023HU1321077,2,501,3,1
2023HU1321077,3,501,3,1
2023HU1321285,1,234,2,1
2023HU1321515,1,501,1,1
2023HU1321515,2,501,1,1
2023HU1321536,1,323,3,1
2023HU1321536,2,152,3,1
2023HU1321696,1,190,2,1
2023HU1321696,2,190,2,1
2023HU1321696,3,190,2,1
2023HU1321696,4,190,2,1
2023HU1321696,5,190,2,1
2023HU1321696,6,190,2,1
2023HU1321784,1,287,3,1
2023HU1322219,1,353,1,1
2023HU1322219,2,353,1,1
2023HU1322219,3,353,1,1
2023HU1322219,4,353,1,1
2023HU1322308,1,367,1,1
2023HU1322308,2,367,1,1
2023HU1322308,3,367,1,1
2023HU1322308,4,367,1,1
2023HU1322308,5,367,1,1
2023HU1322308,6,367,1,1
2023HU1322366,1,119,3,1
2023HU1322381,1,501,1,1
2023HU1322381,2,501,1,1
2023HU1322381,3,501,1,1
2023HU1322381,4,501,1,1
2023HU1322381,5,,1,1
2023HU1322604,1,359,2,1
2023HU1322604,2,359,2,1
2023HU1322693,1,501,1,1
2023HU1322693,2,501,1,1
2023HU1323095,1,501,1,1
2023HU1323095,2,501,1,1
2023HU1323095,3,501,1,1
2023HU1323095,4,501,1,1
2023HU1323095,5,501,1,1
2023HU1323102,1,501,1,1
2023HU1323102,2,501,1,1
2023HU1323102,3,501,1,1
2023HU1323102,4,501,1,1
2023HU1323125,1,191,3,1
2023HU1323131,1,203,2,1
2023HU1323131,2,203,2,1
2023HU1323254,1,501,3,1
2023HU1323301,1,501,1,1
2023HU1323302,1,501,1,1
2023HU1323302,2,501,1,1
2023HU1323302,3,501,1,1
2023HU1323302,4,501,1,1
2023HU1323369,1,0,2,1
2023HU1323424,1,166,2,1
2023HU1323464,1,501,3,1
2023HU1323464,2,501,3,1
2023HU1323579,1,501,1,1
2023HU1323580,1,445,1,1
2023HU1323580,2,445,1,1
2023HU1323580,3,445,1,1
2023HU1323580,4,445,1,1
2023HU1323612,1,501,1,1
2023HU1323612,2,0,1,1
2023HU1323693,1,415,1,1
2023HU1323693,2,415,1,1
2023HU1323693,3,415,1,1
2023HU1323693,4,415,1,1
2023HU1324085,1,501,2,1
2023HU1324085,2,501,2,1
2023HU1324303,1,501,1,1
2023HU1324303,2,501,1,1
2023HU1324303,3,501,1,1
2023HU1324303,4,501,1,1
2023HU1324401,1,398,2,1
2023HU1324401,2,398,2,1
2023HU1324500,1,185,3,1
2023HU1324667,1,192,1,1
2023HU1324667,2,192,1,1
2023HU1324667,3,192,1,1
2023HU1324667,4,192,1,1
2023HU1324667,5,192,1,1
2023HU1324745,1,501,2,1
2023HU1324745,2,501,2,1
2023HU1324759,1,7,3,1
2023HU1324900,1,90,3,1
2023HU1325026,1,409,1,1
2023HU1325026,2,409,1,1
2023HU1325214,1,501,1,1
2023HU1325214,2,501,1,1
2023HU1325303,1,298,3,1
2023HU1325303,2,298,3,1
2023HU1325303,3,298,3,1
2023HU1325303,4,298,3,1
2023HU1325356,1,460,3,1
2023HU1325382,1,312,3,1
2023HU1325382,2,312,3,1
2023HU1325382,3,312,3,1
2023HU1325382,4,312,3,1
2023HU1325382,5,312,3,1
2023HU1325382,6,312,3,1
2023HU1325567,1,501,2,1
2023HU1325567,2,501,2,1
2023HU1325567,3,501,2,1
2023HU1325567,4,,2,1
2023HU1325765,1,457,3,1
2023HU1325765,2,457,3,1
2023HU1325826,1,501,2,1
2023HU1326068,1,98,1,1
2023HU1326068,2,98,1,1
2023HU1326105,1,500,3,1
2023HU1326105,2,500,3,1
2023HU1326105,3,500,3,1
2023HU1326225,1,501,1,1
2023HU1326225,2,501,1,1
2023HU1326225,3,501,1,1
2023HU1326225,4,501,1,1
2023HU1326225,5,501,1,1
2023HU1326225,6,501,1,1
2023HU1326270,1,315,1,1
2023HU1326270,2,315,1,1
2023HU1326270,3,315,1,1
2023HU1326270,4,315,1,1
2023HU1326282,1,501,2,1
2023HU1326282,2,501,2,1
2023HU1326282,3,501,2,1
2023HU1326282,4,501,2,1
2023HU1326498,1,137,3,1
2023HU1326498,2,137,3,1
2023HU1326498,3,137,3,1
2023HU1326498,4,137,3,1
2023HU1326598,1,501,1,1
2023HU1326689,1,174,3,1
2023HU1326689,2,174,3,1
2023HU1326773,1,501,2,1
2023HU1326773,2,501,2,1
2023HU1326773,3,501,2,1
2023HU1326773,4,501,2,1
2023HU1326831,1,144,4,1
2023HU1326836,1,501,1,1
2023HU1327027,1,47,3,1
2023HU1327044,1,329,2,1
2023HU1327044,2,329,2,1
2023HU1327107,1,97,1,1
2023HU1327107,2,97,1,1
2023HU1327129,1,191,3,1
2023HU1327129,2,191,3,1
2023HU1327129,3,191,3,1
2023HU1327129,4,191,3,1
2023HU1327254,1,501,2,1
2023HU1327457,1,339,3,1
2023HU1327457,2,261,3,1
2023HU1327518,1,47,3,1
2023HU1327745,1,76,2,1
2023HU1327818,1,501,1,1
2023HU1327818,2,501,1,1
2023HU1327818,3,501,1,1
2023HU1327818,4,501,1,1
2023HU1327919,1,501,1,1
2023HU1327919,2,501,1,1
2023HU1327919,3,501,1,1
2023HU1327919,4,501,1,1
2023HU1327945,1,501,2,1
2023HU1327945,2,501,2,1
2023HU1328123,1,259,3,1
2023HU1328123,2,259,3,1
2023HU1328156,1,55,3,1
2023HU1328156,2,55,3,1
2023HU1328156,3,55,3,1
2023HU1328156,4,55,3,1
2023HU1328156,5,55,3,1
2023HU1328226,1,0,3,1
2023HU1328263,1,473,1,1
2023HU1328397,1,33,2,1
2023HU1328397,2,60,2,1
2023HU1328497,1,501,2,1
2023HU1328497,2,501,2,1
2023HU1328497,3,501,2,1
2023HU1328598,1,164,2,1
2023HU1328629,1,501,2,1
2023HU1328629,2,501,2,1
2023HU1328634,1,501,1,1
2023HU1328634,2,501,1,1
2023HU1328634,3,501,1,1
2023HU1328751,1,273,2,1
2023HU1328751,2,273,2,1
2023HU1328844,1,123,1,1
2023HU1329007,1,324,3,1
2023HU1329007,2,324,3,1
2023HU1329064,1,501,1,1
2023HU1329139,1,501,3,1
2023HU1329139,2,501,3,1
2023HU1329139,3,501,3,1
2023HU1329139,4,501,3,1
2023HU1329211,1,222,3,1
2023HU1329211,2,261,3,1
2023HU1329249,1,501,2,1
2023HU1329249,2,501,2,1
2023HU1329454,1,134,1,1
2023HU1329454,2,134,1,1
2023HU1329454,3,134,1,1
2023HU1329454,4,134,1,1
2023HU1329454,5,134,1,1
2023HU1329517,1,319,3,1
2023HU1329517,2,383,3,1
2023HU1329517,3,319,3,1
2023HU1329573,1,501,1,1
2023HU1329576,1,197,2,1
2023HU1329576,2,197,2,1
2023HU1329588,1,178,2,1
2023HU1329588,2,178,2,1
2023HU1329588,3,178,2,1
2023HU1329604,1,367,3,1
2023HU1329694,1,276,1,1
2023HU1329694,2,276,1,1
2023HU1329798,1,501,3,1
2023HU1329798,2,501,3,1
2023HU1329798,3,501,3,1
2023HU1330031,1,333,1,1
2023HU1330079,1,203,2,1
2023HU1330079,2,203,2,1
2023HU1330079,3,203,2,1
2023HU1330079,4,203,2,1
2023HU1330079,5,203,2,1
2023HU1330079,6,203,2,1
2023HU1330079,7,203,2,1
2023HU1330452,1,79,3,1
2023HU1330452,2,79,3,1
2023HU1330544,1,355,3,1
2023HU1330589,1,174,1,1
2023HU1330657,1,51,3,1
2023HU1330798,1,501,1,1
2023HU1330798,2,501,1,1
2023HU1330798,3,501,1,1
2023HU1330798,4,501,1,1
2023HU1330803,1,501,3,1
2023HU1330803,2,278,3,1
2023HU1330913,1,387,1,1
2023HU1330919,1,501,2,1
2023HU1331131,1,186,3,1
2023HU1331279,1,166,3,1
2023HU1331279,2,166,3,1
2023HU1331326,1,501,2,1
2023HU1331326,2,501,2,1
2023HU1331336,1,358,1,1
2023HU1331336,2,358,1,1
2023HU1331374,1,501,1,1
2023HU1331393,1,298,2,1
2023HU1331393,2,298,2,1
2023HU1331393,3,298,2,1
2023HU1331393,4,298,2,1
2023HU1331398,1,0,3,1
2023HU1331398,2,0,3,1
2023HU1331402,1,457,2,1
2023HU1331504,1,501,2,1
2023HU1331504,2,163,2,1
2023HU1331604,1,501,4,1
2023HU1331615,1,453,3,1
2023HU1331686,1,327,1,1
2023HU1331686,2,327,1,1
2023HU1331686,3,327,1,1
2023HU1331686,4,327,1,1
2023HU1331746,1,28,3,1
2023HU1331746,2,28,3,1
2023HU1331746,3,28,3,1
2023HU1331746,4,28,3,1
2023HU1331746,5,28,3,1
2023HU1331746,6,28,3,1
2023HU1331925,1,279,2,1
2023HU1332043,1,126,3,1
2023HU1332043,2,126,3,1
2023HU1332043,3,126,3,1
2023HU1332192,1,444,1,1
2023HU1332192,2,444,1,1
2023HU1332192,3,444,1,1
2023HU1332252,1,501,1,1
2023HU1332252,2,501,1,1
2023HU1332270,1,501,3,1
2023HU1332500,1,264,2,1
2023HU1332500,2,264,2,1
2023HU1332500,3,264,2,1
2023HU1332500,4,264,2,1
2023HU1332611,1,410,3,1
2023HU1332611,2,410,3,1
2023HU1332611,3,410,3,1
2023HU1332611,4,410,3,1
2023HU1332713,1,276,3,1
2023HU1332713,2,276,3,1
2023HU1332731,1,75,3,1
2023HU1332731,2,75,3,1
2023HU1332757,1,501,3,1
2023HU1332757,2,501,3,1
2023HU1332757,3,501,3,1
2023HU1332848,1,392,3,1
2023HU1332848,2,392,3,1
2023HU1332971,1,501,2,1
2023HU1333022,1,333,2,1
2023HU1333022,2,333,2,1
2023HU1333022,3,333,2,1
2023HU1333022,4,333,2,1
2023HU1333092,1,155,2,1
2023HU1333110,1,501,1,1
2023HU1333110,2,501,1,1
2023HU1333110,3,501,1,1
2023HU1333159,1,501,1,1
2023HU1333223,1,449,2,1
2023HU1333223,2,449,2,1
2023HU1333223,3,449,2,1
2023HU1333223,4,449,2,1
2023HU1333223,5,449,2,1
2023HU1333223,6,449,2,1
2023HU1333276,1,487,1,1
2023HU1333384,1,268,3,1
2023HU1333384,2,261,3,1
2023HU1333384,3,392,3,1
2023HU1333398,1,35,3,1
2023HU1333398,2,38,3,1
2023HU1333398,3,0,3,1
2023HU1333416,1,478,3,1
2023HU1333416,2,478,3,1
2023HU1333416,3,478,3,1
2023HU1333551,1,290,3,1
2023HU1333551,2,290,3,1
2023HU1333606,1,238,3,1
2023HU1333609,1,127,3,1
2023HU1333609,2,19,3,1
2023HU1333609,3,239,3,1
2023HU1333609,4,159,3,1
2023HU1333834,1,501,3,1
2023HU1333914,1,501,1,1
2023HU1334212,1,276,1,1
2023HU1334212,2,276,1,1
2023HU1334212,3,276,1,1
2023HU1334212,4,276,1,1
2023HU1334324,1,151,1,1
2023HU1334548,1,210,3,1
2023HU1334548,2,177,3,1
2023HU1334548,3,501,3,1
2023HU1334548,4,501,3,1
2023HU1334548,5,203,3,1
2023HU1334632,1,295,2,1
2023HU1334632,2,295,2,1
2023HU1334650,1,501,3,1
2023HU1334650,2,227,3,1
2023HU1334650,3,351,3,1
2023HU1334650,4,45,3,1
2023HU1334924,1,501,1,1
2023HU1334926,1,78,3,1
2023HU1334940,1,501,2,1
2023HU1334992,1,187,1,1
2023HU1334992,2,187,1,1
2023HU1335333,1,501,3,1
2023HU1335333,2,501,3,1
2023HU1335528,1,203,1,1
2023HU1335528,2,203,1,1
2023HU1335621,1,319,3,1
2023HU1335621,2,287,3,1
2023HU1335840,1,302,3,1
2023HU1335942,1,501,1,1
2023HU1335942,2,501,1,1
2023HU1335942,3,501,1,1
2023HU1335942,4,501,1,1
2023HU1335942,5,501,1,1
2023HU1335942,6,501,1,1
2023HU1335942,7,501,1,1
2023HU1336136,1,501,1,1
2023HU1336136,2,501,1,1
2023HU1336369,1,501,3,1
2023HU1336369,2,501,3,1
2023HU1336369,3,501,3,1
2023HU1336472,1,501,3,1
2023HU1336472,2,501,3,1
2023HU1336528,1,411,3,1
2023HU1336528,2,501,3,1
2023HU1336593,1,501,1,1
2023HU1336593,2,501,1,1
2023HU1336642,1,306,2,1
2023HU1336707,1,374,1,1
2023HU1336707,2,374,1,1
2023HU1336986,1,501,1,1
2023HU1336986,2,444,1,1
2023HU1337051,1,501,2,1
2023HU1337072,1,493,3,1
2023HU1337072,2,120,3,1
2023HU1337214,1,112,3,1
2023HU1337214,2,112,3,1
2023HU1337219,1,501,1,1
2023HU1337219,2,501,1,1
2023HU1337242,1,501,1,1
2023HU1337242,2,501,1,1
2023HU1337242,3,501,1,1
2023HU1337242,4,501,1,1
2023HU1337242,5,501,1,1
2023HU1337248,1,366,3,1
2023HU1337543,1,501,1,1
2023HU1337543,2,501,1,1
2023HU1337543,3,501,1,1
2023HU1337543,4,501,1,1
2023HU1337551,1,388,3,1
2023HU1337652,1,501,2,1
2023HU1337652,2,501,2,1
2023HU1337860,1,69,3,1
2023HU1338071,1,501,3,1
2023HU1338071,2,501,3,1
2023HU1338223,1,475,3,1
2023HU1338317,1,501,1,1
2023HU1338317,2,501,1,1
2023HU1338317,3,501,1,1
2023HU1338350,1,501,2,1
2023HU1338350,2,501,2,1
2023HU1338398,1,399,2,1
2023HU1338430,1,155,1,1
2023HU1338507,1,65,2,1
2023HU1338507,2,65,2,1
2023HU1338637,1,0,4,1
2023HU1338774,1,501,1,1
2023HU1338774,2,501,1,1
2023HU1339149,1,418,2,1
2023HU1339149,2,0,2,1
2023HU1339276,1,501,3,1
2023HU1339276,2,501,3,1
2023HU1339466,1,501,1,1
2023HU1339466,2,501,1,1
2023HU1339539,1,501,3,1
2023HU1339895,1,252,2,1
2023HU1339895,2,252,2,1
2023HU1339895,3,252,2,1
2023HU1339955,1,501,1,1
2023HU1339955,2,501,1,1
2023HU1339955,3,501,1,1
2023HU1339967,1,501,3,1
2023HU1339967,2,501,3,1
2023HU1340052,1,501,1,1
2023HU1340052,2,501,1,1
2023HU1340052,3,501,1,1
2023HU1340052,4,501,1,1
2023HU1340075,1,446,1,1
2023HU1340075,2,446,1,1
2023HU1340075,3,446,1,1
2023HU1340075,4,446,1,1
2023HU1340075,5,446,1,1
2023HU1340360,1,501,3,1
2023HU1340360,2,501,3,1
2023HU1340360,3,501,3,1
2023HU1340436,1,501,1,1
2023HU1340436,2,501,1,1
2023HU1340603,1,194,3,1
2023HU1340603,2,194,3,1
2023HU1341043,1,326,3,1
2023HU1341043,2,168,3,1
2023HU1341154,1,182,2,1
2023HU1341154,2,182,2,1
2023HU1341154,3,182,2,1
2023HU1341154,4,182,2,1
2023HU1341154,5,182,2,1
2023HU1341159,1,501,1,1
2023HU1341159,2,501,1,1
2023HU1341159,3,501,1,1
2023HU1341224,1,501,1,1
2023HU1341257,1,501,1,1
2023HU1341257,2,501,1,1
2023HU1341342,1,280,3,1
2023HU1341394,1,501,1,1
2023HU1341394,2,501,1,1
2023HU1341394,3,501,1,1
2023HU1341394,4,501,1,1
2023HU1341435,1,501,1,1
2023HU1341435,2,501,1,1
2023HU1341435,3,501,1,1
2023HU1341435,4,501,1,1
2023HU1341470,1,501,1,1
2023HU1341470,2,501,1,1
2023HU1341470,3,501,1,1
2023HU1341470,4,501,1,1
2023HU1341531,1,501,3,1
2023HU1341531,2,501,3,1
2023HU1341531,3,501,3,1
2023HU1341531,4,501,3,1
2023HU1341778,1,405,2,1
2023HU1341778,2,405,2,1
2023HU1341845,1,501,4,1
2023HU1341845,2,501,4,1
2023HU1341901,1,97,2,1
2023HU1341921,1,191,2,1
2023HU1342116,1,379,3,1
2023HU1342222,1,319,2,1
2023HU1342222,2,319,2,1
2023HU1342274,1,374,1,1
2023HU1342274,2,374,1,1
2023HU1342290,1,501,2,1
2023HU1342290,2,501,2,1
2023HU1342463,1,321,3,1
2023HU1342472,1,407,1,1
2023HU1342472,2,407,1,1
2023HU1342472,3,407,1,1
2023HU1342472,4,407,1,1
2023HU1342472,5,407,1,1
2023HU1342475,1,234,3,1
2023HU1342530,1,421,1,1
2023HU1342652,1,501,1,1
2023HU1342652,2,501,1,1
2023HU1342652,3,501,1,1
2023HU1342652,4,501,1,1
2023HU1342652,5,501,1,1
2023HU1342660,1,463,3,1
2023HU1342660,2,501,3,1
2023HU1342660,3,385,3,1
2023HU1342660,4,355,3,1
2023HU1342846,1,492,1,1
2023HU1342846,2,492,1,1
2023HU1343017,1,443,4,1
2023HU1343017,2,443,4,1
2023HU1343017,3,443,4,1
2023HU1343044,1,309,1,1
2023HU1343044,2,309,1,1
2023HU1343044,3,309,1,1
2023HU1343172,1,501,1,1
2023HU1343172,2,501,1,1
2023HU1343172,3,501,1,1
2023HU1343172,4,501,1,1
2023HU1343233,1,208,3,1
2023HU1343241,1,501,2,1
2023HU1343241,2,501,2,1
2023HU1343241,3,501,2,1
2023HU1343264,1,376,3,1
2023HU1343264,2,376,3,1
2023HU1343264,3,376,3,1
2023HU1343264,4,376,3,1
2023HU1343529,1,9,3,1
2023HU1343529,2,9,3,1
2023HU1343539,1,446,1,1
2023HU1343579,1,89,3,1
2023HU1343667,1,501,1,1
2023HU1343667,2,501,1,1
2023HU1343667,3,501,1,1
2023HU1343667,4,501,1,1
2023HU1343874,1,454,1,1
2023HU1343874,2,454,1,1
2023HU1343901,1,501,1,1
2023HU1343901,2,501,1,1
2023HU1343995,1,501,1,1
2023HU1343995,2,501,1,1
2023HU1343995,3,501,1,1
2023HU1343995,4,501,1,1
2023HU1344041,1,386,3,1
2023HU1344041,2,386,3,1
2023HU1344058,1,453,1,1
2023HU1344058,2,453,1,1
2023HU1344151,1,146,2,1
2023HU1344151,2,146,2,1
2023HU1344227,1,295,3,1
2023HU1344227,2,157,3,1
2023HU1344286,1,501,3,1
2023HU1344327,1,487,1,1
2023HU1344327,2,487,1,1
2023HU1344327,3,487,1,1
2023HU1344448,1,239,2,1
2023HU1344518,1,331,1,1
2023HU1344518,2,331,1,1
2023HU1344565,1,501,1,1
2023HU1344565,2,501,1,1
2023HU1344604,1,501,2,1
2023HU1344604,2,501,2,1
2023HU1344680,1,501,2,1
2023HU1344680,2,501,2,1
2023HU1344694,1,501,1,1
2023HU1345008,1,501,1,1
2023HU1345008,2,501,1,1
2023HU1345124,1,346,2,1
2023HU1345146,1,501,1,1
2023HU1345146,2,501,1,1
2023HU1345182,1,501,3,1
2023HU1345182,2,459,3,1
2023HU1345295,1,0,3,1
2023HU1345295,2,0,3,1
2023HU1345345,1,374,1,1
2023HU1345345,2,374,1,1
2023HU1345345,3,374,1,1
2023HU1345373,1,11,2,1
2023HU1345475,1,501,3,1
2023HU1345475,2,501,3,1
2023HU1345614,1,39,3,1
2023HU1345615,1,304,3,1
2023HU1345615,2,304,3,1
2023HU1345726,1,126,3,1
2023HU1345740,1,501,1,1
2023HU1345740,2,501,1,1
2023HU1345740,3,501,1,1
2023HU1345740,4,501,1,1
2023HU1345892,1,501,1,1
2023HU1345955,1,0,3,1
2023HU1346105,1,254,1,1
2023HU1346163,1,501,2,1
2023HU1346163,2,501,2,1
2023HU1346163,3,501,2,1
2023HU1346191,1,327,1,1
2023HU1346191,2,327,1,1
2023HU1346191,3,327,1,1
2023HU1346191,4,327,1,1
2023HU1346191,5,327,1,1
2023HU1346191,6,327,1,1
2023HU1346365,1,321,2,1
2023HU1346365,2,321,2,1
2023HU1346365,3,321,2,1
2023HU1346365,4,321,2,1
2023HU1346403,1,406,2,1
2023HU1346510,1,450,3,1
2023HU1346510,2,107,3,1
2023HU1346744,1,501,3,1
2023HU1346744,2,501,3,1
2023HU1346744,3,209,3,1
2023HU1346755,1,501,1,1
2023HU1346755,2,501,1,1
2023HU1346755,3,501,1,1
2023HU1346755,4,501,1,1
2023HU1346892,1,501,1,1
2023HU1346892,2,501,1,1
2023HU1346935,1,255,2,1
2023HU1346935,2,255,2,1
2023HU1347001,1,320,3,1
2023HU1347008,1,166,3,1
2023HU1347008,2,166,3,1
2023HU1347008,3,166,3,1
2023HU1347008,4,0,3,1
2023HU1347008,5,0,3,1
2023HU1347183,1,361,1,1
2023HU1347191,1,501,1,1
2023HU1347191,2,501,1,1
2023HU1347200,1,54,3,1
2023HU1347306,1,344,1,1
2023HU1347306,2,344,1,1
2023HU1347371,1,501,1,1
2023HU1347371,2,501,1,1
2023HU1347414,1,501,3,1
2023HU1347414,2,501,3,1
2023HU1347475,1,452,1,1
2023HU1347475,2,452,1,1
2023HU1347475,3,452,1,1
2023HU1347475,4,452,1,1
2023HU1347475,5,452,1,1
2023HU1347511,1,190,3,1
2023HU1347511,2,253,3,1
2023HU1347648,1,501,2,1
2023HU1347648,2,501,2,1
2023HU1347693,1,501,1,1
2023HU1347693,2,501,1,1
2023HU1347701,1,501,2,1
2023HU1347845,1,89,3,1
2023HU1347886,1,10,2,1
2023HU1347900,1,501,1,1
2023HU1347900,2,501,1,1
2023HU1347916,1,495,1,1
2023HU1347916,2,495,1,1
2023HU1347916,3,495,1,1
2023HU1347916,4,0,1,1
2023HU1347934,1,501,3,1
2023HU1347934,2,501,3,1
2023HU1347970,1,501,1,1
2023HU1347970,2,501,1,1
2023HU1347970,3,501,1,1
2023HU1347970,4,501,1,1
2023HU1348100,1,474,3,1
2023HU1348134,1,64,3,1
2023HU1348210,1,448,1,1
2023HU1348210,2,448,1,1
2023HU1348210,3,448,1,1
2023HU1348210,4,448,1,1
2023HU1348506,1,501,1,1
2023HU1348506,2,501,1,1
2023HU1348506,3,501,1,1
2023HU1348663,1,501,3,1
2023HU1348663,2,501,3,1
2023HU1348687,1,501,1,1
2023HU1348687,2,501,1,1
2023HU1348759,1,229,3,1
2023HU1348759,2,229,3,1
2023HU1348759,3,229,3,1
2023HU1348759,4,229,3,1
2023HU1348759,5,229,3,1
2023HU1348825,1,354,3,1
2023HU1348825,2,208,3,1
2023HU1349059,1,226,1,1
2023HU1349059,2,501,1,1
2023HU1349126,1,323,3,1
2023HU1349126,2,501,3,1
2023HU1349126,3,64,3,1
2023HU1349328,1,501,3,1
2023HU1349328,2,501,3,1
2023HU1349348,1,0,3,1
2023HU1349592,1,501,1,1
2023HU1349592,2,501,1,1
2023HU1349592,3,501,1,1
2023HU1349641,1,501,3,1
2023HU1349825,1,367,1,1
2023HU1349825,2,367,1,1
2023HU1349825,3,367,1,1
2023HU1349825,4,385,1,1
2023HU1350063,1,78,1,1
2023HU1350063,2,78,1,1
2023HU1350075,1,501,2,1
2023HU1350075,2,501,2,1
2023HU1350219,1,118,3,1
2023HU1350219,2,118,3,1
2023HU1350219,3,118,3,1
2023HU1350219,4,118,3,1
2023HU1350219,5,118,3,1
2023HU1350219,6,118,3,1
2023HU1350219,7,118,3,1
2023HU1350271,1,432,3,1
2023HU1350271,2,432,3,1
2023HU1350271,3,432,3,1
2023HU1350331,1,501,1,1
2023HU1350331,2,501,1,1
2023HU1350331,3,501,1,1
2023HU1350331,4,501,1,1
2023HU1350331,5,501,1,1
2023HU1350460,1,0,3,1
2023HU1350627,1,501,2,1
2023HU1350627,2,501,2,1
2023HU1350632,1,501,1,1
2023HU1350632,2,501,1,1
2023HU1350772,1,445,2,1
2023HU1350772,2,445,2,1
2023HU1350772,3,445,2,1
2023HU1350772,4,445,2,1
2023HU1350772,5,445,2,1
2023HU1350772,6,445,2,1
2023HU1350985,1,501,1,1
2023HU1350985,2,501,1,1
2023HU1350985,3,501,1,1
2023HU1350994,1,159,3,1
2023HU1350994,2,0,3,1
2023HU1350994,3,159,3,1
2023HU1350994,4,159,3,1
2023HU1351354,1,501,3,1
2023HU1351354,2,501,3,1
2023HU1351426,1,344,2,1
2023HU1351426,2,344,2,1
2023HU1351426,3,344,2,1
2023HU1351426,4,344,2,1
2023HU1351526,1,473,3,1
2023HU1351526,2,473,3,1
2023HU1351526,3,473,3,1
2023HU1351526,4,473,3,1
2023HU1351526,5,473,3,1
2023HU1351526,6,0,3,1
2023HU1351541,1,501,1,1
2023HU1351575,1,101,3,1
2023HU1351627,1,501,2,1
2023HU1351627,2,501,2,1
2023HU1351627,3,501,2,1
2023HU1352075,1,304,3,1
2023HU1352225,1,267,2,1
2023HU1352225,2,267,2,1
2023HU1352225,3,267,2,1
2023HU1352282,1,54,2,1
2023HU1352282,2,54,2,1
2023HU1352282,3,54,2,1
2023HU1352415,1,426,2,1
2023HU1352415,2,417,2,1
2023HU1352439,1,405,2,1
2023HU1352441,1,501,3,1
2023HU1352441,2,501,3,1
2023HU1352539,1,341,3,1
2023HU1352539,2,341,3,1
2023HU1352539,3,341,3,1
2023HU1352599,1,209,1,1
2023HU1352599,2,209,1,1
2023HU1352599,3,209,1,1
2023HU1352599,4,209,1,1
2023HU1352617,1,126,3,1
2023HU1352622,1,356,1,1
2023HU1352622,2,356,1,1
2023HU1352622,3,356,1,1
2023HU1352622,4,356,1,1
2023HU1352673,1,501,2,1
2023HU1352723,1,0,1,1
2023HU1352723,2,0,1,1
2023HU1352766,1,501,1,1
2023HU1352766,2,501,1,1
2023HU1352766,3,501,1,1
2023HU1352766,4,501,1,1
2023HU1352854,1,330,1,1
2023HU1352854,2,330,1,1
2023HU1352854,3,330,1,1
2023HU1352854,4,330,1,1
2023HU1352854,5,49,1,1
2023HU1352854,6,69,1,1
2023HU1352920,1,368,1,1
2023HU1352920,2,368,1,1
2023HU1352920,3,368,1,1
2023HU1352920,4,368,1,1
2023HU1352953,1,316,2,1
2023HU1352953,2,316,2,1
2023HU1352953,3,316,2,1
2023HU1352953,4,316,2,1
2023HU1352953,5,316,2,1
2023HU1353284,1,355,1,1
2023HU1353284,2,355,1,1
2023HU1353496,1,501,2,1
2023HU1353517,1,501,2,1
2023HU1353517,2,501,2,1
2023HU1353521,1,501,3,1
2023HU1353534,1,501,3,1
2023HU1353544,1,72,3,1
2023HU1353637,1,344,1,1
2023HU1353637,2,344,1,1
2023HU1353637,3,344,1,1
2023HU1353637,4,344,1,1
2023HU1353637,5,344,1,1
2023HU1353655,1,501,2,1
2023HU1353655,2,501,2,1
2023HU1353963,1,501,2,1
2023HU1354359,1,95,2,1
2023HU1354359,2,95,2,1
2023HU1354377,1,33,2,1
2023HU1354452,1,300,1,1
2023HU1354452,2,300,1,1
2023HU1354452,3,300,1,1
2023HU1354452,4,300,1,1
2023HU1354452,5,300,1,1
2023HU1354452,6,300,1,1
2023HU1354452,7,300,1,1
2023HU1354452,8,300,1,1
2023HU1354452,9,300,1,1
2023HU1354545,1,196,2,1
2023HU1354597,1,501,1,1
2023HU1354597,2,501,1,1
2023HU1354597,3,501,1,1
2023HU1354682,1,153,1,1
2023HU1354682,2,153,1,1
2023HU1354682,3,153,1,1
2023HU1354682,4,153,1,1
2023HU1354682,5,153,1,1
2023HU1354733,1,501,1,1
2023HU1354733,2,501,1,1
2023HU1354733,3,501,1,1
2023HU1354733,4,501,1,1
2023HU1354853,1,501,3,1
2023HU1354934,1,474,2,1
2023HU1354934,2,474,2,1
2023HU1354981,1,89,2,1
2023HU1355040,1,501,1,1
2023HU1355040,2,501,1,1
2023HU1355046,1,501,3,1
2023HU1355046,2,501,3,1
2023HU1355096,1,501,2,1
2023HU1355096,2,501,2,1
2023HU1355156,1,252,1,1
2023HU1355156,2,252,1,1
2023HU1355156,3,252,1,1
2023HU1355156,4,252,1,1
2023HU1355156,5,252,1,1
2023HU1355301,1,238,3,1
2023HU1355317,1,337,2,1
2023HU1355548,1,364,1,1
2023HU1355548,2,364,1,1
2023HU1355630,1,319,3,1
2023HU1355630,2,319,3,1
2023HU1355640,1,495,2,1
2023HU1355710,1,158,1,1
2023HU1355710,2,158,1,1
2023HU1355710,3,158,1,1
2023HU1355710,4,158,1,1
2023HU1355710,5,158,1,1
2023HU1355710,6,158,1,1
2023HU1355710,7,158,1,1
2023HU1355787,1,501,3,1
2023HU1355928,1,501,1,1
2023HU1355928,2,501,1,1
2023HU1355928,3,501,1,1
2023HU1355928,4,501,1,1
2023HU1355999,1,501,2,1
2023HU1356055,1,99,1,1
2023HU1356112,1,501,1,1
2023HU1356133,1,501,1,1
2023HU1356133,2,501,1,1
2023HU1356133,3,501,1,1
2023HU1356133,4,501,1,1
2023HU1356146,1,501,1,1
2023HU1356146,2,501,1,1
2023HU1356227,1,501,1,1
2023HU1356232,1,460,2,1
2023HU1356232,2,460,2,1
2023HU1356232,3,460,2,1
2023HU1356232,4,460,2,1
2023HU1356232,5,460,2,1
2023HU1356604,1,12,3,1
2023HU1356604,2,12,3,1
2023HU1356652,1,281,1,1
2023HU1356652,2,281,1,1
2023HU1356652,3,281,1,1
2023HU1356688,1,135,2,1
2023HU1356688,2,417,2,1
2023HU1356688,3,135,2,1
2023HU1356688,4,135,2,1
2023HU1356688,5,135,2,1
2023HU1356722,1,230,1,1
2023HU1356722,2,230,1,1
2023HU1356722,3,230,1,1
2023HU1356722,4,230,1,1
2023HU1356722,5,230,1,1
2023HU1356722,6,230,1,1
2023HU1356722,7,230,1,1
2023HU1356738,1,257,1,1
2023HU1356738,2,257,1,1
2023HU1356824,1,501,3,1
2023HU1356824,2,501,3,1
2023HU1356824,3,501,3,1
2023HU1356824,4,501,3,1
2023HU1356936,1,368,2,1
2023HU1356936,2,368,2,1
2023HU1356947,1,501,3,1
2023HU1357165,1,226,1,1
2023HU1357165,2,86,1,1
2023HU1357328,1,501,2,1
2023HU1357328,2,501,2,1
2023HU1357340,1,501,1,1
2023HU1357340,2,501,1,1
2023HU1357340,3,501,1,1
2023HU1357480,1,501,2,1
2023HU1357480,2,501,2,1
2023HU1357665,1,199,1,1
2023HU1357665,2,199,1,1
2023HU1357665,3,199,1,1
2023HU1357923,1,192,3,1
2023HU1358001,1,354,3,1
2023HU1358112,1,501,1,1
2023HU1358112,2,501,1,1
2023HU1358112,3,501,1,1
2023HU1358200,1,107,3,1
2023HU1358200,2,107,3,1
2023HU1358200,3,107,3,1
2023HU1358200,4,107,3,1
2023HU1358200,5,107,3,1
2023HU1358366,1,501,2,1
2023HU1358366,2,501,2,1
2023HU1358448,1,501,1,1
2023HU1358448,2,501,1,1
2023HU1358546,1,501,1,1
2023HU1358546,2,501,1,1
2023HU1358588,1,501,2,1
2023HU1358588,2,501,2,1
2023HU1358800,1,98,2,1
2023HU1358832,1,501,1,1
2023HU1358832,2,270,1,1
2023HU1358832,3,501,1,1
2023HU1358898,1,501,1,1
2023HU1358898,2,501,1,1
2023HU1358898,3,501,1,1
2023HU1358898,4,501,1,1
2023HU1358898,5,501,1,1
2023HU1358941,1,487,2,1
2023HU1358941,2,487,2,1
2023HU1359128,1,170,3,1
2023HU1359128,2,170,3,1
2023HU1359169,1,501,1,1
2023HU1359195,1,501,1,1
2023HU1359195,2,501,1,1
2023HU1359195,3,501,1,1
2023HU1359195,4,501,1,1
2023HU1359216,1,335,1,1
2023HU1359232,1,501,1,1
2023HU1359232,2,501,1,1
2023HU1359232,3,501,1,1
2023HU1359232,4,501,1,1
2023HU1359410,1,398,1,1
2023HU1359565,1,501,1,1
2023HU1359565,2,501,1,1
2023HU1359565,3,501,1,1
2023HU1359565,4,501,1,1
2023HU1359602,1,164,3,1
2023HU1359602,2,191,3,1
2023HU1359772,1,501,2,1
2023HU1359772,2,501,2,1
2023HU1359772,3,501,2,1
2023HU1359847,1,430,3,1
2023HU1359847,2,501,3,1
2023HU1359948,1,312,2,1
2023HU1359948,2,312,2,1
2023HU1359948,3,312,2,1
2023HU1360052,1,300,3,1
2023HU1360089,1,501,3,1
2023HU1360106,1,175,2,1
2023HU1360106,2,175,2,1
2023HU1360202,1,161,3,1
2023HU1360202,2,161,3,1
2023HU1360202,3,161,3,1
2023HU1360327,1,501,1,1
2023HU1360327,2,501,1,1
2023HU1360366,1,501,1,1
2023HU1360366,2,501,1,1
2023HU1360366,3,501,1,1
2023HU1360366,4,501,1,1
2023HU1360375,1,501,1,1
2023HU1360375,2,501,1,1
2023HU1360540,1,456,3,1
2023HU1360552,1,12,3,1
2023HU1360622,1,71,3,1
2023HU1360622,2,55,3,1
2023HU1360663,1,501,1,1
2023HU1360663,2,501,1,1
2023HU1360852,1,501,1,1
2023HU1360852,2,501,1,1
2023HU1360867,1,501,1,1
2023HU1360867,2,501,1,1
2023HU1360867,3,501,1,1
2023HU1360867,4,501,1,1
2023HU1361041,1,334,3,1
2023HU1361041,2,334,3,1
2023HU1361041,3,334,3,1
2023HU1361041,4,334,3,1
2023HU1361421,1,501,3,1
2023HU1361421,2,501,3,1
2023HU1361517,1,501,1,1
2023HU1361517,2,501,1,1
2023HU1361628,1,391,2,1
2023HU1361628,2,391,2,1
2023HU1361628,3,391,2,1
2023HU1361628,4,391,2,1
2023HU1361647,1,501,1,1
2023HU1361647,2,381,1,1
2023HU1361676,1,458,2,1
2023HU1361676,2,458,2,1
2023HU1361676,3,458,2,1
2023HU1361711,1,127,3,1
2023HU1361711,2,127,3,1
2023HU1361830,1,69,3,1
2023HU1361830,2,21,3,1
2023HU1361999,1,501,2,1
2023HU1361999,2,501,2,1
2023HU1362280,1,501,2,1
2023HU1362280,2,501,2,1
2023HU1362280,3,501,2,1
2023HU1362280,4,501,2,1
2023HU1362292,1,501,1,1
2023HU1362373,1,199,3,1
2023HU1362569,1,501,1,1
2023HU1362569,2,501,1,1
2023HU1362571,1,361,1,1
2023HU1362571,2,361,1,1
2023HU1362571,3,361,1,1
2023HU1362571,4,361,1,1
2023HU1362684,1,501,1,1
2023HU1362684,2,501,1,1
2023HU1362684,3,501,1,1
2023HU1362902,1,501,1,1
2023HU1362978,1,501,1,1
2023HU1363125,1,31,3,1
2023HU1363170,1,501,2,1
2023HU1363186,1,501,1,1
2023HU1363186,2,501,1,1
2023HU1363296,1,85,1,1
2023HU1363348,1,386,2,1
2023HU1363348,2,386,2,1
2023HU1363348,3,386,2,1
2023HU1363353,1,501,2,1
2023HU1363353,2,501,2,1
2023HU1363353,3,501,2,1
2023HU1363353,4,501,2,1
2023HU1363528,1,465,1,1
2023HU1363528,2,465,1,1
2023HU1363528,3,465,1,1
2023HU1363528,4,465,1,1
2023HU1363528,5,465,1,1
2023HU1363635,1,243,3,1
2023HU1363635,2,130,3,1
2023HU1363635,3,243,3,1
2023HU1363635,4,243,3,1
2023HU1363662,1,501,1,1
2023HU1363662,2,501,1,1
2023HU1363662,3,501,1,1
2023HU1364051,1,501,1,1
2023HU1364051,2,501,1,1
2023HU1364051,3,501,1,1
2023HU1364051,4,501,1,1
2023HU1364158,1,174,2,1
2023HU1364158,2,174,2,1
2023HU1364307,1,158,3,1
2023HU1364307,2,310,3,1
2023HU1364331,1,501,1,1
2023HU1364331,2,501,1,1
2023HU1364331,3,501,1,1
2023HU1364331,4,501,1,1
2023HU1364463,1,180,3,1
2023HU1364669,1,501,2,1
2023HU1364669,2,501,2,1
2023HU1364857,1,200,1,1
2023HU1364857,2,200,1,1
2023HU1364857,3,200,1,1
2023HU1364857,4,200,1,1
2023HU1364857,5,200,1,1
2023HU1364953,1,14,3,1
2023HU1364953,2,14,3,1
2023HU1364953,3,14,3,1
2023HU1364953,4,14,3,1
2023HU1364953,5,14,3,1
2023HU1364953,6,14,3,1
2023HU1365026,1,102,3,1
2023HU1365201,1,501,2,1
2023HU1365201,2,501,2,1
2023HU1365239,1,242,3,1
2023HU1365281,1,35,3,1
2023HU1365658,1,37,3,1
2023HU1365733,1,318,2,1
2023HU1365876,1,159,3,1
2023HU1365876,2,241,3,1
2023HU1365933,1,353,1,1
2023HU1365945,1,242,3,1
2023HU1365966,1,501,2,1
2023HU1365966,2,501,2,1
2023HU1366036,1,370,2,1
2023HU1366036,2,370,2,1
2023HU1366036,3,370,2,1
2023HU1366036,4,370,2,1
2023HU1366036,5,370,2,1
2023HU1366101,1,182,1,1
2023HU1366101,2,182,1,1
2023HU1366101,3,182,1,1
2023HU1366101,4,182,1,1
2023HU1366101,5,182,1,1
2023HU1366223,1,501,2,1
2023HU1366230,1,291,3,1
2023HU1366352,1,501,2,1
2023HU1366352,2,501,2,1
2023HU1366357,1,339,3,1
2023HU1366357,2,339,3,1
2023HU1366357,3,339,3,1
2023HU1366376,1,501,2,1
2023HU1366398,1,501,2,1
2023HU1366398,2,501,2,1
2023HU1366398,3,501,2,1
2023HU1366398,4,501,2,1
2023HU1366490,1,501,1,1
2023HU1366490,2,501,1,1
2023HU1366550,1,309,3,1
2023HU1366617,1,411,3,1
2023HU1366617,2,75,3,1
2023HU1366618,1,501,1,1
2023HU1366618,2,501,1,1
2023HU1366618,3,501,1,1
2023HU1366625,1,214,1,1
2023HU1366627,1,501,2,1
2023HU1366627,2,501,2,1
2023HU1366627,3,501,2,1
2023HU1366775,1,501,3,1
2023HU1366809,1,111,1,1
2023HU1367144,1,491,2,1
2023HU1367144,2,491,2,1
2023HU1367293,1,252,3,1
2023HU1367293,2,252,3,1
2023HU1367423,1,330,1,1
2023HU1367483,1,501,1,1
2023HU1367483,2,501,1,1
2023HU1367585,1,446,4,1
2023HU1367585,2,446,4,1
2023HU1367585,3,446,4,1
2023HU1367717,1,105,2,1
2023HU1367717,2,105,2,1
2023HU1367717,3,105,2,1
2023HU1367717,4,105,2,1
2023HU1367819,1,19,2,1
2023HU1367846,1,250,1,1
2023HU1367846,2,250,1,1
2023HU1367846,3,250,1,1
2023HU1367846,4,250,1,1
2023HU1367846,5,250,1,1
2023HU1367966,1,501,2,1
2023HU1367966,2,501,2,1
2023HU1367981,1,234,4,1
2023HU1367981,2,234,4,1
2023HU1368024,1,336,1,1
2023HU1368024,2,336,1,1
2023HU1368024,3,336,1,1
2023HU1368236,1,352,3,1
2023HU1368309,1,9,1,1
2023HU1368445,1,107,2,1
2023HU1368530,1,442,3,1
2023HU1368530,2,442,3,1
2023HU1368530,3,442,3,1
2023HU1368530,4,442,3,1
2023HU1368530,5,442,3,1
2023HU1368530,6,442,3,1
2023HU1368621,1,501,1,1
2023HU1368621,2,501,1,1
2023HU1368632,1,319,1,1
2023HU1368632,2,319,1,1
2023HU1368632,3,319,1,1
2023HU1368632,4,319,1,1
2023HU1368632,5,319,1,1
2023HU1368688,1,501,2,1
2023HU1368725,1,501,1,1
2023HU1368725,2,501,1,1
2023HU1368725,3,501,1,1
2023HU1368770,1,243,2,1
2023HU1368853,1,349,1,1
2023HU1368955,1,337,3,1
2023HU1368955,2,337,3,1
2023HU1368955,3,337,3,1
2023HU1368955,4,337,3,1
2023HU1368967,1,501,2,1
2023HU1368967,2,501,2,1
2023HU1369040,1,386,1,1
2023HU1369040,2,386,1,1
2023HU1369040,3,386,1,1
2023HU1369040,4,386,1,1
2023HU1369147,1,501,3,1
2023HU1369150,1,442,1,1
2023HU1369150,2,442,1,1
2023HU1369200,1,419,1,1
2023HU1369200,2,419,1,1
2023HU1369200,3,419,1,1
2023HU1369366,1,394,3,1
2023HU1369401,1,501,1,1
2023HU1369401,2,501,1,1
2023HU1369401,3,501,1,1
2023HU1369401,4,501,1,1
2023HU1369401,5,501,1,1
2023HU1369441,1,501,1,1
2023HU1369441,2,501,1,1
2023HU1369441,3,501,1,1
2023HU1369525,1,165,2,1
2023HU1369527,1,18,3,1
2023HU1369606,1,85,2,1
2023HU1369606,2,85,2,1
2023HU1369606,3,85,2,1
2023HU1369764,1,501,1,1
2023HU1369764,2,501,1,1
2023HU1369764,3,501,1,1
2023HU1369764,4,501,1,1
2023HU1369795,1,501,3,1
2023HU1369795,2,501,3,1
2023HU1369860,1,125,3,1
2023HU1369888,1,320,3,1
2023HU1370109,1,348,3,1
2023HU1370739,1,501,1,1
2023HU1370739,2,501,1,1
2023HU1370739,3,501,1,1
2023HU1370739,4,501,1,1
2023HU1370758,1,266,2,1
2023HU1370758,2,266,2,1
2023HU1370758,3,266,2,1
2023HU1370793,1,501,3,1
2023HU1370793,2,501,3,1
2023HU1371029,1,15,2,1
2023HU1371029,2,15,2,1
2023HU1371029,3,15,2,1
2023HU1371029,4,15,2,1
2023HU1371290,1,319,1,1
2023HU1371329,1,200,2,1
2023HU1371350,1,230,3,1
2023HU1371350,2,230,3,1
2023HU1371658,1,323,3,1
2023HU1371658,2,222,3,1
2023HU1371704,1,268,2,1
2023HU1371877,1,333,2,1
2023HU1371877,2,333,2,1
2023HU1371877,3,333,2,1
2023HU1371957,1,501,1,1
2023HU1371957,2,320,1,1
2023HU1372099,1,288,3,1
2023HU1372277,1,348,1,1
2023HU1372277,2,348,1,1
2023HU1372277,3,348,1,1
2023HU1372277,4,348,1,1
2023HU1372343,1,501,1,1
2023HU1372343,2,501,1,1
2023HU1372343,3,501,1,1
2023HU1372343,4,501,1,1
2023HU1372343,5,501,1,1
2023HU1372343,6,68,1,1
2023HU1372397,1,441,2,1
2023HU1372397,2,319,2,1
2023HU1372397,3,441,2,1
2023HU1372397,4,441,2,1
2023HU1372397,5,152,2,1
2023HU1372478,1,130,3,1
2023HU1372497,1,501,2,1
2023HU1372519,1,501,1,1
2023HU1372519,2,319,1,1
2023HU1372519,3,501,1,1
2023HU1372616,1,57,3,1
2023HU1372616,2,63,3,1
2023HU1372616,3,57,3,1
2023HU1372668,1,444,3,1
2023HU1372668,2,444,3,1
2023HU1372668,3,444,3,1
2023HU1372668,4,444,3,1
2023HU1372691,1,50,1,1
2023HU1372903,1,225,3,1
2023HU1372932,1,163,1,1
2023HU1372932,2,163,1,1
2023HU1372932,3,163,1,1
2023HU1372932,4,163,1,1
2023HU1372932,5,163,1,1
2023HU1373063,1,8,3,1
2023HU1373074,1,435,3,1
2023HU1373200,1,169,1,1
2023HU1373200,2,169,1,1
2023HU1373200,3,169,1,1
2023HU1373200,4,169,1,1
2023HU1373200,5,169,1,1
2023HU1373200,6,169,1,1
2023HU1373208,1,501,2,1
2023HU1373208,2,501,2,1
2023HU1373322,1,252,3,1
2023HU1373361,1,229,1,1
2023HU1373412,1,52,3,1
2023HU1373412,2,130,3,1
2023HU1373412,3,163,3,1
2023HU1373460,1,501,1,1
2023HU1373460,2,501,1,1
2023HU1373795,1,501,2,1
2023HU1373795,2,501,2,1
2023HU1374010,1,51,3,1
2023HU1374010,2,40,3,1
2023HU1374010,3,129,3,1
2023HU1374010,4,7,3,1
2023HU1374019,1,82,3,1
2023HU1374050,1,490,4,1
2023HU1374050,2,490,4,1
2023HU1374068,1,501,1,1
2023HU1374068,2,501,1,1
2023HU1374072,1,291,2,1
2023HU1374072,2,291,2,1
2023HU1374347,1,301,1,1
2023HU1374347,2,301,1,1
2023HU1374347,3,301,1,1
2023HU1374347,4,301,1,1
2023HU1374369,1,427,3,1
2023HU1374395,1,501,1,1
2023HU1374395,2,501,1,1
2023HU1374395,3,501,1,1
2023HU1374759,1,501,1,1
2023HU1374759,2,501,1,1
2023HU1374787,1,501,1,1
2023HU1374787,2,501,1,1
2023HU1374787,3,501,1,1
2023HU1374873,1,323,3,1
2023HU1374873,2,272,3,1
2023HU1375065,1,501,3,1
2023HU1375115,1,501,1,1
2023HU1375115,2,501,1,1
2023HU1375115,3,501,1,1
2023HU1375115,4,501,1,1
2023HU1375146,1,95,3,1
2023HU1375229,1,501,1,1
2023HU1375229,2,501,1,1
2023HU1375229,3,501,1,1
2023HU1375229,4,501,1,1
2023HU1375368,1,333,1,1
2023HU1375368,2,333,1,1
2023HU1375368,3,333,1,1
2023HU1375469,1,387,3,1
2023HU1375469,2,501,3,1
2023HU1375571,1,151,2,1
2023HU1375580,1,501,1,1
2023HU1375580,2,501,1,1
2023HU1375580,3,501,1,1
2023HU1375623,1,501,3,1
2023HU1375860,1,501,3,1
2023HU1375926,1,285,3,1
2023HU1375926,2,293,3,1
2023HU1376012,1,371,2,1
2023HU1376012,2,371,2,1
2023HU1376019,1,501,1,1
2023HU1376088,1,501,1,1
2023HU1376088,2,501,1,1
2023HU1376088,3,501,1,1
2023HU1376371,1,9,3,1
2023HU1376418,1,501,2,1
2023HU1376418,2,501,2,1
2023HU1376426,1,501,1,1
2023HU1376474,1,501,3,1
2023HU1376474,2,501,3,1
2023HU1376543,1,23,3,1
2023HU1376581,1,501,1,1
2023HU1376581,2,501,1,1
2023HU1376645,1,501,3,1
2023HU1376645,2,501,3,1
2023HU1376645,3,501,3,1
2023HU1376674,1,406,2,1
2023HU1376674,2,406,2,1
2023HU1376860,1,277,1,1
2023HU1376860,2,277,1,1
2023HU1376860,3,277,1,1
2023HU1376860,4,277,1,1
2023HU1376900,1,383,1,1
2023HU1376900,2,383,1,1
2023HU1376900,3,383,1,1
2023HU1376900,4,383,1,1
2023HU1376900,5,383,1,1
2023HU1376900,6,383,1,1
2023HU1376900,7,383,1,1
2023HU1376900,8,383,1,1
2023HU1376900,9,383,1,1
2023HU1377103,1,501,1,1
2023HU1377103,2,501,1,1
2023HU1377111,1,136,2,1
2023HU1377111,2,136,2,1
2023HU1377142,1,501,2,1
2023HU1377150,1,501,2,1
2023HU1377463,1,122,4,1
2023HU1377463,2,122,4,1
2023HU1377463,3,122,4,1
2023HU1377694,1,203,2,1
2023HU1377802,1,501,2,1
2023HU1377802,2,501,2,1
2023HU1377802,3,501,2,1
2023HU1377910,1,501,1,1
2023HU1377910,2,501,1,1
2023HU1377914,1,86,3,1
2023HU1377914,2,86,3,1
2023HU1377978,1,501,1,1
2023HU1377978,2,501,1,1
2023HU1378106,1,501,1,1
2023HU1378106,2,501,1,1
2023HU1378155,1,501,1,1
2023HU1378155,2,501,1,1
2023HU1378155,3,501,1,1
2023HU1378155,4,501,1,1
2023HU1378260,1,208,1,1
2023HU1378260,2,208,1,1
2023HU1378260,3,208,1,1
2023HU1378260,4,208,1,1
2023HU1378430,1,501,1,1
2023HU1378430,2,501,1,1
2023HU1378430,3,501,1,1
2023HU1378561,1,415,1,1
2023HU1378561,2,415,1,1
2023HU1378561,3,415,1,1
2023HU1378589,1,397,2,1
2023HU1378589,2,397,2,1
2023HU1378589,3,397,2,1
2023HU1378589,4,397,2,1
2023HU1378608,1,501,1,1
2023HU1378664,1,501,2,1
2023HU1378664,2,501,2,1
2023HU1378928,1,99,2,1
2023HU1379012,1,501,1,1
2023HU1379012,2,501,1,1
2023HU1379019,1,188,3,1
2023HU1379019,2,188,3,1
2023HU1379045,1,501,2,1
2023HU1379119,1,48,4,1
2023HU1379131,1,279,1,1
2023HU1379131,2,312,1,1
2023HU1379360,1,501,1,1
2023HU1379375,1,111,3,1
2023HU1379375,2,111,3,1
2023HU1379413,1,75,3,1
2023HU1379525,1,501,3,1
2023HU1379525,2,501,3,1
2023HU1379525,3,501,3,1
2023HU1379542,1,149,1,1
2023HU1379542,2,449,1,1
2023HU1379542,3,149,1,1
2023HU1379542,4,149,1,1
2023HU1379542,5,149,1,1
2023HU1379542,6,149,1,1
2023HU1379542,7,149,1,1
2023HU1379542,8,149,1,1
2023HU1379544,1,328,3,1
2023HU1379689,1,0,1,1
2023HU1379689,2,0,1,1
2023HU1379815,1,238,3,1
2023HU1379815,2,233,3,1
2023HU1379815,3,246,3,1
2023HU1379891,1,380,3,1
2023HU1379891,2,450,3,1
2023HU1379891,3,6,3,1
2023HU1379891,4,126,3,1
2023HU1379993,1,365,3,1
2023HU1379993,2,365,3,1
2023HU1379993,3,365,3,1
2023HU1380138,1,501,1,1
2023HU1380138,2,501,1,1
2023HU1380141,1,501,2,1
2023HU1380195,1,501,1,1
2023HU1380195,2,501,1,1
2023HU1380342,1,459,2,1
2023HU1380342,2,459,2,1
2023HU1380395,1,487,2,1
2023HU1380559,1,226,3,1
2023HU1380636,1,256,3,1
2023HU1380636,2,256,3,1
2023HU1380636,3,256,3,1
2023HU1380636,4,256,3,1
2023HU1380782,1,374,3,1
2023HU1380782,2,374,3,1
2023HU1380822,1,389,1,1
2023HU1380871,1,501,2,1
2023HU1380871,2,501,2,1
2023HU1380871,3,501,2,1
2023HU1380921,1,501,1,1
2023HU1380963,1,221,1,1
2023HU1380963,2,221,1,1
2023HU1380998,1,443,1,1
2023HU1380998,2,443,1,1
2023HU1381121,1,198,3,1
2023HU1381121,2,191,3,1
2023HU1381121,3,198,3,1
2023HU1381375,1,368,1,1
2023HU1381375,2,368,1,1
2023HU1381481,1,501,1,1
2023HU1381494,1,110,3,1
2023HU1381838,1,501,1,1
2023HU1381838,2,501,1,1
2023HU1381941,1,501,3,1
2023HU1382006,1,52,2,1
2023HU1382097,1,414,2,1
2023HU1382097,2,414,2,1
2023HU1382108,1,501,2,1
2023HU1382108,2,501,2,1
2023HU1382192,1,102,2,1
2023HU1382192,2,102,2,1
2023HU1382192,3,102,2,1
2023HU1382192,4,102,2,1
2023HU1382192,5,102,2,1
2023HU1382192,6,102,2,1
2023HU1382481,1,501,1,1
2023HU1382481,2,501,1,1
2023HU1382658,1,501,1,1
2023HU1382767,1,501,1,1
2023HU1382767,2,501,1,1
2023HU1382767,3,501,1,1
2023HU1382767,4,501,1,1
2023HU1382950,1,341,1,1
2023HU1382957,1,501,1,1
2023HU1382957,2,501,1,1
2023HU1383022,1,229,1,1
2023HU1383030,1,501,3,1
2023HU1383030,2,501,3,1
2023HU1383138,1,305,3,1
2023HU1383138,2,305,3,1
2023HU1383423,1,320,3,1
2023HU1383588,1,232,3,1
2023HU1383588,2,232,3,1
2023HU1383588,3,232,3,1
2023HU1383687,1,501,1,1
2023HU1383687,2,501,1,1
2023HU1383954,1,454,2,1
2023HU1384087,1,106,1,1
2023HU1384087,2,106,1,1
2023HU1384176,1,501,1,1
2023HU1384212,1,148,2,1
2023HU1384212,2,148,2,1
2023HU1384212,3,148,2,1
2023HU1384212,4,148,2,1
2023HU1384212,5,148,2,1
2023HU1384212,6,148,2,1
2023HU1384313,1,170,3,1
2023HU1384339,1,433,3,1
2023HU1384339,2,433,3,1
2023HU1384339,3,433,3,1
2023HU1384339,4,433,3,1
2023HU1384644,1,501,2,1
2023HU1384644,2,501,2,1
2023HU1384705,1,128,3,1
2023HU1384705,2,394,3,1
2023HU1384782,1,501,1,1
2023HU1384782,2,501,1,1
2023HU1384782,3,501,1,1
2023HU1384900,1,501,1,1
2023HU1384900,2,501,1,1
2023HU1384975,1,158,2,1
2023HU1384977,1,501,1,1
2023HU1384977,2,501,1,1
2023HU1384977,3,501,1,1
2023HU1384977,4,501,1,1
2023HU1385174,1,107,1,1
2023HU1385197,1,424,3,1
2023HU1385277,1,428,1,1
2023HU1385277,2,428,1,1
2023HU1385277,3,428,1,1
2023HU1385277,4,428,1,1
2023HU1385277,5,428,1,1
2023HU1385277,6,428,1,1
2023HU1385423,1,65,2,1
2023HU1385481,1,501,1,1
2023HU1385550,1,362,1,1
2023HU1385550,2,362,1,1
2023HU1385550,3,362,1,1
2023HU1385562,1,232,2,1
2023HU1385562,2,232,2,1
2023HU1385565,1,244,1,1
2023HU1385565,2,244,1,1
2023HU1385826,1,501,1,1
2023HU1385826,2,501,1,1
2023HU1385832,1,501,4,1
2023HU1385832,2,501,4,1
2023HU1385895,1,444,2,1
2023HU1385895,2,444,2,1
2023HU1386342,1,501,1,1
2023HU1386370,1,164,1,1
2023HU1386370,2,255,1,1
2023HU1386370,3,164,1,1
2023HU1386370,4,164,1,1
2023HU1386370,5,164,1,1
2023HU1386380,1,501,1,1
2023HU1386380,2,501,1,1
2023HU1386380,3,501,1,1
2023HU1386380,4,501,1,1
2023HU1386836,1,501,1,1
2023HU1386836,2,501,1,1
2023HU1386836,3,501,1,1
2023HU1386836,4,501,1,1
2023HU1386922,1,501,3,1
2023HU1386922,2,501,3,1
2023HU1386922,3,501,3,1
2023HU1387054,1,331,1,1
2023HU1387054,2,331,1,1
2023HU1387054,3,331,1,1
2023HU1387054,4,331,1,1
2023HU1387054,5,331,1,1
2023HU1387119,1,501,2,1
2023HU1387119,2,501,2,1
2023HU1387177,1,501,1,1
2023HU1387220,1,445,1,1
2023HU1387412,1,501,1,1
2023HU1387412,2,501,1,1
2023HU1387652,1,42,3,1
2023HU1387699,1,501,1,1
2023HU1387699,2,501,1,1
2023HU1387722,1,428,2,1
2023HU1387722,2,428,2,1
2023HU1387747,1,501,2,1
2023HU1387747,2,501,2,1
2023HU1387747,3,501,2,1
2023HU1387747,4,501,2,1
2023HU1387823,1,501,2,1
2023HU1387823,2,501,2,1
2023HU1388068,1,77,1,1
2023HU1388125,1,501,1,1
2023HU1388125,2,501,1,1
2023HU1388125,3,501,1,1
2023HU1388164,1,320,1,1
2023HU1388164,2,320,1,1
2023HU1388297,1,212,2,1
2023HU1388590,1,300,3,1
2023HU1388626,1,158,2,1
2023HU1388626,2,158,2,1
2023HU1388626,3,158,2,1
2023HU1388644,1,241,3,1
2023HU1388644,2,241,3,1
2023HU1389000,1,79,3,1
2023HU1389000,2,79,3,1
2023HU1389101,1,388,2,1
2023HU1389101,2,388,2,1
2023HU1389104,1,404,2,1
2023HU1389367,1,501,1,1
2023HU1389367,2,501,1,1
2023HU1389367,3,501,1,1
2023HU1389370,1,345,3,1
2023HU1389383,1,301,1,1
2023HU1389383,2,301,1,1
2023HU1389383,3,301,1,1
2023HU1389383,4,301,1,1
2023HU1389431,1,501,2,1
2023HU1389523,1,62,1,1
2023HU1389523,2,62,1,1
2023HU1389523,3,62,1,1
2023HU1389583,1,276,2,1
2023HU1389608,1,501,1,1
2023HU1389608,2,501,1,1
2023HU1389617,1,501,1,1
2023HU1389633,1,501,3,1
2023HU1389633,2,501,3,1
2023HU1389691,1,501,1,1
2023HU1389740,1,501,2,1
2023HU1389740,2,501,2,1
2023HU1389740,3,501,2,1
2023HU1389740,4,501,2,1
2023HU1389820,1,501,2,1
2023HU1389820,2,501,2,1
2023HU1389820,3,501,2,1
2023HU1389824,1,501,3,1
2023HU1389824,2,196,3,1
2023HU1389854,1,501,2,1
2023HU1389854,2,501,2,1
2023HU1389854,3,501,2,1
2023HU1389919,1,501,2,1
2023HU1389919,2,501,2,1
2023HU1389919,3,130,2,1
2023HU1390105,1,134,1,1
2023HU1390209,1,127,3,1
2023HU1390209,2,127,3,1
2023HU1390309,1,501,1,1
2023HU1390309,2,501,1,1
2023HU1390309,3,501,1,1
2023HU1390309,4,501,1,1
2023HU1390463,1,501,3,1
2023HU1390463,2,501,3,1
2023HU1390556,1,417,2,1
2023HU1390556,2,417,2,1
2023HU1390558,1,50,3,1
2023HU1390738,1,501,1,1
2023HU1390738,2,501,1,1
2023HU1390738,3,501,1,1
2023HU1390738,4,501,1,1
2023HU1390738,5,501,1,1
2023HU1390765,1,501,1,1
2023HU1390921,1,322,3,1
2023HU1390921,2,258,3,1
2023HU1391121,1,501,3,1
2023HU1391121,2,501,3,1
2023HU1391166,1,501,1,1
2023HU1391166,2,501,1,1
2023HU1391166,3,501,1,1
2023HU1391177,1,501,1,1
2023HU1391177,2,501,1,1
2023HU1391177,3,501,1,1
2023HU1391444,1,501,1,1
2023HU1391444,2,501,1,1
2023HU1391576,1,501,2,1
2023HU1391576,2,501,2,1
2023HU1391697,1,400,2,1
2023HU1391697,2,400,2,1
2023HU1391739,1,261,3,1
2023HU1391739,2,261,3,1
2023HU1391739,3,261,3,1
2023HU1391739,4,261,3,1
2023HU1391768,1,262,3,1
2023HU1391894,1,279,2,1
2023HU1391894,2,279,2,1
2023HU1391929,1,419,3,1
2023HU1391942,1,189,3,1
2023HU1391942,2,189,3,1
2023HU1391942,3,189,3,1
2023HU1391942,4,189,3,1
2023HU1391946,1,0,2,1
2023HU1392042,1,501,2,1
2023HU1392042,2,501,2,1
2023HU1392042,3,501,2,1
2023HU1392091,1,12,3,1
2023HU1392110,1,261,1,1
2023HU1392110,2,261,1,1
2023HU1392110,3,261,1,1
2023HU1392110,4,261,1,1
2023HU1392272,1,501,1,1
2023HU1392272,2,501,1,1
2023HU1392329,1,501,1,1
2023HU1392329,2,501,1,1
2023HU1392329,3,501,1,1
2023HU1392556,1,19,3,1
2023HU1392559,1,144,1,1
2023HU1392718,1,501,2,1
2023HU1392718,2,501,2,1
2023HU1392790,1,402,3,1
2023HU1392790,2,402,3,1
2023HU1392790,3,402,3,1
2023HU1392920,1,501,2,1
2023HU1392966,1,59,3,1
2023HU1393097,1,163,1,1
2023HU1393097,2,163,1,1
2023HU1393097,3,163,1,1
2023HU1393415,1,501,1,1
2023HU1393415,2,501,1,1
2023HU1393475,1,136,1,1
2023HU1393475,2,136,1,1
2023HU1393475,3,136,1,1
2023HU1393475,4,136,1,1
2023HU1393475,5,136,1,1
2023HU1393475,6,136,1,1
2023HU1393475,7,136,1,1
2023HU1393475,8,95,1,1
2023HU1393516,1,427,3,1
2023HU1393595,1,455,1,1
2023HU1393595,2,455,1,1
2023HU1393604,1,501,1,1
2023HU1393604,2,501,1,1
2023HU1393604,3,501,1,1
2023HU1393604,4,501,1,1
2023HU1393650,1,171,3,1
2023HU1393787,1,227,1,1
2023HU1393787,2,227,1,1
2023HU1393787,3,227,1,1
2023HU1393787,4,227,1,1
2023HU1393791,1,403,1,1
2023HU1393791,2,403,1,1
2023HU1393807,1,263,1,1
2023HU1393873,1,462,1,1
2023HU1393873,2,462,1,1
2023HU1393970,1,414,3,1
2023HU1394037,1,51,3,1
2023HU1394063,1,311,3,1
2023HU1394350,1,501,1,1
2023HU1394350,2,501,1,1
2023HU1394350,3,501,1,1
2023HU1394350,4,501,1,1
2023HU1394388,1,486,1,1
2023HU1394388,2,486,1,1
2023HU1394388,3,486,1,1
2023HU1394394,1,63,3,1
2023HU1394394,2,12,3,1
2023HU1394436,1,325,1,1
2023HU1394436,2,325,1,1
2023HU1394460,1,432,3,1
2023HU1394578,1,501,1,1
2023HU1394824,1,47,3,1
2023HU1394824,2,47,3,1
2023HU1394824,3,47,3,1
2023HU1394859,1,451,3,1
2023HU1394859,2,451,3,1
2023HU1394917,1,143,2,1
2023HU1394917,2,143,2,1
2023HU1395005,1,75,3,1
2023HU1395211,1,501,3,1
2023HU1395242,1,501,1,1
2023HU1395242,2,501,1,1
2023HU1395242,3,501,1,1
2023HU1395242,4,501,1,1
2023HU1395391,1,336,2,1
2023HU1395391,2,336,2,1
2023HU1395410,1,501,1,1
2023HU1395410,2,501,1,1
2023HU1395419,1,284,2,1
2023HU1395529,1,88,1,1
2023HU1395602,1,489,1,1
2023HU1395602,2,489,1,1
2023HU1395752,1,501,2,1
2023HU1395752,2,501,2,1
2023HU1395752,3,501,2,1
2023HU1395900,1,33,3,1
2023HU1395900,2,33,3,1
2023HU1395900,3,33,3,1
2023HU1395970,1,445,1,1
2023HU1395970,2,445,1,1
2023HU1396084,1,501,1,1
2023HU1396084,2,501,1,1
2023HU1396084,3,501,1,1
2023HU1396084,4,501,1,1
2023HU1396424,1,38,4,1
2023HU1396485,1,486,1,1
2023HU1396553,1,146,3,1
2023HU1396675,1,501,3,1
2023HU1396815,1,28,3,1
2023HU1396978,1,501,2,1
2023HU1396978,2,501,2,1
2023HU1396978,3,501,2,1
2023HU1396992,1,501,3,1
2023HU1396992,2,501,3,1
2023HU1397044,1,501,2,1
2023HU1397044,2,501,2,1
2023HU1397044,3,501,2,1
2023HU1397138,1,216,1,1
2023HU1397144,1,501,1,1
2023HU1397144,2,501,1,1
2023HU1397144,3,501,1,1
2023HU1397144,4,501,1,1
2023HU1397148,1,267,3,1
2023HU1397148,2,267,3,1
2023HU1397249,1,501,1,1
2023HU1397249,2,501,1,1
2023HU1397329,1,309,2,1
2023HU1397408,1,134,3,1
2023HU1397408,2,134,3,1
2023HU1397408,3,134,3,1
2023HU1397408,4,134,3,1
2023HU1397619,1,501,1,1
2023HU1397619,2,501,1,1
2023HU1397619,3,501,1,1
2023HU1397619,4,501,1,1
2023HU1397630,1,501,1,1
2023HU1397630,2,501,1,1
2023HU1397664,1,459,1,1
2023HU1397664,2,459,1,1
2023HU1397664,3,459,1,1
2023HU1397675,1,127,2,1
2023HU1397733,1,133,1,1
2023HU1397733,2,133,1,1
2023HU1397733,3,133,1,1
2023HU1397733,4,133,1,1
2023HU1397733,5,133,1,1
2023HU1397733,6,133,1,1
2023HU1397733,7,133,1,1
2023HU1397829,1,501,2,1
2023HU1397829,2,501,2,1
2023HU1397837,1,501,1,1
2023HU1397837,2,501,1,1
2023HU1397837,3,501,1,1
2023HU1397837,4,325,1,1
2023HU1397853,1,181,1,1
2023HU1397853,2,181,1,1
2023HU1397853,3,181,1,1
2023HU1397853,4,181,1,1
2023HU1397853,5,181,1,1
2023HU1397853,6,181,1,1
2023HU1397853,7,181,1,1
2023HU1397853,8,181,1,1
2023HU1397897,1,501,1,1
2023HU1397897,2,501,1,1
2023HU1397897,3,501,1,1
2023HU1397897,4,501,1,1
2023HU1398200,1,139,1,1
2023HU1398250,1,501,1,1
2023HU1398250,2,501,1,1
2023HU1398250,3,501,1,1
2023HU1398407,1,501,3,1
2023HU1398407,2,501,3,1
2023HU1398485,1,493,1,1
2023HU1398485,2,493,1,1
2023HU1398485,3,493,1,1
2023HU1398485,4,493,1,1
2023HU1398711,1,501,1,1
2023HU1398711,2,501,1,1
2023HU1398765,1,474,2,1
2023HU1398765,2,474,2,1
2023HU1398765,3,474,2,1
2023HU1398849,1,70,3,1
2023HU1398941,1,405,3,1
2023HU1398947,1,501,3,1
2023HU1398947,2,357,3,1
2023HU1398973,1,273,3,1
2023HU1398973,2,273,3,1
2023HU1399128,1,501,2,1
2023HU1399128,2,501,2,1
2023HU1399246,1,501,2,1
2023HU1399246,2,501,2,1
2023HU1399246,3,501,2,1
2023HU1399246,4,501,2,1
2023HU1399264,1,501,3,1
2023HU1399264,2,501,3,1
2023HU1399264,3,501,3,1
2023HU1399264,4,501,3,1
2023HU1399267,1,501,1,1
2023HU1399267,2,501,1,1
2023HU1399311,1,501,2,1
2023HU1399311,2,501,2,1
2023HU1399311,3,501,2,1
2023HU1399392,1,501,3,1
2023HU1399532,1,501,1,1
2023HU1399532,2,501,1,1
2023HU1399532,3,501,1,1
2023HU1399532,4,501,1,1
2023HU1399580,1,339,2,1
2023HU1399701,1,501,1,1
2023HU1399701,2,501,1,1
2023HU1399718,1,141,3,1
2023HU1399954,1,501,1,1
2023HU1399954,2,501,1,1
2023HU1399954,3,501,1,1
2023HU1399998,1,366,2,1
2023HU1399998,2,366,2,1
2023HU1400026,1,501,1,1
2023HU1400026,2,501,1,1
2023HU1400026,3,501,1,1
2023HU1400026,4,501,1,1
2023HU1400029,1,52,3,1
2023HU1400042,1,501,1,1
2023HU1400042,2,501,1,1
2023HU1400042,3,501,1,1
2023HU1400123,1,160,3,1
2023HU1400124,1,139,2,1
2023HU1400124,2,139,2,1
2023HU1400179,1,179,1,1
2023HU1400179,2,179,1,1
2023HU1400179,3,179,1,1
2023HU1400179,4,179,1,1
2023HU1400201,1,192,1,1
2023HU1400201,2,192,1,1
2023HU1400201,3,192,1,1
2023HU1400263,1,243,2,1
2023HU1400263,2,243,2,1
2023HU1400332,1,501,1,1
2023HU1400332,2,501,1,1
2023HU1400332,3,501,1,1
2023HU1400332,4,501,1,1
2023HU1400338,1,501,1,1
2023HU1400338,2,501,1,1
2023HU1400377,1,501,1,1
2023HU1400635,1,501,2,1
2023HU1400635,2,0,2,1
2023HU1400635,3,501,2,1
2023HU1400635,4,501,2,1
2023HU1400778,1,228,3,1
2023HU1400819,1,441,1,1
2023HU1400819,2,441,1,1
2023HU1400845,1,501,3,1
2023HU1401026,1,69,3,1
2023HU1401093,1,501,1,1
2023HU1401093,2,501,1,1
2023HU1401093,3,501,1,1
2023HU1401093,4,501,1,1
2023HU1401192,1,59,2,1
2023HU1401200,1,345,2,1
2023HU1401200,2,345,2,1
2023HU1401210,1,501,1,1
2023HU1401210,2,501,1,1
2023HU1401210,3,501,1,1
2023HU1401210,4,501,1,1
2023HU1401210,5,501,1,1
2023HU1401313,1,181,3,1
2023HU1401336,1,37,2,1
2023HU1401336,2,37,2,1
2023HU1401461,1,501,1,1
2023HU1401461,2,501,1,1
2023HU1401489,1,202,1,1
2023HU1401507,1,336,2,1
2023HU1401517,1,116,3,1
2023HU1401517,2,116,3,1
2023HU1401517,3,116,3,1
2023HU1401517,4,116,3,1
2023HU1401517,5,116,3,1
2023HU1401543,1,501,3,1
2023HU1401543,2,501,3,1
2023HU1401622,1,501,1,1
2023HU1401622,2,501,1,1
2023HU1401622,3,501,1,1
2023HU1401622,4,501,1,1
2023HU1401814,1,501,1,1
2023HU1401814,2,501,1,1
2023HU1401814,3,501,1,1
2023HU1401814,4,501,1,1
2023HU1401814,5,501,1,1
2023HU1401814,6,501,1,1
2023HU1401972,1,501,2,1
2023HU1401972,2,501,2,1
2023HU1401999,1,415,1,1
2023HU1402350,1,452,1,1
2023HU1402350,2,452,1,1
2023HU1402350,3,452,1,1
2023HU1402350,4,452,1,1
2023HU1402496,1,501,1,1
2023HU1402496,2,501,1,1
2023HU1402507,1,189,2,1
2023HU1402507,2,189,2,1
2023HU1402520,1,501,1,1
2023HU1402520,2,501,1,1
2023HU1402562,1,266,3,1
2023HU1402562,2,266,3,1
2023HU1402562,3,266,3,1
2023HU1402562,4,0,3,1
2023HU1402598,1,112,1,1
2023HU1402598,2,112,1,1
2023HU1402953,1,171,3,1
2023HU1402966,1,491,2,1
2023HU1403001,1,95,4,1
2023HU1403051,1,501,1,1
2023HU1403172,1,111,3,1
2023HU1403172,2,111,3,1
2023HU1403273,1,451,1,1
2023HU1403273,2,501,1,1
2023HU1403478,1,501,1,1
2023HU1403478,2,501,1,1
2023HU1403490,1,105,2,1
2023HU1403656,1,490,1,1
2023HU1403686,1,430,3,1
2023HU1403686,2,430,3,1
2023HU1403686,3,430,3,1
2023HU1403686,4,430,3,1
2023HU1403727,1,501,1,1
2023HU1403727,2,501,1,1
2023HU1403727,3,501,1,1
2023HU1403727,4,501,1,1
2023HU1403727,5,501,1,1
2023HU1403766,1,101,3,1
2023HU1403766,2,101,3,1
2023HU1403952,1,321,1,1
2023HU1403952,2,321,1,1
2023HU1404026,1,365,1,1
2023HU1404026,2,365,1,1
2023HU1404026,3,365,1,1
2023HU1404026,4,365,1,1
2023HU1404125,1,501,1,1
2023HU1404125,2,501,1,1
2023HU1404142,1,501,2,1
2023HU1404142,2,501,2,1
2023HU1404142,3,501,2,1
2023HU1404178,1,501,1,1
2023HU1404178,2,501,1,1
2023HU1404258,1,374,3,1
2023HU1404268,1,141,1,1
2023HU1404268,2,141,1,1
2023HU1404268,3,141,1,1
2023HU1404268,4,141,1,1
2023HU1404268,5,141,1,1
2023HU1404268,6,141,1,1
2023HU1404417,1,13,1,1
2023HU1404417,2,13,1,1
2023HU1404459,1,339,1,1
2023HU1404543,1,397,2,1
2023HU1404626,1,407,1,1
2023HU1404626,2,407,1,1
2023HU1404626,3,407,1,1
2023HU1404626,4,407,1,1
2023HU1404669,1,292,1,1
2023HU1404669,2,64,1,1
2023HU1404670,1,501,1,1
2023HU1404670,2,501,1,1
2023HU1404670,3,501,1,1
2023HU1404670,4,501,1,1
2023HU1404670,5,501,1,1
2023HU1404755,1,123,3,1
2023HU1404755,2,152,3,1
2023HU1404755,3,123,3,1
2023HU1404755,4,123,3,1
2023HU1404803,1,422,3,1
2023HU1405049,1,32,3,1
2023HU1405071,1,85,2,1
2023HU1405071,2,85,2,1
2023HU1405071,3,85,2,1
2023HU1405071,4,85,2,1
2023HU1405079,1,485,2,1
2023HU1405079,2,485,2,1
2023HU1405079,3,485,2,1
2023HU1405079,4,485,2,1
2023HU1405079,5,485,2,1
2023HU1405114,1,335,3,1
2023HU1405114,2,335,3,1
2023HU1405114,3,335,3,1
2023HU1405114,4,335,3,1
2023HU1405118,1,402,2,1
2023HU1405118,2,402,2,1
2023HU1405118,3,402,2,1
2023HU1405118,4,402,2,1
2023HU1405118,5,402,2,1
2023HU1405355,1,501,1,1
2023HU1405375,1,72,3,1
2023HU1405498,1,501,1,1
2023HU1405498,2,501,1,1
2023HU1405526,1,501,1,1
2023HU1405526,2,501,1,1
2023HU1405526,3,501,1,1
2023HU1405806,1,501,1,1
2023HU1405806,2,501,1,1
2023HU1405806,3,501,1,1
2023HU1405851,1,361,1,1
2023HU1405857,1,416,1,1
2023HU1405857,2,416,1,1
2023HU1406074,1,96,3,1
2023HU1406087,1,27,3,1
2023HU1406147,1,501,1,1
2023HU1406147,2,501,1,1
2023HU1406147,3,501,1,1
2023HU1406220,1,469,1,1
2023HU1406220,2,469,1,1
2023HU1406220,3,469,1,1
2023HU1406220,4,469,1,1
2023HU1406220,5,469,1,1
2023HU1406220,6,469,1,1
2023HU1406220,7,469,1,1
2023HU1406256,1,501,1,1
2023HU1406379,1,191,2,1
2023HU1406379,2,191,2,1
2023HU1406542,1,501,2,1
2023HU1406542,2,501,2,1
2023HU1406874,1,501,3,1
2023HU1406874,2,501,3,1
2023HU1406971,1,1,2,1
2023HU1407017,1,89,3,1
2023HU1407107,1,501,1,1
2023HU1407107,2,501,1,1
2023HU1407122,1,113,3,1
2023HU1407246,1,179,2,1
2023HU1407246,2,179,2,1
2023HU1407246,3,179,2,1
2023HU1407246,4,179,2,1
2023HU1407246,5,179,2,1
2023HU1407246,6,179,2,1
2023HU1407246,7,179,2,1
2023HU1407246,8,179,2,1
2023HU1407465,1,501,2,1
2023HU1407465,2,501,2,1
2023HU1407465,3,501,2,1
2023HU1407650,1,501,1,1
2023HU1407673,1,501,1,1
2023HU1407673,2,501,1,1
2023HU1407673,3,501,1,1
2023HU1407673,4,501,1,1
2023HU1407772,1,501,1,1
2023HU1407772,2,501,1,1
2023HU1407772,3,501,1,1
2023HU1407772,4,501,1,1
2023HU1407847,1,298,3,1
2023HU1407847,2,298,3,1
2023HU1407910,1,444,2,1
2023HU1407910,2,444,2,1
2023HU1408010,1,405,1,1
2023HU1408010,2,405,1,1
2023HU1408010,3,405,1,1
2023HU1408045,1,501,1,1
2023HU1408123,1,77,2,1
2023HU1408123,2,77,2,1
2023HU1408123,3,77,2,1
2023HU1408123,4,77,2,1
2023HU1408123,5,77,2,1
2023HU1408149,1,222,3,1
2023HU1408238,1,501,2,1
2023HU1408238,2,501,2,1
2023HU1408414,1,317,2,1
2023HU1408414,2,0,2,1
2023HU1408414,3,317,2,1
2023HU1408414,4,317,2,1
2023HU1408414,5,317,2,1
2023HU1408414,6,317,2,1
2023HU1408414,7,317,2,1
2023HU1408414,8,317,2,1
2023HU1408546,1,135,3,1
2023HU1408654,1,220,3,1
2023HU1408654,2,0,3,1
2023HU1408654,3,220,3,1
2023HU1408654,4,220,3,1
2023HU1408724,1,359,1,1
2023HU1408724,2,359,1,1
2023HU1408724,3,359,1,1
2023HU1408724,4,359,1,1
2023HU1408724,5,359,1,1
2023HU1408763,1,501,2,1
2023HU1408803,1,371,2,1
2023HU1408803,2,371,2,1
2023HU1408803,3,371,2,1
2023HU1408803,4,371,2,1
2023HU1408820,1,64,2,1
2023HU1408822,1,389,3,1
2023HU1408822,2,389,3,1
2023HU1408917,1,95,3,1
2023HU1408917,2,311,3,1
2023HU1408962,1,501,2,1
2023HU1408962,2,501,2,1
2023HU1408962,3,501,2,1
2023HU1408962,4,501,2,1
2023HU1409047,1,120,3,1
2023HU1409061,1,265,1,1
2023HU1409061,2,265,1,1
2023HU1409192,1,11,3,1
2023HU1409217,1,241,2,1
2023HU1409217,2,69,2,1
2023HU1409243,1,501,1,1
2023HU1409243,2,501,1,1
2023HU1409243,3,501,1,1
2023HU1409386,1,321,3,1
2023HU1409386,2,501,3,1
2023HU1409391,1,501,3,1
2023HU1409391,2,384,3,1
2023HU1409449,1,111,3,1
2023HU1409520,1,154,2,1
2023HU1409520,2,154,2,1
2023HU1409520,3,154,2,1
2023HU1409676,1,230,3,1
2023HU1409762,1,262,2,1
2023HU1409762,2,262,2,1
2023HU1409921,1,501,3,1
2023HU1409921,2,501,3,1
2023HU1410000,1,434,1,1
2023HU1410000,2,434,1,1
2023HU1410000,3,434,1,1
2023HU1410131,1,34,1,1
2023HU1410336,1,501,1,1
2023HU1410336,2,501,1,1
2023HU1410336,3,501,1,1
2023HU1410336,4,501,1,1
2023HU1410336,5,501,1,1
2023HU1410336,6,501,1,1
2023HU1410446,1,470,2,1
2023HU1410446,2,470,2,1
2023HU1410446,3,470,2,1
2023HU1410491,1,0,1,1
2023HU1410491,2,0,1,1
2023HU1410492,1,93,2,1
2023HU1410559,1,11,2,1
2023HU1410771,1,376,3,1
2023HU1410771,2,376,3,1
2023HU1410771,3,376,3,1
2023HU1410771,4,376,3,1
2023HU1410771,5,376,3,1
2023HU1410771,6,376,3,1
2023HU1410860,1,501,1,1
2023HU1410860,2,501,1,1
2023HU1410860,3,501,1,1
2023HU1410860,4,501,1,1
2023HU1410918,1,185,2,1
2023HU1410977,1,230,1,1
2023HU1411114,1,501,1,1
2023HU1411114,2,501,1,1
2023HU1411371,1,501,2,1
2023HU1411371,2,501,2,1
2023HU1411371,3,501,2,1
2023HU1411387,1,258,1,1
2023HU1411387,2,64,1,1
2023HU1411387,3,58,1,1
2023HU1411435,1,501,3,1
2023HU1411435,2,501,3,1
2023HU1411435,3,501,3,1
2023HU1411435,4,501,3,1
2023HU1411589,1,501,1,1
2023HU1411589,2,501,1,1
2023HU1411662,1,257,3,1
2023HU1412039,1,493,2,1
2023HU1412039,2,493,2,1
2023HU1412039,3,493,2,1
2023HU1412039,4,493,2,1
2023HU1412039,5,493,2,1
2023HU1412069,1,501,1,1
2023HU1412602,1,306,1,1
2023HU1412602,2,306,1,1
2023HU1412879,1,501,1,1
2023HU1412879,2,501,1,1
2023HU1412879,3,501,1,1
2023HU1412948,1,376,2,1
2023HU1412948,2,376,2,1
2023HU1412952,1,501,1,1
2023HU1413034,1,501,1,1
2023HU1413034,2,501,1,1
2023HU1413047,1,501,1,1
2023HU1413195,1,456,2,1
2023HU1413197,1,331,3,1
2023HU1413197,2,422,3,1
2023HU1413439,1,216,1,1
2023HU1413439,2,216,1,1
2023HU1413439,3,216,1,1
2023HU1413439,4,216,1,1
2023HU1413439,5,216,1,1
2023HU1413517,1,501,1,1
2023HU1413517,2,501,1,1
2023HU1413554,1,501,1,1
2023HU1413554,2,501,1,1
2023HU1413560,1,314,3,1
2023HU1413560,2,314,3,1
2023HU1413623,1,208,2,1
2023HU1413637,1,501,3,1
2023HU1413720,1,289,2,1
2023HU1413720,2,386,2,1
2023HU1413729,1,113,3,1
2023HU1413729,2,113,3,1
2023HU1413781,1,501,3,1
2023HU1413801,1,501,2,1
2023HU1413801,2,501,2,1
2023HU1413801,3,501,2,1
2023HU1413801,4,501,2,1
2023HU1413801,5,501,2,1
2023HU1413842,1,501,1,1
2023HU1413864,1,501,3,1
2023HU1413864,2,214,3,1
2023HU1413890,1,150,3,1
2023HU1413890,2,150,3,1
2023HU1413890,3,150,3,1
2023HU1413890,4,150,3,1
2023HU1413890,5,150,3,1
2023HU1413978,1,457,2,1
2023HU1413978,2,457,2,1
2023HU1414045,1,278,1,1
2023HU1414045,2,278,1,1
2023HU1414045,3,278,1,1
2023HU1414045,4,278,1,1
2023HU1414045,5,278,1,1
2023HU1414111,1,501,1,1
2023HU1414111,2,501,1,1
2023HU1414111,3,501,1,1
2023HU1414118,1,148,2,1
2023HU1414118,2,148,2,1
2023HU1414118,3,148,2,1
2023HU1414173,1,220,3,1
2023HU1414220,1,501,1,1
2023HU1414220,2,501,1,1
2023HU1414220,3,501,1,1
2023HU1414281,1,157,2,1
2023HU1414485,1,163,2,1
2023HU1414568,1,501,1,1
2023HU1414649,1,67,1,1
2023HU1414649,2,67,1,1
2023HU1414805,1,501,3,1
2023HU1414805,2,501,3,1
2023HU1414830,1,244,1,1
2023HU1414830,2,244,1,1
2023HU1414846,1,501,1,1
2023HU1414846,2,501,1,1
2023HU1414885,1,501,3,1
2023HU1415009,1,420,1,1
2023HU1415009,2,420,1,1
2023HU1415009,3,420,1,1
2023HU1415009,4,420,1,1
2023HU1415089,1,301,3,1
2023HU1415341,1,501,2,1
2023HU1415341,2,501,2,1
2023HU1415354,1,323,1,1
2023HU1415384,1,501,1,1
2023HU1415384,2,501,1,1
2023HU1415384,3,501,1,1
2023HU1415461,1,0,3,1
2023HU1415539,1,116,3,1
2023HU1415539,2,0,3,1
2023HU1415539,3,116,3,1
2023HU1415539,4,116,3,1
2023HU1415565,1,302,1,1
2023HU1415565,2,302,1,1
2023HU1415566,1,312,1,1
2023HU1415566,2,312,1,1
2023HU1415810,1,501,2,1
2023HU1415810,2,501,2,1
2023HU1415810,3,501,2,1
2023HU1415841,1,501,2,1
2023HU1415841,2,501,2,1
2023HU1415841,3,501,2,1
2023HU1415861,1,2,1,1
2023HU1415861,2,265,1,1
2023HU1415861,3,2,1,1
2023HU1415861,4,2,1,1
2023HU1415861,5,2,1,1
2023HU1415915,1,305,2,1
2023HU1415915,2,305,2,1
2023HU1416006,1,25,3,1
2023HU1416046,1,501,1,1
2023HU1416215,1,501,1,1
2023HU1416215,2,0,1,1
2023HU1416252,1,501,3,1
2023HU1416252,2,501,3,1
2023HU1416252,3,501,3,1
2023HU1416397,1,0,3,1
2023HU1416514,1,433,3,1
2023HU1416514,2,433,3,1
2023HU1416613,1,501,1,1
2023HU1416613,2,501,1,1
2023HU1416613,3,501,1,1
2023HU1416708,1,158,2,1
2023HU1416708,2,158,2,1
2023HU1416777,1,101,2,1
2023HU1416777,2,101,2,1
2023HU1416839,1,209,3,1
2023HU1416897,1,501,3,1
2023HU1416897,2,501,3,1
2023HU1417049,1,501,2,1
2023HU1417064,1,0,3,1
2023HU1417064,2,0,3,1
2023HU1417153,1,69,3,1
2023HU1417153,2,69,3,1
2023HU1417153,3,69,3,1
2023HU1417153,4,69,3,1
2023HU1417153,5,69,3,1
2023HU1417176,1,444,3,1
2023HU1417176,2,444,3,1
2023HU1417213,1,194,2,1
2023HU1417308,1,326,2,1
2023HU1417446,1,388,1,1
2023HU1417446,2,388,1,1
2023HU1417467,1,134,1,1
2023HU1417710,1,296,1,1
2023HU1417710,2,296,1,1
2023HU1417710,3,296,1,1
2023HU1417710,4,296,1,1
2023HU1417710,5,296,1,1
2023HU1417740,1,501,1,1
2023HU1417740,2,501,1,1
2023HU1417740,3,501,1,1
2023HU1417740,4,501,1,1
2023HU1417967,1,501,1,1
2023HU1418069,1,19,3,1
2023HU1418069,2,19,3,1
2023HU1418069,3,19,3,1
2023HU1418146,1,501,2,1
2023HU1418212,1,150,1,1
2023HU1418212,2,150,1,1
2023HU1418212,3,150,1,1
2023HU1418212,4,150,1,1
2023HU1418338,1,59,1,1
2023HU1418338,2,228,1,1
2023HU1418338,3,59,1,1
2023HU1418577,1,351,1,1
2023HU1418613,1,479,3,1
2023HU1418656,1,254,2,1
2023HU1418656,2,254,2,1
2023HU1418663,1,50,3,1
2023HU1418663,2,50,3,1
2023HU1418663,3,50,3,1
2023HU1418682,1,501,1,1
2023HU1418682,2,222,1,1
2023HU1418682,3,501,1,1
2023HU1418682,4,501,1,1
2023HU1418682,5,501,1,1
2023HU1418812,1,245,2,1
2023HU1418812,2,245,2,1
2023HU1418812,3,245,2,1
2023HU1418874,1,56,1,1
2023HU1418874,2,56,1,1
2023HU1418874,3,56,1,1
2023HU1418874,4,56,1,1
2023HU1418874,5,56,1,1
2023HU1419075,1,383,3,1
2023HU1419075,2,383,3,1
2023HU1419293,1,161,3,1
2023HU1419394,1,399,1,1
2023HU1419394,2,207,1,1
2023HU1419394,3,399,1,1
2023HU1419394,4,399,1,1
2023HU1419433,1,309,2,1
2023HU1419433,2,309,2,1
2023HU1419433,3,309,2,1
2023HU1419466,1,501,3,1
2023HU1420015,1,352,3,1
2023HU1420015,2,352,3,1
2023HU1420015,3,352,3,1
2023HU1420015,4,352,3,1
2023HU1420020,1,185,1,1
2023HU1420020,2,185,1,1
2023HU1420020,3,185,1,1
2023HU1420020,4,185,1,1
2023HU1420026,1,501,1,1
2023HU1420070,1,439,1,1
2023HU1420070,2,439,1,1
2023HU1420088,1,120,1,1
2023HU1420088,2,120,1,1
2023HU1420178,1,501,2,1
2023HU1420178,2,501,2,1
2023HU1420178,3,501,2,1
2023HU1420178,4,97,2,1
2023HU1420178,5,78,2,1
2023HU1420410,1,501,3,1
2023HU1420410,2,469,3,1
2023HU1420450,1,501,3,1
2023HU1420450,2,501,3,1
2023HU1420450,3,501,3,1
2023HU1420450,4,501,3,1
2023HU1420469,1,501,2,1
2023HU1420469,2,501,2,1
2023HU1420469,3,501,2,1
2023HU1420825,1,443,3,1
2023HU1420825,2,443,3,1
2023HU1420825,3,443,3,1
2023HU1420846,1,7,3,1
2023HU1420881,1,501,2,1
2023HU1420943,1,501,1,1
2023HU1420943,2,501,1,1
2023HU1420943,3,501,1,1
2023HU1421176,1,297,2,1
2023HU1421176,2,297,2,1
2023HU1421176,3,297,2,1
2023HU1421176,4,297,2,1
2023HU1421176,5,297,2,1
2023HU1421176,6,297,2,1
2023HU1421278,1,241,3,1
2023HU1421410,1,501,1,1
2023HU1421410,2,501,1,1
2023HU1421410,3,501,1,1
2023HU1421548,1,257,1,1
2023HU1421548,2,257,1,1
2023HU1421630,1,396,1,1
2023HU1421630,2,396,1,1
2023HU1421630,3,396,1,1
2023HU1421630,4,396,1,1
2023HU1421630,5,396,1,1
2023HU1421630,6,396,1,1
2023HU1421690,1,501,1,1
2023HU1421690,2,501,1,1
2023HU1421821,1,37,1,1
2023HU1421821,2,37,1,1
2023HU1421898,1,501,3,1
2023HU1421898,2,501,3,1
2023HU1421898,3,501,3,1
2023HU1421918,1,496,2,1
2023HU1421918,2,496,2,1
2023HU1421950,1,501,1,1
2023HU1421950,2,501,1,1
2023HU1421950,3,501,1,1
2023HU1421950,4,501,1,1
2023HU1421984,1,501,2,1
2023HU1421984,2,501,2,1
2023HU1422361,1,501,3,1
2023HU1422361,2,465,3,1
2023HU1422401,1,218,1,1
2023HU1422401,2,218,1,1
2023HU1422401,3,218,1,1
2023HU1422448,1,501,1,1
2023HU1422448,2,501,1,1
2023HU1422448,3,501,1,1
2023HU1422448,4,501,1,1
2023HU1422634,1,105,3,1
2023HU1422634,2,105,3,1
2023HU1422634,3,105,3,1
2023HU1422634,4,105,3,1
2023HU1422634,5,105,3,1
2023HU1422634,6,105,3,1
2023HU1422753,1,320,2,1
2023HU1422753,2,320,2,1
2023HU1423008,1,501,2,1
2023HU1423008,2,501,2,1
2023HU1423008,3,501,2,1
2023HU1423008,4,501,2,1
2023HU1423136,1,124,1,1
2023HU1423136,2,124,1,1
2023HU1423202,1,212,1,1
2023HU1423202,2,212,1,1
2023HU1423202,3,212,1,1
2023HU1423202,4,212,1,1
2023HU1423202,5,212,1,1
2023HU1423243,1,501,2,1
2023HU1423243,2,501,2,1
2023HU1423243,3,501,2,1
2023HU1423390,1,501,1,1
2023HU1423390,2,501,1,1
2023HU1423390,3,501,1,1
2023HU1423414,1,365,2,1
2023HU1423424,1,501,2,1
2023HU1423424,2,501,2,1
2023HU1423441,1,501,1,1
2023HU1423441,2,501,1,1
2023HU1423552,1,41,3,1
2023HU1423570,1,501,2,1
2023HU1423820,1,501,1,1
2023HU1423820,2,501,1,1
2023HU1423820,3,501,1,1
2023HU1423820,4,501,1,1
2023HU1423956,1,87,3,1
2023HU1423956,2,87,3,1
2023HU1423956,3,87,3,1
2023HU1423961,1,421,3,1
2023HU1423961,2,0,3,1
2023HU1424035,1,187,1,1
2023HU1424037,1,501,2,1
2023HU1424447,1,216,3,1
2023HU1424574,1,193,3,1
2023HU1424574,2,193,3,1
2023HU1424574,3,193,3,1
2023HU1424574,4,193,3,1
2023HU1424574,5,193,3,1
2023HU1424659,1,349,2,1
2023HU1424659,2,349,2,1
2023HU1424659,3,349,2,1
2023HU1424659,4,349,2,1
2023HU1424722,1,501,2,1
2023HU1424722,2,501,2,1
2023HU1424722,3,501,2,1
2023HU1424722,4,501,2,1
2023HU1424722,5,501,2,1
2023HU1424768,1,467,2,1
2023HU1424768,2,467,2,1
2023HU1424768,3,467,2,1
2023HU1424969,1,143,3,1
2023HU1424969,2,143,3,1
2023HU1424969,3,143,3,1
2023HU1424969,4,143,3,1
2023HU1424969,5,143,3,1
2023HU1424971,1,501,1,1
2023HU1425010,1,499,2,1
2023HU1425010,2,499,2,1
2023HU1425095,1,321,3,1
2023HU1425294,1,175,1,1
2023HU1425294,2,175,1,1
2023HU1425294,3,175,1,1
2023HU1425294,4,175,1,1
2023HU1425294,5,175,1,1
2023HU1425400,1,501,1,1
2023HU1425400,2,501,1,1
2023HU1425400,3,501,1,1
2023HU1425460,1,361,1,1
2023HU1425500,1,501,1,1
2023HU1425500,2,501,1,1
2023HU1425529,1,228,1,1
2023HU1425529,2,228,1,1
2023HU1425544,1,501,3,1
2023HU1425544,2,501,3,1
2023HU1425610,1,501,2,1
2023HU1425610,2,501,2,1
2023HU1425619,1,501,3,1
2023HU1425619,2,501,3,1
2023HU1425630,1,328,2,1
2023HU1425695,1,198,3,1
2023HU1425695,2,198,3,1
2023HU1425719,1,240,2,1
2023HU1425719,2,240,2,1
2023HU1425719,3,240,2,1
2023HU1425719,4,240,2,1
2023HU1425719,5,240,2,1
2023HU1425719,6,240,2,1
2023HU1425727,1,501,2,1
2023HU1425727,2,501,2,1
2023HU1425821,1,501,3,1
2023HU1425821,2,330,3,1
2023HU1425877,1,239,3,1
2023HU1425883,1,205,2,1
2023HU1425883,2,126,2,1
2023HU1425914,1,83,3,1
2023HU1425976,1,256,3,1
2023HU1425998,1,501,1,1
2023HU1425998,2,501,1,1
2023HU1425998,3,501,1,1
2023HU1426018,1,501,1,1
2023HU1426018,2,501,1,1
2023HU1426018,3,501,1,1
2023HU1426018,4,501,1,1
2023HU1426096,1,298,2,1
2023HU1426096,2,298,2,1
2023HU1426125,1,501,2,1
2023HU1426361,1,114,2,1
2023HU1426438,1,245,3,1
2023HU1426460,1,232,2,1
2023HU1426460,2,232,2,1
2023HU1426586,1,501,2,1
2023HU1426586,2,501,2,1
2023HU1426586,3,501,2,1
2023HU1426865,1,276,2,1
2023HU1426865,2,276,2,1
2023HU1426938,1,501,1,1
2023HU1426985,1,501,3,1
2023HU1427032,1,86,1,1
2023HU1427032,2,86,1,1
2023HU1427156,1,501,1,1
2023HU1427156,2,417,1,1
2023HU1427184,1,149,3,1
2023HU1427197,1,501,1,1
2023HU1427197,2,501,1,1
2023HU1427197,3,501,1,1
2023HU1427197,4,501,1,1
2023HU1427228,1,237,1,1
2023HU1427228,2,237,1,1
2023HU1427228,3,237,1,1
2023HU1427400,1,501,2,1
2023HU1427897,1,159,3,1
2023HU1427897,2,159,3,1
2023HU1427971,1,482,3,1
2023HU1427971,2,482,3,1
2023HU1428083,1,217,2,1
2023HU1428083,2,217,2,1
2023HU1428083,3,217,2,1
2023HU1428263,1,336,1,1
2023HU1428263,2,336,1,1
2023HU1428273,1,501,3,1
2023HU1428273,2,106,3,1
2023HU1428302,1,501,3,1
2023HU1428302,2,501,3,1
2023HU1428302,3,501,3,1
2023HU1428302,4,501,3,1
2023HU1428369,1,371,2,1
2023HU1428369,2,371,2,1
2023HU1428386,1,501,1,1
2023HU1428386,2,501,1,1
2023HU1428425,1,0,3,1
2023HU1428428,1,49,2,1
2023HU1428433,1,253,3,1
2023HU1428915,1,501,3,1
2023HU1428964,1,501,1,1
2023HU1428964,2,501,1,1
2023HU1428964,3,501,1,1
2023HU1428964,4,501,1,1
2023HU1429148,1,289,1,1
2023HU1429204,1,186,2,1
2023HU1429217,1,266,1,1
2023HU1429217,2,266,1,1
2023HU1429217,3,266,1,1
2023HU1429217,4,266,1,1
2023HU1429217,5,266,1,1
2023HU1429306,1,276,1,1
2023HU1429491,1,209,3,1
2023HU1429607,1,501,1,1
2023HU1429657,1,476,2,1
2023HU1429670,1,317,2,1
2023HU1429670,2,317,2,1
2023HU1429689,1,192,3,1
2023HU1429692,1,184,3,1
2023HU1429692,2,184,3,1
2023HU1429822,1,297,1,1
2023HU1429822,2,297,1,1
2023HU1429822,3,297,1,1
2023HU1429822,4,297,1,1
2023HU1429897,1,501,2,1
2023HU1429897,2,501,2,1
2023HU1430144,1,501,1,1
2023HU1430144,2,501,1,1
2023HU1430144,3,501,1,1
2023HU1430250,1,501,1,1
2023HU1430250,2,501,1,1
2023HU1430250,3,501,1,1
2023HU1430251,1,361,1,1
2023HU1430273,1,501,1,1
2023HU1430273,2,501,1,1
2023HU1430281,1,501,3,1
2023HU1430281,2,501,3,1
2023HU1430293,1,382,1,1
2023HU1430293,2,501,1,1
2023HU1430293,3,382,1,1
2023HU1430773,1,501,1,1
2023HU1430773,2,501,1,1
2023HU1430773,3,501,1,1
2023HU1430773,4,501,1,1
2023HU1430948,1,494,1,1
2023HU1431185,1,501,1,1
2023HU1431185,2,501,1,1
2023HU1431231,1,352,1,1
2023HU1431231,2,352,1,1
2023HU1431231,3,352,1,1
2023HU1431394,1,501,1,1
2023HU1431394,2,501,1,1
2023HU1431394,3,501,1,1
2023HU1431451,1,254,3,1
2023HU1431604,1,501,1,1
2023HU1431604,2,501,1,1
2023HU1431611,1,501,1,1
2023HU1431611,2,501,1,1
2023HU1431611,3,501,1,1
2023HU1431679,1,501,3,1
2023HU1431679,2,160,3,1
2023HU1431848,1,501,1,1
2023HU1431848,2,501,1,1
2023HU1431848,3,501,1,1
2023HU1431952,1,501,3,1
2023HU1432068,1,250,1,1
2023HU1432068,2,250,1,1
2023HU1432068,3,250,1,1
2023HU1432068,4,250,1,1
2023HU1432079,1,153,2,1
2023HU1432111,1,216,3,1
2023HU1432143,1,207,2,1
2023HU1432209,1,413,1,1
2023HU1432209,2,413,1,1
2023HU1432209,3,413,1,1
2023HU1432209,4,413,1,1
2023HU1432209,5,413,1,1
2023HU1432209,6,413,1,1
2023HU1432275,1,203,3,1
2023HU1432275,2,203,3,1
2023HU1432275,3,,3,1
2023HU1432398,1,286,2,1
2023HU1432398,2,286,2,1
2023HU1432426,1,177,2,1
2023HU1432491,1,501,2,1
2023HU1432491,2,501,2,1
2023HU1432527,1,501,1,1
2023HU1432527,2,501,1,1
2023HU1432527,3,501,1,1
2023HU1432613,1,161,3,1
2023HU1432613,2,161,3,1
2023HU1432854,1,281,2,1
2023HU1433143,1,234,1,1
2023HU1433143,2,234,1,1
2023HU1433355,1,501,2,1
2023HU1433424,1,501,1,1
2023HU1433424,2,501,1,1
2023HU1433424,3,501,1,1
2023HU1433430,1,501,1,1
2023HU1433430,2,501,1,1
2023HU1433643,1,9,3,1
2023HU1433643,2,9,3,1
2023HU1433643,3,9,3,1
2023HU1433775,1,390,1,1
2023HU1433775,2,390,1,1
2023HU1433775,3,390,1,1
2023HU1433787,1,193,3,1
2023HU1433809,1,501,2,1
2023HU1433809,2,501,2,1
2023HU1433810,1,501,3,1
2023HU1433810,2,501,3,1
2023HU1434074,1,307,3,1
2023HU1434378,1,173,2,1
2023HU1434487,1,154,1,1
2023HU1434487,2,154,1,1
2023HU1434487,3,154,1,1
2023HU1434487,4,154,1,1
2023HU1434500,1,417,3,1
2023HU1434500,2,397,3,1
2023HU1434553,1,307,3,1
2023HU1434553,2,307,3,1
2023HU1434713,1,501,2,1
2023HU1434713,2,501,2,1
2023HU1434714,1,134,3,1
2023HU1434714,2,134,3,1
2023HU1434714,3,134,3,1
2023HU1434912,1,501,1,1
2023HU1434912,2,501,1,1
2023HU1434912,3,501,1,1
2023HU1434912,4,501,1,1
2023HU1434980,1,485,3,1
2023HU1435027,1,168,3,1
2023HU1435027,2,168,3,1
2023HU1435027,3,168,3,1
2023HU1435027,4,168,3,1
2023HU1435027,5,168,3,1
2023HU1435027,6,239,3,1
2023HU1435234,1,501,3,1
2023HU1435234,2,501,3,1
2023HU1435240,1,206,1,1
2023HU1435335,1,202,3,1
2023HU1435335,2,6,3,1
2023HU1435371,1,501,2,1
2023HU1435371,2,501,2,1
2023HU1435558,1,28,2,1
2023HU1435558,2,28,2,1
2023HU1435558,3,28,2,1
2023HU1435558,4,28,2,1
2023HU1435558,5,28,2,1
2023HU1435707,1,501,1,1
2023HU1435707,2,501,1,1
2023HU1435731,1,228,1,1
2023HU1435734,1,0,2,1
2023HU1435796,1,501,3,1
2023HU1435796,2,501,3,1
2023HU1435849,1,501,3,1
2023HU1436069,1,351,1,1
2023HU1436069,2,351,1,1
2023HU1436069,3,351,1,1
2023HU1436069,4,351,1,1
2023HU1436123,1,501,3,1
2023HU1436123,2,501,3,1
2023HU1436123,3,501,3,1
2023HU1436124,1,280,2,1
2023HU1436124,2,280,2,1
2023HU1436124,3,280,2,1
2023HU1436124,4,280,2,1
2023HU1436150,1,438,2,1
2023HU1436150,2,438,2,1
2023HU1436150,3,438,2,1
2023HU1436150,4,438,2,1
2023HU1436181,1,501,2,1
2023HU1436391,1,310,3,1
2023HU1436607,1,313,1,1
2023HU1436607,2,191,1,1
2023HU1436627,1,163,3,1
2023HU1436627,2,163,3,1
2023HU1436651,1,141,3,1
2023HU1436651,2,141,3,1
2023HU1436651,3,141,3,1
2023HU1436763,1,501,1,1
2023HU1436763,2,501,1,1
2023HU1436773,1,501,1,1
2023HU1436773,2,501,1,1
2023HU1436773,3,501,1,1
2023HU1436773,4,501,1,1
2023HU1436793,1,501,1,1
2023HU1436793,2,0,1,1
2023HU1436866,1,143,3,1
2023HU1436866,2,0,3,1
2023HU1436866,3,143,3,1
2023HU1436866,4,143,3,1
2023HU1436917,1,321,1,1
2023HU1436917,2,321,1,1
2023HU1436934,1,145,1,1
2023HU1436934,2,145,1,1
2023HU1437349,1,139,2,1
2023HU1437357,1,501,1,1
2023HU1437357,2,501,1,1
2023HU1437358,1,494,3,1
2023HU1437358,2,130,3,1
2023HU1437389,1,501,2,1
2023HU1437389,2,501,2,1
2023HU1437440,1,327,3,1
2023HU1437440,2,327,3,1
2023HU1437468,1,18,3,1
2023HU1437468,2,18,3,1
2023HU1437509,1,160,2,1
2023HU1437509,2,160,2,1
2023HU1437509,3,160,2,1
2023HU1437509,4,160,2,1
2023HU1437509,5,160,2,1
2023HU1437509,6,160,2,1
2023HU1437565,1,501,2,1
2023HU1437565,2,501,2,1
2023HU1437565,3,501,2,1
2023HU1437565,4,501,2,1
2023HU1437599,1,46,3,1
2023HU1437599,2,46,3,1
2023HU1437599,3,46,3,1
2023HU1437678,1,501,1,1
2023HU1437678,2,501,1,1
2023HU1437899,1,249,1,1
2023HU1437905,1,104,3,1
2023HU1437905,2,501,3,1
2023HU1437917,1,89,3,1
2023HU1438130,1,501,1,1
2023HU1438130,2,501,1,1
2023HU1438134,1,158,3,1
2023HU1438273,1,74,3,1
2023HU1438336,1,223,3,1
2023HU1438336,2,223,3,1
2023HU1438336,3,223,3,1
2023HU1438372,1,501,1,1
2023HU1438372,2,501,1,1
2023HU1438536,1,203,3,1
2023HU1438536,2,203,3,1
2023HU1438536,3,203,3,1
2023HU1438536,4,203,3,1
2023HU1438536,5,203,3,1
2023HU1438536,6,203,3,1
2023HU1438536,7,203,3,1
2023HU1438536,8,203,3,1
2023HU1438538,1,436,1,1
2023HU1438538,2,436,1,1
2023HU1438538,3,436,1,1
2023HU1438550,1,290,2,1
2023HU1438550,2,290,2,1
2023HU1438550,3,290,2,1
2023HU1438550,4,290,2,1
2023HU1438550,5,290,2,1
2023HU1438568,1,275,1,1
2023HU1438568,2,501,1,1
2023HU1438568,3,275,1,1
2023HU1438568,4,275,1,1
2023HU1438568,5,275,1,1
2023HU1438765,1,501,1,1
2023HU1438771,1,135,2,1
2023HU1438771,2,135,2,1
2023HU1438771,3,135,2,1
2023HU1438771,4,135,2,1
2023HU1438798,1,501,1,1
2023HU1438798,2,501,1,1
2023HU1439033,1,501,3,1
2023HU1439063,1,173,1,1
2023HU1439066,1,208,1,1
2023HU1439132,1,499,2,1
2023HU1439147,1,501,1,1
2023HU1439189,1,17,2,1
2023HU1439189,2,17,2,1
2023HU1439190,1,501,1,1
2023HU1439190,2,501,1,1
2023HU1439190,3,501,1,1
2023HU1439191,1,501,3,1
2023HU1439250,1,384,1,1
2023HU1439250,2,228,1,1
2023HU1439250,3,384,1,1
2023HU1439250,4,384,1,1
2023HU1439250,5,384,1,1
2023HU1439295,1,501,3,1
2023HU1439312,1,396,2,1
2023HU1439323,1,501,1,1
2023HU1439323,2,501,1,1
2023HU1439323,3,501,1,1
2023HU1439323,4,501,1,1
2023HU1439473,1,222,2,1
2023HU1439473,2,222,2,1
2023HU1439747,1,501,3,1
2023HU1439747,2,501,3,1
2023HU1439792,1,501,1,1
2023HU1439792,2,501,1,1
2023HU1439792,3,501,1,1
2023HU1439904,1,501,1,1
2023HU1439904,2,501,1,1
2023HU1439904,3,501,1,1
2023HU1439977,1,348,2,1
2023HU1440128,1,161,2,1
2023HU1440128,2,161,2,1
2023HU1440145,1,215,2,1
2023HU1440145,2,215,2,1
2023HU1440254,1,501,2,1
2023HU1440254,2,37,2,1
2023HU1440254,3,501,2,1
2023HU1440254,4,501,2,1
2023HU1440410,1,398,3,1
2023HU1440410,2,228,3,1
2023HU1440420,1,190,1,1
2023HU1440561,1,462,1,1
2023HU1440561,2,462,1,1
2023HU1440567,1,131,3,1
2023HU1440567,2,0,3,1
2023HU1440567,3,131,3,1
2023HU1440567,4,131,3,1
2023HU1440652,1,401,3,1
2023HU1440660,1,79,1,1
2023HU1440660,2,79,1,1
2023HU1440762,1,79,2,1
2023HU1440762,2,79,2,1
2023HU1440805,1,342,1,1
2023HU1440805,2,342,1,1
2023HU1440805,3,342,1,1
2023HU1440813,1,45,1,1
2023HU1440813,2,45,1,1
2023HU1441142,1,241,1,1
2023HU1441142,2,241,1,1
2023HU1441142,3,241,1,1
2023HU1441142,4,241,1,1
2023HU1441244,1,308,1,1
2023HU1441244,2,308,1,1
2023HU1441244,3,308,1,1
2023HU1441244,4,308,1,1
2023HU1441244,5,308,1,1
2023HU1441381,1,501,2,1
2023HU1441581,1,219,3,1
2023HU1441655,1,501,2,1
2023HU1441655,2,501,2,1
2023HU1441683,1,501,2,1
2023HU1441683,2,501,2,1
2023HU1441710,1,95,2,1
2023HU1441799,1,296,2,1
2023HU1441821,1,372,2,1
2023HU1441821,2,372,2,1
2023HU1441868,1,45,1,1
2023HU1441868,2,45,1,1
2023HU1441911,1,8,1,1
2023HU1441911,2,8,1,1
2023HU1441968,1,203,1,1
2023HU1442033,1,118,1,1
2023HU1442147,1,0,3,1
2023HU1442170,1,433,3,1
2023HU1442170,2,433,3,1
2023HU1442170,3,433,3,1
2023HU1442170,4,433,3,1
2023HU1442170,5,433,3,1
2023HU1442173,1,183,3,1
2023HU1442258,1,367,3,1
2023HU1442258,2,367,3,1
2023HU1442396,1,152,3,1
2023HU1442396,2,152,3,1
2023HU1442396,3,152,3,1
2023HU1442404,1,301,3,1
2023HU1442404,2,304,3,1
2023HU1442404,3,301,3,1
2023HU1442404,4,301,3,1
2023HU1442493,1,501,2,1
2023HU1442493,2,501,2,1
2023HU1442521,1,501,1,1
2023HU1442521,2,501,1,1
2023HU1442521,3,501,1,1
2023HU1442549,1,501,2,1
2023HU1442549,2,501,2,1
2023HU1442549,3,501,2,1
2023HU1442605,1,189,1,1
2023HU1442747,1,13,3,1
2023HU1442931,1,403,2,1
2023HU1443103,1,228,3,1
2023HU1443103,2,320,3,1
2023HU1443133,1,501,1,1
2023HU1443133,2,501,1,1
2023HU1443156,1,501,1,1
2023HU1443156,2,501,1,1
2023HU1443156,3,501,1,1
2023HU1443309,1,269,3,1
2023HU1443309,2,221,3,1
2023HU1443670,1,77,3,1
2023HU1443687,1,501,1,1
2023HU1443687,2,501,1,1
2023HU1443848,1,93,1,1
2023HU1443848,2,93,1,1
2023HU1444036,1,501,1,1
2023HU1444036,2,501,1,1
2023HU1444036,3,501,1,1
2023HU1444036,4,501,1,1
2023HU1444036,5,76,1,1
2023HU1444054,1,501,1,1
2023HU1444054,2,501,1,1
2023HU1444054,3,501,1,1
2023HU1444054,4,501,1,1
2023HU1444117,1,354,2,1
2023HU1444117,2,354,2,1
2023HU1444343,1,501,1,1
2023HU1444426,1,501,1,1
2023HU1444426,2,501,1,1
2023HU1444426,3,501,1,1
2023HU1444426,4,501,1,1
2023HU1444426,5,501,1,1
2023HU1444606,1,0,2,1
2023HU1444606,2,65,2,1
2023HU1444712,1,178,2,1
2023HU1444712,2,178,2,1
2023HU1444798,1,501,3,1
2023HU1444798,2,501,3,1
2023HU1444798,3,501,3,1
2023HU1444820,1,501,1,1
2023HU1444820,2,501,1,1
2023HU1444820,3,501,1,1
2023HU1444840,1,132,3,1
2023HU1444840,2,132,3,1
2023HU1444864,1,501,3,1
2023HU1444864,2,501,3,1
2023HU1445003,1,261,3,1
2023HU1445003,2,261,3,1
2023HU1445003,3,261,3,1
2023HU1445068,1,501,1,1
2023HU1445068,2,501,1,1
2023HU1445336,1,501,3,1
2023HU1445395,1,480,1,1
2023HU1445395,2,480,1,1
2023HU1445395,3,480,1,1
2023HU1445395,4,480,1,1
2023HU1445536,1,501,1,1
2023HU1445536,2,501,1,1
2023HU1445698,1,255,1,1
2023HU1445698,2,255,1,1
2023HU1445698,3,255,1,1
2023HU1445698,4,255,1,1
2023HU1445698,5,255,1,1
2023HU1445719,1,44,4,1
2023HU1445839,1,161,1,1
2023HU1445839,2,161,1,1
2023HU1445931,1,255,3,1
2023HU1446074,1,501,3,1
2023HU1446074,2,501,3,1
2023HU1446074,3,501,3,1
2023HU1446074,4,501,3,1
2023HU1446263,1,501,1,1
2023HU1446263,2,501,1,1
2023HU1446342,1,357,1,1
2023HU1446342,2,357,1,1
2023HU1446508,1,498,1,1
2023HU1446508,2,498,1,1
2023HU1446532,1,501,1,1
2023HU1446532,2,501,1,1
2023HU1446612,1,297,2,1
2023HU1446612,2,297,2,1
2023HU1446650,1,396,3,1
2023HU1446680,1,242,3,1
2023HU1446680,2,242,3,1
2023HU1446680,3,242,3,1
2023HU1446680,4,242,3,1
2023HU1447094,1,356,3,1
2023HU1447152,1,274,1,1
2023HU1447152,2,274,1,1
2023HU1447152,3,274,1,1
2023HU1447213,1,501,2,1
2023HU1447213,2,501,2,1
2023HU1447261,1,5,3,1
2023HU1447261,2,5,3,1
2023HU1447261,3,5,3,1
2023HU1447447,1,501,1,1
2023HU1447447,2,501,1,1
2023HU1447447,3,501,1,1
2023HU1447522,1,501,1,1
2023HU1447522,2,501,1,1
2023HU1447569,1,501,1,1
2023HU1447569,2,501,1,1
2023HU1447569,3,501,1,1
2023HU1447579,1,501,2,1
2023HU1447579,2,501,2,1
2023HU1447724,1,492,2,1
2023HU1447775,1,66,3,1
2023HU1447886,1,64,1,1
2023HU1448042,1,501,3,1
2023HU1448042,2,501,3,1
2023HU1448094,1,501,2,1
2023HU1448098,1,397,2,1
2023HU1448098,2,397,2,1
2023HU1448162,1,286,3,1
2023HU1448162,2,286,3,1
2023HU1448221,1,501,1,1
2023HU1448221,2,501,1,1
2023HU1448221,3,501,1,1
2023HU1448221,4,501,1,1
2023HU1448342,1,249,3,1
2023HU1448342,2,0,3,1
2023HU1448342,3,249,3,1
2023HU1448342,4,249,3,1
2023HU1448381,1,296,1,1
2023HU1448381,2,296,1,1
2023HU1448381,3,296,1,1
2023HU1448381,4,296,1,1
2023HU1448381,5,296,1,1
2023HU1448467,1,205,3,1
2023HU1448467,2,481,3,1
2023HU1448467,3,237,3,1
2023HU1448560,1,501,1,1
2023HU1448560,2,501,1,1
2023HU1448856,1,501,2,1
2023HU1448856,2,501,2,1
2023HU1448867,1,455,1,1
2023HU1448867,2,0,1,1
2023HU1448947,1,501,3,1
2023HU1448947,2,501,3,1
2023HU1449061,1,501,1,1
2023HU1449061,2,501,1,1
2023HU1449123,1,501,1,1
2023HU1449123,2,501,1,1
2023HU1449123,3,501,1,1
2023HU1449123,4,501,1,1
2023HU1449123,5,501,1,1
2023HU1449310,1,501,3,1
2023HU1449310,2,,3,1
2023HU1449580,1,501,1,1
2023HU1449661,1,24,3,1
2023HU1449753,1,193,2,1
2023HU1449753,2,193,2,1
2023HU1449753,3,193,2,1
2023HU1449753,4,459,2,1
2023HU1449809,1,501,2,1
2023HU1449809,2,501,2,1
2023HU1449811,1,501,1,1
2023HU1449811,2,501,1,1
2023HU1449811,3,253,1,1
2023HU1449851,1,310,2,1
2023HU1449851,2,310,2,1
2023HU1449851,3,310,2,1
2023HU1449904,1,501,3,1
2023HU1449904,2,501,3,1
2023HU1449904,3,501,3,1
2023HU1449930,1,127,3,1
2023HU1449930,2,127,3,1
2023HU1450010,1,262,3,1
2023HU1450010,2,262,3,1
2023HU1450058,1,501,2,1
2023HU1450058,2,501,2,1
2023HU1450132,1,501,1,1
2023HU1450155,1,287,3,1
2023HU1450155,2,287,3,1
2023HU1450155,3,287,3,1
2023HU1450155,4,287,3,1
2023HU1450524,1,501,3,1
2023HU1450524,2,501,3,1
2023HU1450745,1,501,1,1
2023HU1450745,2,501,1,1
2023HU1451004,1,32,2,1
2023HU1451004,2,32,2,1
2023HU1451053,1,168,2,1
2023HU1451053,2,168,2,1
2023HU1451053,3,168,2,1
2023HU1451143,1,501,1,1
2023HU1451143,2,501,1,1
2023HU1451145,1,362,2,1
2023HU1451230,1,501,3,1
2023HU1451283,1,210,2,1
2023HU1451283,2,210,2,1
2023HU1451283,3,210,2,1
2023HU1451283,4,210,2,1
2023HU1451298,1,335,1,1
2023HU1451298,2,335,1,1
2023HU1451298,3,335,1,1
2023HU1451298,4,335,1,1
2023HU1451298,5,335,1,1
2023HU1451367,1,184,3,1
2023HU1451367,2,184,3,1
2023HU1451367,3,160,3,1
2023HU1451367,4,152,3,1
2023HU1451367,5,0,3,1
2023HU1451455,1,501,1,1
2023HU1451455,2,501,1,1
2023HU1451455,3,501,1,1
2023HU1451455,4,501,1,1
2023HU1451455,5,501,1,1
2023HU1451518,1,424,1,1
2023HU1451518,2,424,1,1
2023HU1451518,3,424,1,1
2023HU1451518,4,424,1,1
2023HU1451575,1,363,2,1
2023HU1451575,2,363,2,1
2023HU1451588,1,169,3,1
2023HU1451589,1,501,1,1
2023HU1451589,2,501,1,1
2023HU1451589,3,501,1,1
2023HU1451589,4,501,1,1
2023HU1451594,1,274,2,1
2023HU1451594,2,228,2,1
2023HU1451913,1,501,2,1
2023HU1451913,2,501,2,1
2023HU1451934,1,501,3,1
2023HU1451934,2,501,3,1
2023HU1451985,1,417,3,1
2023HU1451985,2,417,3,1
2023HU1451985,3,417,3,1
2023HU1452028,1,501,1,1
2023HU1452028,2,501,1,1
2023HU1452097,1,409,1,1
2023HU1452097,2,409,1,1
2023HU1452194,1,501,1,1
2023HU1452194,2,501,1,1
2023HU1452194,3,501,1,1
2023HU1452194,4,501,1,1
2023HU1452223,1,501,2,1
2023HU1452223,2,501,2,1
2023HU1452462,1,336,2,1
2023HU1452462,2,336,2,1
2023HU1452471,1,501,1,1
2023HU1452471,2,501,1,1
2023HU1452597,1,501,1,1
2023HU1452597,2,501,1,1
2023HU1452597,3,501,1,1
2023HU1452597,4,501,1,1
2023HU1452597,5,501,1,1
2023HU1452866,1,501,1,1
2023HU1452866,2,501,1,1
2023HU1452866,3,501,1,1
2023HU1452866,4,501,1,1
2023HU1452866,5,68,1,1
2023HU1453078,1,383,2,1
2023HU1453112,1,501,1,1
2023HU1453112,2,501,1,1
2023HU1453144,1,501,2,1
2023HU1453144,2,501,2,1
2023HU1453155,1,501,1,1
2023HU1453155,2,501,1,1
2023HU1453211,1,396,3,1
2023HU1453211,2,396,3,1
2023HU1453226,1,140,2,1
2023HU1453226,2,242,2,1
2023HU1453226,3,140,2,1
2023HU1453226,4,140,2,1
2023HU1453226,5,140,2,1
2023HU1453226,6,140,2,1
2023HU1453469,1,139,3,1
2023HU1453714,1,0,2,1
2023HU1453765,1,422,1,1
2023HU1453765,2,422,1,1
2023HU1453765,3,422,1,1
2023HU1453765,4,422,1,1
2023HU1453801,1,135,3,1
2023HU1453801,2,135,3,1
2023HU1453801,3,135,3,1
2023HU1453872,1,330,3,1
2023HU1454095,1,211,3,1
2023HU1454217,1,501,2,1
2023HU1454217,2,501,2,1
2023HU1454217,3,501,2,1
2023HU1454232,1,75,3,1
2023HU1454298,1,501,2,1
2023HU1454298,2,501,2,1
2023HU1454350,1,381,1,1
2023HU1454350,2,381,1,1
2023HU1454350,3,381,1,1
2023HU1454350,4,381,1,1
2023HU1454454,1,349,1,1
2023HU1454454,2,349,1,1
2023HU1454454,3,349,1,1
2023HU1454486,1,501,1,1
2023HU1454556,1,501,1,1
2023HU1454556,2,501,1,1
2023HU1454735,1,290,3,1
2023HU1454735,2,226,3,1
2023HU1454735,3,207,3,1
2023HU1454784,1,501,3,1
2023HU1454871,1,501,1,1
2023HU1454871,2,483,1,1
2023HU1454871,3,,1,1
2023HU1454994,1,130,3,1
2023HU1454994,2,130,3,1
2023HU1454994,3,130,3,1
2023HU1454994,4,130,3,1
2023HU1455000,1,501,3,1
2023HU1455000,2,501,3,1
2023HU1455143,1,196,3,1
2023HU1455165,1,501,2,1
2023HU1455165,2,501,2,1
2023HU1455399,1,183,2,1
2023HU1455610,1,373,2,1
2023HU1455796,1,310,3,1
2023HU1455796,2,310,3,1
2023HU1455815,1,413,3,1
2023HU1455948,1,343,1,1
2023HU1455989,1,232,3,1
2023HU1455989,2,232,3,1
2023HU1456138,1,340,1,1
2023HU1456138,2,340,1,1
2023HU1456303,1,44,4,1
2023HU1456424,1,352,1,1
2023HU1456424,2,352,1,1
2023HU1456512,1,94,1,1
2023HU1456512,2,94,1,1
2023HU1456512,3,94,1,1
2023HU1456512,4,94,1,1
2023HU1456512,5,94,1,1
2023HU1456574,1,157,1,1
2023HU1456574,2,192,1,1
2023HU1456574,3,157,1,1
2023HU1456574,4,157,1,1
2023HU1456574,5,157,1,1
2023HU1456942,1,501,2,1
2023HU1456942,2,501,2,1
2023HU1457347,1,468,3,1
2023HU1457347,2,468,3,1
2023HU1457347,3,468,3,1
2023HU1457347,4,468,3,1
2023HU1457479,1,137,2,1
2023HU1457507,1,126,2,1
2023HU1457651,1,501,3,1
2023HU1457651,2,501,3,1
2023HU1457706,1,188,3,1
2023HU1457706,2,188,3,1
2023HU1457706,3,188,3,1
2023HU1457706,4,188,3,1
2023HU1457706,5,188,3,1
2023HU1457883,1,325,3,1
2023HU1457945,1,22,1,1
2023HU1457945,2,22,1,1
2023HU1457945,3,22,1,1
2023HU1457945,4,22,1,1
2023HU1457945,5,22,1,1
2023HU1457945,6,22,1,1
2023HU1457958,1,236,2,1
2023HU1458123,1,4,3,1
2023HU1458207,1,501,1,1
2023HU1458207,2,501,1,1
2023HU1458245,1,501,2,1
2023HU1458245,2,501,2,1
2023HU1458295,1,0,2,1
2023HU1458300,1,367,1,1
2023HU1458300,2,367,1,1
2023HU1458300,3,367,1,1
2023HU1458300,4,367,1,1
2023HU1458300,5,367,1,1
2023HU1458308,1,361,3,1
2023HU1458308,2,361,3,1
2023HU1458459,1,501,1,1
2023HU1458459,2,501,1,1
2023HU1458470,1,501,2,1
2023HU1458470,2,501,2,1
2023HU1458584,1,501,2,1
2023HU1458584,2,501,2,1
2023HU1458584,3,501,2,1
2023HU1458584,4,501,2,1
2023HU1458637,1,237,3,1
2023HU1458637,2,237,3,1
2023HU1458840,1,289,1,1
2023HU1458894,1,0,3,1
2023HU1458946,1,501,1,1
2023HU1458946,2,501,1,1
2023HU1458946,3,501,1,1
2023HU1458946,4,501,1,1
2023HU1458976,1,501,1,1
2023HU1459095,1,501,3,1
2023HU1459176,1,154,2,1
2023HU1459176,2,82,2,1
2023HU1459675,1,453,2,1
2023HU1459675,2,453,2,1
2023HU1459675,3,453,2,1
2023HU1459675,4,453,2,1
2023HU1459675,5,453,2,1
2023HU1459675,6,453,2,1
2023HU1459675,7,453,2,1
2023HU1459675,8,453,2,1
2023HU1459749,1,224,3,1
2023HU1459749,2,224,3,1
2023HU1459749,3,224,3,1
2023HU1459749,4,224,3,1
2023HU1459860,1,131,3,1
2023HU1459860,2,131,3,1
2023HU1459860,3,131,3,1
2023HU1459884,1,196,1,1
2023HU1459884,2,196,1,1
2023HU1459884,3,196,1,1
2023HU1459884,4,196,1,1
2023HU1459884,5,196,1,1
