SERIALNO,SPORDER,POVPIP,TEN,TYPEHUGQ
2023GQ0000383,1,3,,3
2023GQ0000385,1,290,,3
2023GQ0001939,1,97,,3
2023GQ0001994,1,,,2
2023GQ0002280,1,86,,3
2023GQ0002283,1,,,2
2023GQ0002933,1,,,2
2023GQ0003502,1,,,2
2023GQ0003545,1,95,,3
2023GQ0004549,1,0,,3
2023GQ0004746,1,58,,3
2023GQ0004779,1,95,,3
2023GQ0004944,1,0,,3
2023GQ0005289,1,17,,3
2023GQ0005870,1,0,,3
2023GQ0006173,1,91,,3
2023GQ0006743,1,0,,3
2023GQ0007144,1,,,3
2023GQ0008069,1,,,2
2023GQ0008073,1,,,3
2023GQ0008152,1,248,,3
2023GQ0008707,1,86,,3
2023GQ0008885,1,0,,3
2023GQ0009739,1,0,,3
2023GQ0010253,1,0,,3
2023GQ0010497,1,132,,3
2023GQ0010598,1,,,3
2023GQ0010912,1,0,,3
2023GQ0010942,1,,,3
2023GQ0011537,1,,,3
2023GQ0011663,1,98,,3
2023GQ0011924,1,,,3
2023GQ0012021,1,,,3
2023GQ0012505,1,,,3
2023GQ0012747,1,95,,3
2023GQ0013316,1,,,2
2023GQ0013794,1,131,,3
2023GQ0013809,1,,,3
2023GQ0014770,1,154,,3
2023GQ0014795,1,78,,3
2023GQ0015034,1,290,,3
2023GQ0015357,1,,,3
2023GQ0016195,1,,,3
2023GQ0016251,1,7,,3
2023GQ0016608,1,77,,3
2023GQ0016658,1,,,3
2023GQ0016700,1,,,2
2023GQ0016917,1,,,3
2023GQ0017480,1,0,,3
2023GQ0017720,1,183,,3
2023GQ0017837,1,0,,3
2023GQ0017844,1,,,3
2023GQ0017930,1,,,3
2023GQ0018337,1,,,2
2023GQ0018540,1,346,,3
2023GQ0019255,1,,,2
2023GQ0020460,1,58,,3
2023GQ0020622,1,38,,3
2023GQ0020693,1,,,3
2023GQ0020716,1,98,,3
2023GQ0020979,1,0,,3
2023GQ0021144,1,0,,3
2023GQ0021589,1,290,,3
2023GQ0022397,1,0,,3
2023GQ0022760,1,,,3
2023GQ0022952,1,120,,3
2023GQ0023168,1,,,3
2023GQ0023516,1,,,3
2023GQ0024099,1,,,3
2023GQ0024248,1,,,3
2023GQ0024295,1,,,3
2023GQ0024448,1,60,,3
2023GQ0024500,1,,,3
2023GQ0024892,1,0,,3
2023GQ0025551,1,,,2
2023GQ0025683,1,76,,3
2023GQ0025726,1,0,,3
2023GQ0025743,1,,,3
2023GQ0026019,1,192,,3
2023GQ0026098,1,81,,3
2023GQ0026156,1,,,2
2023GQ0026203,1,131,,3
2023GQ0026216,1,,,3
2023GQ0026477,1,0,,3
2023GQ0027031,1,0,,3
2023GQ0027619,1,0,,3
2023GQ0028485,1,97,,3
2023GQ0028566,1,64,,3
2023GQ0028680,1,0,,3
2023GQ0028863,1,0,,3
2023GQ0029308,1,,,3
2023GQ0029814,1,64,,3
2023GQ0029914,1,,,3
2023GQ0030113,1,0,,3
2023GQ0031352,1,110,,3
2023GQ0031359,1,354,,3
2023GQ0031426,1,0,,3
2023GQ0031611,1,233,,3
2023GQ0032705,1,0,,3
2023GQ0033704,1,76,,3
2023GQ0033744,1,0,,3
2023GQ0033918,1,0,,3
2023GQ0034092,1,,,3
2023GQ0034177,1,81,,3
2023GQ0034656,1,,,3
2023GQ0034667,1,6,,3
2023GQ0034759,1,,,3
2023GQ0035070,1,,,2
2023GQ0035120,1,,,2
2023GQ0035381,1,0,,3
2023GQ0035572,1,0,,3
2023GQ0035873,1,,,2
2023GQ0036014,1,,,3
2023GQ0036311,1,,,2
2023GQ0036510,1,,,3
2023GQ0036545,1,,,2
2023GQ0036709,1,64,,3
2023GQ0037441,1,0,,3
2023GQ0038032,1,0,,3
2023GQ0038833,1,0,,3
2023GQ0040601,1,,,3
2023GQ0040851,1,79,,3
2023GQ0041124,1,80,,3
2023GQ0041363,1,294,,3
2023GQ0041927,1,0,,3
2023GQ0042155,1,,,2
2023GQ0042342,1,,,3
2023GQ0042838,1,,,3
2023GQ0042933,1,,,3
2023GQ0043335,1,0,,3
2023GQ0043436,1,,,2
2023GQ0043804,1,39,,3
2023GQ0044024,1,,,3
2023GQ0044906,1,94,,3
2023GQ0044919,1,,,2
2023GQ0045357,1,4,,3
2023GQ0045987,1,98,,3
2023GQ0047108,1,,,2
2023GQ0047473,1,483,,3
2023GQ0047593,1,483,,3
2023GQ0047684,1,199,,3
2023GQ0047885,1,501,,3
2023GQ0048288,1,,,3
2023GQ0048300,1,,,3
2023GQ0048333,1,,,2
2023GQ0048897,1,0,,3
2023GQ0048931,1,98,,3
2023GQ0048998,1,97,,3
2023GQ0049029,1,,,3
2023GQ0049208,1,,,3
2023GQ0049244,1,428,,3
2023GQ0050024,1,,,2
2023GQ0050417,1,,,3
2023GQ0050928,1,,,3
2023GQ0051026,1,108,,3
2023GQ0051303,1,,,2
2023GQ0051864,1,0,,3
2023GQ0052098,1,,,3
2023GQ0052161,1,,,3
2023GQ0052410,1,0,,3
2023GQ0053528,1,76,,3
2023GQ0053867,1,8,,3
2023GQ0053889,1,98,,3
2023GQ0054206,1,0,,3
2023GQ0054260,1,,,3
2023GQ0054613,1,17,,3
2023GQ0054942,1,,,3
2023GQ0055161,1,3,,3
2023GQ0056089,1,,,3
2023GQ0056141,1,,,3
2023GQ0056735,1,,,3
2023GQ0057317,1,,,2
2023GQ0057675,1,,,3
2023GQ0058315,1,,,3
2023GQ0058484,1,,,3
2023GQ0058800,1,64,,3
2023GQ0059722,1,0,,3
2023GQ0060092,1,,,3
2023GQ0060237,1,0,,3
2023GQ0060757,1,240,,3
2023GQ0060909,1,0,,3
2023GQ0062144,1,,,3
2023GQ0062417,1,41,,3
2023GQ0063214,1,91,,3
2023GQ0063536,1,,,3
2023GQ0064409,1,,,2
2023GQ0064700,1,248,,3
2023GQ0064809,1,152,,3
2023GQ0065094,1,,,3
2023GQ0065171,1,79,,3
2023GQ0065352,1,0,,3
2023GQ0066149,1,155,,3
2023GQ0066220,1,0,,3
2023GQ0066275,1,95,,3
2023GQ0066299,1,40,,3
2023GQ0066460,1,135,,3
2023GQ0066774,1,,,2
2023GQ0066777,1,,,3
2023GQ0067321,1,233,,3
2023GQ0067335,1,385,,3
2023GQ0067804,1,,,2
2023GQ0067988,1,0,,3
2023GQ0068290,1,0,,3
2023GQ0068422,1,0,,3
2023GQ0070352,1,,,3
2023GQ0071147,1,86,,3
2023GQ0071211,1,,,2
2023GQ0071679,1,,,3
2023GQ0071792,1,,,2
2023GQ0072023,1,,,3
2023GQ0072028,1,0,,3
2023GQ0072032,1,98,,3
2023GQ0072528,1,64,,3
2023GQ0072594,1,,,3
2023GQ0072750,1,,,3
2023GQ0074528,1,46,,3
2023GQ0074610,1,76,,3
2023GQ0074645,1,,,2
2023GQ0075229,1,0,,3
2023GQ0076599,1,0,,3
2023GQ0077130,1,,,3
2023GQ0077796,1,,,3
2023GQ0078001,1,108,,3
2023GQ0078672,1,126,,3
2023GQ0078767,1,0,,3
2023GQ0079124,1,483,,3
2023GQ0079247,1,0,,3
2023GQ0079529,1,,,3
2023GQ0079827,1,,,3
2023GQ0079885,1,94,,3
2023GQ0080026,1,,,2
2023GQ0080203,1,,,3
2023GQ0080376,1,,,3
2023GQ0080957,1,,,2
2023GQ0081322,1,,,2
2023GQ0081584,1,120,,3
2023GQ0081794,1,35,,3
2023GQ0082198,1,111,,3
2023GQ0082281,1,60,,3
2023GQ0082785,1,,,3
2023GQ0082816,1,354,,3
2023GQ0083275,1,0,,3
2023GQ0083348,1,0,,3
2023GQ0083623,1,0,,3
2023GQ0083690,1,0,,3
2023GQ0083696,1,,,2
2023GQ0084057,1,84,,3
2023GQ0084119,1,98,,3
2023GQ0084315,1,,,2
2023GQ0084343,1,4,,3
2023GQ0084439,1,0,,3
2023GQ0084509,1,76,,3
2023GQ0084568,1,139,,3
2023GQ0084716,1,,,2
2023GQ0084894,1,41,,3
2023GQ0085083,1,97,,3
2023GQ0085084,1,,,3
2023GQ0085124,1,0,,3
2023GQ0085478,1,,,2
2023GQ0085978,1,,,3
2023GQ0086519,1,132,,3
2023GQ0086890,1,64,,3
2023GQ0087158,1,64,,3
2023GQ0087337,1,,,2
2023GQ0087385,1,192,,3
2023GQ0087775,1,117,,3
2023GQ0088704,1,40,,3
2023GQ0088780,1,3,,3
2023GQ0088868,1,,,2
2023GQ0090042,1,,,2
2023GQ0090378,1,,,3
2023GQ0091865,1,,,2
2023GQ0092007,1,123,,3
2023GQ0092066,1,98,,3
2023GQ0092594,1,,,3
2023GQ0092765,1,,,3
2023GQ0092793,1,64,,3
2023GQ0093026,1,,,3
2023GQ0093135,1,94,,3
2023GQ0093194,1,0,,3
2023GQ0094336,1,,,2
2023GQ0095240,1,199,,3
2023GQ0095506,1,,,2
2023GQ0095675,1,95,,3
2023GQ0096177,1,7,,3
2023GQ0096395,1,108,,3
2023GQ0096439,1,501,,3
2023GQ0096659,1,,,3
2023GQ0096744,1,0,,3
2023GQ0097580,1,,,3
2023GQ0098096,1,64,,3
2023GQ0098891,1,0,,3
2023GQ0098909,1,,,3
2023GQ0099871,1,42,,3
2023GQ0100309,1,,,3
2023GQ0101127,1,0,,3
2023GQ0101435,1,7,,3
2023GQ0101780,1,152,,3
2023GQ0102060,1,0,,3
2023GQ0102209,1,,,3
2023GQ0102226,1,,,3
2023GQ0104446,1,83,,3
2023GQ0104855,1,7,,3
2023GQ0104975,1,,,2
2023GQ0106671,1,64,,3
2023GQ0106781,1,,,3
2023GQ0106967,1,,,3
2023GQ0106996,1,,,2
2023GQ0107242,1,,,3
2023GQ0107698,1,,,2
2023GQ0107804,1,0,,3
2023GQ0109520,1,,,3
2023GQ0110364,1,,,2
2023GQ0110432,1,17,,3
2023GQ0110933,1,,,3
2023GQ0111138,1,,,3
2023GQ0111584,1,,,3
2023GQ0112082,1,0,,3
2023GQ0112548,1,,,3
2023GQ0112590,1,82,,3
2023GQ0113157,1,,,3
2023GQ0113573,1,17,,3
2023GQ0113813,1,0,,3
2023GQ0113899,1,,,3
2023GQ0114334,1,489,,3
2023GQ0114354,1,40,,3
2023GQ0114578,1,,,3
2023GQ0114681,1,,,3
2023GQ0115405,1,108,,3
2023GQ0115449,1,35,,3
2023GQ0115575,1,,,3
2023GQ0116250,1,0,,3
2023GQ0116518,1,76,,3
2023GQ0116588,1,0,,3
2023GQ0116742,1,,,3
2023GQ0116762,1,,,2
2023GQ0117012,1,0,,3
2023GQ0117023,1,,,3
2023GQ0117279,1,,,2
2023GQ0117280,1,38,,3
2023GQ0117681,1,17,,3
2023GQ0117772,1,95,,3
2023GQ0117778,1,,,3
2023GQ0118811,1,91,,3
2023GQ0119509,1,78,,3
2023GQ0121033,1,,,3
2023GQ0121206,1,4,,3
2023GQ0121897,1,0,,3
2023GQ0122126,1,,,3
2023GQ0122331,1,113,,3
2023GQ0122702,1,0,,3
2023GQ0122951,1,17,,3
2023GQ0122972,1,,,3
2023GQ0123179,1,280,,3
2023GQ0123385,1,,,2
2023GQ0124267,1,0,,3
2023GQ0124434,1,,,2
2023GQ0124559,1,,,3
2023GQ0124755,1,,,3
2023GQ0126235,1,0,,3
2023GQ0126483,1,,,2
2023GQ0127014,1,,,2
2023GQ0127196,1,,,3
2023GQ0127541,1,290,,3
2023GQ0128322,1,,,2
2023GQ0128530,1,,,3
2023GQ0129722,1,233,,3
2023GQ0130519,1,,,3
2023GQ0130654,1,,,2
2023GQ0130722,1,76,,3
2023GQ0130920,1,,,3
2023GQ0131505,1,76,,3
2023GQ0131543,1,100,,3
2023GQ0132078,1,0,,3
2023GQ0132327,1,64,,3
2023GQ0132906,1,0,,3
2023GQ0133500,1,95,,3
2023GQ0134650,1,280,,3
2023GQ0135067,1,,,2
2023GQ0135171,1,0,,3
2023GQ0135362,1,86,,3
2023GQ0135404,1,0,,3
2023GQ0135921,1,154,,3
2023GQ0136002,1,220,,3
2023GQ0136562,1,0,,3
2023GQ0136797,1,,,3
2023GQ0137569,1,,,2
2023GQ0137667,1,,,3
2023GQ0137740,1,,,3
2023GQ0137990,1,17,,3
2023GQ0138246,1,41,,3
2023GQ0138257,1,81,,3
2023GQ0138263,1,,,2
2023GQ0138488,1,,,2
2023GQ0138739,1,,,3
2023GQ0138754,1,,,3
2023GQ0138899,1,,,3
2023GQ0139017,1,,,3
2023GQ0140218,1,8,,3
2023GQ0140271,1,0,,3
2023GQ0140621,1,,,3
2023GQ0140634,1,0,,3
2023GQ0141541,1,,,3
2023GQ0141896,1,,,2
2023GQ0142024,1,233,,3
2023GQ0142274,1,418,,3
2023GQ0142453,1,,,3
2023GQ0142575,1,,,2
2023GQ0142702,1,35,,3
2023GQ0143019,1,0,,3
2023GQ0143212,1,41,,3
2023GQ0143244,1,,,2
2023GQ0143502,1,,,2
2023GQ0143806,1,0,,3
2023GQ0143967,1,4,,3
2023GQ0144505,1,17,,3
2023GQ0144635,1,0,,3
2023GQ0144742,1,,,3
2023GQ0145236,1,,,3
2023GQ0146261,1,,,3
2023GQ0146463,1,0,,3
2023GQ0146514,1,,,3
2023GQ0147262,1,0,,3
2023GQ0147558,1,,,3
2023GQ0147619,1,,,3
2023GQ0147685,1,0,,3
2023GQ0148205,1,,,3
2023GQ0148330,1,301,,3
2023GQ0148943,1,,,2
2023GQ0149069,1,7,,3
2023GQ0149527,1,483,,3
2023GQ0149648,1,8,,3
2023GQ0149691,1,,,3
2023GQ0150412,1,,,3
2023GQ0150583,1,,,3
2023GQ0150984,1,0,,3
2023GQ0151229,1,0,,3
2023GQ0151230,1,77,,3
2023GQ0151542,1,,,3
2023GQ0152065,1,,,3
2023GQ0152174,1,,,2
2023GQ0152254,1,0,,3
2023GQ0152591,1,64,,3
2023GQ0153231,1,0,,3
2023GQ0153412,1,38,,3
2023GQ0153727,1,,,3
2023GQ0153936,1,97,,3
2023GQ0154011,1,79,,3
2023GQ0154754,1,,,2
2023GQ0155007,1,385,,3
2023GQ0155052,1,,,3
2023GQ0155355,1,,,2
2023GQ0155764,1,26,,3
2023GQ0155891,1,,,3
2023GQ0155900,1,,,3
2023GQ0156264,1,40,,3
2023GQ0156494,1,,,3
2023GQ0156518,1,,,2
2023GQ0156732,1,139,,3
2023GQ0157518,1,,,2
2023GQ0158513,1,,,3
2023GQ0158576,1,64,,3
2023GQ0158957,1,,,2
2023GQ0159307,1,,,3
2023GQ0159935,1,,,3
2023GQ0160305,1,0,,3
2023GQ0160354,1,369,,3
2023GQ0160978,1,,,3
2023GQ0162575,1,,,2
2023GQ0163213,1,0,,3
2023GQ0163414,1,,,3
2023GQ0163685,1,115,,3
2023GQ0163821,1,,,3
2023GQ0163837,1,,,3
2023GQ0164071,1,,,2
2023GQ0164914,1,0,,3
2023GQ0165393,1,,,2
2023GQ0165687,1,0,,3
2023GQ0165742,1,,,3
2023GQ0166237,1,,,2
2023GQ0166610,1,,,3
2023GQ0166695,1,0,,3
2023GQ0166760,1,64,,3
2023GQ0166795,1,83,,3
2023GQ0166944,1,233,,3
2023GQ0167165,1,0,,3
2023GQ0169813,1,120,,3
2023GQ0170132,1,,,3
2023GQ0170153,1,0,,3
2023GQ0170916,1,108,,3
2023GQ0172270,1,56,,3
2023GQ0172714,1,155,,3
2023GQ0172776,1,,,3
2023GQ0172820,1,0,,3
2023GQ0172998,1,0,,3
2023GQ0173055,1,,,3
2023GQ0173243,1,280,,3
2023GQ0173335,1,5,,3
2023GQ0173372,1,35,,3
2023GQ0174233,1,,,3
2023GQ0174236,1,,,3
2023GQ0174269,1,38,,3
2023GQ0174461,1,,,3
2023GQ0174529,1,,,2
2023GQ0174602,1,,,3
2023GQ0174637,1,290,,3
2023GQ0174745,1,79,,3
2023GQ0175705,1,233,,3
2023GQ0176729,1,,,3
2023HU0000062,1,501,3,1
2023HU0000062,2,501,3,1
2023HU0000112,1,228,3,1
2023HU0000112,2,228,3,1
2023HU0000112,3,228,3,1
2023HU0000112,4,228,3,1
2023HU0000350,1,501,1,1
2023HU0000350,2,501,1,1
2023HU0000737,1,501,2,1
2023HU0000737,2,501,2,1
2023HU0001115,1,501,3,1
2023HU0001500,1,228,1,1
2023HU0001795,1,384,3,1
2023HU0001900,1,501,1,1
2023HU0001900,2,501,1,1
2023HU0001900,3,501,1,1
2023HU0001900,4,501,1,1
2023HU0002249,1,501,3,1
2023HU0002249,2,501,3,1
2023HU0002535,1,501,3,1
2023HU0003061,1,42,3,1
2023HU0003061,2,42,3,1
2023HU0003436,1,501,1,1
2023HU0003729,1,501,3,1
2023HU0003729,2,501,3,1
2023HU0004078,1,295,1,1
2023HU0004078,2,295,1,1
2023HU0004078,3,295,1,1
2023HU0004078,4,295,1,1
2023HU0004449,1,501,2,1
2023HU0004449,2,501,2,1
2023HU0004698,1,501,1,1
2023HU0004698,2,501,1,1
2023HU0004770,1,501,3,1
2023HU0005060,1,383,3,1
2023HU0005060,2,501,3,1
2023HU0005283,1,501,3,1
2023HU0005283,2,501,3,1
2023HU0005869,1,298,3,1
2023HU0005869,2,298,3,1
2023HU0005869,3,298,3,1
2023HU0006432,1,501,3,1
2023HU0007116,1,501,3,1
2023HU0007453,1,501,2,1
2023HU0007618,1,1,3,1
2023HU0007756,1,501,3,1
2023HU0007756,2,501,3,1
2023HU0007760,1,501,3,1
2023HU0007760,2,501,3,1
2023HU0008175,1,380,3,1
2023HU0008175,2,380,3,1
2023HU0008286,1,501,3,1
2023HU0008286,2,501,3,1
2023HU0008286,3,501,3,1
2023HU0008286,4,501,3,1
2023HU0008351,1,0,3,1
2023HU0008876,1,501,2,1
2023HU0009038,1,501,3,1
2023HU0009261,1,394,3,1
2023HU0009261,2,394,3,1
2023HU0009261,3,394,3,1
2023HU0009622,1,501,1,1
2023HU0010654,1,501,1,1
2023HU0010654,2,501,1,1
2023HU0010654,3,501,1,1
2023HU0010654,4,501,1,1
2023HU0010654,5,501,1,1
2023HU0010654,6,501,1,1
2023HU0011096,1,322,3,1
2023HU0011096,2,322,3,1
2023HU0011096,3,322,3,1
2023HU0011689,1,94,3,1
2023HU0011689,2,94,3,1
2023HU0012689,1,69,3,1
2023HU0012705,1,501,3,1
2023HU0013409,1,19,3,1
2023HU0014620,1,501,1,1
2023HU0014620,2,501,1,1
2023HU0015128,1,358,3,1
2023HU0015128,2,358,3,1
2023HU0015128,3,358,3,1
2023HU0015128,4,358,3,1
2023HU0015128,5,358,3,1
2023HU0015431,1,319,3,1
2023HU0015619,1,501,3,1
2023HU0015663,1,501,2,1
2023HU0015663,2,501,2,1
2023HU0016281,1,402,2,1
2023HU0016281,2,9,2,1
2023HU0016281,3,402,2,1
2023HU0016281,4,402,2,1
2023HU0016281,5,402,2,1
2023HU0016281,6,402,2,1
2023HU0016281,7,402,2,1
2023HU0016281,8,402,2,1
2023HU0016281,9,402,2,1
2023HU0016417,1,492,1,1
2023HU0016417,2,492,1,1
2023HU0016417,3,492,1,1
2023HU0016417,4,492,1,1
2023HU0016787,1,501,2,1
2023HU0016787,2,501,2,1
2023HU0017064,1,321,3,1
2023HU0017064,2,501,3,1
2023HU0017064,3,501,3,1
2023HU0017629,1,501,3,1
2023HU0017629,2,289,3,1
2023HU0017629,3,501,3,1
2023HU0018127,1,501,1,1
2023HU0018127,2,501,1,1
2023HU0018139,1,501,2,1
2023HU0018139,2,501,2,1
2023HU0018233,1,501,1,1
2023HU0018233,2,501,1,1
2023HU0018252,1,115,3,1
2023HU0019179,1,501,1,1
2023HU0020292,1,168,2,1
2023HU0020292,2,168,2,1
2023HU0020292,3,168,2,1
2023HU0020292,4,168,2,1
2023HU0020292,5,168,2,1
2023HU0020724,1,477,3,1
2023HU0020943,1,501,3,1
2023HU0020943,2,501,3,1
2023HU0021088,1,501,2,1
2023HU0021088,2,501,2,1
2023HU0021088,3,501,2,1
2023HU0021088,4,501,2,1
2023HU0021088,5,501,2,1
2023HU0021260,1,89,1,1
2023HU0021260,2,89,1,1
2023HU0022083,1,501,1,1
2023HU0022083,2,501,1,1
2023HU0022825,1,466,3,1
2023HU0022825,2,501,3,1
2023HU0023571,1,501,3,1
2023HU0023571,2,501,3,1
2023HU0023678,1,338,4,1
2023HU0024120,1,303,3,1
2023HU0024120,2,193,3,1
2023HU0024821,1,501,2,1
2023HU0024821,2,501,2,1
2023HU0024821,3,501,2,1
2023HU0024882,1,38,3,1
2023HU0024882,2,76,3,1
2023HU0025714,1,501,1,1
2023HU0025714,2,501,1,1
2023HU0025714,3,501,1,1
2023HU0026063,1,98,3,1
2023HU0026442,1,501,1,1
2023HU0026442,2,501,1,1
2023HU0026442,3,501,1,1
2023HU0026442,4,501,1,1
2023HU0026837,1,30,3,1
2023HU0027110,1,281,3,1
2023HU0027155,1,501,3,1
2023HU0027340,1,501,2,1
2023HU0028325,1,501,3,1
2023HU0028325,2,501,3,1
2023HU0028325,3,501,3,1
2023HU0028325,4,501,3,1
2023HU0028458,1,332,2,1
2023HU0028458,2,332,2,1
2023HU0028458,3,332,2,1
2023HU0028458,4,332,2,1
2023HU0028487,1,501,2,1
2023HU0028487,2,501,2,1
2023HU0028487,3,501,2,1
2023HU0028609,1,501,3,1
2023HU0028992,1,501,1,1
2023HU0028992,2,501,1,1
2023HU0028992,3,501,1,1
2023HU0028992,4,501,1,1
2023HU0029289,1,501,3,1
2023HU0029289,2,6,3,1
2023HU0029289,3,501,3,1
2023HU0029857,1,501,2,1
2023HU0029876,1,501,1,1
2023HU0029876,2,501,1,1
2023HU0029876,3,501,1,1
2023HU0029876,4,501,1,1
2023HU0029927,1,501,3,1
2023HU0029927,2,86,3,1
2023HU0030774,1,9,3,1
2023HU0030774,2,51,3,1
2023HU0030774,3,394,3,1
2023HU0030774,4,137,3,1
2023HU0031073,1,63,3,1
2023HU0031073,2,501,3,1
2023HU0032709,1,501,1,1
2023HU0032709,2,501,1,1
2023HU0032709,3,501,1,1
2023HU0032709,4,501,1,1
2023HU0033001,1,168,4,1
2023HU0033001,2,168,4,1
2023HU0033001,3,168,4,1
2023HU0033001,4,168,4,1
2023HU0033001,5,168,4,1
2023HU0033192,1,419,3,1
2023HU0033192,2,419,3,1
2023HU0033192,3,419,3,1
2023HU0033192,4,419,3,1
2023HU0033192,5,419,3,1
2023HU0033773,1,87,3,1
2023HU0034033,1,501,3,1
2023HU0035594,1,167,3,1
2023HU0035621,1,351,2,1
2023HU0035621,2,351,2,1
2023HU0035621,3,351,2,1
2023HU0036146,1,501,2,1
2023HU0036146,2,501,2,1
2023HU0036146,3,45,2,1
2023HU0036146,4,0,2,1
2023HU0036720,1,259,3,1
2023HU0037104,1,501,1,1
2023HU0037117,1,108,3,1
2023HU0037117,2,108,3,1
2023HU0037204,1,501,3,1
2023HU0037204,2,501,3,1
2023HU0037204,3,501,3,1
2023HU0037204,4,501,3,1
2023HU0037204,5,501,3,1
2023HU0037987,1,232,3,1
2023HU0037987,2,232,3,1
2023HU0037987,3,0,3,1
2023HU0038407,1,501,3,1
2023HU0038407,2,501,3,1
2023HU0039072,1,501,1,1
2023HU0039072,2,501,1,1
2023HU0039072,3,501,1,1
2023HU0039834,1,501,2,1
2023HU0039834,2,501,2,1
2023HU0040457,1,128,3,1
2023HU0040755,1,501,1,1
2023HU0040755,2,501,1,1
2023HU0040755,3,501,1,1
2023HU0041001,1,501,3,1
2023HU0041001,2,501,3,1
2023HU0041001,3,501,3,1
2023HU0041001,4,501,3,1
2023HU0041071,1,177,3,1
2023HU0041071,2,382,3,1
2023HU0041071,3,446,3,1
2023HU0041148,1,96,3,1
2023HU0041327,1,501,3,1
2023HU0041967,1,501,3,1
2023HU0042165,1,501,2,1
2023HU0042165,2,501,2,1
2023HU0042165,3,501,2,1
2023HU0042165,4,501,2,1
2023HU0042622,1,501,1,1
2023HU0042622,2,501,1,1
2023HU0042869,1,501,2,1
2023HU0042869,2,492,2,1
2023HU0043245,1,501,1,1
2023HU0043245,2,501,1,1
2023HU0043245,3,501,1,1
2023HU0043734,1,501,1,1
2023HU0043734,2,501,1,1
2023HU0044520,1,11,3,1
2023HU0044520,2,11,3,1
2023HU0045253,1,501,1,1
2023HU0045253,2,501,1,1
2023HU0045253,3,501,1,1
2023HU0045523,1,483,3,1
2023HU0045523,2,483,3,1
2023HU0045523,3,483,3,1
2023HU0045913,1,501,2,1
2023HU0045913,2,158,2,1
2023HU0046368,1,76,3,1
2023HU0046428,1,501,3,1
2023HU0046856,1,339,3,1
2023HU0046856,2,339,3,1
2023HU0046856,3,339,3,1
2023HU0046856,4,339,3,1
2023HU0046856,5,339,3,1
2023HU0046856,6,339,3,1
2023HU0046856,7,306,3,1
2023HU0046856,8,287,3,1
2023HU0046856,9,57,3,1
2023HU0046856,10,0,3,1
2023HU0046963,1,0,3,1
2023HU0047301,1,65,4,1
2023HU0047888,1,501,1,1
2023HU0047915,1,344,2,1
2023HU0047915,2,344,2,1
2023HU0048201,1,501,1,1
2023HU0048518,1,406,2,1
2023HU0048530,1,501,3,1
2023HU0049359,1,501,3,1
2023HU0049737,1,209,3,1
2023HU0050304,1,99,3,1
2023HU0050726,1,501,3,1
2023HU0050726,2,501,3,1
2023HU0051056,1,501,3,1
2023HU0051153,1,501,3,1
2023HU0051380,1,501,3,1
2023HU0051383,1,320,3,1
2023HU0051383,2,501,3,1
2023HU0051501,1,177,3,1
2023HU0051501,2,501,3,1
2023HU0051501,3,135,3,1
2023HU0051998,1,501,3,1
2023HU0052018,1,501,1,1
2023HU0052020,1,158,3,1
2023HU0052020,2,158,3,1
2023HU0052020,3,158,3,1
2023HU0052356,1,131,3,1
2023HU0052356,2,131,3,1
2023HU0052356,3,131,3,1
2023HU0052356,4,131,3,1
2023HU0052419,1,501,3,1
2023HU0052419,2,501,3,1
2023HU0052634,1,501,1,1
2023HU0052634,2,501,1,1
2023HU0052634,3,501,1,1
2023HU0052634,4,501,1,1
2023HU0052634,5,501,1,1
2023HU0053184,1,16,3,1
2023HU0053371,1,501,1,1
2023HU0053371,2,501,1,1
2023HU0053371,3,501,1,1
2023HU0054124,1,501,1,1
2023HU0054215,1,501,3,1
2023HU0055308,1,229,2,1
2023HU0055308,2,229,2,1
2023HU0056103,1,501,4,1
2023HU0056103,2,501,4,1
2023HU0056103,3,501,4,1
2023HU0056103,4,501,4,1
2023HU0056305,1,501,3,1
2023HU0056305,2,255,3,1
2023HU0056530,1,0,2,1
2023HU0056726,1,501,3,1
2023HU0056726,2,501,3,1
2023HU0057325,1,501,1,1
2023HU0057325,2,501,1,1
2023HU0057325,3,501,1,1
2023HU0057325,4,501,1,1
2023HU0057448,1,50,2,1
2023HU0057448,2,50,2,1
2023HU0057448,3,50,2,1
2023HU0057771,1,501,1,1
2023HU0058018,1,501,1,1
2023HU0058018,2,501,1,1
2023HU0058839,1,377,1,1
2023HU0058839,2,377,1,1
2023HU0058839,3,377,1,1
2023HU0058839,4,377,1,1
2023HU0058839,5,377,1,1
2023HU0059348,1,260,1,1
2023HU0059348,2,260,1,1
2023HU0059527,1,482,3,1
2023HU0059715,1,494,1,1
2023HU0059715,2,494,1,1
2023HU0059715,3,494,1,1
2023HU0059715,4,494,1,1
2023HU0060605,1,501,1,1
2023HU0060605,2,501,1,1
2023HU0061253,1,501,1,1
2023HU0061253,2,0,1,1
2023HU0061253,3,501,1,1
2023HU0061666,1,501,3,1
2023HU0061666,2,501,3,1
2023HU0061666,3,501,3,1
2023HU0062023,1,245,3,1
2023HU0062023,2,245,3,1
2023HU0062023,3,245,3,1
2023HU0062023,4,245,3,1
2023HU0062231,1,177,3,1
2023HU0062231,2,177,3,1
2023HU0062231,3,177,3,1
2023HU0062231,4,177,3,1
2023HU0062231,5,177,3,1
2023HU0062231,6,177,3,1
2023HU0062231,7,0,3,1
2023HU0062231,8,,3,1
2023HU0063162,1,193,3,1
2023HU0063162,2,290,3,1
2023HU0064785,1,57,3,1
2023HU0064785,2,60,3,1
2023HU0064785,3,447,3,1
2023HU0064785,4,19,3,1
2023HU0064785,5,29,3,1
2023HU0065018,1,451,3,1
2023HU0065434,1,501,3,1
2023HU0065434,2,501,3,1
2023HU0065434,3,501,3,1
2023HU0065814,1,501,1,1
2023HU0065814,2,501,1,1
2023HU0066188,1,501,3,1
2023HU0066188,2,501,3,1
2023HU0067343,1,501,3,1
2023HU0067540,1,313,3,1
2023HU0067540,2,313,3,1
2023HU0067540,3,313,3,1
2023HU0067540,4,313,3,1
2023HU0068207,1,501,2,1
2023HU0068231,1,501,2,1
2023HU0068231,2,501,2,1
2023HU0068508,1,501,3,1
2023HU0068508,2,501,3,1
2023HU0068732,1,98,2,1
2023HU0068732,2,98,2,1
2023HU0068766,1,501,3,1
2023HU0068808,1,501,1,1
2023HU0068808,2,501,1,1
2023HU0068850,1,501,1,1
2023HU0068850,2,501,1,1
2023HU0068940,1,501,3,1
2023HU0069011,1,501,3,1
2023HU0069011,2,501,3,1
2023HU0069011,3,501,3,1
2023HU0069203,1,501,2,1
2023HU0069203,2,501,2,1
2023HU0069449,1,501,3,1
2023HU0069449,2,240,3,1
2023HU0070245,1,501,3,1
2023HU0070354,1,358,2,1
2023HU0070354,2,358,2,1
2023HU0070354,3,358,2,1
2023HU0070354,4,358,2,1
2023HU0070354,5,358,2,1
2023HU0071293,1,488,3,1
2023HU0071558,1,91,3,1
2023HU0071961,1,501,3,1
2023HU0072785,1,153,3,1
2023HU0073966,1,153,3,1
2023HU0074036,1,73,3,1
2023HU0074036,2,501,3,1
2023HU0075127,1,501,3,1
2023HU0075659,1,0,2,1
2023HU0075735,1,501,2,1
2023HU0075735,2,501,2,1
2023HU0075735,3,501,2,1
2023HU0075905,1,501,3,1
2023HU0076611,1,497,2,1
2023HU0076611,2,497,2,1
2023HU0076925,1,462,3,1
2023HU0076925,2,494,3,1
2023HU0076925,3,462,3,1
2023HU0076925,4,462,3,1
2023HU0077304,1,501,3,1
2023HU0078234,1,264,3,1
2023HU0078234,2,264,3,1
2023HU0079060,1,309,2,1
2023HU0079060,2,388,2,1
2023HU0079209,1,180,3,1
2023HU0079299,1,425,3,1
2023HU0079299,2,425,3,1
2023HU0079589,1,501,1,1
2023HU0079589,2,501,1,1
2023HU0080151,1,501,3,1
2023HU0080282,1,501,1,1
2023HU0080282,2,501,1,1
2023HU0080855,1,381,3,1
2023HU0081090,1,369,3,1
2023HU0081090,2,369,3,1
2023HU0081890,1,501,1,1
2023HU0081945,1,501,3,1
2023HU0082060,1,250,3,1
2023HU0082060,2,234,3,1
2023HU0082078,1,501,3,1
2023HU0082780,1,501,3,1
2023HU0082780,2,501,3,1
2023HU0083163,1,501,3,1
2023HU0083512,1,350,3,1
2023HU0083554,1,217,1,1
2023HU0083554,2,501,1,1
2023HU0084013,1,501,3,1
2023HU0084050,1,501,3,1
2023HU0084050,2,501,3,1
2023HU0084322,1,166,3,1
2023HU0084322,2,166,3,1
2023HU0084322,3,166,3,1
2023HU0084322,4,166,3,1
2023HU0084322,5,166,3,1
2023HU0084693,1,14,1,1
2023HU0084693,2,14,1,1
2023HU0085379,1,95,3,1
2023HU0085379,2,65,3,1
2023HU0085379,3,95,3,1
2023HU0085379,4,95,3,1
2023HU0085616,1,501,3,1
2023HU0085616,2,501,3,1
2023HU0085617,1,501,3,1
2023HU0085617,2,501,3,1
2023HU0085887,1,501,3,1
2023HU0085887,2,501,3,1
2023HU0086078,1,501,3,1
2023HU0086228,1,501,3,1
2023HU0086813,1,31,3,1
2023HU0087514,1,47,3,1
2023HU0087514,2,47,3,1
2023HU0087791,1,501,1,1
2023HU0087791,2,501,1,1
2023HU0088614,1,501,3,1
2023HU0089811,1,501,3,1
2023HU0089811,2,501,3,1
2023HU0089811,3,501,3,1
2023HU0089811,4,501,3,1
2023HU0089953,1,501,2,1
2023HU0089953,2,501,2,1
2023HU0089953,3,501,2,1
2023HU0089953,4,501,2,1
2023HU0090217,1,501,1,1
2023HU0090900,1,501,3,1
2023HU0090900,2,12,3,1
2023HU0091223,1,501,2,1
2023HU0091700,1,111,4,1
2023HU0091700,2,111,4,1
2023HU0091700,3,111,4,1
2023HU0091700,4,111,4,1
2023HU0092821,1,501,3,1
2023HU0092821,2,501,3,1
2023HU0092945,1,501,3,1
2023HU0092945,2,392,3,1
2023HU0093236,1,125,2,1
2023HU0093236,2,125,2,1
2023HU0093236,3,125,2,1
2023HU0093487,1,501,1,1
2023HU0093487,2,501,1,1
2023HU0093487,3,501,1,1
2023HU0093487,4,501,1,1
2023HU0094551,1,501,1,1
2023HU0094551,2,501,1,1
2023HU0094696,1,501,3,1
2023HU0094951,1,483,3,1
2023HU0095906,1,0,3,1
2023HU0096428,1,54,3,1
2023HU0096428,2,54,3,1
2023HU0096428,3,54,3,1
2023HU0096997,1,29,3,1
2023HU0097253,1,84,3,1
2023HU0097286,1,501,2,1
2023HU0097286,2,325,2,1
2023HU0097511,1,408,3,1
2023HU0097600,1,501,3,1
2023HU0097600,2,501,3,1
2023HU0098059,1,124,2,1
2023HU0098142,1,253,2,1
2023HU0098142,2,253,2,1
2023HU0098381,1,501,1,1
2023HU0098381,2,501,1,1
2023HU0098950,1,20,2,1
2023HU0099790,1,84,2,1
2023HU0099912,1,388,2,1
2023HU0099912,2,501,2,1
2023HU0099912,3,388,2,1
2023HU0100348,1,501,1,1
2023HU0100348,2,501,1,1
2023HU0101287,1,501,1,1
2023HU0101287,2,501,1,1
2023HU0101470,1,135,3,1
2023HU0102000,1,501,3,1
2023HU0102218,1,119,3,1
2023HU0102218,2,119,3,1
2023HU0102218,3,126,3,1
2023HU0102218,4,189,3,1
2023HU0102231,1,501,3,1
2023HU0102265,1,411,3,1
2023HU0102573,1,501,3,1
2023HU0102736,1,501,3,1
2023HU0102776,1,501,1,1
2023HU0102776,2,501,1,1
2023HU0103164,1,226,1,1
2023HU0103164,2,226,1,1
2023HU0103164,3,84,1,1
2023HU0103377,1,308,2,1
2023HU0103377,2,308,2,1
2023HU0103809,1,501,3,1
2023HU0103809,2,501,3,1
2023HU0104446,1,430,2,1
2023HU0104446,2,430,2,1
2023HU0104446,3,430,2,1
2023HU0104570,1,501,2,1
2023HU0104570,2,501,2,1
2023HU0106664,1,82,3,1
2023HU0106664,2,82,3,1
2023HU0106664,3,82,3,1
2023HU0106909,1,59,3,1
2023HU0107351,1,501,3,1
2023HU0107367,1,501,2,1
2023HU0107367,2,501,2,1
2023HU0107489,1,501,1,1
2023HU0107841,1,501,3,1
2023HU0108092,1,501,1,1
2023HU0108122,1,44,2,1
2023HU0108245,1,127,3,1
2023HU0108675,1,119,3,1
2023HU0108675,2,119,3,1
2023HU0109127,1,501,1,1
2023HU0109127,2,501,1,1
2023HU0109127,3,501,1,1
2023HU0109127,4,501,1,1
2023HU0109127,5,501,1,1
2023HU0109193,1,501,3,1
2023HU0109631,1,303,3,1
2023HU0109716,1,424,1,1
2023HU0109716,2,424,1,1
2023HU0109716,3,424,1,1
2023HU0109716,4,424,1,1
2023HU0110345,1,283,3,1
2023HU0111572,1,501,3,1
2023HU0111572,2,501,3,1
2023HU0111595,1,456,2,1
2023HU0111595,2,0,2,1
2023HU0111595,3,456,2,1
2023HU0111595,4,456,2,1
2023HU0111848,1,501,3,1
2023HU0111848,2,501,3,1
2023HU0112355,1,501,3,1
2023HU0112355,2,501,3,1
2023HU0112355,3,481,3,1
2023HU0112355,4,501,3,1
2023HU0112671,1,501,3,1
2023HU0112690,1,329,1,1
2023HU0112690,2,501,1,1
2023HU0112690,3,329,1,1
2023HU0112690,4,329,1,1
2023HU0112690,5,329,1,1
2023HU0113060,1,105,3,1
2023HU0113645,1,501,2,1
2023HU0113645,2,501,2,1
2023HU0113948,1,463,3,1
2023HU0113948,2,501,3,1
2023HU0113948,3,289,3,1
2023HU0114404,1,490,3,1
2023HU0114404,2,490,3,1
2023HU0114404,3,490,3,1
2023HU0115811,1,75,3,1
2023HU0116241,1,501,1,1
2023HU0116241,2,501,1,1
2023HU0116461,1,501,3,1
2023HU0116535,1,501,3,1
2023HU0116535,2,0,3,1
2023HU0116535,3,0,3,1
2023HU0116810,1,501,3,1
2023HU0116810,2,501,3,1
2023HU0117324,1,501,3,1
2023HU0117542,1,501,1,1
2023HU0117542,2,501,1,1
2023HU0117542,3,501,1,1
2023HU0117542,4,501,1,1
2023HU0117542,5,501,1,1
2023HU0117542,6,501,1,1
2023HU0117542,7,501,1,1
2023HU0117620,1,501,2,1
2023HU0117620,2,501,2,1
2023HU0118667,1,501,1,1
2023HU0119072,1,215,3,1
2023HU0119072,2,379,3,1
2023HU0119072,3,501,3,1
2023HU0119591,1,501,2,1
2023HU0119591,2,501,2,1
2023HU0120172,1,113,3,1
2023HU0120172,2,113,3,1
2023HU0120776,1,226,3,1
2023HU0120776,2,226,3,1
2023HU0122387,1,501,3,1
2023HU0122525,1,0,3,1
2023HU0122525,2,0,3,1
2023HU0122594,1,501,3,1
2023HU0122705,1,501,1,1
2023HU0122708,1,264,3,1
2023HU0122708,2,264,3,1
2023HU0122719,1,123,2,1
2023HU0122719,2,123,2,1
2023HU0122719,3,123,2,1
2023HU0122748,1,441,3,1
2023HU0122748,2,441,3,1
2023HU0122748,3,441,3,1
2023HU0123073,1,501,1,1
2023HU0123073,2,289,1,1
2023HU0123269,1,398,3,1
2023HU0123269,2,398,3,1
2023HU0123269,3,398,3,1
2023HU0123269,4,398,3,1
2023HU0123901,1,194,3,1
2023HU0123901,2,501,3,1
2023HU0123901,3,193,3,1
2023HU0123901,4,258,3,1
2023HU0123948,1,501,1,1
2023HU0124481,1,175,2,1
2023HU0124481,2,175,2,1
2023HU0124560,1,482,3,1
2023HU0125902,1,501,1,1
2023HU0127225,1,501,1,1
2023HU0127225,2,501,1,1
2023HU0127225,3,501,1,1
2023HU0128522,1,393,1,1
2023HU0128522,2,393,1,1
2023HU0128522,3,393,1,1
2023HU0128522,4,393,1,1
2023HU0128522,5,393,1,1
2023HU0128522,6,393,1,1
2023HU0128522,7,393,1,1
2023HU0128522,8,393,1,1
2023HU0128522,9,393,1,1
2023HU0128660,1,501,3,1
2023HU0128891,1,501,1,1
2023HU0128974,1,471,3,1
2023HU0129185,1,38,3,1
2023HU0129300,1,231,3,1
2023HU0129300,2,231,3,1
2023HU0129300,3,231,3,1
2023HU0129389,1,501,3,1
2023HU0129418,1,166,3,1
2023HU0129418,2,166,3,1
2023HU0129418,3,166,3,1
2023HU0129418,4,166,3,1
2023HU0129418,5,166,3,1
2023HU0129418,6,166,3,1
2023HU0129418,7,166,3,1
2023HU0129418,8,166,3,1
2023HU0129418,9,166,3,1
2023HU0129418,10,166,3,1
2023HU0129418,11,166,3,1
2023HU0129418,12,166,3,1
2023HU0129436,1,501,2,1
2023HU0130734,1,360,3,1
2023HU0130880,1,501,2,1
2023HU0130880,2,501,2,1
2023HU0130880,3,501,2,1
2023HU0130880,4,501,2,1
2023HU0131476,1,361,3,1
2023HU0131476,2,361,3,1
2023HU0131476,3,361,3,1
2023HU0131476,4,361,3,1
2023HU0131476,5,361,3,1
2023HU0132229,1,501,3,1
2023HU0132229,2,501,3,1
2023HU0132229,3,501,3,1
2023HU0133792,1,501,3,1
2023HU0133792,2,501,3,1
2023HU0135106,1,501,3,1
2023HU0135106,2,501,3,1
2023HU0135106,3,501,3,1
2023HU0135106,4,501,3,1
2023HU0135564,1,501,2,1
2023HU0135564,2,501,2,1
2023HU0136012,1,501,1,1
2023HU0136012,2,501,1,1
2023HU0136012,3,501,1,1
2023HU0136012,4,501,1,1
2023HU0137259,1,501,3,1
2023HU0137634,1,142,1,1
2023HU0137634,2,142,1,1
2023HU0137670,1,501,3,1
2023HU0137670,2,292,3,1
2023HU0137983,1,501,3,1
2023HU0138510,1,501,3,1
2023HU0138759,1,501,2,1
2023HU0138759,2,501,2,1
2023HU0138759,3,501,2,1
2023HU0139429,1,200,2,1
2023HU0139429,2,200,2,1
2023HU0140207,1,501,1,1
2023HU0140207,2,501,1,1
2023HU0140256,1,309,3,1
2023HU0140302,1,363,3,1
2023HU0140302,2,363,3,1
2023HU0140495,1,217,1,1
2023HU0140495,2,217,1,1
2023HU0140495,3,217,1,1
2023HU0140495,4,217,1,1
2023HU0140495,5,217,1,1
2023HU0140495,6,217,1,1
2023HU0140495,7,217,1,1
2023HU0140495,8,217,1,1
2023HU0140806,1,141,3,1
2023HU0140806,2,141,3,1
2023HU0140806,3,141,3,1
2023HU0140806,4,141,3,1
2023HU0140944,1,501,1,1
2023HU0140944,2,501,1,1
2023HU0140944,3,501,1,1
2023HU0140944,4,501,1,1
2023HU0141326,1,92,3,1
2023HU0141496,1,71,3,1
2023HU0141496,2,71,3,1
2023HU0141549,1,501,2,1
2023HU0141549,2,501,2,1
2023HU0141549,3,501,2,1
2023HU0141549,4,,2,1
2023HU0141549,5,,2,1
2023HU0141563,1,501,1,1
2023HU0141563,2,501,1,1
2023HU0141938,1,501,2,1
2023HU0141938,2,501,2,1
2023HU0141938,3,501,2,1
2023HU0141938,4,501,2,1
2023HU0141977,1,501,1,1
2023HU0141977,2,501,1,1
2023HU0141977,3,501,1,1
2023HU0142164,1,386,2,1
2023HU0142164,2,386,2,1
2023HU0142237,1,253,2,1
2023HU0142237,2,253,2,1
2023HU0142237,3,253,2,1
2023HU0143218,1,501,1,1
2023HU0143218,2,501,1,1
2023HU0143716,1,501,3,1
2023HU0144347,1,501,1,1
2023HU0144623,1,501,3,1
2023HU0144623,2,501,3,1
2023HU0144623,3,262,3,1
2023HU0145439,1,164,1,1
2023HU0145568,1,441,3,1
2023HU0145568,2,441,3,1
2023HU0145568,3,441,3,1
2023HU0145832,1,61,3,1
2023HU0145832,2,61,3,1
2023HU0145938,1,501,3,1
2023HU0145938,2,501,3,1
2023HU0146666,1,501,3,1
2023HU0146666,2,501,3,1
2023HU0146767,1,501,3,1
2023HU0146845,1,501,3,1
2023HU0146845,2,501,3,1
2023HU0146845,3,501,3,1
2023HU0146981,1,501,1,1
2023HU0146981,2,501,1,1
2023HU0146981,3,501,1,1
2023HU0147574,1,501,1,1
2023HU0147574,2,501,1,1
2023HU0147574,3,501,1,1
2023HU0147574,4,501,1,1
2023HU0147664,1,190,3,1
2023HU0147776,1,501,3,1
2023HU0148037,1,501,3,1
2023HU0148037,2,501,3,1
2023HU0148115,1,119,2,1
2023HU0148115,2,84,2,1
2023HU0148115,3,501,2,1
2023HU0148115,4,36,2,1
2023HU0148115,5,370,2,1
2023HU0148345,1,501,3,1
2023HU0148345,2,501,3,1
2023HU0148462,1,184,3,1
2023HU0148462,2,184,3,1
2023HU0148462,3,184,3,1
2023HU0148462,4,184,3,1
2023HU0148462,5,184,3,1
2023HU0148586,1,501,3,1
2023HU0148586,2,501,3,1
2023HU0148586,3,501,3,1
2023HU0148634,1,501,3,1
2023HU0148634,2,359,3,1
2023HU0148634,3,501,3,1
2023HU0148634,4,501,3,1
2023HU0149460,1,501,1,1
2023HU0149460,2,501,1,1
2023HU0149562,1,501,1,1
2023HU0149562,2,501,1,1
2023HU0149562,3,501,1,1
2023HU0149562,4,501,1,1
2023HU0149880,1,501,1,1
2023HU0149880,2,501,1,1
2023HU0149880,3,501,1,1
2023HU0150619,1,66,3,1
2023HU0150619,2,66,3,1
2023HU0150755,1,501,1,1
2023HU0150755,2,501,1,1
2023HU0151313,1,501,3,1
2023HU0151313,2,501,3,1
2023HU0151356,1,341,3,1
2023HU0151356,2,341,3,1
2023HU0152381,1,350,3,1
2023HU0152624,1,501,1,1
2023HU0152624,2,501,1,1
2023HU0152754,1,501,1,1
2023HU0152754,2,501,1,1
2023HU0152754,3,501,1,1
2023HU0152754,4,127,1,1
2023HU0152929,1,477,3,1
2023HU0152944,1,501,1,1
2023HU0152944,2,501,1,1
2023HU0153759,1,501,3,1
2023HU0153988,1,501,2,1
2023HU0153988,2,501,2,1
2023HU0153988,3,501,2,1
2023HU0153988,4,182,2,1
2023HU0153988,5,380,2,1
2023HU0154470,1,128,3,1
2023HU0154470,2,21,3,1
2023HU0155051,1,238,3,1
2023HU0155051,2,501,3,1
2023HU0155145,1,501,3,1
2023HU0155145,2,290,3,1
2023HU0155145,3,290,3,1
2023HU0155307,1,159,2,1
2023HU0155309,1,501,3,1
2023HU0155309,2,318,3,1
2023HU0155405,1,50,2,1
2023HU0155405,2,50,2,1
2023HU0155743,1,501,2,1
2023HU0155743,2,501,2,1
2023HU0156779,1,501,1,1
2023HU0156779,2,501,1,1
2023HU0157028,1,42,3,1
2023HU0157082,1,501,2,1
2023HU0157082,2,501,2,1
2023HU0157082,3,501,2,1
2023HU0157131,1,317,1,1
2023HU0157131,2,317,1,1
2023HU0157131,3,317,1,1
2023HU0157131,4,317,1,1
2023HU0157359,1,501,1,1
2023HU0157359,2,501,1,1
2023HU0157476,1,501,1,1
2023HU0157476,2,501,1,1
2023HU0157738,1,367,3,1
2023HU0157738,2,367,3,1
2023HU0157738,3,367,3,1
2023HU0157885,1,0,3,1
2023HU0157908,1,121,3,1
2023HU0157962,1,501,1,1
2023HU0158121,1,204,3,1
2023HU0158121,2,204,3,1
2023HU0158121,3,204,3,1
2023HU0158121,4,204,3,1
2023HU0158946,1,478,1,1
2023HU0158946,2,478,1,1
2023HU0158946,3,478,1,1
2023HU0159566,1,501,1,1
2023HU0159703,1,194,2,1
2023HU0159703,2,194,2,1
2023HU0159728,1,501,1,1
2023HU0159728,2,501,1,1
2023HU0160873,1,501,2,1
2023HU0160973,1,171,3,1
2023HU0160973,2,171,3,1
2023HU0160973,3,171,3,1
2023HU0160973,4,171,3,1
2023HU0160973,5,171,3,1
2023HU0161146,1,61,3,1
2023HU0162397,1,26,1,1
2023HU0162397,2,26,1,1
2023HU0162397,3,26,1,1
2023HU0162397,4,26,1,1
2023HU0162473,1,54,2,1
2023HU0162473,2,54,2,1
2023HU0162634,1,97,2,1
2023HU0162634,2,442,2,1
2023HU0162634,3,97,2,1
2023HU0162634,4,97,2,1
2023HU0162634,5,97,2,1
2023HU0163130,1,133,4,1
2023HU0163130,2,133,4,1
2023HU0163434,1,501,3,1
2023HU0163434,2,128,3,1
2023HU0163963,1,78,3,1
2023HU0164122,1,501,1,1
2023HU0164122,2,501,1,1
2023HU0164122,3,501,1,1
2023HU0164122,4,501,1,1
2023HU0164288,1,94,3,1
2023HU0164667,1,501,3,1
2023HU0164667,2,501,3,1
2023HU0164667,3,501,3,1
2023HU0164985,1,501,3,1
2023HU0165560,1,255,3,1
2023HU0165560,2,95,3,1
2023HU0166121,1,501,1,1
2023HU0166121,2,501,1,1
2023HU0167414,1,501,3,1
2023HU0167414,2,501,3,1
2023HU0167414,3,501,3,1
2023HU0167634,1,501,1,1
2023HU0167634,2,501,1,1
2023HU0167634,3,501,1,1
2023HU0167634,4,501,1,1
2023HU0168044,1,501,3,1
2023HU0168044,2,501,3,1
2023HU0168105,1,501,2,1
2023HU0168105,2,501,2,1
2023HU0168105,3,501,2,1
2023HU0168105,4,501,2,1
2023HU0168424,1,501,1,1
2023HU0168424,2,501,1,1
2023HU0168424,3,501,1,1
2023HU0168492,1,501,2,1
2023HU0168492,2,501,2,1
2023HU0168492,3,501,2,1
2023HU0168492,4,501,2,1
2023HU0168597,1,253,2,1
2023HU0168644,1,280,3,1
2023HU0170008,1,179,1,1
2023HU0170008,2,179,1,1
2023HU0170480,1,501,1,1
2023HU0170480,2,501,1,1
2023HU0170480,3,501,1,1
2023HU0170480,4,501,1,1
2023HU0171389,1,65,3,1
2023HU0172354,1,501,1,1
2023HU0172418,1,501,3,1
2023HU0172418,2,501,3,1
2023HU0173028,1,501,3,1
2023HU0173654,1,501,1,1
2023HU0173654,2,501,1,1
2023HU0173654,3,501,1,1
2023HU0173654,4,501,1,1
2023HU0173833,1,501,3,1
2023HU0173833,2,501,3,1
2023HU0173833,3,501,3,1
2023HU0173833,4,501,3,1
2023HU0173840,1,191,3,1
2023HU0173986,1,15,3,1
2023HU0175153,1,501,1,1
2023HU0175895,1,501,2,1
2023HU0175895,2,52,2,1
2023HU0176628,1,435,3,1
2023HU0176628,2,222,3,1
2023HU0176667,1,501,3,1
2023HU0176667,2,501,3,1
2023HU0176667,3,501,3,1
2023HU0176728,1,501,1,1
2023HU0176728,2,501,1,1
2023HU0176728,3,501,1,1
2023HU0176731,1,501,3,1
2023HU0176951,1,501,3,1
2023HU0176951,2,501,3,1
2023HU0176951,3,501,3,1
2023HU0176951,4,253,3,1
2023HU0177471,1,425,3,1
2023HU0177471,2,425,3,1
2023HU0178048,1,179,2,1
2023HU0178871,1,501,1,1
2023HU0178937,1,501,3,1
2023HU0178937,2,501,3,1
2023HU0179477,1,37,3,1
2023HU0179903,1,501,1,1
2023HU0179903,2,501,1,1
2023HU0179903,3,501,1,1
2023HU0180649,1,459,3,1
2023HU0180649,2,501,3,1
2023HU0180683,1,501,1,1
2023HU0180683,2,501,1,1
2023HU0180939,1,501,1,1
2023HU0180939,2,501,1,1
2023HU0180939,3,501,1,1
2023HU0180939,4,501,1,1
2023HU0180939,5,501,1,1
2023HU0180939,6,501,1,1
2023HU0181358,1,319,1,1
2023HU0181657,1,234,3,1
2023HU0181949,1,131,3,1
2023HU0182256,1,501,2,1
2023HU0182256,2,501,2,1
2023HU0182325,1,501,1,1
2023HU0182325,2,501,1,1
2023HU0182325,3,501,1,1
2023HU0182325,4,501,1,1
2023HU0182847,1,47,1,1
2023HU0182847,2,47,1,1
2023HU0182855,1,39,3,1
2023HU0182855,2,39,3,1
2023HU0182855,3,39,3,1
2023HU0182855,4,39,3,1
2023HU0182855,5,39,3,1
2023HU0183324,1,501,3,1
2023HU0183324,2,96,3,1
2023HU0183457,1,109,3,1
2023HU0183841,1,501,3,1
2023HU0183930,1,501,3,1
2023HU0183930,2,501,3,1
2023HU0183944,1,501,1,1
2023HU0183944,2,501,1,1
2023HU0183944,3,501,1,1
2023HU0184071,1,270,3,1
2023HU0184094,1,126,3,1
2023HU0184094,2,126,3,1
2023HU0184094,3,126,3,1
2023HU0184518,1,501,2,1
2023HU0184635,1,501,3,1
2023HU0184635,2,501,3,1
2023HU0184714,1,501,3,1
2023HU0185155,1,55,3,1
2023HU0185791,1,501,1,1
2023HU0186154,1,501,2,1
2023HU0186154,2,501,2,1
2023HU0186763,1,13,1,1
2023HU0186763,2,392,1,1
2023HU0186997,1,501,3,1
2023HU0188157,1,501,3,1
2023HU0188384,1,501,2,1
2023HU0188384,2,501,2,1
2023HU0188384,3,206,2,1
2023HU0188521,1,0,1,1
2023HU0188521,2,0,1,1
2023HU0188911,1,191,1,1
2023HU0188955,1,7,3,1
2023HU0189229,1,501,4,1
2023HU0189229,2,501,4,1
2023HU0189247,1,501,3,1
2023HU0189247,2,501,3,1
2023HU0189247,3,501,3,1
2023HU0189247,4,501,3,1
2023HU0189940,1,270,3,1
2023HU0189940,2,501,3,1
2023HU0190425,1,4,3,1
2023HU0190604,1,501,2,1
2023HU0190604,2,501,2,1
2023HU0190604,3,501,2,1
2023HU0191494,1,501,1,1
2023HU0191494,2,501,1,1
2023HU0191691,1,116,3,1
2023HU0191691,2,114,3,1
2023HU0192189,1,501,1,1
2023HU0192189,2,501,1,1
2023HU0192524,1,270,3,1
2023HU0192524,2,202,3,1
2023HU0192734,1,501,3,1
2023HU0192734,2,501,3,1
2023HU0192734,3,479,3,1
2023HU0192759,1,501,1,1
2023HU0192759,2,501,1,1
2023HU0192759,3,501,1,1
2023HU0193098,1,305,2,1
2023HU0193098,2,305,2,1
2023HU0195394,1,440,2,1
2023HU0195394,2,440,2,1
2023HU0195555,1,501,1,1
2023HU0195555,2,501,1,1
2023HU0196592,1,501,1,1
2023HU0196592,2,501,1,1
2023HU0196592,3,501,1,1
2023HU0196592,4,501,1,1
2023HU0197056,1,416,2,1
2023HU0197056,2,416,2,1
2023HU0197056,3,416,2,1
2023HU0197056,4,416,2,1
2023HU0197140,1,464,3,1
2023HU0197140,2,464,3,1
2023HU0197140,3,464,3,1
2023HU0197140,4,464,3,1
2023HU0197140,5,464,3,1
2023HU0197645,1,479,2,1
2023HU0197797,1,501,3,1
2023HU0198799,1,501,2,1
2023HU0198799,2,501,2,1
2023HU0201072,1,501,1,1
2023HU0201072,2,501,1,1
2023HU0201072,3,501,1,1
2023HU0201490,1,501,1,1
2023HU0201490,2,501,1,1
2023HU0201490,3,229,1,1
2023HU0201877,1,501,1,1
2023HU0201877,2,501,1,1
2023HU0202193,1,47,3,1
2023HU0202247,1,499,2,1
2023HU0202247,2,499,2,1
2023HU0202247,3,499,2,1
2023HU0202554,1,479,3,1
2023HU0202811,1,34,3,1
2023HU0202811,2,34,3,1
2023HU0203189,1,24,2,1
2023HU0203189,2,501,2,1
2023HU0204015,1,471,2,1
2023HU0204015,2,471,2,1
2023HU0204015,3,471,2,1
2023HU0204239,1,501,1,1
2023HU0204478,1,501,1,1
2023HU0204478,2,501,1,1
2023HU0205390,1,501,1,1
2023HU0205390,2,501,1,1
2023HU0205390,3,501,1,1
2023HU0205390,4,501,1,1
2023HU0205390,5,256,1,1
2023HU0206202,1,501,1,1
2023HU0206202,2,501,1,1
2023HU0206724,1,45,3,1
2023HU0206939,1,167,3,1
2023HU0207020,1,404,1,1
2023HU0207020,2,404,1,1
2023HU0207020,3,404,1,1
2023HU0207923,1,82,3,1
2023HU0207923,2,82,3,1
2023HU0207923,3,82,3,1
2023HU0208080,1,501,1,1
2023HU0208080,2,501,1,1
2023HU0208161,1,10,3,1
2023HU0208161,2,8,3,1
2023HU0208161,3,63,3,1
2023HU0208240,1,143,3,1
2023HU0208240,2,143,3,1
2023HU0208364,1,184,2,1
2023HU0208364,2,184,2,1
2023HU0208364,3,184,2,1
2023HU0208364,4,184,2,1
2023HU0208364,5,184,2,1
2023HU0208438,1,501,3,1
2023HU0208438,2,367,3,1
2023HU0208471,1,501,1,1
2023HU0208471,2,501,1,1
2023HU0208471,3,501,1,1
2023HU0208471,4,501,1,1
2023HU0208534,1,501,3,1
2023HU0208534,2,501,3,1
2023HU0208617,1,248,3,1
2023HU0208617,2,190,3,1
2023HU0208617,3,48,3,1
2023HU0209351,1,501,3,1
2023HU0209433,1,501,3,1
2023HU0211151,1,501,2,1
2023HU0211151,2,501,2,1
2023HU0211566,1,110,3,1
2023HU0211566,2,110,3,1
2023HU0211566,3,110,3,1
2023HU0211566,4,110,3,1
2023HU0211576,1,241,3,1
2023HU0211576,2,314,3,1
2023HU0211578,1,501,3,1
2023HU0211988,1,501,3,1
2023HU0211989,1,501,3,1
2023HU0212000,1,501,1,1
2023HU0212000,2,501,1,1
2023HU0212109,1,4,3,1
2023HU0212608,1,501,1,1
2023HU0212608,2,501,1,1
2023HU0212955,1,501,1,1
2023HU0212955,2,501,1,1
2023HU0212955,3,501,1,1
2023HU0213918,1,112,3,1
2023HU0213918,2,112,3,1
2023HU0214021,1,501,1,1
2023HU0214021,2,501,1,1
2023HU0214021,3,501,1,1
2023HU0214021,4,501,1,1
2023HU0214021,5,501,1,1
2023HU0214021,6,501,1,1
2023HU0214136,1,154,3,1
2023HU0214476,1,0,3,1
2023HU0214476,2,0,3,1
2023HU0214476,3,0,3,1
2023HU0215420,1,105,1,1
2023HU0216035,1,501,1,1
2023HU0216035,2,501,1,1
2023HU0216478,1,501,1,1
2023HU0216478,2,501,1,1
2023HU0216478,3,501,1,1
2023HU0216478,4,501,1,1
2023HU0216478,5,501,1,1
2023HU0216483,1,18,3,1
2023HU0216483,2,18,3,1
2023HU0217602,1,501,3,1
2023HU0217602,2,501,3,1
2023HU0217602,3,304,3,1
2023HU0217602,4,459,3,1
2023HU0218104,1,460,3,1
2023HU0218300,1,381,1,1
2023HU0218300,2,501,1,1
2023HU0218300,3,501,1,1
2023HU0218300,4,501,1,1
2023HU0218383,1,487,3,1
2023HU0218383,2,487,3,1
2023HU0218457,1,328,3,1
2023HU0218457,2,328,3,1
2023HU0218548,1,501,1,1
2023HU0218581,1,501,3,1
2023HU0218581,2,384,3,1
2023HU0221030,1,501,3,1
2023HU0221415,1,442,3,1
2023HU0221415,2,442,3,1
2023HU0221415,3,442,3,1
2023HU0221771,1,455,2,1
2023HU0221771,2,455,2,1
2023HU0222535,1,501,1,1
2023HU0222535,2,501,1,1
2023HU0222535,3,501,1,1
2023HU0222535,4,501,1,1
2023HU0223156,1,501,2,1
2023HU0223281,1,102,3,1
2023HU0223281,2,102,3,1
2023HU0223463,1,0,3,1
2023HU0223776,1,501,2,1
2023HU0224397,1,501,1,1
2023HU0224397,2,501,1,1
2023HU0224397,3,501,1,1
2023HU0224404,1,501,1,1
2023HU0224404,2,501,1,1
2023HU0224585,1,501,3,1
2023HU0224846,1,501,1,1
2023HU0224846,2,501,1,1
2023HU0224846,3,501,1,1
2023HU0224846,4,501,1,1
2023HU0224846,5,501,1,1
2023HU0226210,1,26,3,1
2023HU0226515,1,0,3,1
2023HU0226515,2,419,3,1
2023HU0226521,1,146,3,1
2023HU0226521,2,146,3,1
2023HU0226521,3,294,3,1
2023HU0227238,1,12,3,1
2023HU0227238,2,234,3,1
2023HU0227311,1,261,3,1
2023HU0227311,2,261,3,1
2023HU0227527,1,501,3,1
2023HU0227527,2,501,3,1
2023HU0227527,3,501,3,1
2023HU0229327,1,84,3,1
2023HU0229967,1,365,3,1
2023HU0229967,2,365,3,1
2023HU0229967,3,365,3,1
2023HU0229967,4,365,3,1
2023HU0230012,1,446,4,1
2023HU0230012,2,446,4,1
2023HU0230054,1,252,3,1
2023HU0230054,2,252,3,1
2023HU0230464,1,198,2,1
2023HU0230464,2,198,2,1
2023HU0230872,1,501,1,1
2023HU0230872,2,501,1,1
2023HU0230872,3,501,1,1
2023HU0230872,4,501,1,1
2023HU0232156,1,501,1,1
2023HU0232156,2,501,1,1
2023HU0232156,3,501,1,1
2023HU0232207,1,501,2,1
2023HU0232207,2,501,2,1
2023HU0232616,1,501,1,1
2023HU0232616,2,501,1,1
2023HU0232786,1,96,3,1
2023HU0232786,2,96,3,1
2023HU0232786,3,96,3,1
2023HU0232885,1,501,3,1
2023HU0232885,2,501,3,1
2023HU0232885,3,501,3,1
2023HU0232885,4,501,3,1
2023HU0232885,5,501,3,1
2023HU0232885,6,501,3,1
2023HU0233168,1,501,3,1
2023HU0233168,2,501,3,1
2023HU0233676,1,501,3,1
2023HU0233676,2,501,3,1
2023HU0233753,1,501,1,1
2023HU0233753,2,501,1,1
2023HU0233753,3,501,1,1
2023HU0233935,1,501,3,1
2023HU0233935,2,501,3,1
2023HU0233935,3,501,3,1
2023HU0233935,4,501,3,1
2023HU0234048,1,501,3,1
2023HU0234285,1,38,3,1
2023HU0234285,2,32,3,1
2023HU0234879,1,319,3,1
2023HU0235047,1,501,1,1
2023HU0235047,2,501,1,1
2023HU0235138,1,501,2,1
2023HU0235138,2,501,2,1
2023HU0235537,1,319,3,1
2023HU0235779,1,501,3,1
2023HU0235779,2,501,3,1
2023HU0235779,3,501,3,1
2023HU0235779,4,501,3,1
2023HU0236372,1,501,3,1
2023HU0236608,1,501,3,1
2023HU0236608,2,501,3,1
2023HU0236806,1,222,3,1
2023HU0237366,1,501,1,1
2023HU0237723,1,501,1,1
2023HU0237723,2,501,1,1
2023HU0238887,1,288,3,1
2023HU0238887,2,288,3,1
2023HU0239435,1,501,3,1
2023HU0239435,2,501,3,1
2023HU0239435,3,501,3,1
2023HU0239435,4,501,3,1
2023HU0239499,1,126,3,1
2023HU0239499,2,222,3,1
2023HU0239718,1,164,3,1
2023HU0239718,2,164,3,1
2023HU0240040,1,0,3,1
2023HU0240376,1,501,3,1
2023HU0240376,2,501,3,1
2023HU0240376,3,0,3,1
2023HU0241493,1,501,3,1
2023HU0241497,1,501,1,1
2023HU0241497,2,501,1,1
2023HU0242602,1,35,3,1
2023HU0243356,1,259,3,1
2023HU0243356,2,97,3,1
2023HU0243502,1,37,3,1
2023HU0243502,2,254,3,1
2023HU0243545,1,501,3,1
2023HU0243545,2,501,3,1
2023HU0243725,1,501,1,1
2023HU0243725,2,191,1,1
2023HU0243904,1,501,3,1
2023HU0243904,2,501,3,1
2023HU0243926,1,501,3,1
2023HU0245205,1,501,3,1
2023HU0245205,2,501,3,1
2023HU0245205,3,501,3,1
2023HU0245205,4,501,3,1
2023HU0245205,5,501,3,1
2023HU0246208,1,192,3,1
2023HU0246208,2,501,3,1
2023HU0246662,1,501,1,1
2023HU0247036,1,501,3,1
2023HU0247150,1,501,3,1
2023HU0247833,1,501,1,1
2023HU0247951,1,501,3,1
2023HU0248608,1,501,3,1
2023HU0248608,2,501,3,1
2023HU0248665,1,501,3,1
2023HU0248665,2,501,3,1
2023HU0248665,3,0,3,1
2023HU0248665,4,0,3,1
2023HU0248912,1,74,3,1
2023HU0248912,2,359,3,1
2023HU0248912,3,74,3,1
2023HU0249318,1,501,1,1
2023HU0249318,2,501,1,1
2023HU0249318,3,501,1,1
2023HU0249318,4,501,1,1
2023HU0249966,1,501,2,1
2023HU0251548,1,175,3,1
2023HU0251548,2,175,3,1
2023HU0252320,1,188,3,1
2023HU0252320,2,188,3,1
2023HU0252320,3,188,3,1
2023HU0252320,4,188,3,1
2023HU0252320,5,188,3,1
2023HU0252320,6,188,3,1
2023HU0252337,1,100,2,1
2023HU0252874,1,0,4,1
2023HU0253935,1,229,3,1
2023HU0253935,2,229,3,1
2023HU0255017,1,30,3,1
2023HU0255017,2,30,3,1
2023HU0255809,1,501,2,1
2023HU0255809,2,501,2,1
2023HU0255809,3,501,2,1
2023HU0255809,4,501,2,1
2023HU0255809,5,501,2,1
2023HU0255915,1,501,3,1
2023HU0256567,1,501,3,1
2023HU0256567,2,24,3,1
2023HU0257584,1,501,3,1
2023HU0257819,1,449,3,1
2023HU0257819,2,501,3,1
2023HU0258055,1,177,2,1
2023HU0258106,1,501,3,1
2023HU0258172,1,501,1,1
2023HU0258172,2,501,1,1
2023HU0258172,3,501,1,1
2023HU0258172,4,501,1,1
2023HU0258435,1,501,3,1
2023HU0258588,1,477,3,1
2023HU0259181,1,501,1,1
2023HU0259181,2,501,1,1
2023HU0259181,3,501,1,1
2023HU0259324,1,501,2,1
2023HU0259324,2,501,2,1
2023HU0259384,1,16,3,1
2023HU0260234,1,501,3,1
2023HU0260234,2,262,3,1
2023HU0260741,1,317,3,1
2023HU0260741,2,501,3,1
2023HU0261024,1,501,3,1
2023HU0261024,2,501,3,1
2023HU0261024,3,501,3,1
2023HU0262428,1,501,4,1
2023HU0263007,1,286,3,1
2023HU0263007,2,260,3,1
2023HU0263169,1,501,1,1
2023HU0263169,2,501,1,1
2023HU0263169,3,501,1,1
2023HU0263425,1,490,1,1
2023HU0263425,2,490,1,1
2023HU0263425,3,490,1,1
2023HU0263425,4,490,1,1
2023HU0264407,1,264,3,1
2023HU0264407,2,264,3,1
2023HU0264407,3,264,3,1
2023HU0264478,1,501,3,1
2023HU0264565,1,424,3,1
2023HU0264778,1,477,1,1
2023HU0264778,2,477,1,1
2023HU0264778,3,477,1,1
2023HU0264778,4,477,1,1
2023HU0264778,5,477,1,1
2023HU0264932,1,501,3,1
2023HU0264932,2,501,3,1
2023HU0264932,3,501,3,1
2023HU0264932,4,501,3,1
2023HU0264932,5,501,3,1
2023HU0265261,1,501,3,1
2023HU0265261,2,216,3,1
2023HU0265261,3,216,3,1
2023HU0265261,4,417,3,1
2023HU0265475,1,501,1,1
2023HU0266463,1,501,3,1
2023HU0266463,2,501,3,1
2023HU0267417,1,501,2,1
2023HU0267417,2,359,2,1
2023HU0267879,1,501,3,1
2023HU0268042,1,328,3,1
2023HU0268042,2,257,3,1
2023HU0268392,1,501,1,1
2023HU0268392,2,501,1,1
2023HU0268392,3,501,1,1
2023HU0269323,1,501,3,1
2023HU0269742,1,501,3,1
2023HU0269742,2,501,3,1
2023HU0270179,1,501,3,1
2023HU0270354,1,90,3,1
2023HU0270585,1,501,3,1
2023HU0270585,2,501,3,1
2023HU0270585,3,501,3,1
2023HU0270585,4,501,3,1
2023HU0270808,1,422,3,1
2023HU0270808,2,455,3,1
2023HU0270808,3,32,3,1
2023HU0270808,4,501,3,1
2023HU0270941,1,435,2,1
2023HU0271441,1,285,3,1
2023HU0271441,2,285,3,1
2023HU0271441,3,265,3,1
2023HU0271713,1,501,3,1
2023HU0272058,1,501,1,1
2023HU0272058,2,501,1,1
2023HU0272058,3,501,1,1
2023HU0272437,1,501,1,1
2023HU0272437,2,501,1,1
2023HU0272687,1,478,3,1
2023HU0272687,2,501,3,1
2023HU0272880,1,160,3,1
2023HU0272880,2,160,3,1
2023HU0272880,3,160,3,1
2023HU0272880,4,160,3,1
2023HU0273212,1,501,3,1
2023HU0273212,2,501,3,1
2023HU0273302,1,79,2,1
2023HU0273302,2,79,2,1
2023HU0273718,1,240,3,1
2023HU0273718,2,501,3,1
2023HU0273718,3,0,3,1
2023HU0273718,4,151,3,1
2023HU0273742,1,43,3,1
2023HU0273742,2,43,3,1
2023HU0274272,1,283,3,1
2023HU0274272,2,0,3,1
2023HU0274448,1,501,3,1
2023HU0274462,1,501,1,1
2023HU0274462,2,501,1,1
2023HU0275088,1,501,4,1
2023HU0275088,2,501,4,1
2023HU0277398,1,501,2,1
2023HU0277398,2,501,2,1
2023HU0277398,3,501,2,1
2023HU0277450,1,347,2,1
2023HU0277450,2,347,2,1
2023HU0277450,3,347,2,1
2023HU0277832,1,9,3,1
2023HU0277836,1,501,2,1
2023HU0277836,2,501,2,1
2023HU0277893,1,388,3,1
2023HU0277973,1,501,3,1
2023HU0277973,2,492,3,1
2023HU0277973,3,501,3,1
2023HU0277973,4,492,3,1
2023HU0278166,1,501,3,1
2023HU0278358,1,249,3,1
2023HU0278781,1,45,3,1
2023HU0278781,2,501,3,1
2023HU0279087,1,501,1,1
2023HU0279087,2,501,1,1
2023HU0279231,1,306,1,1
2023HU0279231,2,306,1,1
2023HU0279231,3,306,1,1
2023HU0279231,4,306,1,1
2023HU0279231,5,306,1,1
2023HU0279231,6,306,1,1
2023HU0279231,7,306,1,1
2023HU0279231,8,306,1,1
2023HU0279231,9,306,1,1
2023HU0279231,10,306,1,1
2023HU0279231,11,306,1,1
2023HU0279828,1,501,3,1
2023HU0280381,1,501,1,1
2023HU0280381,2,501,1,1
2023HU0280381,3,501,1,1
2023HU0280381,4,501,1,1
2023HU0280464,1,501,3,1
2023HU0280464,2,501,3,1
2023HU0280789,1,461,4,1
2023HU0281717,1,255,3,1
2023HU0281717,2,255,3,1
2023HU0281717,3,255,3,1
2023HU0282052,1,501,2,1
2023HU0282052,2,154,2,1
2023HU0282104,1,245,2,1
2023HU0282104,2,245,2,1
2023HU0282261,1,446,3,1
2023HU0282261,2,140,3,1
2023HU0282261,3,501,3,1
2023HU0282261,4,446,3,1
2023HU0282343,1,501,3,1
2023HU0282343,2,501,3,1
2023HU0282343,3,501,3,1
2023HU0282991,1,501,3,1
2023HU0282991,2,501,3,1
2023HU0283264,1,501,1,1
2023HU0283264,2,501,1,1
2023HU0283265,1,501,1,1
2023HU0283352,1,268,3,1
2023HU0283524,1,38,1,1
2023HU0283870,1,134,1,1
2023HU0284343,1,501,3,1
2023HU0284343,2,501,3,1
2023HU0284343,3,501,3,1
2023HU0284343,4,501,3,1
2023HU0284630,1,501,1,1
2023HU0284673,1,501,1,1
2023HU0284673,2,501,1,1
2023HU0284703,1,501,3,1
2023HU0284703,2,501,3,1
2023HU0284710,1,501,3,1
2023HU0284710,2,501,3,1
2023HU0284710,3,501,3,1
2023HU0284739,1,2,2,1
2023HU0284842,1,501,3,1
2023HU0285514,1,501,3,1
2023HU0285514,2,501,3,1
2023HU0285514,3,501,3,1
2023HU0286018,1,501,3,1
2023HU0286018,2,501,3,1
2023HU0287494,1,390,3,1
2023HU0287494,2,266,3,1
2023HU0287550,1,424,2,1
2023HU0287550,2,424,2,1
2023HU0288380,1,501,3,1
2023HU0288380,2,455,3,1
2023HU0289904,1,40,3,1
2023HU0289904,2,40,3,1
2023HU0289904,3,40,3,1
2023HU0289904,4,40,3,1
2023HU0289904,5,40,3,1
2023HU0291305,1,501,1,1
2023HU0291305,2,501,1,1
2023HU0291787,1,501,1,1
2023HU0291787,2,501,1,1
2023HU0292351,1,501,1,1
2023HU0292433,1,133,3,1
2023HU0292433,2,133,3,1
2023HU0292433,3,133,3,1
2023HU0292712,1,482,3,1
2023HU0292845,1,128,3,1
2023HU0293078,1,501,1,1
2023HU0293078,2,501,1,1
2023HU0293261,1,32,2,1
2023HU0293261,2,32,2,1
2023HU0293261,3,32,2,1
2023HU0293261,4,32,2,1
2023HU0293261,5,32,2,1
2023HU0293282,1,501,1,1
2023HU0293282,2,501,1,1
2023HU0293282,3,501,1,1
2023HU0293282,4,501,1,1
2023HU0293413,1,501,1,1
2023HU0293413,2,501,1,1
2023HU0293626,1,501,1,1
2023HU0293626,2,501,1,1
2023HU0293626,3,501,1,1
2023HU0293626,4,501,1,1
2023HU0293736,1,501,3,1
2023HU0293841,1,501,3,1
2023HU0294109,1,501,1,1
2023HU0294109,2,501,1,1
2023HU0294300,1,501,3,1
2023HU0294300,2,501,3,1
2023HU0294544,1,501,2,1
2023HU0295106,1,501,2,1
2023HU0295106,2,501,2,1
2023HU0295106,3,501,2,1
2023HU0295106,4,501,2,1
2023HU0295394,1,501,3,1
2023HU0295394,2,501,3,1
2023HU0295609,1,446,1,1
2023HU0295609,2,446,1,1
2023HU0295609,3,446,1,1
2023HU0295609,4,446,1,1
2023HU0295921,1,501,1,1
2023HU0295921,2,501,1,1
2023HU0296205,1,501,3,1
2023HU0296368,1,501,3,1
2023HU0296368,2,501,3,1
2023HU0296368,3,501,3,1
2023HU0296406,1,137,3,1
2023HU0296406,2,137,3,1
2023HU0296730,1,501,2,1
2023HU0296730,2,501,2,1
2023HU0296730,3,501,2,1
2023HU0297250,1,132,3,1
2023HU0297615,1,501,3,1
2023HU0297615,2,501,3,1
2023HU0297615,3,501,3,1
2023HU0297615,4,317,3,1
2023HU0297637,1,405,3,1
2023HU0297637,2,405,3,1
2023HU0297678,1,449,2,1
2023HU0298675,1,501,1,1
2023HU0298675,2,501,1,1
2023HU0298687,1,288,3,1
2023HU0298845,1,459,3,1
2023HU0298845,2,459,3,1
2023HU0299404,1,334,1,1
2023HU0299404,2,501,1,1
2023HU0299404,3,334,1,1
2023HU0299404,4,334,1,1
2023HU0299610,1,222,3,1
2023HU0299610,2,50,3,1
2023HU0299610,3,383,3,1
2023HU0299924,1,456,3,1
2023HU0300267,1,158,3,1
2023HU0300458,1,113,3,1
2023HU0300458,2,113,3,1
2023HU0300458,3,113,3,1
2023HU0300458,4,113,3,1
2023HU0300458,5,68,3,1
2023HU0300532,1,501,3,1
2023HU0300532,2,501,3,1
2023HU0300556,1,269,2,1
2023HU0301154,1,501,1,1
2023HU0301154,2,501,1,1
2023HU0302117,1,501,1,1
2023HU0302117,2,501,1,1
2023HU0302316,1,501,3,1
2023HU0302557,1,501,2,1
2023HU0302639,1,501,3,1
2023HU0302639,2,501,3,1
2023HU0302639,3,501,3,1
2023HU0303650,1,146,3,1
2023HU0303650,2,146,3,1
2023HU0303650,3,146,3,1
2023HU0303650,4,146,3,1
2023HU0304450,1,87,3,1
2023HU0304515,1,308,4,1
2023HU0304515,2,308,4,1
2023HU0305640,1,501,1,1
2023HU0305640,2,501,1,1
2023HU0305640,3,501,1,1
2023HU0305640,4,235,1,1
2023HU0305820,1,501,2,1
2023HU0305820,2,501,2,1
2023HU0306610,1,501,1,1
2023HU0306610,2,501,1,1
2023HU0306633,1,501,3,1
2023HU0306694,1,501,3,1
2023HU0306785,1,501,3,1
2023HU0306785,2,501,3,1
2023HU0307145,1,501,3,1
2023HU0307155,1,501,3,1
2023HU0307379,1,501,2,1
2023HU0307379,2,501,2,1
2023HU0307379,3,501,2,1
2023HU0307398,1,501,3,1
2023HU0307541,1,501,2,1
2023HU0307620,1,501,3,1
2023HU0307735,1,139,3,1
2023HU0307735,2,139,3,1
2023HU0307735,3,501,3,1
2023HU0307735,4,501,3,1
2023HU0307767,1,501,1,1
2023HU0307767,2,501,1,1
2023HU0307828,1,501,3,1
2023HU0307828,2,303,3,1
2023HU0309530,1,501,1,1
2023HU0309530,2,501,1,1
2023HU0309530,3,501,1,1
2023HU0310736,1,100,3,1
2023HU0310736,2,100,3,1
2023HU0310736,3,100,3,1
2023HU0310736,4,100,3,1
2023HU0310736,5,100,3,1
2023HU0310736,6,100,3,1
2023HU0310994,1,501,3,1
2023HU0311497,1,88,1,1
2023HU0311497,2,88,1,1
2023HU0311540,1,501,3,1
2023HU0311540,2,415,3,1
2023HU0312195,1,450,3,1
2023HU0312275,1,501,3,1
2023HU0312275,2,132,3,1
2023HU0313333,1,501,3,1
2023HU0313588,1,153,3,1
2023HU0313618,1,501,3,1
2023HU0313618,2,351,3,1
2023HU0313878,1,406,3,1
2023HU0313878,2,406,3,1
2023HU0313878,3,406,3,1
2023HU0313878,4,406,3,1
2023HU0313906,1,501,1,1
2023HU0314091,1,501,1,1
2023HU0314091,2,501,1,1
2023HU0314159,1,501,2,1
2023HU0314361,1,208,2,1
2023HU0314361,2,208,2,1
2023HU0315008,1,492,3,1
2023HU0315008,2,492,3,1
2023HU0315008,3,492,3,1
2023HU0315008,4,492,3,1
2023HU0315135,1,501,1,1
2023HU0315135,2,501,1,1
2023HU0315349,1,501,1,1
2023HU0315349,2,501,1,1
2023HU0315349,3,501,1,1
2023HU0315729,1,501,3,1
2023HU0315729,2,501,3,1
2023HU0315978,1,501,3,1
2023HU0316206,1,12,1,1
2023HU0316283,1,419,3,1
2023HU0316489,1,501,3,1
2023HU0317480,1,501,1,1
2023HU0317480,2,501,1,1
2023HU0317513,1,501,1,1
2023HU0317513,2,501,1,1
2023HU0317713,1,49,3,1
2023HU0317713,2,49,3,1
2023HU0317852,1,501,2,1
2023HU0317852,2,501,2,1
2023HU0317852,3,501,2,1
2023HU0317852,4,501,2,1
2023HU0317926,1,501,3,1
2023HU0317928,1,58,3,1
2023HU0317928,2,58,3,1
2023HU0317928,3,58,3,1
2023HU0317928,4,58,3,1
2023HU0318730,1,501,1,1
2023HU0318741,1,487,3,1
2023HU0318741,2,42,3,1
2023HU0319479,1,82,2,1
2023HU0319479,2,82,2,1
2023HU0320571,1,501,2,1
2023HU0320571,2,501,2,1
2023HU0320699,1,501,2,1
2023HU0320975,1,0,3,1
2023HU0321215,1,214,2,1
2023HU0321215,2,214,2,1
2023HU0321215,3,214,2,1
2023HU0321215,4,214,2,1
2023HU0321215,5,214,2,1
2023HU0321215,6,214,2,1
2023HU0321215,7,214,2,1
2023HU0321215,8,214,2,1
2023HU0321215,9,323,2,1
2023HU0321717,1,261,3,1
2023HU0321959,1,501,2,1
2023HU0321959,2,501,2,1
2023HU0321959,3,501,2,1
2023HU0322035,1,343,2,1
2023HU0322035,2,343,2,1
2023HU0322035,3,343,2,1
2023HU0322035,4,343,2,1
2023HU0322070,1,501,3,1
2023HU0322070,2,53,3,1
2023HU0322070,3,127,3,1
2023HU0322070,4,127,3,1
2023HU0322129,1,181,2,1
2023HU0322494,1,501,3,1
2023HU0322494,2,501,3,1
2023HU0322494,3,501,3,1
2023HU0322494,4,501,3,1
2023HU0322494,5,501,3,1
2023HU0322599,1,501,2,1
2023HU0322599,2,501,2,1
2023HU0322599,3,501,2,1
2023HU0322599,4,501,2,1
2023HU0322901,1,501,2,1
2023HU0322901,2,501,2,1
2023HU0322901,3,501,2,1
2023HU0322901,4,501,2,1
2023HU0323162,1,501,3,1
2023HU0323162,2,501,3,1
2023HU0323196,1,501,3,1
2023HU0323196,2,501,3,1
2023HU0323402,1,501,2,1
2023HU0323402,2,501,2,1
2023HU0323402,3,501,2,1
2023HU0324112,1,254,3,1
2023HU0324112,2,254,3,1
2023HU0324112,3,254,3,1
2023HU0324112,4,254,3,1
2023HU0324155,1,280,3,1
2023HU0324155,2,280,3,1
2023HU0325663,1,50,3,1
2023HU0325663,2,50,3,1
2023HU0325663,3,50,3,1
2023HU0326385,1,501,3,1
2023HU0326385,2,295,3,1
2023HU0326385,3,501,3,1
2023HU0327114,1,423,1,1
2023HU0327114,2,423,1,1
2023HU0327114,3,423,1,1
2023HU0327153,1,267,3,1
2023HU0327153,2,267,3,1
2023HU0327153,3,267,3,1
2023HU0327153,4,267,3,1
2023HU0327728,1,499,3,1
2023HU0327728,2,499,3,1
2023HU0328401,1,501,1,1
2023HU0328606,1,501,3,1
2023HU0328606,2,501,3,1
2023HU0328606,3,501,3,1
2023HU0328606,4,501,3,1
2023HU0328878,1,176,3,1
2023HU0329576,1,501,3,1
2023HU0329912,1,501,1,1
2023HU0329912,2,501,1,1
2023HU0329912,3,501,1,1
2023HU0329952,1,501,3,1
2023HU0330020,1,69,3,1
2023HU0330342,1,501,3,1
2023HU0330342,2,501,3,1
2023HU0330713,1,112,3,1
2023HU0330713,2,112,3,1
2023HU0330877,1,501,3,1
2023HU0330912,1,501,1,1
2023HU0330930,1,501,3,1
2023HU0331038,1,485,1,1
2023HU0331038,2,485,1,1
2023HU0331038,3,485,1,1
2023HU0331162,1,501,3,1
2023HU0331419,1,501,1,1
2023HU0331419,2,501,1,1
2023HU0331489,1,453,3,1
2023HU0331489,2,501,3,1
2023HU0332368,1,501,2,1
2023HU0332368,2,501,2,1
2023HU0332676,1,319,3,1
2023HU0332676,2,501,3,1
2023HU0332746,1,93,3,1
2023HU0332849,1,486,1,1
2023HU0334483,1,32,3,1
2023HU0334732,1,501,1,1
2023HU0334732,2,501,1,1
2023HU0334732,3,501,1,1
2023HU0334909,1,501,1,1
2023HU0334909,2,501,1,1
2023HU0334909,3,501,1,1
2023HU0334909,4,501,1,1
2023HU0335662,1,501,3,1
2023HU0335662,2,501,3,1
2023HU0336248,1,501,3,1
2023HU0336666,1,444,1,1
2023HU0336666,2,444,1,1
2023HU0336666,3,444,1,1
2023HU0336666,4,444,1,1
2023HU0336666,5,444,1,1
2023HU0336836,1,501,3,1
2023HU0336836,2,501,3,1
2023HU0337565,1,501,1,1
2023HU0337565,2,501,1,1
2023HU0337640,1,501,1,1
2023HU0337640,2,370,1,1
2023HU0337640,3,127,1,1
2023HU0337640,4,319,1,1
2023HU0337640,5,0,1,1
2023HU0337717,1,365,3,1
2023HU0337783,1,370,3,1
2023HU0337783,2,370,3,1
2023HU0337783,3,370,3,1
2023HU0337824,1,214,1,1
2023HU0337992,1,501,3,1
2023HU0337992,2,501,3,1
2023HU0338228,1,501,3,1
2023HU0338228,2,501,3,1
2023HU0339037,1,501,3,1
2023HU0339129,1,501,1,1
2023HU0339129,2,501,1,1
2023HU0339408,1,152,3,1
2023HU0339408,2,190,3,1
2023HU0339408,3,501,3,1
2023HU0339408,4,63,3,1
2023HU0339480,1,501,3,1
2023HU0339480,2,501,3,1
2023HU0339480,3,501,3,1
2023HU0339639,1,501,3,1
2023HU0340453,1,501,3,1
2023HU0340453,2,501,3,1
2023HU0340474,1,501,1,1
2023HU0340474,2,501,1,1
2023HU0341452,1,501,3,1
2023HU0341776,1,501,3,1
2023HU0341776,2,501,3,1
2023HU0342257,1,501,3,1
2023HU0342814,1,501,2,1
2023HU0342814,2,501,2,1
2023HU0343296,1,501,1,1
2023HU0343406,1,501,1,1
2023HU0344089,1,128,1,1
2023HU0344089,2,134,1,1
2023HU0344627,1,501,3,1
2023HU0344752,1,166,3,1
2023HU0344913,1,467,2,1
2023HU0344913,2,467,2,1
2023HU0344913,3,467,2,1
2023HU0344913,4,467,2,1
2023HU0344913,5,467,2,1
2023HU0345040,1,501,1,1
2023HU0345040,2,501,1,1
2023HU0345198,1,501,3,1
2023HU0345678,1,501,1,1
2023HU0345769,1,501,3,1
2023HU0345769,2,501,3,1
2023HU0346293,1,109,3,1
2023HU0346388,1,501,1,1
2023HU0346388,2,501,1,1
2023HU0346510,1,192,1,1
2023HU0346512,1,501,1,1
2023HU0346512,2,501,1,1
2023HU0346512,3,501,1,1
2023HU0346512,4,501,1,1
2023HU0346512,5,501,1,1
2023HU0346525,1,501,1,1
2023HU0346525,2,501,1,1
2023HU0346525,3,501,1,1
2023HU0347280,1,501,1,1
2023HU0347387,1,262,3,1
2023HU0347387,2,501,3,1
2023HU0347638,1,501,3,1
2023HU0348066,1,280,3,1
2023HU0348227,1,359,3,1
2023HU0348227,2,25,3,1
2023HU0348227,3,359,3,1
2023HU0348379,1,501,3,1
2023HU0348755,1,321,3,1
2023HU0348755,2,501,3,1
2023HU0348934,1,317,1,1
2023HU0348934,2,317,1,1
2023HU0349266,1,447,4,1
2023HU0350013,1,501,3,1
2023HU0350013,2,501,3,1
2023HU0350013,3,501,3,1
2023HU0350013,4,32,3,1
2023HU0350358,1,501,2,1
2023HU0350358,2,501,2,1
2023HU0350514,1,501,3,1
2023HU0350514,2,501,3,1
2023HU0350514,3,501,3,1
2023HU0350585,1,311,3,1
2023HU0350585,2,473,3,1
2023HU0350918,1,89,3,1
2023HU0351267,1,501,3,1
2023HU0351510,1,87,3,1
2023HU0352583,1,501,1,1
2023HU0353092,1,501,3,1
2023HU0353092,2,501,3,1
2023HU0353092,3,501,3,1
2023HU0353299,1,317,3,1
2023HU0353311,1,501,1,1
2023HU0353311,2,501,1,1
2023HU0353311,3,501,1,1
2023HU0353346,1,501,1,1
2023HU0353346,2,501,1,1
2023HU0353470,1,501,1,1
2023HU0353470,2,501,1,1
2023HU0353470,3,501,1,1
2023HU0353820,1,391,3,1
2023HU0353820,2,391,3,1
2023HU0353820,3,391,3,1
2023HU0353850,1,89,3,1
2023HU0354511,1,501,3,1
2023HU0354718,1,115,3,1
2023HU0354718,2,115,3,1
2023HU0354718,3,115,3,1
2023HU0354718,4,115,3,1
2023HU0355997,1,34,2,1
2023HU0355997,2,34,2,1
2023HU0355997,3,39,2,1
2023HU0356005,1,501,1,1
2023HU0356005,2,446,1,1
2023HU0356327,1,391,2,1
2023HU0356327,2,391,2,1
2023HU0358575,1,75,4,1
2023HU0359694,1,136,3,1
2023HU0359694,2,238,3,1
2023HU0360364,1,128,3,1
2023HU0360364,2,128,3,1
2023HU0360364,3,128,3,1
2023HU0360364,4,128,3,1
2023HU0360979,1,196,3,1
2023HU0360979,2,196,3,1
2023HU0362259,1,501,1,1
2023HU0362259,2,501,1,1
2023HU0362259,3,501,1,1
2023HU0362259,4,501,1,1
2023HU0362768,1,463,3,1
2023HU0362768,2,463,3,1
2023HU0362768,3,463,3,1
2023HU0362968,1,501,3,1
2023HU0362968,2,323,3,1
2023HU0364443,1,501,1,1
2023HU0364443,2,501,1,1
2023HU0364443,3,501,1,1
2023HU0365975,1,501,3,1
2023HU0365975,2,501,3,1
2023HU0366331,1,501,2,1
2023HU0366331,2,501,2,1
2023HU0366331,3,501,2,1
2023HU0366331,4,501,2,1
2023HU0366487,1,501,1,1
2023HU0366487,2,501,1,1
2023HU0366487,3,501,1,1
2023HU0366487,4,501,1,1
2023HU0366547,1,381,3,1
2023HU0366547,2,159,3,1
2023HU0366547,3,381,3,1
2023HU0366547,4,381,3,1
2023HU0366711,1,211,1,1
2023HU0366711,2,211,1,1
2023HU0366711,3,211,1,1
2023HU0367113,1,384,3,1
2023HU0367113,2,384,3,1
2023HU0367113,3,384,3,1
2023HU0367732,1,415,3,1
2023HU0367882,1,501,2,1
2023HU0367882,2,501,2,1
2023HU0367882,3,501,2,1
2023HU0368514,1,501,3,1
2023HU0368514,2,261,3,1
2023HU0368911,1,501,3,1
2023HU0368911,2,258,3,1
2023HU0368924,1,87,3,1
2023HU0369051,1,501,3,1
2023HU0369051,2,501,3,1
2023HU0369158,1,76,3,1
2023HU0369260,1,501,3,1
2023HU0369260,2,501,3,1
2023HU0371006,1,501,3,1
2023HU0371006,2,501,3,1
2023HU0371316,1,287,1,1
2023HU0371316,2,287,1,1
2023HU0371316,3,287,1,1
2023HU0371316,4,287,1,1
2023HU0371316,5,287,1,1
2023HU0371316,6,287,1,1
2023HU0372224,1,115,3,1
2023HU0372269,1,254,3,1
2023HU0372269,2,384,3,1
2023HU0372341,1,501,2,1
2023HU0372397,1,148,3,1
2023HU0372397,2,148,3,1
2023HU0372397,3,148,3,1
2023HU0372397,4,148,3,1
2023HU0372397,5,148,3,1
2023HU0372586,1,501,3,1
2023HU0372586,2,501,3,1
2023HU0372586,3,501,3,1
2023HU0372677,1,501,3,1
2023HU0372677,2,501,3,1
2023HU0372677,3,501,3,1
2023HU0372677,4,501,3,1
2023HU0372743,1,501,3,1
2023HU0372743,2,501,3,1
2023HU0372794,1,501,2,1
2023HU0372794,2,501,2,1
2023HU0372830,1,501,1,1
2023HU0372830,2,501,1,1
2023HU0372975,1,125,3,1
2023HU0372975,2,125,3,1
2023HU0373510,1,191,3,1
2023HU0373510,2,191,3,1
2023HU0373510,3,191,3,1
2023HU0373510,4,191,3,1
2023HU0373566,1,44,3,1
2023HU0373566,2,501,3,1
2023HU0373566,3,0,3,1
2023HU0374511,1,206,3,1
2023HU0374511,2,374,3,1
2023HU0374511,3,218,3,1
2023HU0375738,1,244,3,1
2023HU0376219,1,477,1,1
2023HU0376219,2,477,1,1
2023HU0376219,3,477,1,1
2023HU0376219,4,477,1,1
2023HU0376620,1,0,4,1
2023HU0376620,2,501,4,1
2023HU0376620,3,501,4,1
2023HU0377283,1,384,3,1
2023HU0377283,2,384,3,1
2023HU0377283,3,384,3,1
2023HU0377871,1,294,3,1
2023HU0377871,2,294,3,1
2023HU0377871,3,294,3,1
2023HU0378493,1,338,2,1
2023HU0378967,1,501,1,1
2023HU0378967,2,501,1,1
2023HU0378967,3,501,1,1
2023HU0378967,4,501,1,1
2023HU0378967,5,501,1,1
2023HU0378967,6,501,1,1
2023HU0379126,1,501,3,1
2023HU0379203,1,14,3,1
2023HU0379940,1,395,1,1
2023HU0380051,1,501,3,1
2023HU0380164,1,489,3,1
2023HU0380164,2,489,3,1
2023HU0380164,3,489,3,1
2023HU0380164,4,489,3,1
2023HU0380757,1,211,2,1
2023HU0381060,1,476,3,1
2023HU0381060,2,476,3,1
2023HU0381060,3,476,3,1
2023HU0381060,4,476,3,1
2023HU0381144,1,501,2,1
2023HU0381144,2,501,2,1
2023HU0381189,1,501,1,1
2023HU0381189,2,501,1,1
2023HU0381713,1,501,3,1
2023HU0381713,2,61,3,1
2023HU0381718,1,501,1,1
2023HU0381718,2,501,1,1
2023HU0381718,3,501,1,1
2023HU0381718,4,501,1,1
2023HU0381792,1,230,2,1
2023HU0381792,2,230,2,1
2023HU0382510,1,44,3,1
2023HU0383359,1,405,3,1
2023HU0383917,1,501,3,1
2023HU0384826,1,26,3,1
2023HU0384826,2,0,3,1
2023HU0384826,3,392,3,1
2023HU0384826,4,294,3,1
2023HU0385755,1,501,1,1
2023HU0385755,2,501,1,1
2023HU0385755,3,501,1,1
2023HU0385755,4,2,1,1
2023HU0385755,5,82,1,1
2023HU0385755,6,,1,1
2023HU0385755,7,,1,1
2023HU0385776,1,78,3,1
2023HU0386344,1,501,3,1
2023HU0386344,2,501,3,1
2023HU0387793,1,309,3,1
2023HU0387793,2,309,3,1
2023HU0387793,3,309,3,1
2023HU0387793,4,309,3,1
2023HU0387793,5,309,3,1
2023HU0387798,1,40,2,1
2023HU0388504,1,501,3,1
2023HU0388718,1,167,3,1
2023HU0388967,1,501,1,1
2023HU0388967,2,501,1,1
2023HU0390043,1,272,2,1
2023HU0390043,2,272,2,1
2023HU0390245,1,268,3,1
2023HU0390245,2,277,3,1
2023HU0390245,3,366,3,1
2023HU0390844,1,501,2,1
2023HU0390844,2,501,2,1
2023HU0390844,3,501,2,1
2023HU0392312,1,501,2,1
2023HU0392312,2,501,2,1
2023HU0392312,3,501,2,1
2023HU0392312,4,501,2,1
2023HU0392331,1,501,2,1
2023HU0392331,2,501,2,1
2023HU0392331,3,501,2,1
2023HU0393311,1,501,2,1
2023HU0393311,2,501,2,1
2023HU0393553,1,501,3,1
2023HU0393553,2,268,3,1
2023HU0393553,3,131,3,1
2023HU0394278,1,501,1,1
2023HU0394278,2,501,1,1
2023HU0394278,3,501,1,1
2023HU0395065,1,501,1,1
2023HU0395065,2,501,1,1
2023HU0395065,3,501,1,1
2023HU0395243,1,323,2,1
2023HU0395981,1,217,3,1
2023HU0396263,1,501,3,1
2023HU0396263,2,501,3,1
2023HU0396935,1,96,3,1
2023HU0397676,1,114,3,1
2023HU0397676,2,114,3,1
2023HU0397676,3,114,3,1
2023HU0397985,1,235,3,1
2023HU0398259,1,501,1,1
2023HU0398259,2,501,1,1
2023HU0398567,1,396,1,1
2023HU0398567,2,396,1,1
2023HU0399554,1,501,4,1
2023HU0399554,2,501,4,1
2023HU0399769,1,501,2,1
2023HU0399916,1,272,2,1
2023HU0399916,2,272,2,1
2023HU0400073,1,372,1,1
2023HU0400073,2,372,1,1
2023HU0400073,3,372,1,1
2023HU0400073,4,372,1,1
2023HU0400073,5,372,1,1
2023HU0402108,1,501,1,1
2023HU0402108,2,501,1,1
2023HU0402382,1,224,3,1
2023HU0402476,1,501,1,1
2023HU0402562,1,501,1,1
2023HU0402562,2,501,1,1
2023HU0402562,3,501,1,1
2023HU0402952,1,13,2,1
2023HU0403026,1,96,3,1
2023HU0403567,1,104,3,1
2023HU0403792,1,501,3,1
2023HU0403835,1,422,3,1
2023HU0403835,2,422,3,1
2023HU0404733,1,64,3,1
2023HU0405651,1,82,1,1
2023HU0405651,2,172,1,1
2023HU0405651,3,381,1,1
2023HU0405822,1,501,3,1
2023HU0406506,1,500,2,1
2023HU0406506,2,500,2,1
2023HU0406506,3,500,2,1
2023HU0406824,1,501,2,1
2023HU0406824,2,501,2,1
2023HU0407721,1,179,3,1
2023HU0407721,2,179,3,1
2023HU0407721,3,179,3,1
2023HU0407962,1,270,3,1
2023HU0408597,1,501,2,1
2023HU0409005,1,355,1,1
2023HU0409151,1,429,2,1
2023HU0409787,1,193,2,1
2023HU0410754,1,58,3,1
2023HU0410946,1,501,3,1
2023HU0410946,2,501,3,1
2023HU0411037,1,501,3,1
2023HU0411037,2,501,3,1
2023HU0411037,3,501,3,1
2023HU0411037,4,501,3,1
2023HU0411037,5,501,3,1
2023HU0412559,1,501,3,1
2023HU0412837,1,501,1,1
2023HU0412837,2,501,1,1
2023HU0415169,1,501,3,1
2023HU0415231,1,501,1,1
2023HU0415231,2,501,1,1
2023HU0415902,1,400,2,1
2023HU0415902,2,400,2,1
2023HU0415902,3,400,2,1
2023HU0415902,4,400,2,1
2023HU0416075,1,501,3,1
2023HU0416518,1,501,3,1
2023HU0416579,1,501,3,1
2023HU0416607,1,501,3,1
2023HU0416735,1,383,3,1
2023HU0417491,1,449,1,1
2023HU0417499,1,501,1,1
2023HU0417499,2,501,1,1
2023HU0417499,3,501,1,1
2023HU0417499,4,501,1,1
2023HU0418368,1,501,1,1
2023HU0418368,2,501,1,1
2023HU0418434,1,0,2,1
2023HU0418434,2,69,2,1
2023HU0418903,1,501,3,1
2023HU0419221,1,415,3,1
2023HU0419221,2,415,3,1
2023HU0419221,3,415,3,1
2023HU0419684,1,60,3,1
2023HU0419684,2,60,3,1
2023HU0419748,1,501,4,1
2023HU0419748,2,0,4,1
2023HU0419748,3,0,4,1
2023HU0419919,1,280,3,1
2023HU0419919,2,386,3,1
2023HU0419919,3,95,3,1
2023HU0419989,1,501,3,1
2023HU0420079,1,65,3,1
2023HU0420079,2,65,3,1
2023HU0420328,1,271,2,1
2023HU0420328,2,251,2,1
2023HU0420328,3,501,2,1
2023HU0420821,1,501,3,1
2023HU0420821,2,501,3,1
2023HU0421201,1,501,3,1
2023HU0421522,1,90,3,1
2023HU0421988,1,271,3,1
2023HU0421988,2,271,3,1
2023HU0421988,3,271,3,1
2023HU0421988,4,271,3,1
2023HU0422335,1,501,3,1
2023HU0423287,1,501,3,1
2023HU0423287,2,260,3,1
2023HU0423398,1,501,1,1
2023HU0423398,2,501,1,1
2023HU0423499,1,501,1,1
2023HU0423570,1,78,3,1
2023HU0423570,2,394,3,1
2023HU0423602,1,501,2,1
2023HU0423602,2,501,2,1
2023HU0423602,3,501,2,1
2023HU0424910,1,501,3,1
2023HU0425123,1,501,3,1
2023HU0425123,2,501,3,1
2023HU0425123,3,501,3,1
2023HU0425123,4,501,3,1
2023HU0425164,1,78,3,1
2023HU0425164,2,78,3,1
2023HU0426156,1,490,3,1
2023HU0426207,1,352,1,1
2023HU0426207,2,352,1,1
2023HU0426207,3,352,1,1
2023HU0426207,4,352,1,1
2023HU0426207,5,352,1,1
2023HU0426333,1,477,3,1
2023HU0426333,2,477,3,1
2023HU0426333,3,477,3,1
2023HU0426725,1,141,3,1
2023HU0426781,1,501,1,1
2023HU0426781,2,501,1,1
2023HU0426781,3,501,1,1
2023HU0426781,4,501,1,1
2023HU0428119,1,142,3,1
2023HU0428119,2,142,3,1
2023HU0428201,1,501,1,1
2023HU0428532,1,501,1,1
2023HU0428532,2,501,1,1
2023HU0428532,3,501,1,1
2023HU0429478,1,501,1,1
2023HU0429647,1,501,3,1
2023HU0430484,1,501,3,1
2023HU0430484,2,501,3,1
2023HU0430602,1,277,3,1
2023HU0430602,2,277,3,1
2023HU0430602,3,277,3,1
2023HU0430602,4,277,3,1
2023HU0430959,1,54,3,1
2023HU0431114,1,501,3,1
2023HU0431114,2,501,3,1
2023HU0431114,3,501,3,1
2023HU0431114,4,501,3,1
2023HU0431226,1,501,3,1
2023HU0431321,1,501,3,1
2023HU0431321,2,501,3,1
2023HU0431897,1,501,3,1
2023HU0431897,2,501,3,1
2023HU0431897,3,390,3,1
2023HU0432009,1,501,1,1
2023HU0432009,2,501,1,1
2023HU0432009,3,501,1,1
2023HU0432096,1,501,2,1
2023HU0432096,2,501,2,1
2023HU0432319,1,501,4,1
2023HU0432319,2,501,4,1
2023HU0432594,1,78,3,1
2023HU0432594,2,78,3,1
2023HU0432594,3,78,3,1
2023HU0432594,4,0,3,1
2023HU0433845,1,83,3,1
2023HU0433845,2,83,3,1
2023HU0433845,3,83,3,1
2023HU0433845,4,83,3,1
2023HU0434045,1,501,3,1
2023HU0434122,1,210,3,1
2023HU0434259,1,501,2,1
2023HU0434259,2,501,2,1
2023HU0434742,1,109,3,1
2023HU0434742,2,109,3,1
2023HU0435842,1,209,1,1
2023HU0436897,1,501,3,1
2023HU0436899,1,501,3,1
2023HU0436899,2,501,3,1
2023HU0436899,3,501,3,1
2023HU0436899,4,394,3,1
2023HU0436990,1,501,2,1
2023HU0437452,1,501,1,1
2023HU0437536,1,501,1,1
2023HU0437536,2,501,1,1
2023HU0437536,3,501,1,1
2023HU0438794,1,501,3,1
2023HU0438794,2,501,3,1
2023HU0438794,3,501,3,1
2023HU0439114,1,431,3,1
2023HU0439114,2,147,3,1
2023HU0439114,3,431,3,1
2023HU0439114,4,431,3,1
2023HU0439114,5,431,3,1
2023HU0439147,1,500,3,1
2023HU0439713,1,121,3,1
2023HU0439852,1,0,1,1
2023HU0439852,2,0,1,1
2023HU0439852,3,0,1,1
2023HU0440164,1,120,3,1
2023HU0440164,2,120,3,1
2023HU0440173,1,206,3,1
2023HU0440891,1,501,1,1
2023HU0441569,1,63,2,1
2023HU0441965,1,198,3,1
2023HU0442002,1,501,1,1
2023HU0442002,2,501,1,1
2023HU0442484,1,501,3,1
2023HU0442484,2,501,3,1
2023HU0442484,3,501,3,1
2023HU0442484,4,501,3,1
2023HU0442584,1,501,2,1
2023HU0442584,2,501,2,1
2023HU0442584,3,501,2,1
2023HU0442584,4,501,2,1
2023HU0442584,5,501,2,1
2023HU0442584,6,98,2,1
2023HU0442749,1,501,3,1
2023HU0442749,2,501,3,1
2023HU0443886,1,501,3,1
2023HU0443886,2,501,3,1
2023HU0444301,1,201,3,1
2023HU0445024,1,501,2,1
2023HU0445024,2,81,2,1
2023HU0445024,3,188,2,1
2023HU0445048,1,501,1,1
2023HU0445048,2,501,1,1
2023HU0445532,1,250,3,1
2023HU0445532,2,250,3,1
2023HU0445532,3,250,3,1
2023HU0447095,1,257,3,1
2023HU0447269,1,501,3,1
2023HU0447269,2,501,3,1
2023HU0447561,1,407,1,1
2023HU0447892,1,501,3,1
2023HU0447892,2,501,3,1
2023HU0448669,1,312,2,1
2023HU0448669,2,312,2,1
2023HU0448669,3,312,2,1
2023HU0448669,4,312,2,1
2023HU0448669,5,312,2,1
2023HU0448731,1,233,3,1
2023HU0448986,1,22,1,1
2023HU0450282,1,102,3,1
2023HU0450282,2,102,3,1
2023HU0450295,1,501,1,1
2023HU0450295,2,501,1,1
2023HU0450295,3,501,1,1
2023HU0450295,4,501,1,1
2023HU0450821,1,501,1,1
2023HU0450821,2,501,1,1
2023HU0451532,1,501,2,1
2023HU0451532,2,501,2,1
2023HU0451532,3,501,2,1
2023HU0452601,1,334,3,1
2023HU0452601,2,501,3,1
2023HU0452621,1,501,2,1
2023HU0452621,2,501,2,1
2023HU0452621,3,501,2,1
2023HU0452792,1,501,3,1
2023HU0453766,1,295,3,1
2023HU0454148,1,501,1,1
2023HU0454148,2,501,1,1
2023HU0454148,3,501,1,1
2023HU0454148,4,501,1,1
2023HU0454547,1,433,1,1
2023HU0454547,2,433,1,1
2023HU0454547,3,433,1,1
2023HU0454610,1,435,3,1
2023HU0454610,2,501,3,1
2023HU0454651,1,501,3,1
2023HU0454651,2,501,3,1
2023HU0454660,1,373,2,1
2023HU0454660,2,373,2,1
2023HU0454682,1,480,2,1
2023HU0454844,1,53,3,1
2023HU0454844,2,53,3,1
2023HU0455223,1,501,1,1
2023HU0455223,2,501,1,1
2023HU0455223,3,501,1,1
2023HU0455223,4,501,1,1
2023HU0455358,1,93,3,1
2023HU0455462,1,501,3,1
2023HU0455462,2,501,3,1
2023HU0455763,1,265,1,1
2023HU0455763,2,265,1,1
2023HU0455763,3,265,1,1
2023HU0455763,4,265,1,1
2023HU0456241,1,126,1,1
2023HU0456241,2,501,1,1
2023HU0456397,1,377,3,1
2023HU0456793,1,289,3,1
2023HU0456924,1,172,1,1
2023HU0456924,2,172,1,1
2023HU0457209,1,501,3,1
2023HU0457209,2,501,3,1
2023HU0457352,1,153,3,1
2023HU0457352,2,153,3,1
2023HU0457385,1,501,1,1
2023HU0457385,2,501,1,1
2023HU0458221,1,501,3,1
2023HU0458376,1,3,4,1
2023HU0458414,1,338,3,1
2023HU0458414,2,338,3,1
2023HU0458850,1,501,2,1
2023HU0458850,2,501,2,1
2023HU0459025,1,501,1,1
2023HU0459025,2,501,1,1
2023HU0459958,1,224,1,1
2023HU0460061,1,170,3,1
2023HU0460061,2,139,3,1
2023HU0460061,3,170,3,1
2023HU0460061,4,170,3,1
2023HU0460841,1,501,1,1
2023HU0460841,2,501,1,1
2023HU0460841,3,501,1,1
2023HU0460841,4,501,1,1
2023HU0461642,1,232,3,1
2023HU0462044,1,381,3,1
2023HU0462377,1,254,3,1
2023HU0462377,2,254,3,1
2023HU0462377,3,254,3,1
2023HU0462377,4,254,3,1
2023HU0463563,1,423,3,1
2023HU0463731,1,77,3,1
2023HU0463731,2,77,3,1
2023HU0463731,3,77,3,1
2023HU0463731,4,77,3,1
2023HU0463878,1,83,3,1
2023HU0463878,2,83,3,1
2023HU0464056,1,501,2,1
2023HU0464056,2,501,2,1
2023HU0464103,1,501,2,1
2023HU0464103,2,501,2,1
2023HU0464103,3,501,2,1
2023HU0464268,1,501,1,1
2023HU0464268,2,501,1,1
2023HU0464268,3,501,1,1
2023HU0464268,4,501,1,1
2023HU0464398,1,501,1,1
2023HU0464398,2,501,1,1
2023HU0464398,3,501,1,1
2023HU0464443,1,29,3,1
2023HU0464999,1,501,1,1
2023HU0464999,2,501,1,1
2023HU0464999,3,501,1,1
2023HU0464999,4,501,1,1
2023HU0464999,5,501,1,1
2023HU0464999,6,501,1,1
2023HU0465150,1,501,1,1
2023HU0465150,2,501,1,1
2023HU0465150,3,501,1,1
2023HU0465150,4,501,1,1
2023HU0465150,5,501,1,1
2023HU0465150,6,501,1,1
2023HU0465150,7,501,1,1
2023HU0465154,1,501,3,1
2023HU0465647,1,501,2,1
2023HU0465647,2,501,2,1
2023HU0465855,1,501,3,1
2023HU0465899,1,501,2,1
2023HU0465940,1,0,3,1
2023HU0465940,2,231,3,1
2023HU0466270,1,501,2,1
2023HU0466270,2,501,2,1
2023HU0466270,3,501,2,1
2023HU0466270,4,501,2,1
2023HU0466270,5,501,2,1
2023HU0466270,6,258,2,1
2023HU0466270,7,225,2,1
2023HU0466270,8,225,2,1
2023HU0466588,1,501,1,1
2023HU0466588,2,501,1,1
2023HU0466588,3,501,1,1
2023HU0466638,1,322,3,1
2023HU0467850,1,477,2,1
2023HU0467850,2,477,2,1
2023HU0467850,3,477,2,1
2023HU0467850,4,477,2,1
2023HU0468086,1,478,3,1
2023HU0468086,2,114,3,1
2023HU0468382,1,501,1,1
2023HU0468382,2,501,1,1
2023HU0468382,3,501,1,1
2023HU0468382,4,501,1,1
2023HU0468382,5,501,1,1
2023HU0468492,1,501,3,1
2023HU0468492,2,501,3,1
2023HU0468503,1,501,2,1
2023HU0468601,1,501,2,1
2023HU0468601,2,501,2,1
2023HU0468601,3,501,2,1
2023HU0468957,1,501,1,1
2023HU0468957,2,501,1,1
2023HU0468979,1,501,3,1
2023HU0469486,1,501,2,1
2023HU0470023,1,501,3,1
2023HU0470150,1,501,3,1
2023HU0470150,2,501,3,1
2023HU0470150,3,501,3,1
2023HU0470320,1,501,1,1
2023HU0470320,2,501,1,1
2023HU0470320,3,501,1,1
2023HU0470320,4,501,1,1
2023HU0470941,1,501,1,1
2023HU0470941,2,501,1,1
2023HU0470999,1,501,3,1
2023HU0470999,2,501,3,1
2023HU0470999,3,501,3,1
2023HU0470999,4,501,3,1
2023HU0471110,1,501,3,1
2023HU0471251,1,501,3,1
2023HU0471251,2,501,3,1
2023HU0471387,1,280,1,1
2023HU0471387,2,280,1,1
2023HU0471387,3,280,1,1
2023HU0471659,1,501,3,1
2023HU0472232,1,501,3,1
2023HU0472232,2,501,3,1
2023HU0472940,1,501,3,1
2023HU0472940,2,501,3,1
2023HU0473089,1,39,3,1
2023HU0473089,2,0,3,1
2023HU0473089,3,501,3,1
2023HU0473089,4,501,3,1
2023HU0473089,5,25,3,1
2023HU0473569,1,501,3,1
2023HU0473569,2,501,3,1
2023HU0473569,3,501,3,1
2023HU0473569,4,501,3,1
2023HU0473569,5,501,3,1
2023HU0473569,6,501,3,1
2023HU0474164,1,351,3,1
2023HU0474609,1,413,2,1
2023HU0474778,1,501,1,1
2023HU0474778,2,501,1,1
2023HU0474778,3,501,1,1
2023HU0475415,1,56,3,1
2023HU0475674,1,501,1,1
2023HU0475911,1,0,3,1
2023HU0476155,1,501,3,1
2023HU0476155,2,501,3,1
2023HU0476196,1,94,3,1
2023HU0476965,1,500,4,1
2023HU0476989,1,0,1,1
2023HU0476989,2,501,1,1
2023HU0477812,1,501,3,1
2023HU0478320,1,153,3,1
2023HU0478320,2,153,3,1
2023HU0479080,1,392,1,1
2023HU0479080,2,13,1,1
2023HU0479571,1,74,3,1
2023HU0479830,1,501,3,1
2023HU0480546,1,456,2,1
2023HU0480905,1,501,3,1
2023HU0480995,1,210,2,1
2023HU0481582,1,501,3,1
2023HU0481582,2,501,3,1
2023HU0482204,1,501,3,1
2023HU0482204,2,501,3,1
2023HU0482204,3,501,3,1
2023HU0482204,4,501,3,1
2023HU0482372,1,215,3,1
2023HU0482823,1,0,3,1
2023HU0482823,2,0,3,1
2023HU0482856,1,501,2,1
2023HU0482856,2,501,2,1
2023HU0482856,3,501,2,1
2023HU0482856,4,280,2,1
2023HU0483149,1,501,2,1
2023HU0483149,2,501,2,1
2023HU0483149,3,501,2,1
2023HU0483149,4,501,2,1
2023HU0484041,1,501,1,1
2023HU0484041,2,501,1,1
2023HU0484041,3,501,1,1
2023HU0484041,4,501,1,1
2023HU0484041,5,,1,1
2023HU0484799,1,138,3,1
2023HU0484799,2,138,3,1
2023HU0485567,1,444,3,1
2023HU0485567,2,501,3,1
2023HU0485722,1,501,1,1
2023HU0485722,2,501,1,1
2023HU0485722,3,501,1,1
2023HU0485946,1,84,3,1
2023HU0486204,1,322,3,1
2023HU0487170,1,501,3,1
2023HU0487170,2,501,3,1
2023HU0487624,1,219,2,1
2023HU0487624,2,219,2,1
2023HU0488061,1,501,1,1
2023HU0488061,2,501,1,1
2023HU0488147,1,501,1,1
2023HU0488590,1,501,3,1
2023HU0488590,2,501,3,1
2023HU0489478,1,501,3,1
2023HU0489478,2,501,3,1
2023HU0490182,1,2,3,1
2023HU0490311,1,142,3,1
2023HU0490311,2,142,3,1
2023HU0490472,1,156,3,1
2023HU0491116,1,65,3,1
2023HU0491466,1,501,1,1
2023HU0491466,2,501,1,1
2023HU0491466,3,501,1,1
2023HU0491466,4,501,1,1
2023HU0492160,1,280,3,1
2023HU0492298,1,88,3,1
2023HU0492298,2,106,3,1
2023HU0492559,1,258,2,1
2023HU0492648,1,501,1,1
2023HU0492648,2,501,1,1
2023HU0492648,3,501,1,1
2023HU0492648,4,501,1,1
2023HU0492648,5,501,1,1
2023HU0493207,1,501,3,1
2023HU0493207,2,501,3,1
2023HU0493293,1,446,3,1
2023HU0493765,1,501,2,1
2023HU0494125,1,0,2,1
2023HU0494125,2,210,2,1
2023HU0494125,3,501,2,1
2023HU0495177,1,501,1,1
2023HU0495913,1,501,3,1
2023HU0495913,2,501,3,1
2023HU0496283,1,501,3,1
2023HU0496283,2,501,3,1
2023HU0496283,3,501,3,1
2023HU0496616,1,501,1,1
2023HU0496616,2,501,1,1
2023HU0496659,1,64,1,1
2023HU0496821,1,413,3,1
2023HU0496857,1,163,3,1
2023HU0496857,2,501,3,1
2023HU0496867,1,501,3,1
2023HU0496867,2,108,3,1
2023HU0497335,1,248,3,1
2023HU0497335,2,248,3,1
2023HU0497335,3,248,3,1
2023HU0497335,4,248,3,1
2023HU0497474,1,501,1,1
2023HU0497474,2,501,1,1
2023HU0497520,1,501,3,1
2023HU0497520,2,501,3,1
2023HU0497642,1,143,3,1
2023HU0497877,1,501,2,1
2023HU0497877,2,501,2,1
2023HU0497877,3,501,2,1
2023HU0497877,4,501,2,1
2023HU0498185,1,100,3,1
2023HU0498471,1,501,2,1
2023HU0498471,2,501,2,1
2023HU0498673,1,31,3,1
2023HU0498820,1,130,3,1
2023HU0498820,2,130,3,1
2023HU0498820,3,130,3,1
2023HU0498884,1,501,1,1
2023HU0498884,2,501,1,1
2023HU0498884,3,501,1,1
2023HU0498884,4,501,1,1
2023HU0498884,5,501,1,1
2023HU0499378,1,429,1,1
2023HU0499378,2,429,1,1
2023HU0499933,1,501,3,1
2023HU0500123,1,501,3,1
2023HU0500597,1,501,3,1
2023HU0500597,2,501,3,1
2023HU0500865,1,501,1,1
2023HU0500865,2,501,1,1
2023HU0500865,3,501,1,1
2023HU0501258,1,459,3,1
2023HU0501258,2,459,3,1
2023HU0501258,3,459,3,1
2023HU0501258,4,501,3,1
2023HU0501648,1,501,2,1
2023HU0502269,1,501,2,1
2023HU0503000,1,501,3,1
2023HU0503000,2,501,3,1
2023HU0503000,3,501,3,1
2023HU0503000,4,501,3,1
2023HU0503077,1,501,1,1
2023HU0503077,2,501,1,1
2023HU0503077,3,501,1,1
2023HU0503171,1,501,3,1
2023HU0503220,1,501,3,1
2023HU0503220,2,9,3,1
2023HU0503305,1,501,2,1
2023HU0503305,2,501,2,1
2023HU0504821,1,297,3,1
2023HU0504821,2,427,3,1
2023HU0504821,3,297,3,1
2023HU0504928,1,501,3,1
2023HU0505298,1,141,2,1
2023HU0505298,2,141,2,1
2023HU0506005,1,304,3,1
2023HU0506005,2,304,3,1
2023HU0506005,3,304,3,1
2023HU0506683,1,501,3,1
2023HU0506969,1,442,2,1
2023HU0506969,2,442,2,1
2023HU0507015,1,501,3,1
2023HU0508684,1,265,3,1
2023HU0508928,1,364,2,1
2023HU0509683,1,112,3,1
2023HU0509683,2,303,3,1
2023HU0509692,1,501,3,1
2023HU0509765,1,501,3,1
2023HU0509941,1,501,3,1
2023HU0510941,1,501,1,1
2023HU0510941,2,501,1,1
2023HU0510941,3,501,1,1
2023HU0510941,4,501,1,1
2023HU0511267,1,501,3,1
2023HU0511267,2,501,3,1
2023HU0511267,3,501,3,1
2023HU0511267,4,501,3,1
2023HU0511267,5,501,3,1
2023HU0511580,1,379,1,1
2023HU0511580,2,379,1,1
2023HU0511580,3,379,1,1
2023HU0511628,1,0,4,1
2023HU0511710,1,274,2,1
2023HU0511779,1,380,4,1
2023HU0511779,2,380,4,1
2023HU0512338,1,0,3,1
2023HU0512338,2,31,3,1
2023HU0512338,3,501,3,1
2023HU0513543,1,501,3,1
2023HU0515089,1,269,3,1
2023HU0515089,2,269,3,1
2023HU0515143,1,501,2,1
2023HU0515143,2,501,2,1
2023HU0516120,1,501,2,1
2023HU0516654,1,501,1,1
2023HU0516654,2,501,1,1
2023HU0516654,3,501,1,1
2023HU0516654,4,501,1,1
2023HU0516698,1,164,1,1
2023HU0516902,1,501,3,1
2023HU0516902,2,501,3,1
2023HU0517210,1,501,2,1
2023HU0517210,2,501,2,1
2023HU0517768,1,501,3,1
2023HU0517768,2,260,3,1
2023HU0517768,3,,3,1
2023HU0517841,1,501,1,1
2023HU0517841,2,501,1,1
2023HU0517841,3,501,1,1
2023HU0517841,4,501,1,1
2023HU0518524,1,135,3,1
2023HU0518524,2,135,3,1
2023HU0518524,3,135,3,1
2023HU0518524,4,135,3,1
2023HU0518925,1,496,3,1
2023HU0519166,1,262,3,1
2023HU0519166,2,197,3,1
2023HU0519169,1,501,1,1
2023HU0519169,2,501,1,1
2023HU0519322,1,501,3,1
2023HU0519322,2,501,3,1
2023HU0519322,3,501,3,1
2023HU0519409,1,381,1,1
2023HU0519428,1,156,3,1
2023HU0519446,1,501,3,1
2023HU0519490,1,42,3,1
2023HU0519490,2,42,3,1
2023HU0520178,1,501,1,1
2023HU0520178,2,501,1,1
2023HU0520178,3,501,1,1
2023HU0520178,4,501,1,1
2023HU0520458,1,81,3,1
2023HU0520458,2,81,3,1
2023HU0520552,1,93,3,1
2023HU0520654,1,147,2,1
2023HU0520654,2,147,2,1
2023HU0521290,1,501,3,1
2023HU0521441,1,319,1,1
2023HU0521441,2,319,1,1
2023HU0521441,3,319,1,1
2023HU0521441,4,319,1,1
2023HU0521441,5,319,1,1
2023HU0521441,6,319,1,1
2023HU0521734,1,171,1,1
2023HU0521734,2,171,1,1
2023HU0522084,1,224,1,1
2023HU0522084,2,224,1,1
2023HU0522218,1,501,3,1
2023HU0522218,2,501,3,1
2023HU0523006,1,501,1,1
2023HU0523006,2,501,1,1
2023HU0523006,3,501,1,1
2023HU0523006,4,501,1,1
2023HU0525060,1,501,1,1
2023HU0525060,2,501,1,1
2023HU0525060,3,501,1,1
2023HU0525165,1,501,1,1
2023HU0525165,2,501,1,1
2023HU0525165,3,501,1,1
2023HU0525165,4,501,1,1
2023HU0525165,5,501,1,1
2023HU0525662,1,501,3,1
2023HU0525662,2,409,3,1
2023HU0525662,3,409,3,1
2023HU0525662,4,46,3,1
2023HU0526660,1,390,2,1
2023HU0526660,2,390,2,1
2023HU0526660,3,390,2,1
2023HU0526814,1,501,1,1
2023HU0526814,2,501,1,1
2023HU0527633,1,501,3,1
2023HU0527633,2,501,3,1
2023HU0527633,3,501,3,1
2023HU0528198,1,501,1,1
2023HU0528198,2,501,1,1
2023HU0528770,1,400,3,1
2023HU0529075,1,281,3,1
2023HU0529075,2,108,3,1
2023HU0529153,1,147,3,1
2023HU0529153,2,86,3,1
2023HU0529869,1,501,1,1
2023HU0529905,1,501,2,1
2023HU0530149,1,197,1,1
2023HU0530149,2,197,1,1
2023HU0530963,1,501,3,1
2023HU0531298,1,8,3,1
2023HU0531298,2,8,3,1
2023HU0531298,3,8,3,1
2023HU0531846,1,327,3,1
2023HU0532170,1,299,3,1
2023HU0532170,2,223,3,1
2023HU0532182,1,219,3,1
2023HU0532182,2,219,3,1
2023HU0532308,1,62,3,1
2023HU0532308,2,0,3,1
2023HU0532308,3,0,3,1
2023HU0532880,1,501,3,1
2023HU0533068,1,118,3,1
2023HU0533068,2,501,3,1
2023HU0533068,3,118,3,1
2023HU0533641,1,501,1,1
2023HU0533641,2,501,1,1
2023HU0533641,3,501,1,1
2023HU0534079,1,474,2,1
2023HU0534079,2,474,2,1
2023HU0534168,1,501,2,1
2023HU0534216,1,487,3,1
2023HU0534216,2,31,3,1
2023HU0534251,1,44,3,1
2023HU0534419,1,308,3,1
2023HU0534725,1,501,3,1
2023HU0534964,1,108,3,1
2023HU0534964,2,108,3,1
2023HU0534999,1,291,2,1
2023HU0534999,2,291,2,1
2023HU0534999,3,291,2,1
2023HU0535285,1,501,2,1
2023HU0535297,1,501,1,1
2023HU0535297,2,501,1,1
2023HU0535297,3,501,1,1
2023HU0535418,1,501,3,1
2023HU0535418,2,501,3,1
2023HU0535418,3,501,3,1
2023HU0535418,4,501,3,1
2023HU0535418,5,501,3,1
2023HU0536047,1,501,1,1
2023HU0536047,2,501,1,1
2023HU0536047,3,501,1,1
2023HU0536047,4,501,1,1
2023HU0536989,1,501,3,1
2023HU0536989,2,501,3,1
2023HU0536989,3,501,3,1
2023HU0537001,1,501,3,1
2023HU0537984,1,81,3,1
2023HU0537984,2,101,3,1
2023HU0538212,1,501,3,1
2023HU0538212,2,483,3,1
2023HU0538250,1,501,3,1
2023HU0538435,1,362,3,1
2023HU0538435,2,501,3,1
2023HU0538753,1,432,1,1
2023HU0538753,2,432,1,1
2023HU0538753,3,432,1,1
2023HU0538753,4,432,1,1
2023HU0538753,5,432,1,1
2023HU0538753,6,432,1,1
2023HU0538924,1,480,1,1
2023HU0538924,2,480,1,1
2023HU0538924,3,480,1,1
2023HU0538924,4,480,1,1
2023HU0539168,1,128,3,1
2023HU0539168,2,128,3,1
2023HU0539168,3,128,3,1
2023HU0539168,4,128,3,1
2023HU0539647,1,457,2,1
2023HU0540019,1,501,2,1
2023HU0540019,2,501,2,1
2023HU0540445,1,501,1,1
2023HU0540445,2,501,1,1
2023HU0540445,3,501,1,1
2023HU0540445,4,501,1,1
2023HU0541220,1,330,3,1
2023HU0541486,1,44,3,1
2023HU0541486,2,238,3,1
2023HU0541777,1,501,3,1
2023HU0541777,2,501,3,1
2023HU0541928,1,186,3,1
2023HU0542142,1,501,3,1
2023HU0542142,2,501,3,1
2023HU0542341,1,0,3,1
2023HU0542380,1,501,2,1
2023HU0542380,2,501,2,1
2023HU0542380,3,501,2,1
2023HU0542380,4,501,2,1
2023HU0542438,1,501,1,1
2023HU0542438,2,501,1,1
2023HU0542438,3,501,1,1
2023HU0542438,4,501,1,1
2023HU0542477,1,421,1,1
2023HU0542477,2,421,1,1
2023HU0542477,3,421,1,1
2023HU0542477,4,421,1,1
2023HU0542595,1,267,3,1
2023HU0542595,2,453,3,1
2023HU0542595,3,0,3,1
2023HU0543243,1,252,1,1
2023HU0543243,2,252,1,1
2023HU0543243,3,252,1,1
2023HU0543243,4,252,1,1
2023HU0543243,5,252,1,1
2023HU0543243,6,252,1,1
2023HU0543493,1,501,3,1
2023HU0543951,1,501,3,1
2023HU0543951,2,501,3,1
2023HU0544321,1,501,3,1
2023HU0544670,1,374,1,1
2023HU0544670,2,374,1,1
2023HU0544721,1,501,3,1
2023HU0544721,2,501,3,1
2023HU0545043,1,178,1,1
2023HU0545043,2,501,1,1
2023HU0545308,1,229,3,1
2023HU0545308,2,65,3,1
2023HU0545308,3,197,3,1
2023HU0545308,4,65,3,1
2023HU0545559,1,501,3,1
2023HU0545676,1,76,3,1
2023HU0545676,2,326,3,1
2023HU0545701,1,427,3,1
2023HU0545821,1,501,3,1
2023HU0545821,2,501,3,1
2023HU0546054,1,501,3,1
2023HU0546054,2,501,3,1
2023HU0546054,3,501,3,1
2023HU0546136,1,63,3,1
2023HU0546165,1,501,1,1
2023HU0546363,1,501,1,1
2023HU0546363,2,501,1,1
2023HU0546658,1,501,3,1
2023HU0546658,2,501,3,1
2023HU0547826,1,501,1,1
2023HU0547826,2,501,1,1
2023HU0547826,3,501,1,1
2023HU0547826,4,501,1,1
2023HU0548186,1,501,2,1
2023HU0548186,2,501,2,1
2023HU0549008,1,231,3,1
2023HU0549008,2,231,3,1
2023HU0549227,1,224,3,1
2023HU0549686,1,316,3,1
2023HU0549922,1,501,3,1
2023HU0549922,2,501,3,1
2023HU0550314,1,501,1,1
2023HU0550314,2,501,1,1
2023HU0550862,1,235,3,1
2023HU0550862,2,235,3,1
2023HU0552206,1,501,4,1
2023HU0552206,2,501,4,1
2023HU0552206,3,501,4,1
2023HU0552340,1,501,3,1
2023HU0552415,1,501,4,1
2023HU0553078,1,169,3,1
2023HU0553078,2,169,3,1
2023HU0553520,1,196,3,1
2023HU0554022,1,451,1,1
2023HU0554068,1,501,3,1
2023HU0554068,2,501,3,1
2023HU0554068,3,501,3,1
2023HU0554734,1,159,3,1
2023HU0554734,2,479,3,1
2023HU0555512,1,111,1,1
2023HU0556247,1,501,2,1
2023HU0556247,2,501,2,1
2023HU0556247,3,501,2,1
2023HU0557083,1,69,3,1
2023HU0557903,1,406,3,1
2023HU0558494,1,501,1,1
2023HU0558494,2,501,1,1
2023HU0558729,1,501,3,1
2023HU0558729,2,501,3,1
2023HU0558729,3,501,3,1
2023HU0558729,4,0,3,1
2023HU0558729,5,0,3,1
2023HU0558885,1,501,3,1
2023HU0559110,1,223,3,1
2023HU0559463,1,501,1,1
2023HU0559463,2,501,1,1
2023HU0559636,1,501,3,1
2023HU0559636,2,501,3,1
2023HU0560912,1,358,1,1
2023HU0560912,2,358,1,1
2023HU0560912,3,358,1,1
2023HU0560912,4,358,1,1
2023HU0560913,1,472,3,1
2023HU0561109,1,446,3,1
2023HU0561109,2,446,3,1
2023HU0561545,1,501,3,1
2023HU0561588,1,501,2,1
2023HU0561588,2,501,2,1
2023HU0562103,1,501,1,1
2023HU0562103,2,501,1,1
2023HU0562103,3,501,1,1
2023HU0562103,4,501,1,1
2023HU0562523,1,501,3,1
2023HU0562523,2,485,3,1
2023HU0562854,1,65,3,1
2023HU0562854,2,65,3,1
2023HU0562854,3,65,3,1
2023HU0563408,1,430,2,1
2023HU0563820,1,501,1,1
2023HU0563820,2,501,1,1
2023HU0563820,3,501,1,1
2023HU0563820,4,501,1,1
2023HU0563895,1,31,3,1
2023HU0563970,1,250,3,1
2023HU0564030,1,501,3,1
2023HU0564030,2,501,3,1
2023HU0564030,3,387,3,1
2023HU0564030,4,322,3,1
2023HU0564560,1,501,3,1
2023HU0564560,2,501,3,1
2023HU0564648,1,501,1,1
2023HU0564648,2,501,1,1
2023HU0565279,1,501,1,1
2023HU0565279,2,501,1,1
2023HU0565640,1,501,1,1
2023HU0565640,2,501,1,1
2023HU0565640,3,501,1,1
2023HU0567003,1,279,3,1
2023HU0567193,1,47,3,1
2023HU0567193,2,47,3,1
2023HU0567418,1,290,3,1
2023HU0568270,1,501,1,1
2023HU0568270,2,501,1,1
2023HU0568270,3,501,1,1
2023HU0568270,4,501,1,1
2023HU0568270,5,501,1,1
2023HU0568750,1,501,3,1
2023HU0568750,2,501,3,1
2023HU0568750,3,501,3,1
2023HU0568788,1,501,3,1
2023HU0569965,1,501,3,1
2023HU0569965,2,418,3,1
2023HU0570384,1,239,3,1
2023HU0570384,2,239,3,1
2023HU0570384,3,239,3,1
2023HU0570384,4,239,3,1
2023HU0570384,5,239,3,1
2023HU0571041,1,96,3,1
2023HU0571459,1,400,3,1
2023HU0572091,1,501,3,1
2023HU0572750,1,331,3,1
2023HU0572750,2,191,3,1
2023HU0572750,3,197,3,1
2023HU0572750,4,501,3,1
2023HU0572750,5,191,3,1
2023HU0572750,6,501,3,1
2023HU0572752,1,501,3,1
2023HU0572849,1,501,3,1
2023HU0572849,2,501,3,1
2023HU0572849,3,501,3,1
2023HU0572849,4,501,3,1
2023HU0573798,1,501,1,1
2023HU0573798,2,501,1,1
2023HU0574503,1,148,2,1
2023HU0574503,2,148,2,1
2023HU0574658,1,501,3,1
2023HU0574724,1,501,3,1
2023HU0574724,2,501,3,1
2023HU0576138,1,6,3,1
2023HU0576138,2,126,3,1
2023HU0576138,3,6,3,1
2023HU0576138,4,6,3,1
2023HU0576217,1,197,1,1
2023HU0576217,2,197,1,1
2023HU0576217,3,197,1,1
2023HU0576217,4,197,1,1
2023HU0576217,5,197,1,1
2023HU0576217,6,197,1,1
2023HU0576218,1,0,3,1
2023HU0576218,2,192,3,1
2023HU0576781,1,501,3,1
2023HU0576913,1,501,3,1
2023HU0576913,2,501,3,1
2023HU0577240,1,140,4,1
2023HU0577282,1,501,3,1
2023HU0577282,2,501,3,1
2023HU0577282,3,501,3,1
2023HU0578052,1,408,3,1
2023HU0578271,1,501,1,1
2023HU0578271,2,501,1,1
2023HU0578804,1,213,3,1
2023HU0579876,1,501,3,1
2023HU0579876,2,445,3,1
2023HU0581334,1,479,1,1
2023HU0581334,2,479,1,1
2023HU0581334,3,479,1,1
2023HU0581334,4,479,1,1
2023HU0581649,1,501,2,1
2023HU0581649,2,501,2,1
2023HU0581649,3,501,2,1
2023HU0582243,1,218,3,1
2023HU0582243,2,218,3,1
2023HU0583590,1,164,3,1
2023HU0583590,2,164,3,1
2023HU0584606,1,120,3,1
2023HU0584606,2,120,3,1
2023HU0585638,1,179,3,1
2023HU0585947,1,501,2,1
2023HU0585947,2,501,2,1
2023HU0585998,1,501,3,1
2023HU0586226,1,501,1,1
2023HU0586231,1,28,3,1
2023HU0586297,1,165,3,1
2023HU0586297,2,165,3,1
2023HU0586297,3,165,3,1
2023HU0586595,1,501,2,1
2023HU0586595,2,501,2,1
2023HU0586595,3,501,2,1
2023HU0586595,4,501,2,1
2023HU0587230,1,501,2,1
2023HU0587230,2,501,2,1
2023HU0587306,1,501,3,1
2023HU0587306,2,501,3,1
2023HU0587743,1,253,3,1
2023HU0588078,1,84,4,1
2023HU0589830,1,100,3,1
2023HU0589830,2,100,3,1
2023HU0589830,3,100,3,1
2023HU0589830,4,100,3,1
2023HU0589830,5,100,3,1
2023HU0590583,1,501,1,1
2023HU0590583,2,501,1,1
2023HU0590583,3,501,1,1
2023HU0591164,1,274,3,1
2023HU0591164,2,274,3,1
2023HU0591164,3,274,3,1
2023HU0591164,4,274,3,1
2023HU0591164,5,274,3,1
2023HU0591164,6,274,3,1
2023HU0591164,7,274,3,1
2023HU0591164,8,274,3,1
2023HU0591164,9,274,3,1
2023HU0591164,10,274,3,1
2023HU0591707,1,501,2,1
2023HU0591813,1,501,1,1
2023HU0591813,2,501,1,1
2023HU0591813,3,501,1,1
2023HU0591813,4,501,1,1
2023HU0592314,1,501,4,1
2023HU0592314,2,501,4,1
2023HU0592314,3,501,4,1
2023HU0592355,1,501,1,1
2023HU0592564,1,317,1,1
2023HU0593934,1,32,3,1
2023HU0596733,1,501,1,1
2023HU0596733,2,501,1,1
2023HU0596733,3,501,1,1
2023HU0596733,4,501,1,1
2023HU0596733,5,501,1,1
2023HU0597817,1,501,2,1
2023HU0597817,2,501,2,1
2023HU0597817,3,501,2,1
2023HU0598646,1,501,1,1
2023HU0598878,1,15,1,1
2023HU0598980,1,501,1,1
2023HU0598980,2,501,1,1
2023HU0598980,3,501,1,1
2023HU0598980,4,501,1,1
2023HU0599182,1,482,3,1
2023HU0599210,1,501,3,1
2023HU0599679,1,501,1,1
2023HU0599679,2,501,1,1
2023HU0599914,1,157,3,1
2023HU0599914,2,243,3,1
2023HU0600041,1,501,3,1
2023HU0600041,2,501,3,1
2023HU0600041,3,501,3,1
2023HU0600041,4,501,3,1
2023HU0600250,1,501,3,1
2023HU0600250,2,501,3,1
2023HU0600250,3,501,3,1
2023HU0600673,1,501,2,1
2023HU0600673,2,501,2,1
2023HU0600673,3,501,2,1
2023HU0601222,1,501,2,1
2023HU0601222,2,501,2,1
2023HU0601222,3,501,2,1
2023HU0601740,1,501,3,1
2023HU0602095,1,501,3,1
2023HU0602292,1,501,3,1
2023HU0602292,2,0,3,1
2023HU0602292,3,501,3,1
2023HU0602292,4,126,3,1
2023HU0602292,5,75,3,1
2023HU0602292,6,436,3,1
2023HU0602731,1,501,3,1
2023HU0602731,2,501,3,1
2023HU0602731,3,501,3,1
2023HU0602949,1,501,3,1
2023HU0603734,1,501,3,1
2023HU0603734,2,501,3,1
2023HU0604047,1,189,1,1
2023HU0604047,2,189,1,1
2023HU0604047,3,189,1,1
2023HU0604433,1,448,3,1
2023HU0604433,2,292,3,1
2023HU0604475,1,501,3,1
2023HU0604475,2,501,3,1
2023HU0604475,3,501,3,1
2023HU0604481,1,315,3,1
2023HU0604481,2,315,3,1
2023HU0604481,3,315,3,1
2023HU0604686,1,501,1,1
2023HU0604686,2,501,1,1
2023HU0604756,1,349,4,1
2023HU0604756,2,349,4,1
2023HU0605061,1,501,3,1
2023HU0605061,2,501,3,1
2023HU0605237,1,501,2,1
2023HU0605237,2,501,2,1
2023HU0605926,1,368,3,1
2023HU0606103,1,204,3,1
2023HU0606272,1,501,3,1
2023HU0606272,2,501,3,1
2023HU0606272,3,501,3,1
2023HU0606272,4,501,3,1
2023HU0606614,1,417,3,1
2023HU0606930,1,501,3,1
2023HU0606930,2,501,3,1
2023HU0607683,1,501,3,1
2023HU0608090,1,501,1,1
2023HU0608090,2,501,1,1
2023HU0608090,3,501,1,1
2023HU0608090,4,501,1,1
2023HU0608090,5,501,1,1
2023HU0608090,6,501,1,1
2023HU0608321,1,105,4,1
2023HU0609596,1,98,3,1
2023HU0609809,1,105,1,1
2023HU0609809,2,105,1,1
2023HU0609970,1,501,1,1
2023HU0609970,2,501,1,1
2023HU0610027,1,501,1,1
2023HU0610027,2,501,1,1
2023HU0610027,3,501,1,1
2023HU0610027,4,501,1,1
2023HU0610208,1,11,3,1
2023HU0610208,2,11,3,1
2023HU0611492,1,501,1,1
2023HU0611492,2,501,1,1
2023HU0611696,1,340,3,1
2023HU0611697,1,421,2,1
2023HU0611697,2,421,2,1
2023HU0611697,3,421,2,1
2023HU0611697,4,421,2,1
2023HU0611697,5,421,2,1
2023HU0611697,6,421,2,1
2023HU0612214,1,501,1,1
2023HU0612214,2,501,1,1
2023HU0612230,1,21,3,1
2023HU0613371,1,501,3,1
2023HU0613562,1,501,3,1
2023HU0613562,2,501,3,1
2023HU0613562,3,501,3,1
2023HU0614227,1,112,1,1
2023HU0614457,1,340,2,1
2023HU0614457,2,340,2,1
2023HU0614923,1,501,3,1
2023HU0615454,1,122,3,1
2023HU0615670,1,83,3,1
2023HU0615670,2,501,3,1
2023HU0615768,1,248,1,1
2023HU0615768,2,248,1,1
2023HU0615768,3,248,1,1
2023HU0615819,1,337,2,1
2023HU0615819,2,337,2,1
2023HU0616777,1,293,1,1
2023HU0616777,2,293,1,1
2023HU0616777,3,293,1,1
2023HU0616777,4,293,1,1
2023HU0616777,5,293,1,1
2023HU0617793,1,13,3,1
2023HU0618391,1,501,1,1
2023HU0618391,2,501,1,1
2023HU0618654,1,501,1,1
2023HU0618654,2,501,1,1
2023HU0618739,1,501,3,1
2023HU0618774,1,332,3,1
2023HU0618774,2,332,3,1
2023HU0618981,1,255,3,1
2023HU0619121,1,501,3,1
2023HU0619121,2,501,3,1
2023HU0619684,1,349,2,1
2023HU0619684,2,349,2,1
2023HU0620016,1,501,1,1
2023HU0620016,2,235,1,1
2023HU0620502,1,501,3,1
2023HU0620502,2,501,3,1
2023HU0621329,1,501,3,1
2023HU0622206,1,0,3,1
2023HU0622206,2,501,3,1
2023HU0622374,1,501,3,1
2023HU0622970,1,93,3,1
2023HU0624391,1,501,2,1
2023HU0624391,2,501,2,1
2023HU0624391,3,501,2,1
2023HU0624391,4,501,2,1
2023HU0624939,1,501,3,1
2023HU0624939,2,501,3,1
2023HU0625058,1,501,3,1
2023HU0625058,2,501,3,1
2023HU0625103,1,477,3,1
2023HU0625742,1,501,2,1
2023HU0625846,1,271,3,1
2023HU0625987,1,501,3,1
2023HU0625987,2,457,3,1
2023HU0626561,1,501,3,1
2023HU0626561,2,501,3,1
2023HU0626561,3,501,3,1
2023HU0626561,4,501,3,1
2023HU0627476,1,495,3,1
2023HU0627532,1,501,3,1
2023HU0627532,2,501,3,1
2023HU0628007,1,252,3,1
2023HU0628175,1,501,3,1
2023HU0628466,1,501,1,1
2023HU0629025,1,501,3,1
2023HU0629025,2,501,3,1
2023HU0629364,1,474,2,1
2023HU0629364,2,474,2,1
2023HU0629364,3,474,2,1
2023HU0629505,1,501,3,1
2023HU0629656,1,501,1,1
2023HU0629877,1,501,2,1
2023HU0629877,2,501,2,1
2023HU0630866,1,501,3,1
2023HU0631087,1,501,1,1
2023HU0631087,2,501,1,1
2023HU0631534,1,501,3,1
2023HU0631534,2,501,3,1
2023HU0631712,1,501,1,1
2023HU0631712,2,501,1,1
2023HU0631712,3,501,1,1
2023HU0632052,1,501,1,1
2023HU0632052,2,501,1,1
2023HU0632538,1,129,3,1
2023HU0633543,1,501,3,1
2023HU0633543,2,501,3,1
2023HU0634446,1,501,1,1
2023HU0634446,2,501,1,1
2023HU0634446,3,501,1,1
2023HU0634446,4,501,1,1
2023HU0634821,1,501,3,1
2023HU0635145,1,449,3,1
2023HU0635145,2,461,3,1
2023HU0635145,3,461,3,1
2023HU0635258,1,501,1,1
2023HU0635258,2,501,1,1
2023HU0635258,3,501,1,1
2023HU0635358,1,501,3,1
2023HU0635358,2,501,3,1
2023HU0636892,1,501,3,1
2023HU0636922,1,333,2,1
2023HU0637225,1,194,3,1
2023HU0637237,1,501,3,1
2023HU0637237,2,501,3,1
2023HU0637478,1,501,3,1
2023HU0638113,1,501,3,1
2023HU0638790,1,501,3,1
2023HU0640234,1,501,1,1
2023HU0640234,2,501,1,1
2023HU0640234,3,501,1,1
2023HU0640366,1,501,3,1
2023HU0640656,1,501,3,1
2023HU0640656,2,501,3,1
2023HU0640887,1,501,1,1
2023HU0640887,2,501,1,1
2023HU0640916,1,501,3,1
2023HU0640916,2,501,3,1
2023HU0640932,1,501,2,1
2023HU0640932,2,501,2,1
2023HU0640932,3,501,2,1
2023HU0641167,1,501,1,1
2023HU0641167,2,501,1,1
2023HU0641167,3,501,1,1
2023HU0641604,1,501,2,1
2023HU0642116,1,501,4,1
2023HU0642689,1,501,2,1
2023HU0642689,2,501,2,1
2023HU0642689,3,501,2,1
2023HU0642689,4,501,2,1
2023HU0642748,1,52,3,1
2023HU0643127,1,145,3,1
2023HU0643127,2,145,3,1
2023HU0643261,1,501,1,1
2023HU0643261,2,501,1,1
2023HU0643475,1,501,3,1
2023HU0643475,2,501,3,1
2023HU0643475,3,501,3,1
2023HU0644019,1,501,3,1
2023HU0644019,2,501,3,1
2023HU0644195,1,501,3,1
2023HU0644195,2,501,3,1
2023HU0644502,1,501,1,1
2023HU0644502,2,501,1,1
2023HU0644502,3,501,1,1
2023HU0644502,4,501,1,1
2023HU0644502,5,501,1,1
2023HU0644502,6,501,1,1
2023HU0644760,1,501,3,1
2023HU0644760,2,501,3,1
2023HU0645080,1,501,1,1
2023HU0645080,2,501,1,1
2023HU0645333,1,204,3,1
2023HU0645333,2,204,3,1
2023HU0645420,1,501,1,1
2023HU0645420,2,501,1,1
2023HU0645420,3,501,1,1
2023HU0645420,4,501,1,1
2023HU0645420,5,501,1,1
2023HU0645498,1,501,2,1
2023HU0645498,2,501,2,1
2023HU0646486,1,501,3,1
2023HU0646486,2,501,3,1
2023HU0646700,1,150,3,1
2023HU0646700,2,94,3,1
2023HU0646841,1,166,1,1
2023HU0646841,2,166,1,1
2023HU0646841,3,166,1,1
2023HU0646841,4,166,1,1
2023HU0647265,1,501,1,1
2023HU0647265,2,501,1,1
2023HU0647265,3,501,1,1
2023HU0647265,4,359,1,1
2023HU0647534,1,501,1,1
2023HU0647534,2,501,1,1
2023HU0647534,3,501,1,1
2023HU0647534,4,501,1,1
2023HU0647534,5,501,1,1
2023HU0647611,1,501,1,1
2023HU0647611,2,501,1,1
2023HU0647702,1,501,3,1
2023HU0647702,2,455,3,1
2023HU0647894,1,501,1,1
2023HU0647894,2,501,1,1
2023HU0649244,1,501,1,1
2023HU0649244,2,501,1,1
2023HU0649244,3,501,1,1
2023HU0649782,1,501,3,1
2023HU0649904,1,501,2,1
2023HU0649904,2,501,2,1
2023HU0649904,3,501,2,1
2023HU0649904,4,501,2,1
2023HU0649904,5,501,2,1
2023HU0649904,6,501,2,1
2023HU0652106,1,501,2,1
2023HU0652143,1,471,1,1
2023HU0652143,2,471,1,1
2023HU0652143,3,471,1,1
2023HU0652279,1,158,1,1
2023HU0652279,2,158,1,1
2023HU0652279,3,158,1,1
2023HU0652279,4,158,1,1
2023HU0652279,5,158,1,1
2023HU0652279,6,158,1,1
2023HU0652279,7,158,1,1
2023HU0652279,8,342,1,1
2023HU0652279,9,48,1,1
2023HU0652528,1,501,3,1
2023HU0652528,2,12,3,1
2023HU0652887,1,501,3,1
2023HU0653000,1,132,3,1
2023HU0653000,2,132,3,1
2023HU0653000,3,132,3,1
2023HU0653000,4,132,3,1
2023HU0653187,1,501,2,1
2023HU0653187,2,501,2,1
2023HU0653187,3,501,2,1
2023HU0653856,1,180,3,1
2023HU0654391,1,501,1,1
2023HU0654391,2,501,1,1
2023HU0654391,3,501,1,1
2023HU0654391,4,501,1,1
2023HU0654703,1,178,3,1
2023HU0655892,1,501,1,1
2023HU0655892,2,501,1,1
2023HU0655892,3,501,1,1
2023HU0655892,4,501,1,1
2023HU0655892,5,501,1,1
2023HU0656536,1,226,2,1
2023HU0656536,2,226,2,1
2023HU0656536,3,226,2,1
2023HU0656536,4,226,2,1
2023HU0656788,1,92,3,1
2023HU0657864,1,501,1,1
2023HU0658272,1,501,3,1
2023HU0658272,2,501,3,1
2023HU0658921,1,501,1,1
2023HU0658921,2,501,1,1
2023HU0659241,1,482,2,1
2023HU0659241,2,482,2,1
2023HU0659241,3,482,2,1
2023HU0659241,4,482,2,1
2023HU0659327,1,501,3,1
2023HU0659327,2,501,3,1
2023HU0659814,1,501,4,1
2023HU0659814,2,383,4,1
2023HU0660635,1,83,3,1
2023HU0660920,1,79,3,1
2023HU0662363,1,501,3,1
2023HU0662363,2,501,3,1
2023HU0662384,1,9,2,1
2023HU0662880,1,501,3,1
2023HU0662880,2,501,3,1
2023HU0663047,1,501,1,1
2023HU0663721,1,113,3,1
2023HU0663721,2,113,3,1
2023HU0664248,1,67,3,1
2023HU0666018,1,501,3,1
2023HU0666143,1,501,1,1
2023HU0666143,2,501,1,1
2023HU0666143,3,501,1,1
2023HU0666143,4,501,1,1
2023HU0666146,1,501,3,1
2023HU0666168,1,501,1,1
2023HU0666168,2,501,1,1
2023HU0666759,1,374,4,1
2023HU0667253,1,501,2,1
2023HU0667396,1,501,3,1
2023HU0667548,1,501,3,1
2023HU0667548,2,501,3,1
2023HU0667805,1,501,3,1
2023HU0668195,1,485,1,1
2023HU0668380,1,490,2,1
2023HU0668659,1,501,1,1
2023HU0668659,2,501,1,1
2023HU0668659,3,501,1,1
2023HU0668659,4,501,1,1
2023HU0668659,5,501,1,1
2023HU0668741,1,501,3,1
2023HU0669611,1,501,3,1
2023HU0669611,2,501,3,1
2023HU0669682,1,501,1,1
2023HU0669682,2,501,1,1
2023HU0670371,1,148,3,1
2023HU0670371,2,148,3,1
2023HU0670418,1,501,3,1
2023HU0670418,2,501,3,1
2023HU0670418,3,501,3,1
2023HU0670613,1,173,1,1
2023HU0670613,2,173,1,1
2023HU0670623,1,243,2,1
2023HU0670623,2,243,2,1
2023HU0670662,1,501,1,1
2023HU0670662,2,501,1,1
2023HU0670662,3,501,1,1
2023HU0670662,4,501,1,1
2023HU0672003,1,501,3,1
2023HU0672003,2,501,3,1
2023HU0672003,3,501,3,1
2023HU0672003,4,501,3,1
2023HU0672003,5,501,3,1
2023HU0672014,1,501,3,1
2023HU0672014,2,501,3,1
2023HU0672014,3,501,3,1
2023HU0672069,1,501,1,1
2023HU0672069,2,501,1,1
2023HU0672069,3,501,1,1
2023HU0673672,1,103,3,1
2023HU0673829,1,501,3,1
2023HU0674107,1,501,3,1
2023HU0674107,2,501,3,1
2023HU0674107,3,501,3,1
2023HU0674107,4,501,3,1
2023HU0674340,1,501,2,1
2023HU0674340,2,501,2,1
2023HU0674340,3,501,2,1
2023HU0674340,4,501,2,1
2023HU0674385,1,501,3,1
2023HU0674727,1,501,1,1
2023HU0674727,2,12,1,1
2023HU0674847,1,501,3,1
2023HU0674999,1,48,2,1
2023HU0675158,1,112,3,1
2023HU0675158,2,112,3,1
2023HU0676057,1,501,3,1
2023HU0676334,1,175,2,1
2023HU0677307,1,501,1,1
2023HU0677307,2,501,1,1
2023HU0678778,1,501,1,1
2023HU0678778,2,501,1,1
2023HU0678778,3,501,1,1
2023HU0678778,4,501,1,1
2023HU0678778,5,127,1,1
2023HU0678778,6,203,1,1
2023HU0678778,7,133,1,1
2023HU0678778,8,95,1,1
2023HU0678778,9,76,1,1
2023HU0678925,1,501,3,1
2023HU0678925,2,501,3,1
2023HU0679061,1,501,3,1
2023HU0679061,2,501,3,1
2023HU0679061,3,501,3,1
2023HU0679679,1,204,2,1
2023HU0679679,2,204,2,1
2023HU0679928,1,501,3,1
2023HU0680044,1,81,2,1
2023HU0680044,2,76,2,1
2023HU0680203,1,263,3,1
2023HU0680203,2,263,3,1
2023HU0680203,3,263,3,1
2023HU0682174,1,229,3,1
2023HU0682174,2,337,3,1
2023HU0682244,1,432,1,1
2023HU0682244,2,432,1,1
2023HU0682468,1,501,1,1
2023HU0682468,2,501,1,1
2023HU0682468,3,501,1,1
2023HU0682622,1,501,3,1
2023HU0682622,2,501,3,1
2023HU0682637,1,501,1,1
2023HU0682637,2,501,1,1
2023HU0683417,1,501,1,1
2023HU0683417,2,501,1,1
2023HU0684526,1,501,1,1
2023HU0685272,1,501,3,1
2023HU0685272,2,501,3,1
2023HU0685272,3,71,3,1
2023HU0685403,1,501,3,1
2023HU0685403,2,501,3,1
2023HU0685514,1,501,1,1
2023HU0685514,2,501,1,1
2023HU0685514,3,501,1,1
2023HU0685514,4,501,1,1
2023HU0685514,5,501,1,1
2023HU0685587,1,256,1,1
2023HU0685587,2,256,1,1
2023HU0685925,1,329,3,1
2023HU0687053,1,501,3,1
2023HU0687072,1,501,1,1
2023HU0687072,2,501,1,1
2023HU0687072,3,501,1,1
2023HU0687487,1,460,1,1
2023HU0687541,1,268,2,1
2023HU0687883,1,501,2,1
2023HU0687883,2,501,2,1
2023HU0688111,1,328,3,1
2023HU0688111,2,328,3,1
2023HU0688156,1,97,1,1
2023HU0688432,1,501,3,1
2023HU0688432,2,501,3,1
2023HU0688923,1,131,1,1
2023HU0689024,1,501,1,1
2023HU0689464,1,501,2,1
2023HU0689464,2,501,2,1
2023HU0689464,3,501,2,1
2023HU0689464,4,501,2,1
2023HU0689464,5,501,2,1
2023HU0689618,1,501,3,1
2023HU0689663,1,446,3,1
2023HU0689663,2,446,3,1
2023HU0690038,1,501,1,1
2023HU0690038,2,501,1,1
2023HU0690038,3,501,1,1
2023HU0690569,1,222,3,1
2023HU0690994,1,501,3,1
2023HU0690994,2,308,3,1
2023HU0690994,3,501,3,1
2023HU0691671,1,501,3,1
2023HU0691671,2,501,3,1
2023HU0691758,1,217,1,1
2023HU0691758,2,217,1,1
2023HU0691758,3,217,1,1
2023HU0691758,4,217,1,1
2023HU0691758,5,217,1,1
2023HU0691762,1,9,3,1
2023HU0691762,2,277,3,1
2023HU0691799,1,501,1,1
2023HU0691799,2,501,1,1
2023HU0692376,1,261,2,1
2023HU0692540,1,225,3,1
2023HU0692698,1,501,1,1
2023HU0692698,2,501,1,1
2023HU0692698,3,501,1,1
2023HU0692793,1,501,3,1
2023HU0692793,2,501,3,1
2023HU0693215,1,501,3,1
2023HU0693402,1,384,3,1
2023HU0693523,1,10,3,1
2023HU0693523,2,426,3,1
2023HU0693882,1,92,3,1
2023HU0694024,1,183,3,1
2023HU0694024,2,183,3,1
2023HU0694033,1,501,3,1
2023HU0694247,1,415,3,1
2023HU0694247,2,501,3,1
2023HU0694247,3,371,3,1
2023HU0694247,4,51,3,1
2023HU0694461,1,501,3,1
2023HU0694461,2,501,3,1
2023HU0694606,1,501,3,1
2023HU0694606,2,501,3,1
2023HU0694982,1,501,3,1
2023HU0695427,1,438,4,1
2023HU0695427,2,438,4,1
2023HU0695427,3,438,4,1
2023HU0695704,1,0,3,1
2023HU0696199,1,501,3,1
2023HU0696199,2,501,3,1
2023HU0696823,1,252,2,1
2023HU0696823,2,252,2,1
2023HU0696823,3,252,2,1
2023HU0696823,4,252,2,1
2023HU0698028,1,501,1,1
2023HU0698028,2,501,1,1
2023HU0698092,1,127,3,1
2023HU0698092,2,127,3,1
2023HU0698092,3,127,3,1
2023HU0698092,4,127,3,1
2023HU0698221,1,67,3,1
2023HU0698221,2,67,3,1
2023HU0698260,1,154,2,1
2023HU0698260,2,154,2,1
2023HU0698960,1,501,1,1
2023HU0698960,2,501,1,1
2023HU0698960,3,501,1,1
2023HU0699323,1,501,1,1
2023HU0699323,2,501,1,1
2023HU0699323,3,501,1,1
2023HU0699323,4,501,1,1
2023HU0699480,1,501,1,1
2023HU0699480,2,501,1,1
2023HU0699666,1,501,2,1
2023HU0700151,1,120,3,1
2023HU0700303,1,501,3,1
2023HU0700303,2,501,3,1
2023HU0700765,1,501,2,1
2023HU0700898,1,501,3,1
2023HU0700898,2,12,3,1
2023HU0702124,1,501,3,1
2023HU0703540,1,233,3,1
2023HU0703540,2,233,3,1
2023HU0703540,3,233,3,1
2023HU0703983,1,501,4,1
2023HU0703983,2,59,4,1
2023HU0703983,3,22,4,1
2023HU0703983,4,2,4,1
2023HU0703983,5,8,4,1
2023HU0703983,6,0,4,1
2023HU0704161,1,501,2,1
2023HU0704161,2,501,2,1
2023HU0704161,3,501,2,1
2023HU0704161,4,501,2,1
2023HU0704656,1,168,2,1
2023HU0704656,2,168,2,1
2023HU0704656,3,168,2,1
2023HU0705321,1,501,1,1
2023HU0705321,2,501,1,1
2023HU0705321,3,501,1,1
2023HU0705327,1,501,3,1
2023HU0705569,1,93,2,1
2023HU0705569,2,93,2,1
2023HU0706819,1,501,1,1
2023HU0707044,1,108,3,1
2023HU0707044,2,108,3,1
2023HU0707163,1,501,4,1
2023HU0707163,2,501,4,1
2023HU0707163,3,501,4,1
2023HU0707245,1,501,1,1
2023HU0707245,2,501,1,1
2023HU0707245,3,501,1,1
2023HU0707245,4,501,1,1
2023HU0707260,1,248,3,1
2023HU0707260,2,248,3,1
2023HU0707260,3,248,3,1
2023HU0707260,4,248,3,1
2023HU0707280,1,501,2,1
2023HU0707589,1,501,2,1
2023HU0707589,2,501,2,1
2023HU0707589,3,501,2,1
2023HU0707985,1,501,1,1
2023HU0707985,2,501,1,1
2023HU0708748,1,501,3,1
2023HU0709056,1,252,4,1
2023HU0710246,1,501,1,1
2023HU0710246,2,501,1,1
2023HU0710246,3,501,1,1
2023HU0710246,4,501,1,1
2023HU0711029,1,83,2,1
2023HU0711500,1,236,2,1
2023HU0711500,2,236,2,1
2023HU0711500,3,104,2,1
2023HU0711500,4,501,2,1
2023HU0711750,1,501,3,1
2023HU0711750,2,501,3,1
2023HU0711750,3,501,3,1
2023HU0711750,4,45,3,1
2023HU0712330,1,98,3,1
2023HU0712330,2,98,3,1
2023HU0712394,1,501,3,1
2023HU0712394,2,501,3,1
2023HU0712463,1,501,1,1
2023HU0712463,2,501,1,1
2023HU0712463,3,501,1,1
2023HU0713209,1,501,3,1
2023HU0713209,2,501,3,1
2023HU0713692,1,0,3,1
2023HU0713692,2,501,3,1
2023HU0713720,1,501,3,1
2023HU0713798,1,326,3,1
2023HU0713798,2,326,3,1
2023HU0713798,3,326,3,1
2023HU0713798,4,326,3,1
2023HU0713798,5,0,3,1
2023HU0713798,6,0,3,1
2023HU0714372,1,433,2,1
2023HU0714372,2,433,2,1
2023HU0714372,3,433,2,1
2023HU0714372,4,433,2,1
2023HU0715305,1,308,2,1
2023HU0715305,2,308,2,1
2023HU0715305,3,308,2,1
2023HU0716023,1,501,3,1
2023HU0716309,1,501,1,1
2023HU0716309,2,501,1,1
2023HU0716309,3,501,1,1
2023HU0716309,4,501,1,1
2023HU0716598,1,501,2,1
2023HU0716598,2,501,2,1
2023HU0716598,3,501,2,1
2023HU0716874,1,201,3,1
2023HU0717000,1,271,3,1
2023HU0717663,1,501,3,1
2023HU0717740,1,501,2,1
2023HU0718343,1,501,2,1
2023HU0718343,2,501,2,1
2023HU0718343,3,501,2,1
2023HU0718343,4,501,2,1
2023HU0718343,5,501,2,1
2023HU0718343,6,501,2,1
2023HU0718520,1,501,3,1
2023HU0718520,2,501,3,1
2023HU0719376,1,422,2,1
2023HU0719376,2,422,2,1
2023HU0719421,1,501,3,1
2023HU0719421,2,501,3,1
2023HU0719725,1,370,3,1
2023HU0719794,1,501,3,1
2023HU0720999,1,477,3,1
2023HU0721266,1,8,3,1
2023HU0722625,1,501,3,1
2023HU0722625,2,501,3,1
2023HU0722625,3,501,3,1
2023HU0722625,4,501,3,1
2023HU0723436,1,501,3,1
2023HU0723436,2,501,3,1
2023HU0723436,3,501,3,1
2023HU0723746,1,140,3,1
2023HU0723746,2,260,3,1
2023HU0723919,1,501,1,1
2023HU0723919,2,501,1,1
2023HU0724079,1,501,2,1
2023HU0724079,2,501,2,1
2023HU0724079,3,501,2,1
2023HU0724079,4,501,2,1
2023HU0724079,5,501,2,1
2023HU0724306,1,501,3,1
2023HU0724463,1,456,2,1
2023HU0724794,1,501,2,1
2023HU0724794,2,501,2,1
2023HU0725161,1,49,2,1
2023HU0725579,1,163,2,1
2023HU0725579,2,163,2,1
2023HU0726460,1,121,3,1
2023HU0727310,1,501,3,1
2023HU0727310,2,501,3,1
2023HU0727310,3,501,3,1
2023HU0727577,1,363,1,1
2023HU0727577,2,363,1,1
2023HU0727725,1,453,1,1
2023HU0727725,2,453,1,1
2023HU0727725,3,453,1,1
2023HU0727725,4,453,1,1
2023HU0727725,5,453,1,1
2023HU0727725,6,453,1,1
2023HU0727725,7,453,1,1
2023HU0727725,8,453,1,1
2023HU0727725,9,453,1,1
2023HU0727725,10,453,1,1
2023HU0727725,11,453,1,1
2023HU0727725,12,453,1,1
2023HU0727725,13,453,1,1
2023HU0728179,1,501,3,1
2023HU0728602,1,501,2,1
2023HU0728829,1,501,1,1
2023HU0728829,2,501,1,1
2023HU0728829,3,501,1,1
2023HU0729001,1,501,1,1
2023HU0729276,1,501,3,1
2023HU0730071,1,501,3,1
2023HU0730071,2,501,3,1
2023HU0730414,1,501,1,1
2023HU0730414,2,501,1,1
2023HU0730414,3,501,1,1
2023HU0730414,4,501,1,1
2023HU0730713,1,501,3,1
2023HU0730897,1,501,3,1
2023HU0730897,2,326,3,1
2023HU0731024,1,418,3,1
2023HU0731045,1,335,3,1
2023HU0731045,2,335,3,1
2023HU0731045,3,335,3,1
2023HU0731045,4,335,3,1
2023HU0732115,1,501,2,1
2023HU0732115,2,501,2,1
2023HU0732922,1,148,3,1
2023HU0732922,2,148,3,1
2023HU0733497,1,444,3,1
2023HU0733880,1,170,3,1
2023HU0734096,1,501,2,1
2023HU0734240,1,467,2,1
2023HU0734629,1,501,1,1
2023HU0734668,1,387,3,1
2023HU0734695,1,501,3,1
2023HU0734695,2,501,3,1
2023HU0735235,1,501,2,1
2023HU0735235,2,131,2,1
2023HU0735305,1,476,4,1
2023HU0735305,2,476,4,1
2023HU0735441,1,444,1,1
2023HU0735699,1,501,1,1
2023HU0736233,1,501,1,1
2023HU0736233,2,501,1,1
2023HU0736233,3,501,1,1
2023HU0736496,1,501,1,1
2023HU0736496,2,501,1,1
2023HU0736559,1,254,2,1
2023HU0739151,1,501,3,1
2023HU0739215,1,45,3,1
2023HU0739219,1,501,3,1
2023HU0739219,2,501,3,1
2023HU0739219,3,501,3,1
2023HU0739972,1,501,3,1
2023HU0740757,1,501,3,1
2023HU0740784,1,501,1,1
2023HU0740784,2,501,1,1
2023HU0740784,3,501,1,1
2023HU0741063,1,469,3,1
2023HU0741063,2,469,3,1
2023HU0741151,1,443,1,1
2023HU0741195,1,118,3,1
2023HU0741195,2,118,3,1
2023HU0741195,3,118,3,1
2023HU0741195,4,118,3,1
2023HU0741276,1,501,3,1
2023HU0741701,1,355,2,1
2023HU0741808,1,501,3,1
2023HU0741808,2,501,3,1
2023HU0742129,1,445,3,1
2023HU0742129,2,384,3,1
2023HU0742273,1,501,2,1
2023HU0742273,2,501,2,1
2023HU0742273,3,501,2,1
2023HU0742273,4,501,2,1
2023HU0742573,1,266,2,1
2023HU0743376,1,501,3,1
2023HU0743376,2,501,3,1
2023HU0743376,3,501,3,1
2023HU0743376,4,501,3,1
2023HU0743393,1,501,1,1
2023HU0743516,1,501,3,1
2023HU0744835,1,501,3,1
2023HU0745054,1,120,3,1
2023HU0745054,2,177,3,1
2023HU0745117,1,475,3,1
2023HU0746811,1,501,3,1
2023HU0746811,2,501,3,1
2023HU0746957,1,501,3,1
2023HU0746957,2,501,3,1
2023HU0747788,1,501,3,1
2023HU0747788,2,501,3,1
2023HU0748208,1,501,1,1
2023HU0749197,1,501,3,1
2023HU0749283,1,501,1,1
2023HU0749283,2,501,1,1
2023HU0749283,3,501,1,1
2023HU0749283,4,501,1,1
2023HU0749283,5,501,1,1
2023HU0749283,6,501,1,1
2023HU0749283,7,455,1,1
2023HU0749452,1,501,3,1
2023HU0749452,2,501,3,1
2023HU0749572,1,8,3,1
2023HU0750394,1,122,1,1
2023HU0750394,2,122,1,1
2023HU0750394,3,122,1,1
2023HU0750394,4,122,1,1
2023HU0751450,1,219,3,1
2023HU0751450,2,219,3,1
2023HU0751450,3,219,3,1
2023HU0751450,4,219,3,1
2023HU0751450,5,219,3,1
2023HU0751852,1,134,1,1
2023HU0751852,2,134,1,1
2023HU0751852,3,134,1,1
2023HU0751852,4,134,1,1
2023HU0751852,5,134,1,1
2023HU0751852,6,134,1,1
2023HU0752110,1,501,3,1
2023HU0752253,1,501,3,1
2023HU0752801,1,501,1,1
2023HU0752801,2,501,1,1
2023HU0752865,1,501,3,1
2023HU0752903,1,501,3,1
2023HU0752903,2,150,3,1
2023HU0752974,1,197,3,1
2023HU0752974,2,197,3,1
2023HU0753104,1,267,3,1
2023HU0753249,1,501,3,1
2023HU0753249,2,501,3,1
2023HU0753249,3,501,3,1
2023HU0753966,1,501,1,1
2023HU0753966,2,501,1,1
2023HU0753966,3,501,1,1
2023HU0753966,4,501,1,1
2023HU0754250,1,501,3,1
2023HU0754250,2,496,3,1
2023HU0754369,1,261,1,1
2023HU0755399,1,501,1,1
2023HU0755610,1,501,3,1
2023HU0755610,2,501,3,1
2023HU0755959,1,501,1,1
2023HU0757321,1,501,3,1
2023HU0758199,1,501,3,1
2023HU0758199,2,501,3,1
2023HU0758543,1,501,2,1
2023HU0758543,2,501,2,1
2023HU0758543,3,501,2,1
2023HU0758543,4,501,2,1
2023HU0759299,1,104,2,1
2023HU0759328,1,501,3,1
2023HU0759503,1,501,4,1
2023HU0759503,2,501,4,1
2023HU0759528,1,356,3,1
2023HU0759528,2,356,3,1
2023HU0759528,3,77,3,1
2023HU0759831,1,501,3,1
2023HU0760392,1,65,3,1
2023HU0760482,1,97,3,1
2023HU0760842,1,357,2,1
2023HU0760842,2,357,2,1
2023HU0760937,1,260,3,1
2023HU0760988,1,501,3,1
2023HU0761357,1,111,3,1
2023HU0761710,1,501,3,1
2023HU0761710,2,384,3,1
2023HU0762184,1,260,1,1
2023HU0762184,2,260,1,1
2023HU0762184,3,260,1,1
2023HU0762578,1,42,3,1
2023HU0763321,1,473,1,1
2023HU0763321,2,473,1,1
2023HU0763321,3,473,1,1
2023HU0763515,1,83,3,1
2023HU0763651,1,236,3,1
2023HU0764399,1,501,3,1
2023HU0764842,1,501,3,1
2023HU0765077,1,501,3,1
2023HU0765121,1,501,3,1
2023HU0765583,1,501,1,1
2023HU0765583,2,501,1,1
2023HU0765699,1,373,2,1
2023HU0765699,2,373,2,1
2023HU0765963,1,501,3,1
2023HU0765963,2,501,3,1
2023HU0766133,1,501,3,1
2023HU0766288,1,35,3,1
2023HU0766288,2,501,3,1
2023HU0766640,1,501,2,1
2023HU0766640,2,501,2,1
2023HU0766716,1,385,1,1
2023HU0766716,2,385,1,1
2023HU0766716,3,385,1,1
2023HU0766759,1,501,3,1
2023HU0766759,2,501,3,1
2023HU0766831,1,501,3,1
2023HU0766831,2,501,3,1
2023HU0766926,1,302,2,1
2023HU0767328,1,501,3,1
2023HU0767328,2,209,3,1
2023HU0767328,3,380,3,1
2023HU0767401,1,501,1,1
2023HU0767593,1,501,3,1
2023HU0767630,1,501,1,1
2023HU0767630,2,501,1,1
2023HU0768880,1,501,1,1
2023HU0768880,2,501,1,1
2023HU0768880,3,501,1,1
2023HU0769440,1,501,3,1
2023HU0769440,2,287,3,1
2023HU0770416,1,501,3,1
2023HU0770416,2,501,3,1
2023HU0770416,3,501,3,1
2023HU0770422,1,501,3,1
2023HU0771289,1,501,3,1
2023HU0771289,2,501,3,1
2023HU0771289,3,501,3,1
2023HU0771289,4,501,3,1
2023HU0771618,1,280,2,1
2023HU0771618,2,280,2,1
2023HU0771618,3,280,2,1
2023HU0772504,1,16,3,1
2023HU0772652,1,501,2,1
2023HU0772652,2,501,2,1
2023HU0772652,3,501,2,1
2023HU0772747,1,302,2,1
2023HU0772747,2,302,2,1
2023HU0772747,3,302,2,1
2023HU0772747,4,302,2,1
2023HU0772747,5,302,2,1
2023HU0773228,1,0,2,1
2023HU0773238,1,63,3,1
2023HU0773238,2,63,3,1
2023HU0773396,1,0,3,1
2023HU0773396,2,0,3,1
2023HU0774344,1,501,1,1
2023HU0774344,2,501,1,1
2023HU0774344,3,501,1,1
2023HU0774577,1,501,1,1
2023HU0774577,2,501,1,1
2023HU0774577,3,501,1,1
2023HU0775562,1,501,2,1
2023HU0775562,2,501,2,1
2023HU0775562,3,501,2,1
2023HU0775562,4,501,2,1
2023HU0776847,1,412,4,1
2023HU0777630,1,501,3,1
2023HU0777630,2,501,3,1
2023HU0777657,1,501,3,1
2023HU0777657,2,501,3,1
2023HU0778025,1,501,3,1
2023HU0778165,1,161,3,1
2023HU0778173,1,466,3,1
2023HU0778643,1,352,3,1
2023HU0778643,2,352,3,1
2023HU0779028,1,427,3,1
2023HU0779028,2,501,3,1
2023HU0779217,1,501,3,1
2023HU0780290,1,501,3,1
2023HU0780522,1,459,3,1
2023HU0780522,2,459,3,1
2023HU0780639,1,501,3,1
2023HU0781386,1,501,3,1
2023HU0781830,1,392,3,1
2023HU0782541,1,501,3,1
2023HU0782541,2,393,3,1
2023HU0783877,1,354,2,1
2023HU0783877,2,354,2,1
2023HU0783877,3,354,2,1
2023HU0784386,1,497,1,1
2023HU0784847,1,416,1,1
2023HU0784847,2,416,1,1
2023HU0785186,1,501,2,1
2023HU0785491,1,501,3,1
2023HU0785491,2,501,3,1
2023HU0786244,1,447,3,1
2023HU0787021,1,501,3,1
2023HU0787021,2,261,3,1
2023HU0787373,1,501,1,1
2023HU0787373,2,501,1,1
2023HU0787442,1,501,3,1
2023HU0787442,2,501,3,1
2023HU0788159,1,248,2,1
2023HU0788159,2,248,2,1
2023HU0788159,3,248,2,1
2023HU0788159,4,248,2,1
2023HU0788159,5,248,2,1
2023HU0788159,6,248,2,1
2023HU0788159,7,248,2,1
2023HU0788159,8,248,2,1
2023HU0788159,9,248,2,1
2023HU0788159,10,248,2,1
2023HU0788159,11,248,2,1
2023HU0788159,12,248,2,1
2023HU0788497,1,501,3,1
2023HU0788497,2,501,3,1
2023HU0788591,1,501,1,1
2023HU0788614,1,501,2,1
2023HU0789215,1,501,1,1
2023HU0789270,1,501,1,1
2023HU0789270,2,501,1,1
2023HU0789379,1,501,3,1
2023HU0789694,1,458,3,1
2023HU0789694,2,458,3,1
2023HU0789694,3,458,3,1
2023HU0789864,1,204,3,1
2023HU0789916,1,151,3,1
2023HU0789916,2,151,3,1
2023HU0789916,3,151,3,1
2023HU0789916,4,151,3,1
2023HU0790434,1,501,3,1
2023HU0790434,2,501,3,1
2023HU0791252,1,501,3,1
2023HU0791314,1,501,2,1
2023HU0791314,2,501,2,1
2023HU0791924,1,87,3,1
2023HU0791924,2,6,3,1
2023HU0792730,1,501,1,1
2023HU0792730,2,501,1,1
2023HU0793197,1,501,1,1
2023HU0793696,1,501,2,1
2023HU0793696,2,501,2,1
2023HU0794013,1,173,3,1
2023HU0794032,1,501,3,1
2023HU0794032,2,501,3,1
2023HU0794074,1,501,1,1
2023HU0794160,1,501,1,1
2023HU0794160,2,501,1,1
2023HU0794422,1,98,1,1
2023HU0794448,1,501,2,1
2023HU0794448,2,501,2,1
2023HU0795178,1,333,3,1
2023HU0795178,2,333,3,1
2023HU0795178,3,333,3,1
2023HU0795387,1,501,3,1
2023HU0795387,2,501,3,1
2023HU0795387,3,501,3,1
2023HU0795387,4,501,3,1
2023HU0795915,1,501,3,1
2023HU0796034,1,501,1,1
2023HU0796106,1,501,3,1
2023HU0796106,2,501,3,1
2023HU0796243,1,501,3,1
2023HU0796701,1,463,3,1
2023HU0797426,1,501,1,1
2023HU0797426,2,501,1,1
2023HU0797499,1,501,1,1
2023HU0797499,2,501,1,1
2023HU0797499,3,501,1,1
2023HU0797499,4,501,1,1
2023HU0797550,1,501,3,1
2023HU0797550,2,501,3,1
2023HU0797550,3,501,3,1
2023HU0797550,4,501,3,1
2023HU0797550,5,501,3,1
2023HU0797608,1,501,2,1
2023HU0797677,1,242,3,1
2023HU0797677,2,242,3,1
2023HU0797755,1,410,4,1
2023HU0797755,2,410,4,1
2023HU0798255,1,501,3,1
2023HU0798255,2,501,3,1
2023HU0798255,3,496,3,1
2023HU0798255,4,501,3,1
2023HU0798255,5,501,3,1
2023HU0798756,1,501,1,1
2023HU0798756,2,501,1,1
2023HU0799580,1,501,3,1
2023HU0799580,2,501,3,1
2023HU0799744,1,501,2,1
2023HU0799744,2,501,2,1
2023HU0799838,1,501,3,1
2023HU0799838,2,501,3,1
2023HU0800323,1,501,2,1
2023HU0800323,2,501,2,1
2023HU0800323,3,501,2,1
2023HU0800624,1,186,3,1
2023HU0801569,1,501,1,1
2023HU0801569,2,501,1,1
2023HU0801569,3,501,1,1
2023HU0801691,1,501,3,1
2023HU0801691,2,501,3,1
2023HU0801809,1,501,3,1
2023HU0801809,2,501,3,1
2023HU0801828,1,200,1,1
2023HU0803142,1,501,1,1
2023HU0803184,1,501,3,1
2023HU0803272,1,223,1,1
2023HU0803496,1,39,3,1
2023HU0803533,1,501,3,1
2023HU0803687,1,501,3,1
2023HU0803687,2,501,3,1
2023HU0803687,3,501,3,1
2023HU0804151,1,501,3,1
2023HU0804151,2,501,3,1
2023HU0804384,1,501,3,1
2023HU0804384,2,382,3,1
2023HU0804669,1,501,1,1
2023HU0804669,2,501,1,1
2023HU0804754,1,501,3,1
2023HU0804754,2,501,3,1
2023HU0804993,1,121,3,1
2023HU0806337,1,501,1,1
2023HU0806337,2,501,1,1
2023HU0806337,3,501,1,1
2023HU0806337,4,501,1,1
2023HU0806352,1,464,3,1
2023HU0806352,2,501,3,1
2023HU0806355,1,145,3,1
2023HU0806355,2,145,3,1
2023HU0807582,1,370,3,1
2023HU0807582,2,370,3,1
2023HU0807606,1,208,3,1
2023HU0807663,1,501,1,1
2023HU0807771,1,501,3,1
2023HU0808067,1,501,3,1
2023HU0808067,2,501,3,1
2023HU0808338,1,387,3,1
2023HU0808338,2,387,3,1
2023HU0808338,3,387,3,1
2023HU0809051,1,501,1,1
2023HU0809051,2,501,1,1
2023HU0809950,1,327,1,1
2023HU0809950,2,327,1,1
2023HU0810391,1,501,3,1
2023HU0810391,2,501,3,1
2023HU0810391,3,501,3,1
2023HU0810615,1,501,2,1
2023HU0810615,2,501,2,1
2023HU0810615,3,501,2,1
2023HU0811143,1,501,3,1
2023HU0811639,1,326,2,1
2023HU0811639,2,326,2,1
2023HU0812041,1,316,3,1
2023HU0813207,1,501,1,1
2023HU0813207,2,501,1,1
2023HU0813207,3,501,1,1
2023HU0813980,1,483,3,1
2023HU0813980,2,266,3,1
2023HU0814612,1,501,3,1
2023HU0814612,2,501,3,1
2023HU0814816,1,148,3,1
2023HU0814816,2,148,3,1
2023HU0814816,3,148,3,1
2023HU0814869,1,444,3,1
2023HU0815733,1,64,1,1
2023HU0815733,2,64,1,1
2023HU0815795,1,0,3,1
2023HU0815795,2,0,3,1
2023HU0816664,1,360,2,1
2023HU0816851,1,501,2,1
2023HU0816851,2,501,2,1
2023HU0816851,3,501,2,1
2023HU0816902,1,501,1,1
2023HU0816902,2,501,1,1
2023HU0817152,1,501,3,1
2023HU0817331,1,248,1,1
2023HU0817331,2,248,1,1
2023HU0817331,3,248,1,1
2023HU0817333,1,136,3,1
2023HU0817348,1,17,3,1
2023HU0817781,1,501,3,1
2023HU0817781,2,501,3,1
2023HU0817781,3,501,3,1
2023HU0818129,1,46,3,1
2023HU0818129,2,46,3,1
2023HU0818129,3,46,3,1
2023HU0818129,4,46,3,1
2023HU0818129,5,46,3,1
2023HU0818298,1,501,1,1
2023HU0818515,1,0,3,1
2023HU0818515,2,0,3,1
2023HU0818742,1,210,2,1
2023HU0818742,2,210,2,1
2023HU0818742,3,210,2,1
2023HU0818742,4,210,2,1
2023HU0818742,5,210,2,1
2023HU0818742,6,210,2,1
2023HU0818769,1,49,3,1
2023HU0818769,2,49,3,1
2023HU0819310,1,225,3,1
2023HU0819310,2,225,3,1
2023HU0819346,1,96,3,1
2023HU0819400,1,501,1,1
2023HU0819400,2,501,1,1
2023HU0819400,3,501,1,1
2023HU0819553,1,501,2,1
2023HU0819553,2,501,2,1
2023HU0819706,1,287,1,1
2023HU0819957,1,501,1,1
2023HU0819957,2,501,1,1
2023HU0819957,3,501,1,1
2023HU0820049,1,501,1,1
2023HU0820049,2,501,1,1
2023HU0820049,3,501,1,1
2023HU0820049,4,501,1,1
2023HU0820241,1,501,3,1
2023HU0821105,1,501,3,1
2023HU0821105,2,501,3,1
2023HU0821540,1,501,1,1
2023HU0821540,2,255,1,1
2023HU0821540,3,501,1,1
2023HU0821790,1,501,3,1
2023HU0822915,1,325,3,1
2023HU0822915,2,501,3,1
2023HU0822915,3,501,3,1
2023HU0822915,4,227,3,1
2023HU0824382,1,501,3,1
2023HU0824382,2,501,3,1
2023HU0824382,3,501,3,1
2023HU0824736,1,55,3,1
2023HU0824736,2,180,3,1
2023HU0824964,1,501,2,1
2023HU0824964,2,501,2,1
2023HU0824964,3,501,2,1
2023HU0824964,4,501,2,1
2023HU0824964,5,501,2,1
2023HU0824964,6,501,2,1
2023HU0825220,1,501,3,1
2023HU0825266,1,501,1,1
2023HU0825266,2,501,1,1
2023HU0826282,1,501,3,1
2023HU0826285,1,501,1,1
2023HU0826285,2,501,1,1
2023HU0826285,3,501,1,1
2023HU0826288,1,124,2,1
2023HU0826689,1,161,3,1
2023HU0826689,2,161,3,1
2023HU0826689,3,161,3,1
2023HU0827679,1,343,3,1
2023HU0828017,1,389,2,1
2023HU0828017,2,389,2,1
2023HU0828017,3,389,2,1
2023HU0828271,1,501,3,1
2023HU0828271,2,501,3,1
2023HU0828271,3,501,3,1
2023HU0828409,1,501,2,1
2023HU0828409,2,501,2,1
2023HU0828409,3,501,2,1
2023HU0828477,1,501,1,1
2023HU0828647,1,501,3,1
2023HU0828647,2,501,3,1
2023HU0828769,1,501,1,1
2023HU0828769,2,501,1,1
2023HU0828769,3,501,1,1
2023HU0828975,1,501,3,1
2023HU0828975,2,501,3,1
2023HU0828975,3,422,3,1
2023HU0828975,4,0,3,1
2023HU0829010,1,501,3,1
2023HU0829010,2,501,3,1
2023HU0829710,1,501,1,1
2023HU0829710,2,501,1,1
2023HU0829710,3,501,1,1
2023HU0829710,4,501,1,1
2023HU0830857,1,234,3,1
2023HU0830857,2,234,3,1
2023HU0830857,3,234,3,1
2023HU0830857,4,234,3,1
2023HU0830920,1,38,3,1
2023HU0830920,2,38,3,1
2023HU0830920,3,38,3,1
2023HU0830920,4,38,3,1
2023HU0830920,5,38,3,1
2023HU0830920,6,38,3,1
2023HU0831058,1,501,3,1
2023HU0831136,1,501,1,1
2023HU0831217,1,501,1,1
2023HU0831217,2,501,1,1
2023HU0831217,3,501,1,1
2023HU0831310,1,501,3,1
2023HU0831310,2,501,3,1
2023HU0831310,3,501,3,1
2023HU0831310,4,501,3,1
2023HU0831422,1,265,3,1
2023HU0831422,2,265,3,1
2023HU0831576,1,501,1,1
2023HU0832364,1,432,1,1
2023HU0832364,2,432,1,1
2023HU0832364,3,432,1,1
2023HU0832529,1,501,1,1
2023HU0832529,2,501,1,1
2023HU0832529,3,501,1,1
2023HU0832529,4,501,1,1
2023HU0832955,1,364,3,1
2023HU0833699,1,501,2,1
2023HU0833699,2,501,2,1
2023HU0833699,3,501,2,1
2023HU0833699,4,501,2,1
2023HU0834737,1,501,3,1
2023HU0835159,1,49,2,1
2023HU0835159,2,49,2,1
2023HU0835703,1,162,2,1
2023HU0835829,1,501,1,1
2023HU0835829,2,501,1,1
2023HU0835829,3,501,1,1
2023HU0835829,4,501,1,1
2023HU0835829,5,501,1,1
2023HU0835829,6,501,1,1
2023HU0835829,7,315,1,1
2023HU0835987,1,501,3,1
2023HU0835987,2,501,3,1
2023HU0836002,1,247,3,1
2023HU0836227,1,501,3,1
2023HU0836227,2,501,3,1
2023HU0836448,1,367,2,1
2023HU0836719,1,501,1,1
2023HU0837254,1,501,1,1
2023HU0837254,2,501,1,1
2023HU0837254,3,501,1,1
2023HU0837254,4,501,1,1
2023HU0837258,1,501,4,1
2023HU0837258,2,501,4,1
2023HU0837258,3,446,4,1
2023HU0837455,1,501,2,1
2023HU0837455,2,501,2,1
2023HU0837593,1,501,2,1
2023HU0837866,1,141,3,1
2023HU0837866,2,141,3,1
2023HU0839048,1,501,3,1
2023HU0839048,2,501,3,1
2023HU0839417,1,501,1,1
2023HU0839417,2,501,1,1
2023HU0839417,3,501,1,1
2023HU0839417,4,501,1,1
2023HU0839417,5,501,1,1
2023HU0840759,1,209,1,1
2023HU0840759,2,209,1,1
2023HU0840759,3,209,1,1
2023HU0840759,4,209,1,1
2023HU0840759,5,209,1,1
2023HU0840759,6,209,1,1
2023HU0840815,1,494,2,1
2023HU0840894,1,501,2,1
2023HU0840894,2,501,2,1
2023HU0841364,1,501,3,1
2023HU0841364,2,501,3,1
2023HU0841364,3,501,3,1
2023HU0841364,4,501,3,1
2023HU0841364,5,501,3,1
2023HU0841364,6,10,3,1
2023HU0841593,1,501,3,1
2023HU0841593,2,501,3,1
2023HU0841593,3,501,3,1
2023HU0841752,1,137,4,1
2023HU0841808,1,269,3,1
2023HU0842738,1,501,3,1
2023HU0842738,2,501,3,1
2023HU0843977,1,501,3,1
2023HU0843977,2,501,3,1
2023HU0844565,1,199,2,1
2023HU0844565,2,199,2,1
2023HU0844565,3,199,2,1
2023HU0844888,1,441,1,1
2023HU0844888,2,441,1,1
2023HU0845261,1,357,3,1
2023HU0845862,1,501,1,1
2023HU0845862,2,501,1,1
2023HU0846937,1,501,3,1
2023HU0846937,2,75,3,1
2023HU0846953,1,415,1,1
2023HU0846953,2,415,1,1
2023HU0846953,3,415,1,1
2023HU0847013,1,38,3,1
2023HU0847039,1,501,1,1
2023HU0847039,2,501,1,1
2023HU0847183,1,501,2,1
2023HU0847275,1,501,1,1
2023HU0847275,2,501,1,1
2023HU0848297,1,492,3,1
2023HU0848297,2,295,3,1
2023HU0848359,1,501,3,1
2023HU0848545,1,311,3,1
2023HU0848581,1,393,1,1
2023HU0848581,2,393,1,1
2023HU0848898,1,396,1,1
2023HU0850154,1,262,3,1
2023HU0850154,2,262,3,1
2023HU0850154,3,262,3,1
2023HU0850154,4,262,3,1
2023HU0850154,5,39,3,1
2023HU0850451,1,501,3,1
2023HU0850451,2,501,3,1
2023HU0850722,1,501,2,1
2023HU0850722,2,501,2,1
2023HU0850722,3,501,2,1
2023HU0851037,1,501,3,1
2023HU0851109,1,501,3,1
2023HU0851600,1,501,2,1
2023HU0851600,2,501,2,1
2023HU0851600,3,501,2,1
2023HU0851908,1,501,3,1
2023HU0852039,1,501,3,1
2023HU0852399,1,206,3,1
2023HU0852399,2,206,3,1
2023HU0852399,3,206,3,1
2023HU0852399,4,206,3,1
2023HU0854401,1,333,2,1
2023HU0854825,1,107,3,1
2023HU0855022,1,438,3,1
2023HU0855022,2,438,3,1
2023HU0855605,1,501,2,1
2023HU0855605,2,501,2,1
2023HU0855605,3,501,2,1
2023HU0855605,4,501,2,1
2023HU0855605,5,501,2,1
2023HU0855605,6,501,2,1
2023HU0855605,7,501,2,1
2023HU0855605,8,501,2,1
2023HU0855756,1,501,1,1
2023HU0855756,2,501,1,1
2023HU0855756,3,501,1,1
2023HU0855756,4,501,1,1
2023HU0856119,1,501,3,1
2023HU0856722,1,501,2,1
2023HU0856722,2,501,2,1
2023HU0857846,1,501,3,1
2023HU0858170,1,501,3,1
2023HU0858170,2,501,3,1
2023HU0858170,3,501,3,1
2023HU0858724,1,501,3,1
2023HU0858724,2,459,3,1
2023HU0858787,1,157,4,1
2023HU0859235,1,92,3,1
2023HU0859692,1,501,3,1
2023HU0860050,1,501,2,1
2023HU0860050,2,501,2,1
2023HU0860050,3,501,2,1
2023HU0860264,1,501,3,1
2023HU0861124,1,501,3,1
2023HU0861134,1,501,2,1
2023HU0861134,2,501,2,1
2023HU0861187,1,319,3,1
2023HU0862144,1,501,3,1
2023HU0862144,2,501,3,1
2023HU0862144,3,501,3,1
2023HU0862909,1,320,3,1
2023HU0863098,1,131,3,1
2023HU0863098,2,131,3,1
2023HU0863098,3,131,3,1
2023HU0863124,1,116,4,1
2023HU0863285,1,501,1,1
2023HU0863722,1,3,3,1
2023HU0864260,1,218,1,1
2023HU0864260,2,76,1,1
2023HU0864310,1,482,1,1
2023HU0864368,1,501,1,1
2023HU0864368,2,501,1,1
2023HU0864368,3,501,1,1
2023HU0864755,1,501,2,1
2023HU0864755,2,501,2,1
2023HU0864755,3,501,2,1
2023HU0864755,4,501,2,1
2023HU0864784,1,501,1,1
2023HU0865074,1,501,1,1
2023HU0865074,2,501,1,1
2023HU0865074,3,501,1,1
2023HU0865074,4,501,1,1
2023HU0865074,5,501,1,1
2023HU0865131,1,382,3,1
2023HU0865246,1,99,3,1
2023HU0866619,1,501,3,1
2023HU0866885,1,501,2,1
2023HU0867060,1,501,3,1
2023HU0867060,2,501,3,1
2023HU0867060,3,501,3,1
2023HU0867060,4,501,3,1
2023HU0867527,1,455,2,1
2023HU0867582,1,501,3,1
2023HU0868005,1,137,3,1
2023HU0868005,2,137,3,1
2023HU0868272,1,4,3,1
2023HU0868855,1,6,3,1
2023HU0869352,1,441,3,1
2023HU0869352,2,441,3,1
2023HU0869632,1,76,3,1
2023HU0870077,1,193,3,1
2023HU0870077,2,193,3,1
2023HU0870883,1,501,3,1
2023HU0872251,1,96,3,1
2023HU0872750,1,501,3,1
2023HU0872936,1,452,2,1
2023HU0873268,1,66,3,1
2023HU0873268,2,501,3,1
2023HU0873508,1,14,3,1
2023HU0873508,2,14,3,1
2023HU0873536,1,501,2,1
2023HU0873536,2,501,2,1
2023HU0874537,1,501,1,1
2023HU0874537,2,501,1,1
2023HU0874537,3,501,1,1
2023HU0874680,1,501,3,1
2023HU0874811,1,501,1,1
2023HU0874811,2,501,1,1
2023HU0874811,3,501,1,1
2023HU0874811,4,501,1,1
2023HU0874935,1,501,2,1
2023HU0874935,2,501,2,1
2023HU0875081,1,457,2,1
2023HU0875412,1,501,1,1
2023HU0875412,2,501,1,1
2023HU0875819,1,501,1,1
2023HU0876249,1,501,3,1
2023HU0876249,2,501,3,1
2023HU0876618,1,250,2,1
2023HU0876618,2,250,2,1
2023HU0877011,1,501,3,1
2023HU0877011,2,501,3,1
2023HU0877511,1,501,2,1
2023HU0877829,1,6,4,1
2023HU0878021,1,501,1,1
2023HU0878021,2,501,1,1
2023HU0878112,1,501,1,1
2023HU0878220,1,501,2,1
2023HU0878629,1,501,3,1
2023HU0878629,2,501,3,1
2023HU0878689,1,83,3,1
2023HU0879263,1,64,1,1
2023HU0879547,1,501,3,1
2023HU0879547,2,501,3,1
2023HU0880667,1,200,4,1
2023HU0880904,1,501,1,1
2023HU0880904,2,501,1,1
2023HU0880904,3,501,1,1
2023HU0880904,4,501,1,1
2023HU0880954,1,501,3,1
2023HU0881128,1,501,1,1
2023HU0881203,1,501,3,1
2023HU0881324,1,501,3,1
2023HU0881431,1,501,1,1
2023HU0881431,2,501,1,1
2023HU0881431,3,501,1,1
2023HU0881431,4,501,1,1
2023HU0881431,5,501,1,1
2023HU0881431,6,0,1,1
2023HU0881629,1,459,1,1
2023HU0882367,1,501,1,1
2023HU0882367,2,501,1,1
2023HU0882825,1,431,3,1
2023HU0882871,1,501,1,1
2023HU0882871,2,501,1,1
2023HU0883370,1,501,1,1
2023HU0883370,2,501,1,1
2023HU0884112,1,501,1,1
2023HU0884112,2,501,1,1
2023HU0884730,1,380,3,1
2023HU0884730,2,241,3,1
2023HU0885441,1,501,3,1
2023HU0885441,2,501,3,1
2023HU0885586,1,0,2,1
2023HU0885656,1,181,1,1
2023HU0885656,2,181,1,1
2023HU0885656,3,181,1,1
2023HU0885656,4,181,1,1
2023HU0885656,5,181,1,1
2023HU0885656,6,181,1,1
2023HU0885827,1,25,3,1
2023HU0886121,1,501,3,1
2023HU0886121,2,501,3,1
2023HU0886127,1,501,1,1
2023HU0886127,2,501,1,1
2023HU0886829,1,501,3,1
2023HU0886829,2,501,3,1
2023HU0887355,1,411,1,1
2023HU0887355,2,411,1,1
2023HU0887355,3,411,1,1
2023HU0887390,1,174,3,1
2023HU0887390,2,174,3,1
2023HU0887390,3,174,3,1
2023HU0887390,4,174,3,1
2023HU0887390,5,174,3,1
2023HU0887840,1,501,2,1
2023HU0887840,2,501,2,1
2023HU0888405,1,501,3,1
2023HU0888442,1,501,1,1
2023HU0888669,1,501,1,1
2023HU0888669,2,501,1,1
2023HU0889194,1,193,1,1
2023HU0889194,2,193,1,1
2023HU0889194,3,501,1,1
2023HU0889222,1,501,3,1
2023HU0889477,1,11,3,1
2023HU0889477,2,0,3,1
2023HU0889561,1,100,1,1
2023HU0889649,1,171,2,1
2023HU0889655,1,501,1,1
2023HU0889655,2,501,1,1
2023HU0889655,3,501,1,1
2023HU0890296,1,23,3,1
2023HU0890654,1,501,1,1
2023HU0890654,2,501,1,1
2023HU0890654,3,501,1,1
2023HU0891050,1,501,3,1
2023HU0891050,2,501,3,1
2023HU0891083,1,501,2,1
2023HU0891083,2,501,2,1
2023HU0891083,3,501,2,1
2023HU0891532,1,501,3,1
2023HU0891532,2,501,3,1
2023HU0891781,1,501,3,1
2023HU0891940,1,501,1,1
2023HU0893342,1,46,3,1
2023HU0893430,1,501,1,1
2023HU0893430,2,501,1,1
2023HU0893430,3,501,1,1
2023HU0893649,1,259,3,1
2023HU0894861,1,501,1,1
2023HU0894861,2,501,1,1
2023HU0894861,3,501,1,1
2023HU0894946,1,501,1,1
2023HU0894946,2,501,1,1
2023HU0894946,3,326,1,1
2023HU0894972,1,392,3,1
2023HU0895633,1,501,1,1
2023HU0895633,2,501,1,1
2023HU0896041,1,378,3,1
2023HU0896854,1,258,3,1
2023HU0896854,2,258,3,1
2023HU0897137,1,87,3,1
2023HU0897225,1,215,3,1
2023HU0897225,2,362,3,1
2023HU0897542,1,350,3,1
2023HU0898034,1,501,3,1
2023HU0898034,2,501,3,1
2023HU0898353,1,501,1,1
2023HU0898353,2,501,1,1
2023HU0899928,1,64,3,1
2023HU0900457,1,501,3,1
2023HU0900457,2,501,3,1
2023HU0900590,1,501,3,1
2023HU0900842,1,296,1,1
2023HU0900842,2,280,1,1
2023HU0901270,1,501,3,1
2023HU0901270,2,501,3,1
2023HU0903043,1,501,3,1
2023HU0903043,2,501,3,1
2023HU0904435,1,501,3,1
2023HU0904435,2,501,3,1
2023HU0904435,3,501,3,1
2023HU0904435,4,501,3,1
2023HU0904529,1,428,3,1
2023HU0904529,2,428,3,1
2023HU0904529,3,428,3,1
2023HU0904529,4,424,3,1
2023HU0904529,5,366,3,1
2023HU0905416,1,131,1,1
2023HU0905416,2,131,1,1
2023HU0905435,1,501,1,1
2023HU0905435,2,501,1,1
2023HU0905435,3,501,1,1
2023HU0905515,1,501,3,1
2023HU0905515,2,501,3,1
2023HU0905515,3,501,3,1
2023HU0905515,4,501,3,1
2023HU0905568,1,501,3,1
2023HU0905568,2,501,3,1
2023HU0905568,3,501,3,1
2023HU0905810,1,114,3,1
2023HU0906539,1,501,3,1
2023HU0906539,2,390,3,1
2023HU0906603,1,501,2,1
2023HU0906603,2,501,2,1
2023HU0906962,1,77,3,1
2023HU0906962,2,501,3,1
2023HU0907088,1,501,3,1
2023HU0907088,2,501,3,1
2023HU0907907,1,501,3,1
2023HU0907907,2,11,3,1
2023HU0907937,1,501,3,1
2023HU0908263,1,304,3,1
2023HU0908263,2,304,3,1
2023HU0908263,3,304,3,1
2023HU0908589,1,501,3,1
2023HU0908635,1,344,3,1
2023HU0908761,1,501,1,1
2023HU0908761,2,501,1,1
2023HU0909145,1,501,2,1
2023HU0909145,2,501,2,1
2023HU0909145,3,501,2,1
2023HU0909151,1,501,3,1
2023HU0909151,2,501,3,1
2023HU0909305,1,501,3,1
2023HU0909305,2,501,3,1
2023HU0909513,1,63,3,1
2023HU0909513,2,379,3,1
2023HU0909970,1,501,2,1
2023HU0910066,1,501,1,1
2023HU0910066,2,501,1,1
2023HU0910319,1,501,2,1
2023HU0910993,1,457,3,1
2023HU0911350,1,179,3,1
2023HU0911365,1,501,3,1
2023HU0911423,1,132,3,1
2023HU0911423,2,132,3,1
2023HU0911423,3,132,3,1
2023HU0911633,1,501,1,1
2023HU0911830,1,501,3,1
2023HU0911830,2,501,3,1
2023HU0912372,1,501,2,1
2023HU0912372,2,501,2,1
2023HU0912453,1,123,3,1
2023HU0912491,1,501,3,1
2023HU0912491,2,501,3,1
2023HU0912825,1,475,3,1
2023HU0912962,1,501,3,1
2023HU0913428,1,501,3,1
2023HU0913891,1,501,1,1
2023HU0913891,2,501,1,1
2023HU0914398,1,254,3,1
2023HU0914638,1,501,3,1
2023HU0914921,1,501,1,1
2023HU0914921,2,501,1,1
2023HU0914921,3,501,1,1
2023HU0914921,4,501,1,1
2023HU0914921,5,501,1,1
2023HU0914921,6,501,1,1
2023HU0914921,7,501,1,1
2023HU0914921,8,0,1,1
2023HU0915352,1,501,2,1
2023HU0915352,2,501,2,1
2023HU0915352,3,501,2,1
2023HU0915665,1,501,3,1
2023HU0915676,1,501,2,1
2023HU0915676,2,501,2,1
2023HU0915850,1,179,3,1
2023HU0915850,2,179,3,1
2023HU0915850,3,179,3,1
2023HU0915850,4,179,3,1
2023HU0915850,5,179,3,1
2023HU0915850,6,179,3,1
2023HU0916696,1,501,1,1
2023HU0916696,2,501,1,1
2023HU0916803,1,501,3,1
2023HU0916803,2,501,3,1
2023HU0916803,3,501,3,1
2023HU0917353,1,328,3,1
2023HU0917591,1,501,3,1
2023HU0917591,2,501,3,1
2023HU0917591,3,501,3,1
2023HU0917591,4,501,3,1
2023HU0917640,1,501,1,1
2023HU0917640,2,501,1,1
2023HU0917640,3,501,1,1
2023HU0917640,4,501,1,1
2023HU0917655,1,501,3,1
2023HU0917655,2,501,3,1
2023HU0917655,3,108,3,1
2023HU0917655,4,324,3,1
2023HU0917846,1,501,3,1
2023HU0917846,2,501,3,1
2023HU0917891,1,501,1,1
2023HU0917891,2,501,1,1
2023HU0917964,1,98,1,1
2023HU0917964,2,133,1,1
2023HU0918060,1,66,4,1
2023HU0918387,1,501,1,1
2023HU0918387,2,501,1,1
2023HU0918506,1,501,3,1
2023HU0918506,2,501,3,1
2023HU0919120,1,501,3,1
2023HU0920202,1,501,1,1
2023HU0920202,2,501,1,1
2023HU0920328,1,501,1,1
2023HU0920328,2,501,1,1
2023HU0920328,3,501,1,1
2023HU0920328,4,501,1,1
2023HU0920835,1,501,1,1
2023HU0921038,1,501,3,1
2023HU0921038,2,501,3,1
2023HU0921340,1,501,3,1
2023HU0921559,1,501,4,1
2023HU0921559,2,501,4,1
2023HU0921953,1,335,3,1
2023HU0921953,2,335,3,1
2023HU0921953,3,335,3,1
2023HU0922001,1,501,1,1
2023HU0922001,2,501,1,1
2023HU0922001,3,501,1,1
2023HU0922001,4,501,1,1
2023HU0922068,1,501,3,1
2023HU0922468,1,1,3,1
2023HU0922838,1,333,1,1
2023HU0922838,2,333,1,1
2023HU0922838,3,333,1,1
2023HU0922838,4,333,1,1
2023HU0922854,1,501,1,1
2023HU0922854,2,501,1,1
2023HU0923334,1,501,1,1
2023HU0923334,2,501,1,1
2023HU0924031,1,213,2,1
2023HU0924031,2,213,2,1
2023HU0924031,3,213,2,1
2023HU0924031,4,213,2,1
2023HU0924031,5,213,2,1
2023HU0924031,6,144,2,1
2023HU0924518,1,501,2,1
2023HU0924518,2,501,2,1
2023HU0924805,1,501,2,1
2023HU0924805,2,501,2,1
2023HU0924805,3,501,2,1
2023HU0925201,1,501,2,1
2023HU0925201,2,501,2,1
2023HU0925201,3,501,2,1
2023HU0925201,4,501,2,1
2023HU0926199,1,501,1,1
2023HU0926500,1,501,1,1
2023HU0927008,1,501,3,1
2023HU0927008,2,501,3,1
2023HU0927008,3,501,3,1
2023HU0927008,4,501,3,1
2023HU0927027,1,325,2,1
2023HU0927027,2,325,2,1
2023HU0928145,1,140,3,1
2023HU0928145,2,140,3,1
2023HU0929621,1,31,3,1
2023HU0929621,2,78,3,1
2023HU0930079,1,501,3,1
2023HU0930079,2,501,3,1
2023HU0930431,1,501,2,1
2023HU0930591,1,260,3,1
2023HU0930648,1,44,2,1
2023HU0930648,2,44,2,1
2023HU0930751,1,501,1,1
2023HU0930751,2,501,1,1
2023HU0930751,3,501,1,1
2023HU0930751,4,501,1,1
2023HU0930751,5,501,1,1
2023HU0931346,1,501,3,1
2023HU0931346,2,501,3,1
2023HU0932032,1,264,1,1
2023HU0932032,2,264,1,1
2023HU0932876,1,501,1,1
2023HU0932878,1,31,3,1
2023HU0932878,2,0,3,1
2023HU0932885,1,88,3,1
2023HU0933433,1,117,3,1
2023HU0933433,2,501,3,1
2023HU0933627,1,102,2,1
2023HU0933627,2,102,2,1
2023HU0933865,1,501,1,1
2023HU0933865,2,501,1,1
2023HU0935237,1,192,1,1
2023HU0935617,1,501,1,1
2023HU0935617,2,501,1,1
2023HU0935617,3,501,1,1
2023HU0935617,4,501,1,1
2023HU0935876,1,501,1,1
2023HU0936457,1,501,3,1
2023HU0936607,1,501,3,1
2023HU0936607,2,501,3,1
2023HU0936607,3,501,3,1
2023HU0936886,1,501,3,1
2023HU0936886,2,501,3,1
2023HU0937055,1,501,3,1
2023HU0937055,2,501,3,1
2023HU0937285,1,501,1,1
2023HU0937285,2,501,1,1
2023HU0937285,3,501,1,1
2023HU0937285,4,501,1,1
2023HU0938270,1,501,1,1
2023HU0938270,2,501,1,1
2023HU0938308,1,501,1,1
2023HU0938308,2,501,1,1
2023HU0938308,3,501,1,1
2023HU0938310,1,146,3,1
2023HU0938310,2,146,3,1
2023HU0938310,3,146,3,1
2023HU0938310,4,146,3,1
2023HU0938963,1,501,3,1
2023HU0938963,2,501,3,1
2023HU0939779,1,501,2,1
2023HU0939779,2,501,2,1
2023HU0941006,1,501,1,1
2023HU0941006,2,501,1,1
2023HU0941217,1,211,2,1
2023HU0941217,2,211,2,1
2023HU0941217,3,177,2,1
2023HU0941323,1,127,3,1
2023HU0941323,2,127,3,1
2023HU0941596,1,501,3,1
2023HU0941596,2,501,3,1
2023HU0942157,1,501,3,1
2023HU0942157,2,501,3,1
2023HU0942262,1,501,1,1
2023HU0942275,1,174,3,1
2023HU0942912,1,501,3,1
2023HU0943018,1,501,2,1
2023HU0944227,1,90,3,1
2023HU0944264,1,163,4,1
2023HU0944264,2,163,4,1
2023HU0944707,1,248,3,1
2023HU0944707,2,248,3,1
2023HU0944707,3,248,3,1
2023HU0944707,4,248,3,1
2023HU0944735,1,501,3,1
2023HU0945336,1,501,1,1
2023HU0945336,2,501,1,1
2023HU0945451,1,501,3,1
2023HU0945728,1,85,3,1
2023HU0945740,1,501,3,1
2023HU0945740,2,501,3,1
2023HU0946206,1,260,4,1
2023HU0946206,2,260,4,1
2023HU0946206,3,72,4,1
2023HU0946206,4,0,4,1
2023HU0946206,5,39,4,1
2023HU0947696,1,501,2,1
2023HU0947696,2,501,2,1
2023HU0947927,1,195,3,1
2023HU0947927,2,125,3,1
2023HU0949996,1,83,3,1
2023HU0950435,1,501,3,1
2023HU0951157,1,501,1,1
2023HU0951157,2,501,1,1
2023HU0951157,3,501,1,1
2023HU0952469,1,61,2,1
2023HU0952532,1,501,1,1
2023HU0952532,2,501,1,1
2023HU0952532,3,501,1,1
2023HU0952532,4,501,1,1
2023HU0952862,1,501,1,1
2023HU0952862,2,501,1,1
2023HU0952862,3,501,1,1
2023HU0953054,1,501,3,1
2023HU0953054,2,501,3,1
2023HU0953054,3,377,3,1
2023HU0953192,1,501,1,1
2023HU0953192,2,218,1,1
2023HU0953939,1,71,3,1
2023HU0953939,2,71,3,1
2023HU0953939,3,71,3,1
2023HU0953939,4,71,3,1
2023HU0954128,1,501,1,1
2023HU0954128,2,501,1,1
2023HU0954271,1,501,3,1
2023HU0954526,1,66,1,1
2023HU0954654,1,501,1,1
2023HU0954654,2,501,1,1
2023HU0954654,3,501,1,1
2023HU0954995,1,501,1,1
2023HU0955602,1,501,1,1
2023HU0955602,2,501,1,1
2023HU0956007,1,501,1,1
2023HU0956007,2,501,1,1
2023HU0956007,3,501,1,1
2023HU0956046,1,492,1,1
2023HU0956046,2,74,1,1
2023HU0956805,1,343,1,1
2023HU0956805,2,343,1,1
2023HU0956805,3,343,1,1
2023HU0956805,4,343,1,1
2023HU0957090,1,331,3,1
2023HU0957090,2,131,3,1
2023HU0957767,1,501,3,1
2023HU0957767,2,501,3,1
2023HU0958158,1,501,2,1
2023HU0958158,2,501,2,1
2023HU0958271,1,501,3,1
2023HU0958271,2,501,3,1
2023HU0958271,3,501,3,1
2023HU0958329,1,501,1,1
2023HU0958329,2,501,1,1
2023HU0958329,3,501,1,1
2023HU0958329,4,501,1,1
2023HU0958480,1,501,3,1
2023HU0958480,2,501,3,1
2023HU0959297,1,501,3,1
2023HU0959316,1,501,1,1
2023HU0959397,1,156,3,1
2023HU0959588,1,445,2,1
2023HU0959588,2,445,2,1
2023HU0960084,1,501,3,1
2023HU0960168,1,501,1,1
2023HU0960168,2,501,1,1
2023HU0960168,3,501,1,1
2023HU0960168,4,501,1,1
2023HU0960168,5,501,1,1
2023HU0960339,1,501,1,1
2023HU0960339,2,501,1,1
2023HU0960339,3,501,1,1
2023HU0960339,4,501,1,1
2023HU0961524,1,284,2,1
2023HU0961524,2,284,2,1
2023HU0961524,3,284,2,1
2023HU0961702,1,501,3,1
2023HU0961899,1,413,2,1
2023HU0961899,2,413,2,1
2023HU0961899,3,413,2,1
2023HU0961949,1,221,3,1
2023HU0961949,2,221,3,1
2023HU0961949,3,221,3,1
2023HU0961949,4,221,3,1
2023HU0962399,1,119,3,1
2023HU0962399,2,119,3,1
2023HU0962867,1,501,2,1
2023HU0962867,2,501,2,1
2023HU0962867,3,501,2,1
2023HU0962867,4,501,2,1
2023HU0962867,5,501,2,1
2023HU0963420,1,501,1,1
2023HU0963420,2,501,1,1
2023HU0963420,3,501,1,1
2023HU0963420,4,501,1,1
2023HU0963713,1,129,3,1
2023HU0964228,1,8,3,1
2023HU0964255,1,431,3,1
2023HU0964255,2,501,3,1
2023HU0964255,3,501,3,1
2023HU0964307,1,87,2,1
2023HU0964902,1,451,1,1
2023HU0964910,1,501,1,1
2023HU0966780,1,7,3,1
2023HU0967750,1,501,1,1
2023HU0967750,2,501,1,1
2023HU0967750,3,501,1,1
2023HU0968058,1,314,1,1
2023HU0968058,2,314,1,1
2023HU0968058,3,314,1,1
2023HU0968058,4,314,1,1
2023HU0968356,1,501,1,1
2023HU0968356,2,501,1,1
2023HU0968356,3,501,1,1
2023HU0968356,4,501,1,1
2023HU0968386,1,0,3,1
2023HU0968386,2,69,3,1
2023HU0968886,1,446,3,1
2023HU0969319,1,281,1,1
2023HU0969319,2,281,1,1
2023HU0969319,3,281,1,1
2023HU0969319,4,281,1,1
2023HU0969319,5,248,1,1
2023HU0969319,6,228,1,1
2023HU0969319,7,117,1,1
2023HU0969319,8,0,1,1
2023HU0969622,1,437,1,1
2023HU0969622,2,437,1,1
2023HU0969622,3,437,1,1
2023HU0970033,1,501,3,1
2023HU0970078,1,501,3,1
2023HU0970209,1,501,2,1
2023HU0970209,2,501,2,1
2023HU0970432,1,501,1,1
2023HU0970432,2,501,1,1
2023HU0970432,3,501,1,1
2023HU0970432,4,501,1,1
2023HU0970613,1,501,3,1
2023HU0970627,1,501,3,1
2023HU0970647,1,501,3,1
2023HU0970647,2,501,3,1
2023HU0970647,3,227,3,1
2023HU0970884,1,60,3,1
2023HU0970884,2,501,3,1
2023HU0971474,1,168,3,1
2023HU0971474,2,168,3,1
2023HU0971965,1,501,1,1
2023HU0972224,1,464,3,1
2023HU0972271,1,501,3,1
2023HU0972271,2,501,3,1
2023HU0972401,1,501,3,1
2023HU0972607,1,501,3,1
2023HU0972893,1,501,3,1
2023HU0973230,1,501,3,1
2023HU0973378,1,501,3,1
2023HU0973378,2,501,3,1
2023HU0973378,3,501,3,1
2023HU0974553,1,501,3,1
2023HU0975288,1,501,1,1
2023HU0975288,2,501,1,1
2023HU0975732,1,447,2,1
2023HU0975732,2,447,2,1
2023HU0975798,1,0,3,1
2023HU0975967,1,193,2,1
2023HU0976133,1,501,3,1
2023HU0976133,2,501,3,1
2023HU0978028,1,501,1,1
2023HU0978063,1,462,2,1
2023HU0978230,1,501,1,1
2023HU0978230,2,501,1,1
2023HU0978230,3,501,1,1
2023HU0978230,4,501,1,1
2023HU0978239,1,501,2,1
2023HU0978896,1,501,1,1
2023HU0978896,2,501,1,1
2023HU0978981,1,169,2,1
2023HU0978981,2,169,2,1
2023HU0979375,1,501,1,1
2023HU0979375,2,501,1,1
2023HU0979375,3,501,1,1
2023HU0979479,1,501,3,1
2023HU0979779,1,501,3,1
2023HU0979779,2,501,3,1
2023HU0980031,1,501,1,1
2023HU0980031,2,501,1,1
2023HU0980100,1,299,2,1
2023HU0980617,1,345,4,1
2023HU0980617,2,345,4,1
2023HU0981502,1,501,3,1
2023HU0981502,2,501,3,1
2023HU0981834,1,501,3,1
2023HU0982143,1,303,3,1
2023HU0982143,2,303,3,1
2023HU0982143,3,303,3,1
2023HU0982143,4,303,3,1
2023HU0982744,1,188,3,1
2023HU0983014,1,223,2,1
2023HU0983014,2,0,2,1
2023HU0983014,3,223,2,1
2023HU0983875,1,501,1,1
2023HU0984323,1,132,3,1
2023HU0984323,2,132,3,1
2023HU0984374,1,501,3,1
2023HU0984381,1,501,1,1
2023HU0984381,2,501,1,1
2023HU0984381,3,501,1,1
2023HU0984624,1,501,1,1
2023HU0984624,2,501,1,1
2023HU0985106,1,157,3,1
2023HU0985106,2,157,3,1
2023HU0985106,3,157,3,1
2023HU0986081,1,384,2,1
2023HU0986435,1,501,3,1
2023HU0986435,2,501,3,1
2023HU0986745,1,501,2,1
2023HU0986745,2,501,2,1
2023HU0986745,3,501,2,1
2023HU0986745,4,501,2,1
2023HU0987289,1,99,2,1
2023HU0987320,1,501,1,1
2023HU0987390,1,0,3,1
2023HU0987390,2,0,3,1
2023HU0987390,3,234,3,1
2023HU0987947,1,501,3,1
2023HU0988379,1,501,3,1
2023HU0988547,1,501,3,1
2023HU0988939,1,501,3,1
2023HU0988939,2,501,3,1
2023HU0989000,1,347,1,1
2023HU0989000,2,347,1,1
2023HU0989062,1,501,3,1
2023HU0989714,1,501,3,1
2023HU0989714,2,501,3,1
2023HU0989834,1,317,3,1
2023HU0989834,2,317,3,1
2023HU0989834,3,145,3,1
2023HU0990464,1,501,2,1
2023HU0990464,2,501,2,1
2023HU0990651,1,96,1,1
2023HU0990651,2,96,1,1
2023HU0990651,3,96,1,1
2023HU0990651,4,96,1,1
2023HU0990731,1,501,3,1
2023HU0990731,2,501,3,1
2023HU0990907,1,261,1,1
2023HU0992005,1,501,1,1
2023HU0992005,2,501,1,1
2023HU0992403,1,501,1,1
2023HU0992403,2,501,1,1
2023HU0992403,3,501,1,1
2023HU0992403,4,501,1,1
2023HU0992511,1,501,3,1
2023HU0992608,1,501,1,1
2023HU0992608,2,501,1,1
2023HU0992608,3,501,1,1
2023HU0992608,4,501,1,1
2023HU0992608,5,91,1,1
2023HU0992608,6,220,1,1
2023HU0992701,1,270,3,1
2023HU0992701,2,270,3,1
2023HU0992822,1,496,3,1
2023HU0992822,2,492,3,1
2023HU0992908,1,501,3,1
2023HU0993500,1,501,3,1
2023HU0994009,1,464,1,1
2023HU0994009,2,464,1,1
2023HU0994330,1,501,2,1
2023HU0994911,1,374,3,1
2023HU0996186,1,501,1,1
2023HU0996186,2,501,1,1
2023HU0997045,1,326,1,1
2023HU0997045,2,326,1,1
2023HU0997586,1,471,4,1
2023HU0997586,2,471,4,1
2023HU0997586,3,471,4,1
2023HU0997586,4,471,4,1
2023HU0997586,5,471,4,1
2023HU0997941,1,501,1,1
2023HU0997941,2,501,1,1
2023HU0997941,3,501,1,1
2023HU0998000,1,132,3,1
2023HU0998203,1,413,2,1
2023HU0998203,2,501,2,1
2023HU0998203,3,413,2,1
2023HU0998203,4,413,2,1
2023HU0998713,1,501,2,1
2023HU0998713,2,501,2,1
2023HU0998713,3,501,2,1
2023HU0998713,4,501,2,1
2023HU0998806,1,501,1,1
2023HU0999211,1,244,1,1
2023HU0999211,2,244,1,1
2023HU0999211,3,244,1,1
2023HU0999211,4,244,1,1
2023HU0999211,5,244,1,1
2023HU0999211,6,244,1,1
2023HU0999211,7,244,1,1
2023HU0999565,1,501,3,1
2023HU0999565,2,501,3,1
2023HU0999842,1,501,2,1
2023HU0999842,2,501,2,1
2023HU1000601,1,415,3,1
2023HU1001753,1,501,3,1
2023HU1001813,1,145,2,1
2023HU1001813,2,145,2,1
2023HU1001813,3,290,2,1
2023HU1002595,1,501,1,1
2023HU1003500,1,501,3,1
2023HU1003500,2,359,3,1
2023HU1003780,1,67,3,1
2023HU1004440,1,501,3,1
2023HU1004440,2,501,3,1
2023HU1005998,1,3,3,1
2023HU1005998,2,57,3,1
2023HU1006031,1,501,1,1
2023HU1006031,2,501,1,1
2023HU1006816,1,168,3,1
2023HU1007012,1,501,3,1
2023HU1007012,2,501,3,1
2023HU1007541,1,501,3,1
2023HU1007541,2,501,3,1
2023HU1007981,1,146,4,1
2023HU1008006,1,501,3,1
2023HU1008006,2,501,3,1
2023HU1008006,3,77,3,1
2023HU1008322,1,501,2,1
2023HU1008322,2,501,2,1
2023HU1008322,3,501,2,1
2023HU1008493,1,501,1,1
2023HU1008493,2,501,1,1
2023HU1008909,1,0,2,1
2023HU1008909,2,0,2,1
2023HU1008909,3,0,2,1
2023HU1009800,1,501,1,1
2023HU1009800,2,501,1,1
2023HU1009800,3,501,1,1
2023HU1009874,1,209,3,1
2023HU1010264,1,501,3,1
2023HU1010293,1,293,3,1
2023HU1010293,2,293,3,1
2023HU1010293,3,293,3,1
2023HU1010539,1,501,1,1
2023HU1010539,2,501,1,1
2023HU1010725,1,501,3,1
2023HU1010811,1,501,3,1
2023HU1010811,2,501,3,1
2023HU1011123,1,164,1,1
2023HU1011123,2,183,1,1
2023HU1011718,1,350,2,1
2023HU1011718,2,350,2,1
2023HU1011865,1,501,2,1
2023HU1011865,2,501,2,1
2023HU1011865,3,501,2,1
2023HU1012151,1,501,3,1
2023HU1012798,1,53,4,1
2023HU1012798,2,53,4,1
2023HU1012803,1,501,1,1
2023HU1012803,2,501,1,1
2023HU1012803,3,501,1,1
2023HU1012813,1,169,1,1
2023HU1012813,2,169,1,1
2023HU1012813,3,169,1,1
2023HU1012813,4,169,1,1
2023HU1012813,5,169,1,1
2023HU1013756,1,501,3,1
2023HU1013756,2,501,3,1
2023HU1014137,1,501,3,1
2023HU1014287,1,501,3,1
2023HU1014547,1,501,3,1
2023HU1014915,1,501,3,1
2023HU1014915,2,501,3,1
2023HU1014915,3,501,3,1
2023HU1014915,4,501,3,1
2023HU1014939,1,501,2,1
2023HU1014939,2,501,2,1
2023HU1015332,1,501,1,1
2023HU1015332,2,501,1,1
2023HU1015757,1,501,2,1
2023HU1015757,2,501,2,1
2023HU1015757,3,501,2,1
2023HU1015757,4,501,2,1
2023HU1015757,5,501,2,1
2023HU1016607,1,368,2,1
2023HU1016607,2,368,2,1
2023HU1016607,3,368,2,1
2023HU1016725,1,501,1,1
2023HU1016725,2,501,1,1
2023HU1017018,1,149,1,1
2023HU1017018,2,149,1,1
2023HU1017018,3,149,1,1
2023HU1017018,4,149,1,1
2023HU1017018,5,149,1,1
2023HU1017313,1,501,2,1
2023HU1017798,1,501,3,1
2023HU1017798,2,501,3,1
2023HU1019096,1,501,1,1
2023HU1019290,1,501,1,1
2023HU1019290,2,501,1,1
2023HU1019290,3,501,1,1
2023HU1019290,4,501,1,1
2023HU1019290,5,501,1,1
2023HU1019290,6,501,1,1
2023HU1019366,1,501,1,1
2023HU1019700,1,186,3,1
2023HU1020290,1,501,3,1
2023HU1020995,1,501,3,1
2023HU1021622,1,420,1,1
2023HU1021622,2,420,1,1
2023HU1021622,3,420,1,1
2023HU1021622,4,420,1,1
2023HU1022260,1,501,1,1
2023HU1022260,2,501,1,1
2023HU1022260,3,501,1,1
2023HU1022260,4,501,1,1
2023HU1022260,5,501,1,1
2023HU1022437,1,138,3,1
2023HU1022522,1,0,4,1
2023HU1022522,2,0,4,1
2023HU1022954,1,63,3,1
2023HU1022954,2,501,3,1
2023HU1023826,1,501,3,1
2023HU1025082,1,180,1,1
2023HU1025245,1,501,3,1
2023HU1025992,1,417,3,1
2023HU1026097,1,501,3,1
2023HU1026097,2,501,3,1
2023HU1026097,3,501,3,1
2023HU1026243,1,501,3,1
2023HU1026787,1,293,3,1
2023HU1026787,2,293,3,1
2023HU1026787,3,293,3,1
2023HU1026787,4,293,3,1
2023HU1027617,1,501,3,1
2023HU1027617,2,501,3,1
2023HU1027617,3,501,3,1
2023HU1027617,4,501,3,1
2023HU1027881,1,501,3,1
2023HU1027881,2,501,3,1
2023HU1028434,1,501,2,1
2023HU1028434,2,501,2,1
2023HU1028434,3,501,2,1
2023HU1028534,1,501,1,1
2023HU1029526,1,63,3,1
2023HU1029526,2,82,3,1
2023HU1029815,1,37,1,1
2023HU1030109,1,501,1,1
2023HU1030109,2,501,1,1
2023HU1030109,3,501,1,1
2023HU1030109,4,260,1,1
2023HU1030154,1,501,1,1
2023HU1030154,2,501,1,1
2023HU1030154,3,204,1,1
2023HU1030154,4,153,1,1
2023HU1030721,1,149,3,1
2023HU1030721,2,149,3,1
2023HU1031281,1,120,2,1
2023HU1032600,1,501,3,1
2023HU1032600,2,501,3,1
2023HU1032664,1,501,3,1
2023HU1032885,1,158,3,1
2023HU1032885,2,301,3,1
2023HU1032948,1,291,3,1
2023HU1032948,2,77,3,1
2023HU1032948,3,259,3,1
2023HU1033365,1,501,1,1
2023HU1033365,2,501,1,1
2023HU1033365,3,501,1,1
2023HU1033365,4,501,1,1
2023HU1033499,1,318,2,1
2023HU1033499,2,318,2,1
2023HU1033499,3,318,2,1
2023HU1033812,1,5,3,1
2023HU1033812,2,5,3,1
2023HU1033837,1,501,2,1
2023HU1033837,2,501,2,1
2023HU1033837,3,501,2,1
2023HU1034046,1,501,3,1
2023HU1034187,1,365,2,1
2023HU1034187,2,365,2,1
2023HU1034187,3,365,2,1
2023HU1034187,4,365,2,1
2023HU1034187,5,365,2,1
2023HU1034187,6,365,2,1
2023HU1034364,1,501,1,1
2023HU1034364,2,501,1,1
2023HU1034467,1,159,3,1
2023HU1035355,1,501,3,1
2023HU1035355,2,501,3,1
2023HU1035381,1,501,1,1
2023HU1035381,2,262,1,1
2023HU1035607,1,501,1,1
2023HU1035607,2,501,1,1
2023HU1035634,1,328,3,1
2023HU1035634,2,328,3,1
2023HU1035732,1,501,3,1
2023HU1036063,1,501,2,1
2023HU1036063,2,501,2,1
2023HU1036150,1,501,3,1
2023HU1036150,2,320,3,1
2023HU1036429,1,501,3,1
2023HU1036429,2,501,3,1
2023HU1036429,3,501,3,1
2023HU1036429,4,501,3,1
2023HU1036429,5,501,3,1
2023HU1036429,6,501,3,1
2023HU1037294,1,501,3,1
2023HU1037415,1,75,2,1
2023HU1037437,1,501,3,1
2023HU1037437,2,501,3,1
2023HU1037725,1,12,3,1
2023HU1037987,1,183,2,1
2023HU1037987,2,183,2,1
2023HU1038042,1,111,3,1
2023HU1038042,2,111,3,1
2023HU1038042,3,111,3,1
2023HU1038764,1,459,2,1
2023HU1038764,2,459,2,1
2023HU1038764,3,459,2,1
2023HU1039695,1,501,3,1
2023HU1039695,2,501,3,1
2023HU1039734,1,501,3,1
2023HU1039734,2,316,3,1
2023HU1039987,1,501,3,1
2023HU1039987,2,501,3,1
2023HU1040021,1,254,3,1
2023HU1040021,2,254,3,1
2023HU1040021,3,318,3,1
2023HU1041153,1,501,1,1
2023HU1041153,2,501,1,1
2023HU1041503,1,250,3,1
2023HU1041503,2,250,3,1
2023HU1041503,3,250,3,1
2023HU1041880,1,501,2,1
2023HU1042012,1,501,3,1
2023HU1042041,1,272,2,1
2023HU1042041,2,272,2,1
2023HU1042041,3,272,2,1
2023HU1042041,4,272,2,1
2023HU1042165,1,224,3,1
2023HU1042165,2,224,3,1
2023HU1042842,1,501,1,1
2023HU1042842,2,501,1,1
2023HU1042842,3,501,1,1
2023HU1043136,1,89,3,1
2023HU1043256,1,501,3,1
2023HU1044111,1,134,3,1
2023HU1044111,2,134,3,1
2023HU1044499,1,501,3,1
2023HU1045929,1,501,3,1
2023HU1045929,2,501,3,1
2023HU1045929,3,501,3,1
2023HU1045929,4,6,3,1
2023HU1046283,1,501,1,1
2023HU1046283,2,501,1,1
2023HU1046339,1,501,3,1
2023HU1046760,1,501,3,1
2023HU1047430,1,501,3,1
2023HU1047905,1,501,1,1
2023HU1048089,1,501,3,1
2023HU1048089,2,84,3,1
2023HU1048089,3,78,3,1
2023HU1048432,1,501,2,1
2023HU1048432,2,501,2,1
2023HU1048435,1,501,3,1
2023HU1048435,2,501,3,1
2023HU1048690,1,501,3,1
2023HU1048690,2,501,3,1
2023HU1048690,3,501,3,1
2023HU1048728,1,9,3,1
2023HU1048728,2,501,3,1
2023HU1049430,1,501,2,1
2023HU1049430,2,501,2,1
2023HU1049736,1,314,2,1
2023HU1049736,2,314,2,1
2023HU1049736,3,314,2,1
2023HU1049736,4,314,2,1
2023HU1050424,1,46,3,1
2023HU1050424,2,79,3,1
2023HU1050424,3,58,3,1
2023HU1050424,4,11,3,1
2023HU1050424,5,202,3,1
2023HU1050724,1,501,3,1
2023HU1051039,1,501,2,1
2023HU1051039,2,501,2,1
2023HU1052060,1,501,3,1
2023HU1052060,2,501,3,1
2023HU1052296,1,32,1,1
2023HU1052569,1,50,1,1
2023HU1052870,1,501,1,1
2023HU1052870,2,501,1,1
2023HU1052870,3,501,1,1
2023HU1054591,1,75,3,1
2023HU1055187,1,501,1,1
2023HU1055187,2,501,1,1
2023HU1055187,3,501,1,1
2023HU1055483,1,501,3,1
2023HU1055493,1,501,3,1
2023HU1055493,2,446,3,1
2023HU1055493,3,0,3,1
2023HU1055493,4,255,3,1
2023HU1055493,5,17,3,1
2023HU1055493,6,0,3,1
2023HU1055493,7,0,3,1
2023HU1055534,1,501,3,1
2023HU1055534,2,501,3,1
2023HU1055534,3,0,3,1
2023HU1055534,4,0,3,1
2023HU1055799,1,501,3,1
2023HU1055799,2,501,3,1
2023HU1055799,3,501,3,1
2023HU1056131,1,292,1,1
2023HU1056131,2,292,1,1
2023HU1056131,3,292,1,1
2023HU1057098,1,501,3,1
2023HU1057098,2,501,3,1
2023HU1057580,1,25,3,1
2023HU1057580,2,50,3,1
2023HU1057856,1,192,3,1
2023HU1058960,1,501,3,1
2023HU1059366,1,483,1,1
2023HU1059366,2,483,1,1
2023HU1059366,3,483,1,1
2023HU1059366,4,483,1,1
2023HU1059366,5,483,1,1
2023HU1059783,1,115,3,1
2023HU1060167,1,501,1,1
2023HU1060167,2,501,1,1
2023HU1060398,1,179,3,1
2023HU1060910,1,501,3,1
2023HU1061116,1,501,2,1
2023HU1061116,2,501,2,1
2023HU1061227,1,501,1,1
2023HU1061227,2,501,1,1
2023HU1061227,3,501,1,1
2023HU1061247,1,114,1,1
2023HU1061363,1,501,1,1
2023HU1061679,1,501,3,1
2023HU1061679,2,501,3,1
2023HU1062945,1,501,1,1
2023HU1062945,2,501,1,1
2023HU1062945,3,501,1,1
2023HU1062974,1,352,2,1
2023HU1062974,2,352,2,1
2023HU1063246,1,25,4,1
2023HU1064005,1,501,1,1
2023HU1064005,2,501,1,1
2023HU1064402,1,501,2,1
2023HU1064402,2,192,2,1
2023HU1064402,3,501,2,1
2023HU1064402,4,501,2,1
2023HU1064653,1,432,2,1
2023HU1064758,1,501,3,1
2023HU1064758,2,501,3,1
2023HU1065253,1,501,3,1
2023HU1065253,2,501,3,1
2023HU1065253,3,501,3,1
2023HU1065253,4,501,3,1
2023HU1065383,1,501,3,1
2023HU1066099,1,501,3,1
2023HU1066099,2,501,3,1
2023HU1066099,3,501,3,1
2023HU1066099,4,0,3,1
2023HU1067027,1,193,3,1
2023HU1067143,1,501,1,1
2023HU1067143,2,501,1,1
2023HU1067917,1,417,3,1
2023HU1068181,1,288,3,1
2023HU1068181,2,288,3,1
2023HU1068181,3,288,3,1
2023HU1068181,4,288,3,1
2023HU1068329,1,501,1,1
2023HU1068329,2,501,1,1
2023HU1068329,3,501,1,1
2023HU1068329,4,501,1,1
2023HU1068863,1,64,3,1
2023HU1068863,2,6,3,1
2023HU1068863,3,6,3,1
2023HU1069071,1,86,3,1
2023HU1069261,1,86,3,1
2023HU1069362,1,501,1,1
2023HU1069362,2,501,1,1
2023HU1070183,1,66,1,1
2023HU1070825,1,389,3,1
2023HU1070825,2,389,3,1
2023HU1070825,3,389,3,1
2023HU1070825,4,389,3,1
2023HU1071169,1,319,3,1
2023HU1071169,2,383,3,1
2023HU1071423,1,304,1,1
2023HU1071423,2,304,1,1
2023HU1071423,3,187,1,1
2023HU1071423,4,379,1,1
2023HU1071423,5,88,1,1
2023HU1071423,6,194,1,1
2023HU1072107,1,457,2,1
2023HU1072107,2,457,2,1
2023HU1072259,1,501,1,1
2023HU1072259,2,501,1,1
2023HU1073508,1,501,3,1
2023HU1073508,2,501,3,1
2023HU1074092,1,46,3,1
2023HU1074092,2,46,3,1
2023HU1074092,3,46,3,1
2023HU1075450,1,363,3,1
2023HU1075845,1,501,3,1
2023HU1075845,2,501,3,1
2023HU1076370,1,306,2,1
2023HU1076684,1,501,1,1
2023HU1076684,2,501,1,1
2023HU1076684,3,501,1,1
2023HU1076730,1,501,1,1
2023HU1076730,2,501,1,1
2023HU1077257,1,501,1,1
2023HU1077257,2,501,1,1
2023HU1077924,1,501,1,1
2023HU1078040,1,501,1,1
2023HU1078040,2,501,1,1
2023HU1078494,1,501,1,1
2023HU1078970,1,501,3,1
2023HU1079997,1,501,1,1
2023HU1079997,2,501,1,1
2023HU1080086,1,501,3,1
2023HU1080705,1,501,3,1
2023HU1080981,1,501,3,1
2023HU1080981,2,501,3,1
2023HU1080981,3,501,3,1
2023HU1081242,1,237,3,1
2023HU1081258,1,501,3,1
2023HU1081258,2,501,3,1
2023HU1081258,3,501,3,1
2023HU1081278,1,0,3,1
2023HU1085200,1,335,1,1
2023HU1085200,2,335,1,1
2023HU1085200,3,335,1,1
2023HU1085200,4,335,1,1
2023HU1085200,5,335,1,1
2023HU1085200,6,335,1,1
2023HU1085200,7,335,1,1
2023HU1085200,8,335,1,1
2023HU1085200,9,317,1,1
2023HU1085200,10,228,1,1
2023HU1086816,1,126,1,1
2023HU1086816,2,126,1,1
2023HU1086816,3,126,1,1
2023HU1087134,1,501,3,1
2023HU1087134,2,501,3,1
2023HU1087134,3,501,3,1
2023HU1087134,4,501,3,1
2023HU1087541,1,417,1,1
2023HU1087541,2,417,1,1
2023HU1087666,1,115,3,1
2023HU1090465,1,124,3,1
2023HU1090776,1,501,2,1
2023HU1090776,2,501,2,1
2023HU1092189,1,501,2,1
2023HU1092189,2,501,2,1
2023HU1092189,3,501,2,1
2023HU1093115,1,92,3,1
2023HU1093597,1,501,3,1
2023HU1094035,1,417,1,1
2023HU1094035,2,417,1,1
2023HU1094035,3,417,1,1
2023HU1094035,4,417,1,1
2023HU1094150,1,366,3,1
2023HU1094217,1,501,2,1
2023HU1094217,2,501,2,1
2023HU1094531,1,501,1,1
2023HU1094531,2,501,1,1
2023HU1094531,3,501,1,1
2023HU1095780,1,501,1,1
2023HU1095780,2,501,1,1
2023HU1096264,1,357,3,1
2023HU1096268,1,308,1,1
2023HU1096311,1,501,1,1
2023HU1096311,2,501,1,1
2023HU1096619,1,501,2,1
2023HU1096619,2,501,2,1
2023HU1096657,1,501,3,1
2023HU1096759,1,109,3,1
2023HU1096759,2,109,3,1
2023HU1096759,3,109,3,1
2023HU1096759,4,109,3,1
2023HU1096886,1,220,3,1
2023HU1096886,2,241,3,1
2023HU1096950,1,501,3,1
2023HU1097031,1,501,3,1
2023HU1097139,1,501,2,1
2023HU1097390,1,501,1,1
2023HU1097390,2,501,1,1
2023HU1097390,3,501,1,1
2023HU1097390,4,501,1,1
2023HU1097390,5,501,1,1
2023HU1097725,1,501,1,1
2023HU1097725,2,501,1,1
2023HU1098805,1,501,1,1
2023HU1098858,1,501,3,1
2023HU1098858,2,501,3,1
2023HU1099155,1,61,3,1
2023HU1099782,1,501,3,1
2023HU1099782,2,412,3,1
2023HU1099782,3,501,3,1
2023HU1100357,1,284,1,1
2023HU1100357,2,284,1,1
2023HU1100357,3,284,1,1
2023HU1100357,4,284,1,1
2023HU1100357,5,284,1,1
2023HU1101335,1,501,2,1
2023HU1101335,2,501,2,1
2023HU1101844,1,120,3,1
2023HU1101844,2,120,3,1
2023HU1102372,1,501,3,1
2023HU1102709,1,501,1,1
2023HU1102709,2,501,1,1
2023HU1102709,3,501,1,1
2023HU1102762,1,198,3,1
2023HU1102762,2,65,3,1
2023HU1103295,1,501,3,1
2023HU1103295,2,501,3,1
2023HU1103527,1,229,3,1
2023HU1103577,1,501,3,1
2023HU1103577,2,95,3,1
2023HU1104945,1,501,3,1
2023HU1105077,1,501,1,1
2023HU1105077,2,501,1,1
2023HU1105092,1,501,3,1
2023HU1105092,2,501,3,1
2023HU1105159,1,501,1,1
2023HU1105159,2,501,1,1
2023HU1105176,1,501,3,1
2023HU1105176,2,501,3,1
2023HU1105982,1,501,3,1
2023HU1106021,1,501,3,1
2023HU1107155,1,501,2,1
2023HU1107200,1,501,1,1
2023HU1107200,2,501,1,1
2023HU1107209,1,501,3,1
2023HU1107515,1,86,3,1
2023HU1107588,1,501,3,1
2023HU1108125,1,501,1,1
2023HU1109448,1,501,3,1
2023HU1109617,1,501,2,1
2023HU1109617,2,501,2,1
2023HU1109983,1,501,1,1
2023HU1109983,2,501,1,1
2023HU1109989,1,501,3,1
2023HU1109989,2,233,3,1
2023HU1109989,3,62,3,1
2023HU1109989,4,388,3,1
2023HU1110037,1,162,1,1
2023HU1110037,2,162,1,1
2023HU1110037,3,162,1,1
2023HU1110037,4,162,1,1
2023HU1110273,1,501,2,1
2023HU1110273,2,501,2,1
2023HU1110553,1,234,2,1
2023HU1110574,1,501,1,1
2023HU1110587,1,501,3,1
2023HU1110587,2,501,3,1
2023HU1110842,1,501,3,1
2023HU1110842,2,501,3,1
2023HU1111132,1,244,3,1
2023HU1111132,2,244,3,1
2023HU1111132,3,244,3,1
2023HU1111132,4,244,3,1
2023HU1111496,1,501,3,1
2023HU1112066,1,163,3,1
2023HU1112551,1,380,3,1
2023HU1112551,2,380,3,1
2023HU1112779,1,501,1,1
2023HU1112779,2,501,1,1
2023HU1112779,3,501,1,1
2023HU1112779,4,501,1,1
2023HU1113333,1,501,3,1
2023HU1113333,2,501,3,1
2023HU1113465,1,501,3,1
2023HU1113782,1,459,4,1
2023HU1113782,2,459,4,1
2023HU1114377,1,194,4,1
2023HU1114812,1,501,2,1
2023HU1115636,1,501,1,1
2023HU1115636,2,501,1,1
2023HU1115851,1,501,3,1
2023HU1116223,1,501,3,1
2023HU1116354,1,501,1,1
2023HU1116354,2,501,1,1
2023HU1116354,3,501,1,1
2023HU1116797,1,501,3,1
2023HU1116797,2,501,3,1
2023HU1116797,3,501,3,1
2023HU1117324,1,501,3,1
2023HU1117427,1,501,4,1
2023HU1118497,1,420,2,1
2023HU1119029,1,501,1,1
2023HU1119029,2,501,1,1
2023HU1119029,3,501,1,1
2023HU1119084,1,17,1,1
2023HU1119143,1,189,3,1
2023HU1119286,1,150,3,1
2023HU1119474,1,82,3,1
2023HU1120759,1,498,2,1
2023HU1121219,1,99,3,1
2023HU1121447,1,123,3,1
2023HU1121447,2,152,3,1
2023HU1121447,3,123,3,1
2023HU1121447,4,123,3,1
2023HU1121718,1,424,2,1
2023HU1121718,2,424,2,1
2023HU1121870,1,501,3,1
2023HU1121870,2,501,3,1
2023HU1122972,1,65,3,1
2023HU1122972,2,501,3,1
2023HU1122972,3,65,3,1
2023HU1122972,4,65,3,1
2023HU1123791,1,164,2,1
2023HU1123791,2,164,2,1
2023HU1123975,1,501,1,1
2023HU1124065,1,492,3,1
2023HU1124065,2,492,3,1
2023HU1124065,3,492,3,1
2023HU1124721,1,34,3,1
2023HU1124777,1,501,1,1
2023HU1124884,1,501,3,1
2023HU1124884,2,501,3,1
2023HU1124888,1,501,3,1
2023HU1124888,2,501,3,1
2023HU1124916,1,501,3,1
2023HU1125154,1,501,2,1
2023HU1125154,2,501,2,1
2023HU1125804,1,501,3,1
2023HU1125804,2,501,3,1
2023HU1126175,1,325,3,1
2023HU1126175,2,208,3,1
2023HU1126452,1,501,1,1
2023HU1126452,2,501,1,1
2023HU1126452,3,501,1,1
2023HU1126602,1,387,2,1
2023HU1126602,2,387,2,1
2023HU1126602,3,387,2,1
2023HU1126602,4,387,2,1
2023HU1126688,1,501,1,1
2023HU1127297,1,371,1,1
2023HU1127297,2,371,1,1
2023HU1127645,1,501,1,1
2023HU1127645,2,501,1,1
2023HU1127645,3,501,1,1
2023HU1127645,4,501,1,1
2023HU1128424,1,501,1,1
2023HU1128644,1,501,1,1
2023HU1128682,1,0,2,1
2023HU1128682,2,0,2,1
2023HU1128682,3,0,2,1
2023HU1128682,4,0,2,1
2023HU1128682,5,5,2,1
2023HU1128710,1,501,1,1
2023HU1128710,2,501,1,1
2023HU1128731,1,133,3,1
2023HU1128731,2,133,3,1
2023HU1128764,1,501,3,1
2023HU1128764,2,259,3,1
2023HU1128918,1,334,2,1
2023HU1128918,2,334,2,1
2023HU1128918,3,334,2,1
2023HU1128918,4,334,2,1
2023HU1128918,5,334,2,1
2023HU1128918,6,334,2,1
2023HU1129264,1,501,3,1
2023HU1129264,2,501,3,1
2023HU1129577,1,501,3,1
2023HU1129577,2,501,3,1
2023HU1130055,1,43,3,1
2023HU1130055,2,110,3,1
2023HU1130055,3,43,3,1
2023HU1130055,4,43,3,1
2023HU1130055,5,43,3,1
2023HU1130318,1,501,3,1
2023HU1130318,2,501,3,1
2023HU1130318,3,501,3,1
2023HU1130344,1,416,2,1
2023HU1130344,2,416,2,1
2023HU1131074,1,209,3,1
2023HU1131466,1,478,3,1
2023HU1131466,2,501,3,1
2023HU1132507,1,501,3,1
2023HU1133222,1,501,1,1
2023HU1133278,1,501,2,1
2023HU1133443,1,171,3,1
2023HU1133783,1,0,3,1
2023HU1133783,2,19,3,1
2023HU1133783,3,16,3,1
2023HU1133783,4,0,3,1
2023HU1133783,5,22,3,1
2023HU1134054,1,501,1,1
2023HU1134054,2,501,1,1
2023HU1134270,1,73,3,1
2023HU1134270,2,73,3,1
2023HU1134270,3,73,3,1
2023HU1134877,1,327,1,1
2023HU1134877,2,327,1,1
2023HU1134877,3,327,1,1
2023HU1134877,4,327,1,1
2023HU1135326,1,501,3,1
2023HU1135326,2,501,3,1
2023HU1136532,1,501,3,1
2023HU1136532,2,501,3,1
2023HU1136532,3,501,3,1
2023HU1136733,1,501,1,1
2023HU1136733,2,501,1,1
2023HU1136733,3,501,1,1
2023HU1136733,4,501,1,1
2023HU1136733,5,305,1,1
2023HU1136733,6,381,1,1
2023HU1136795,1,501,1,1
2023HU1136795,2,501,1,1
2023HU1136795,3,501,1,1
2023HU1137227,1,501,3,1
2023HU1137735,1,501,1,1
2023HU1137735,2,501,1,1
2023HU1137735,3,501,1,1
2023HU1137735,4,501,1,1
2023HU1137797,1,501,1,1
2023HU1137797,2,501,1,1
2023HU1137797,3,501,1,1
2023HU1138124,1,501,2,1
2023HU1138230,1,155,3,1
2023HU1138230,2,155,3,1
2023HU1138315,1,501,2,1
2023HU1138315,2,501,2,1
2023HU1138315,3,501,2,1
2023HU1138315,4,501,2,1
2023HU1138383,1,149,2,1
2023HU1138423,1,180,3,1
2023HU1138476,1,501,3,1
2023HU1138517,1,501,2,1
2023HU1138517,2,340,2,1
2023HU1139010,1,115,3,1
2023HU1139359,1,501,1,1
2023HU1139359,2,501,1,1
2023HU1140143,1,477,3,1
2023HU1140143,2,501,3,1
2023HU1140143,3,501,3,1
2023HU1140143,4,501,3,1
2023HU1140435,1,245,3,1
2023HU1140435,2,469,3,1
2023HU1141113,1,501,1,1
2023HU1141113,2,501,1,1
2023HU1141301,1,501,3,1
2023HU1141301,2,422,3,1
2023HU1141786,1,501,3,1
2023HU1142047,1,382,3,1
2023HU1142047,2,382,3,1
2023HU1142047,3,382,3,1
2023HU1142047,4,382,3,1
2023HU1142499,1,339,3,1
2023HU1142552,1,501,1,1
2023HU1142845,1,501,3,1
2023HU1142845,2,501,3,1
2023HU1143049,1,147,2,1
2023HU1143676,1,330,3,1
2023HU1144145,1,501,3,1
2023HU1145179,1,501,2,1
2023HU1145500,1,501,2,1
2023HU1145500,2,501,2,1
2023HU1145608,1,376,1,1
2023HU1145608,2,376,1,1
2023HU1145608,3,376,1,1
2023HU1145608,4,376,1,1
2023HU1145913,1,92,3,1
2023HU1146996,1,501,3,1
2023HU1147294,1,93,3,1
2023HU1147294,2,93,3,1
2023HU1147779,1,430,3,1
2023HU1147779,2,430,3,1
2023HU1147779,3,430,3,1
2023HU1148037,1,231,3,1
2023HU1148037,2,231,3,1
2023HU1148688,1,63,3,1
2023HU1149171,1,501,3,1
2023HU1149171,2,501,3,1
2023HU1149171,3,501,3,1
2023HU1149171,4,501,3,1
2023HU1149264,1,501,1,1
2023HU1149264,2,501,1,1
2023HU1149698,1,501,2,1
2023HU1149698,2,501,2,1
2023HU1150125,1,134,2,1
2023HU1150404,1,278,2,1
2023HU1150404,2,278,2,1
2023HU1150906,1,191,3,1
2023HU1150906,2,44,3,1
2023HU1150906,3,0,3,1
2023HU1151335,1,151,3,1
2023HU1152106,1,501,1,1
2023HU1152106,2,501,1,1
2023HU1152204,1,0,2,1
2023HU1152204,2,501,2,1
2023HU1152430,1,308,1,1
2023HU1152430,2,308,1,1
2023HU1152430,3,308,1,1
2023HU1153046,1,224,1,1
2023HU1153062,1,501,2,1
2023HU1153062,2,501,2,1
2023HU1153062,3,501,2,1
2023HU1153543,1,501,3,1
2023HU1153543,2,501,3,1
2023HU1156460,1,214,2,1
2023HU1156460,2,214,2,1
2023HU1156962,1,501,1,1
2023HU1157027,1,501,1,1
2023HU1157502,1,422,3,1
2023HU1158304,1,501,3,1
2023HU1158304,2,501,3,1
2023HU1158447,1,412,1,1
2023HU1158447,2,412,1,1
2023HU1158447,3,412,1,1
2023HU1159286,1,501,1,1
2023HU1159286,2,501,1,1
2023HU1159983,1,501,1,1
2023HU1159983,2,501,1,1
2023HU1160162,1,501,3,1
2023HU1160533,1,501,3,1
2023HU1160631,1,501,3,1
2023HU1160745,1,501,3,1
2023HU1160750,1,135,3,1
2023HU1160750,2,135,3,1
2023HU1160755,1,501,2,1
2023HU1160755,2,483,2,1
2023HU1160903,1,300,2,1
2023HU1160903,2,300,2,1
2023HU1160903,3,300,2,1
2023HU1161214,1,501,3,1
2023HU1161994,1,206,3,1
2023HU1161994,2,206,3,1
2023HU1162263,1,490,1,1
2023HU1162263,2,272,1,1
2023HU1162263,3,490,1,1
2023HU1162263,4,490,1,1
2023HU1163885,1,501,1,1
2023HU1163885,2,501,1,1
2023HU1164288,1,501,3,1
2023HU1164288,2,501,3,1
2023HU1164288,3,501,3,1
2023HU1164288,4,501,3,1
2023HU1165415,1,287,1,1
2023HU1165415,2,501,1,1
2023HU1165415,3,287,1,1
2023HU1165595,1,444,3,1
2023HU1166010,1,501,1,1
2023HU1166010,2,501,1,1
2023HU1166010,3,501,1,1
2023HU1166283,1,411,3,1
2023HU1166283,2,411,3,1
2023HU1166283,3,411,3,1
2023HU1166353,1,501,3,1
2023HU1166353,2,501,3,1
2023HU1166638,1,501,3,1
2023HU1166813,1,501,1,1
2023HU1166841,1,501,3,1
2023HU1166841,2,501,3,1
2023HU1167116,1,501,1,1
2023HU1167116,2,501,1,1
2023HU1167116,3,501,1,1
2023HU1167131,1,434,3,1
2023HU1167160,1,283,3,1
2023HU1167209,1,501,1,1
2023HU1167209,2,501,1,1
2023HU1167209,3,501,1,1
2023HU1167209,4,501,1,1
2023HU1167488,1,167,2,1
2023HU1167695,1,501,3,1
2023HU1167695,2,35,3,1
2023HU1168293,1,501,3,1
2023HU1168293,2,501,3,1
2023HU1169167,1,277,3,1
2023HU1169167,2,57,3,1
2023HU1169167,3,277,3,1
2023HU1169167,4,0,3,1
2023HU1169922,1,501,1,1
2023HU1169922,2,501,1,1
2023HU1169922,3,501,1,1
2023HU1169922,4,501,1,1
2023HU1170899,1,501,1,1
2023HU1170899,2,501,1,1
2023HU1170964,1,145,3,1
2023HU1170964,2,145,3,1
2023HU1170978,1,191,3,1
2023HU1170978,2,191,3,1
2023HU1170978,3,191,3,1
2023HU1170978,4,191,3,1
2023HU1171883,1,501,3,1
2023HU1171883,2,461,3,1
2023HU1172483,1,501,2,1
2023HU1172588,1,329,3,1
2023HU1172714,1,77,3,1
2023HU1172714,2,77,3,1
2023HU1174107,1,501,3,1
2023HU1174107,2,501,3,1
2023HU1174123,1,0,4,1
2023HU1174449,1,501,2,1
2023HU1174797,1,359,2,1
2023HU1174797,2,359,2,1
2023HU1174797,3,359,2,1
2023HU1175357,1,501,2,1
2023HU1175707,1,501,1,1
2023HU1176404,1,325,1,1
2023HU1176404,2,325,1,1
2023HU1176797,1,501,1,1
2023HU1176797,2,501,1,1
2023HU1177805,1,501,2,1
2023HU1177805,2,501,2,1
2023HU1177869,1,501,2,1
2023HU1177869,2,501,2,1
2023HU1178211,1,501,3,1
2023HU1178211,2,501,3,1
2023HU1178362,1,501,1,1
2023HU1178362,2,501,1,1
2023HU1179377,1,501,2,1
2023HU1179377,2,134,2,1
2023HU1179377,3,501,2,1
2023HU1179377,4,453,2,1
2023HU1179377,5,5,2,1
2023HU1179950,1,501,1,1
2023HU1179950,2,501,1,1
2023HU1180148,1,501,1,1
2023HU1180148,2,501,1,1
2023HU1180148,3,501,1,1
2023HU1180148,4,501,1,1
2023HU1180211,1,106,3,1
2023HU1180336,1,501,3,1
2023HU1181307,1,501,3,1
2023HU1182012,1,90,3,1
2023HU1182012,2,90,3,1
2023HU1182012,3,90,3,1
2023HU1182012,4,90,3,1
2023HU1182769,1,501,3,1
2023HU1182769,2,501,3,1
2023HU1182805,1,501,1,1
2023HU1182805,2,501,1,1
2023HU1182865,1,501,3,1
2023HU1182865,2,501,3,1
2023HU1182865,3,501,3,1
2023HU1182894,1,351,3,1
2023HU1183054,1,341,3,1
2023HU1183054,2,341,3,1
2023HU1183121,1,333,3,1
2023HU1183121,2,333,3,1
2023HU1183341,1,501,3,1
2023HU1183423,1,501,2,1
2023HU1183423,2,501,2,1
2023HU1184496,1,501,1,1
2023HU1184496,2,501,1,1
2023HU1184496,3,501,1,1
2023HU1184496,4,501,1,1
2023HU1184968,1,325,3,1
2023HU1184968,2,325,3,1
2023HU1185788,1,77,3,1
2023HU1185788,2,77,3,1
2023HU1185788,3,77,3,1
2023HU1186118,1,501,2,1
2023HU1186560,1,52,2,1
2023HU1186859,1,501,3,1
2023HU1187320,1,105,3,1
2023HU1187320,2,105,3,1
2023HU1187528,1,383,3,1
2023HU1187528,2,204,3,1
2023HU1187613,1,501,1,1
2023HU1187920,1,361,3,1
2023HU1187994,1,501,1,1
2023HU1188218,1,501,3,1
2023HU1188218,2,449,3,1
2023HU1188454,1,257,3,1
2023HU1188647,1,501,4,1
2023HU1189503,1,501,2,1
2023HU1189931,1,501,1,1
2023HU1189931,2,501,1,1
2023HU1191596,1,501,3,1
2023HU1191596,2,318,3,1
2023HU1191793,1,501,2,1
2023HU1191793,2,501,2,1
2023HU1192523,1,74,3,1
2023HU1192523,2,74,3,1
2023HU1192609,1,501,3,1
2023HU1192609,2,501,3,1
2023HU1193068,1,501,1,1
2023HU1193068,2,501,1,1
2023HU1193068,3,501,1,1
2023HU1193068,4,501,1,1
2023HU1193068,5,501,1,1
2023HU1193822,1,501,3,1
2023HU1194106,1,501,3,1
2023HU1194106,2,501,3,1
2023HU1194721,1,501,3,1
2023HU1195079,1,501,3,1
2023HU1195079,2,501,3,1
2023HU1195669,1,501,1,1
2023HU1196022,1,501,3,1
2023HU1196022,2,501,3,1
2023HU1196969,1,384,1,1
2023HU1196969,2,96,1,1
2023HU1197224,1,501,3,1
2023HU1197369,1,501,1,1
2023HU1197369,2,501,1,1
2023HU1197669,1,391,2,1
2023HU1197669,2,391,2,1
2023HU1197669,3,391,2,1
2023HU1197936,1,501,3,1
2023HU1198405,1,485,3,1
2023HU1198405,2,501,3,1
2023HU1198405,3,187,3,1
2023HU1198405,4,501,3,1
2023HU1198405,5,388,3,1
2023HU1198413,1,501,3,1
2023HU1198762,1,66,3,1
2023HU1198762,2,66,3,1
2023HU1199130,1,413,1,1
2023HU1199130,2,413,1,1
2023HU1199663,1,501,3,1
2023HU1199724,1,471,3,1
2023HU1200665,1,501,3,1
2023HU1200665,2,501,3,1
2023HU1200801,1,185,3,1
2023HU1200801,2,185,3,1
2023HU1201006,1,501,3,1
2023HU1201006,2,501,3,1
2023HU1201746,1,0,3,1
2023HU1201746,2,58,3,1
2023HU1201778,1,501,3,1
2023HU1201778,2,501,3,1
2023HU1202666,1,501,1,1
2023HU1203304,1,48,3,1
2023HU1203329,1,501,1,1
2023HU1203329,2,501,1,1
2023HU1203329,3,501,1,1
2023HU1203332,1,175,3,1
2023HU1203332,2,175,3,1
2023HU1204018,1,501,3,1
2023HU1204018,2,501,3,1
2023HU1204512,1,501,3,1
2023HU1204550,1,501,2,1
2023HU1204550,2,501,2,1
2023HU1204550,3,501,2,1
2023HU1204756,1,0,3,1
2023HU1205101,1,76,3,1
2023HU1205139,1,501,3,1
2023HU1205855,1,501,1,1
2023HU1205855,2,501,1,1
2023HU1205873,1,292,3,1
2023HU1205873,2,292,3,1
2023HU1206072,1,390,3,1
2023HU1206072,2,390,3,1
2023HU1206072,3,390,3,1
2023HU1207859,1,501,2,1
2023HU1207859,2,501,2,1
2023HU1208195,1,0,2,1
2023HU1208195,2,120,2,1
2023HU1208272,1,134,2,1
2023HU1208272,2,156,2,1
2023HU1208313,1,82,3,1
2023HU1208313,2,31,3,1
2023HU1208313,3,153,3,1
2023HU1208313,4,96,3,1
2023HU1208728,1,501,1,1
2023HU1208728,2,501,1,1
2023HU1208728,3,501,1,1
2023HU1208728,4,501,1,1
2023HU1208728,5,501,1,1
2023HU1209072,1,0,1,1
2023HU1209072,2,0,1,1
2023HU1209072,3,0,1,1
2023HU1209243,1,501,3,1
2023HU1209642,1,501,3,1
2023HU1209900,1,152,1,1
2023HU1209900,2,152,1,1
2023HU1209900,3,152,1,1
2023HU1209900,4,152,1,1
2023HU1209900,5,152,1,1
2023HU1209900,6,152,1,1
2023HU1209900,7,152,1,1
2023HU1209900,8,152,1,1
2023HU1210016,1,440,3,1
2023HU1210487,1,501,1,1
2023HU1210771,1,312,3,1
2023HU1210771,2,312,3,1
2023HU1210771,3,312,3,1
2023HU1211093,1,304,3,1
2023HU1211093,2,304,3,1
2023HU1211431,1,332,2,1
2023HU1211431,2,332,2,1
2023HU1211431,3,332,2,1
2023HU1211431,4,332,2,1
2023HU1211804,1,0,3,1
2023HU1211999,1,501,1,1
2023HU1213338,1,352,2,1
2023HU1213338,2,352,2,1
2023HU1213338,3,352,2,1
2023HU1213619,1,207,2,1
2023HU1213656,1,501,3,1
2023HU1213656,2,235,3,1
2023HU1213656,3,76,3,1
2023HU1213656,4,501,3,1
2023HU1213656,5,159,3,1
2023HU1213656,6,25,3,1
2023HU1214660,1,501,3,1
2023HU1214660,2,501,3,1
2023HU1214696,1,501,4,1
2023HU1214696,2,501,4,1
2023HU1214696,3,501,4,1
2023HU1214696,4,501,4,1
2023HU1215029,1,501,3,1
2023HU1215029,2,501,3,1
2023HU1215246,1,501,3,1
2023HU1215246,2,501,3,1
2023HU1215246,3,501,3,1
2023HU1215489,1,501,3,1
2023HU1216052,1,258,3,1
2023HU1216052,2,54,3,1
2023HU1216484,1,264,3,1
2023HU1216484,2,264,3,1
2023HU1216513,1,501,1,1
2023HU1216745,1,408,3,1
2023HU1216828,1,501,2,1
2023HU1216828,2,501,2,1
2023HU1217151,1,170,3,1
2023HU1217222,1,371,3,1
2023HU1217222,2,371,3,1
2023HU1217668,1,390,1,1
2023HU1217668,2,390,1,1
2023HU1217668,3,390,1,1
2023HU1217668,4,390,1,1
2023HU1217668,5,390,1,1
2023HU1217692,1,501,1,1
2023HU1217980,1,501,3,1
2023HU1217980,2,501,3,1
2023HU1217980,3,501,3,1
2023HU1217986,1,501,3,1
2023HU1218045,1,249,3,1
2023HU1218045,2,249,3,1
2023HU1218045,3,249,3,1
2023HU1218346,1,501,1,1
2023HU1218346,2,501,1,1
2023HU1218494,1,0,3,1
2023HU1218494,2,501,3,1
2023HU1218978,1,501,2,1
2023HU1218978,2,501,2,1
2023HU1220289,1,96,2,1
2023HU1220561,1,118,3,1
2023HU1220561,2,118,3,1
2023HU1220561,3,118,3,1
2023HU1220570,1,501,2,1
2023HU1220570,2,501,2,1
2023HU1220570,3,501,2,1
2023HU1220953,1,501,1,1
2023HU1220953,2,501,1,1
2023HU1221088,1,367,3,1
2023HU1221465,1,501,1,1
2023HU1221583,1,501,3,1
2023HU1221583,2,501,3,1
2023HU1221899,1,200,3,1
2023HU1222286,1,501,1,1
2023HU1222722,1,501,2,1
2023HU1222785,1,501,3,1
2023HU1222785,2,501,3,1
2023HU1223015,1,182,3,1
2023HU1223094,1,501,3,1
2023HU1223187,1,459,3,1
2023HU1223277,1,501,3,1
2023HU1223277,2,501,3,1
2023HU1223277,3,501,3,1
2023HU1223357,1,501,1,1
2023HU1223357,2,501,1,1
2023HU1223357,3,501,1,1
2023HU1223357,4,501,1,1
2023HU1223357,5,501,1,1
2023HU1223357,6,501,1,1
2023HU1223799,1,501,1,1
2023HU1223799,2,501,1,1
2023HU1223799,3,501,1,1
2023HU1224039,1,501,1,1
2023HU1224039,2,501,1,1
2023HU1224204,1,501,2,1
2023HU1224204,2,501,2,1
2023HU1224204,3,501,2,1
2023HU1224591,1,11,3,1
2023HU1224591,2,11,3,1
2023HU1225256,1,155,3,1
2023HU1225256,2,155,3,1
2023HU1225272,1,501,3,1
2023HU1225272,2,501,3,1
2023HU1225377,1,161,3,1
2023HU1225377,2,220,3,1
2023HU1225546,1,476,2,1
2023HU1225546,2,476,2,1
2023HU1226470,1,501,3,1
2023HU1226470,2,501,3,1
2023HU1226470,3,501,3,1
2023HU1226820,1,501,3,1
2023HU1226820,2,52,3,1
2023HU1227395,1,445,3,1
2023HU1227996,1,91,3,1
2023HU1228246,1,501,3,1
2023HU1228246,2,501,3,1
2023HU1228246,3,501,3,1
2023HU1228277,1,501,3,1
2023HU1228277,2,98,3,1
2023HU1228641,1,127,3,1
2023HU1229676,1,161,4,1
2023HU1230016,1,501,3,1
2023HU1230016,2,501,3,1
2023HU1230016,3,501,3,1
2023HU1230203,1,501,1,1
2023HU1230203,2,501,1,1
2023HU1230203,3,501,1,1
2023HU1230203,4,501,1,1
2023HU1230203,5,501,1,1
2023HU1230366,1,446,3,1
2023HU1230366,2,446,3,1
2023HU1231358,1,74,2,1
2023HU1232306,1,501,3,1
2023HU1232306,2,501,3,1
2023HU1232306,3,501,3,1
2023HU1232306,4,501,3,1
2023HU1232402,1,501,1,1
2023HU1232402,2,0,1,1
2023HU1232580,1,184,3,1
2023HU1233608,1,501,3,1
2023HU1233630,1,418,3,1
2023HU1233918,1,501,1,1
2023HU1233918,2,256,1,1
2023HU1233918,3,32,1,1
2023HU1234044,1,338,3,1
2023HU1234904,1,501,1,1
2023HU1234904,2,501,1,1
2023HU1234904,3,501,1,1
2023HU1234904,4,501,1,1
2023HU1234950,1,236,3,1
2023HU1234950,2,236,3,1
2023HU1234950,3,236,3,1
2023HU1234950,4,236,3,1
2023HU1234950,5,236,3,1
2023HU1235822,1,501,3,1
2023HU1235958,1,501,3,1
2023HU1235958,2,295,3,1
2023HU1236015,1,501,1,1
2023HU1236015,2,501,1,1
2023HU1236332,1,501,1,1
2023HU1236332,2,501,1,1
2023HU1236332,3,501,1,1
2023HU1236332,4,501,1,1
2023HU1236332,5,501,1,1
2023HU1236695,1,501,3,1
2023HU1236695,2,419,3,1
2023HU1237061,1,501,1,1
2023HU1237146,1,72,2,1
2023HU1237640,1,501,3,1
2023HU1239772,1,501,1,1
2023HU1239772,2,501,1,1
2023HU1240218,1,501,1,1
2023HU1240218,2,501,1,1
2023HU1240218,3,501,1,1
2023HU1240218,4,501,1,1
2023HU1240255,1,501,3,1
2023HU1240255,2,501,3,1
2023HU1240379,1,501,3,1
2023HU1240379,2,501,3,1
2023HU1240379,3,501,3,1
2023HU1240379,4,501,3,1
2023HU1240394,1,49,1,1
2023HU1240394,2,49,1,1
2023HU1240451,1,501,1,1
2023HU1240451,2,501,1,1
2023HU1240653,1,501,3,1
2023HU1240653,2,486,3,1
2023HU1241015,1,89,3,1
2023HU1241015,2,89,3,1
2023HU1241362,1,501,3,1
2023HU1241734,1,501,2,1
2023HU1241866,1,501,1,1
2023HU1241866,2,501,1,1
2023HU1242257,1,165,2,1
2023HU1242455,1,85,3,1
2023HU1242951,1,83,2,1
2023HU1243201,1,263,3,1
2023HU1243201,2,379,3,1
2023HU1243201,3,411,3,1
2023HU1243303,1,501,3,1
2023HU1243647,1,501,2,1
2023HU1243647,2,501,2,1
2023HU1243693,1,121,3,1
2023HU1243693,2,121,3,1
2023HU1244079,1,407,3,1
2023HU1245501,1,501,3,1
2023HU1245592,1,501,1,1
2023HU1245664,1,119,3,1
2023HU1245664,2,119,3,1
2023HU1245985,1,501,2,1
2023HU1245985,2,501,2,1
2023HU1245985,3,501,2,1
2023HU1246158,1,0,3,1
2023HU1246270,1,501,3,1
2023HU1246636,1,501,3,1
2023HU1247245,1,501,1,1
2023HU1247245,2,501,1,1
2023HU1247245,3,501,1,1
2023HU1247580,1,501,3,1
2023HU1247660,1,237,3,1
2023HU1247660,2,237,3,1
2023HU1247757,1,501,1,1
2023HU1247757,2,501,1,1
2023HU1247757,3,501,1,1
2023HU1247757,4,501,1,1
2023HU1248676,1,501,3,1
2023HU1248676,2,501,3,1
2023HU1249322,1,206,3,1
2023HU1249439,1,501,1,1
2023HU1249439,2,501,1,1
2023HU1249439,3,501,1,1
2023HU1249439,4,501,1,1
2023HU1249439,5,492,1,1
2023HU1249439,6,501,1,1
2023HU1249768,1,406,1,1
2023HU1249768,2,406,1,1
2023HU1250444,1,260,3,1
2023HU1250444,2,501,3,1
2023HU1250487,1,501,3,1
2023HU1250487,2,501,3,1
2023HU1250487,3,501,3,1
2023HU1250487,4,,3,1
2023HU1250781,1,501,3,1
2023HU1251533,1,501,3,1
2023HU1251533,2,501,3,1
2023HU1251533,3,501,3,1
2023HU1252543,1,501,3,1
2023HU1252543,2,501,3,1
2023HU1252543,3,501,3,1
2023HU1252543,4,501,3,1
2023HU1252713,1,501,1,1
2023HU1252713,2,501,1,1
2023HU1252713,3,501,1,1
2023HU1252713,4,501,1,1
2023HU1253333,1,392,1,1
2023HU1253333,2,392,1,1
2023HU1253333,3,392,1,1
2023HU1253333,4,392,1,1
2023HU1253965,1,489,2,1
2023HU1253965,2,489,2,1
2023HU1254085,1,0,3,1
2023HU1254267,1,501,3,1
2023HU1254267,2,501,3,1
2023HU1254267,3,501,3,1
2023HU1254267,4,501,3,1
2023HU1255152,1,501,1,1
2023HU1255152,2,501,1,1
2023HU1255152,3,501,1,1
2023HU1255152,4,501,1,1
2023HU1255939,1,501,1,1
2023HU1255939,2,501,1,1
2023HU1255939,3,75,1,1
2023HU1255939,4,,1,1
2023HU1255983,1,501,1,1
2023HU1255983,2,501,1,1
2023HU1256084,1,501,3,1
2023HU1256084,2,342,3,1
2023HU1256748,1,338,2,1
2023HU1257146,1,501,3,1
2023HU1257146,2,501,3,1
2023HU1257146,3,501,3,1
2023HU1257169,1,501,3,1
2023HU1257169,2,501,3,1
2023HU1257625,1,90,3,1
2023HU1257625,2,90,3,1
2023HU1257625,3,90,3,1
2023HU1258721,1,501,1,1
2023HU1258721,2,501,1,1
2023HU1258721,3,501,1,1
2023HU1258730,1,171,2,1
2023HU1258730,2,171,2,1
2023HU1258730,3,171,2,1
2023HU1260077,1,501,3,1
2023HU1260077,2,348,3,1
2023HU1260367,1,501,1,1
2023HU1260367,2,501,1,1
2023HU1260367,3,501,1,1
2023HU1260367,4,501,1,1
2023HU1260413,1,501,1,1
2023HU1260413,2,501,1,1
2023HU1260413,3,501,1,1
2023HU1260747,1,501,1,1
2023HU1260747,2,501,1,1
2023HU1261090,1,342,1,1
2023HU1261090,2,342,1,1
2023HU1262016,1,501,3,1
2023HU1262016,2,501,3,1
2023HU1262103,1,161,3,1
2023HU1262103,2,161,3,1
2023HU1262103,3,161,3,1
2023HU1262103,4,161,3,1
2023HU1262103,5,161,3,1
2023HU1262495,1,498,1,1
2023HU1262495,2,498,1,1
2023HU1262495,3,498,1,1
2023HU1262545,1,501,3,1
2023HU1262545,2,501,3,1
2023HU1262737,1,501,3,1
2023HU1262965,1,501,2,1
2023HU1262965,2,501,2,1
2023HU1263097,1,501,3,1
2023HU1263150,1,486,3,1
2023HU1263150,2,486,3,1
2023HU1263150,3,486,3,1
2023HU1263150,4,486,3,1
2023HU1263150,5,486,3,1
2023HU1263804,1,387,1,1
2023HU1263804,2,387,1,1
2023HU1263851,1,501,3,1
2023HU1263851,2,501,3,1
2023HU1263851,3,501,3,1
2023HU1263851,4,312,3,1
2023HU1264009,1,501,3,1
2023HU1264009,2,0,3,1
2023HU1264079,1,501,2,1
2023HU1264079,2,501,2,1
2023HU1264079,3,501,2,1
2023HU1264079,4,501,2,1
2023HU1264377,1,501,2,1
2023HU1264509,1,262,1,1
2023HU1265167,1,325,3,1
2023HU1265198,1,151,3,1
2023HU1265198,2,151,3,1
2023HU1265198,3,151,3,1
2023HU1265198,4,343,3,1
2023HU1265373,1,501,1,1
2023HU1265980,1,501,3,1
2023HU1266090,1,63,4,1
2023HU1266090,2,63,4,1
2023HU1266090,3,113,4,1
2023HU1266102,1,501,3,1
2023HU1266291,1,316,1,1
2023HU1266291,2,501,1,1
2023HU1267195,1,501,2,1
2023HU1267195,2,501,2,1
2023HU1267496,1,419,1,1
2023HU1267496,2,419,1,1
2023HU1267568,1,501,1,1
2023HU1267568,2,501,1,1
2023HU1267568,3,501,1,1
2023HU1267823,1,388,3,1
2023HU1267823,2,357,3,1
2023HU1268410,1,501,1,1
2023HU1268410,2,501,1,1
2023HU1268570,1,12,4,1
2023HU1268926,1,501,1,1
2023HU1268926,2,501,1,1
2023HU1268926,3,501,1,1
2023HU1268926,4,501,1,1
2023HU1268926,5,501,1,1
2023HU1268926,6,501,1,1
2023HU1268926,7,501,1,1
2023HU1268926,8,501,1,1
2023HU1268926,9,501,1,1
2023HU1269012,1,501,3,1
2023HU1269012,2,501,3,1
2023HU1269525,1,109,3,1
2023HU1269965,1,501,2,1
2023HU1269965,2,501,2,1
2023HU1269965,3,501,2,1
2023HU1269965,4,501,2,1
2023HU1269965,5,501,2,1
2023HU1270520,1,309,1,1
2023HU1270520,2,309,1,1
2023HU1270768,1,295,3,1
2023HU1270922,1,501,3,1
2023HU1270922,2,501,3,1
2023HU1270926,1,501,1,1
2023HU1270926,2,501,1,1
2023HU1270926,3,501,1,1
2023HU1271274,1,87,3,1
2023HU1271292,1,179,3,1
2023HU1271354,1,0,3,1
2023HU1271354,2,0,3,1
2023HU1271354,3,0,3,1
2023HU1271443,1,501,1,1
2023HU1271443,2,501,1,1
2023HU1272077,1,501,3,1
2023HU1272077,2,501,3,1
2023HU1272077,3,501,3,1
2023HU1272115,1,501,3,1
2023HU1272115,2,501,3,1
2023HU1272813,1,501,3,1
2023HU1272813,2,501,3,1
2023HU1273754,1,501,3,1
2023HU1273971,1,501,1,1
2023HU1273971,2,501,1,1
2023HU1274255,1,501,2,1
2023HU1274255,2,501,2,1
2023HU1274355,1,188,3,1
2023HU1274355,2,188,3,1
2023HU1274355,3,188,3,1
2023HU1274355,4,188,3,1
2023HU1274788,1,501,2,1
2023HU1274788,2,501,2,1
2023HU1274788,3,501,2,1
2023HU1274788,4,501,2,1
2023HU1275076,1,61,2,1
2023HU1275076,2,61,2,1
2023HU1275185,1,102,3,1
2023HU1275185,2,102,3,1
2023HU1275185,3,102,3,1
2023HU1275185,4,102,3,1
2023HU1275185,5,102,3,1
2023HU1276035,1,238,2,1
2023HU1276035,2,238,2,1
2023HU1276108,1,501,3,1
2023HU1276193,1,312,3,1
2023HU1276193,2,379,3,1
2023HU1277062,1,501,1,1
2023HU1277062,2,501,1,1
2023HU1277115,1,227,3,1
2023HU1277131,1,501,3,1
2023HU1277131,2,501,3,1
2023HU1277131,3,456,3,1
2023HU1277372,1,254,3,1
2023HU1277912,1,501,1,1
2023HU1277912,2,501,1,1
2023HU1277912,3,501,1,1
2023HU1278013,1,386,3,1
2023HU1279085,1,501,1,1
2023HU1279085,2,501,1,1
2023HU1279085,3,501,1,1
2023HU1279085,4,501,1,1
2023HU1279085,5,501,1,1
2023HU1279317,1,186,3,1
2023HU1279425,1,250,2,1
2023HU1279934,1,501,1,1
2023HU1279934,2,501,1,1
2023HU1279934,3,501,1,1
2023HU1279934,4,501,1,1
2023HU1279988,1,501,3,1
2023HU1280831,1,501,1,1
2023HU1280831,2,501,1,1
2023HU1280918,1,221,2,1
2023HU1280946,1,501,3,1
2023HU1280946,2,501,3,1
2023HU1281923,1,3,3,1
2023HU1282069,1,501,1,1
2023HU1282069,2,501,1,1
2023HU1282107,1,56,3,1
2023HU1282107,2,56,3,1
2023HU1282625,1,331,3,1
2023HU1282625,2,322,3,1
2023HU1283657,1,501,1,1
2023HU1283657,2,501,1,1
2023HU1284096,1,361,3,1
2023HU1284096,2,361,3,1
2023HU1284220,1,487,3,1
2023HU1284220,2,487,3,1
2023HU1286136,1,294,1,1
2023HU1286136,2,294,1,1
2023HU1286136,3,294,1,1
2023HU1286136,4,294,1,1
2023HU1286136,5,294,1,1
2023HU1286658,1,0,1,1
2023HU1288539,1,196,3,1
2023HU1288539,2,392,3,1
2023HU1288539,3,261,3,1
2023HU1288562,1,501,1,1
2023HU1288583,1,388,3,1
2023HU1288687,1,273,2,1
2023HU1288687,2,273,2,1
2023HU1289591,1,447,3,1
2023HU1289774,1,501,1,1
2023HU1289774,2,501,1,1
2023HU1289774,3,501,1,1
2023HU1290169,1,501,3,1
2023HU1290190,1,501,3,1
2023HU1290986,1,501,3,1
2023HU1290986,2,44,3,1
2023HU1291127,1,96,3,1
2023HU1292301,1,186,3,1
2023HU1292301,2,186,3,1
2023HU1292301,3,186,3,1
2023HU1292301,4,186,3,1
2023HU1292301,5,186,3,1
2023HU1292894,1,501,2,1
2023HU1292894,2,501,2,1
2023HU1292894,3,501,2,1
2023HU1293127,1,501,3,1
2023HU1293397,1,501,1,1
2023HU1293397,2,501,1,1
2023HU1293397,3,501,1,1
2023HU1295475,1,501,1,1
2023HU1295475,2,501,1,1
2023HU1295671,1,464,3,1
2023HU1295683,1,501,1,1
2023HU1295683,2,501,1,1
2023HU1297352,1,501,3,1
2023HU1297352,2,501,3,1
2023HU1297352,3,0,3,1
2023HU1297392,1,501,2,1
2023HU1297392,2,241,2,1
2023HU1297831,1,501,1,1
2023HU1298604,1,501,2,1
2023HU1298604,2,501,2,1
2023HU1298604,3,501,2,1
2023HU1298640,1,320,1,1
2023HU1298640,2,320,1,1
2023HU1298902,1,501,2,1
2023HU1299002,1,501,1,1
2023HU1299002,2,501,1,1
2023HU1299002,3,501,1,1
2023HU1299387,1,186,3,1
2023HU1299387,2,186,3,1
2023HU1300301,1,501,3,1
2023HU1300301,2,258,3,1
2023HU1301449,1,501,1,1
2023HU1301449,2,501,1,1
2023HU1301449,3,501,1,1
2023HU1301778,1,0,3,1
2023HU1302891,1,501,1,1
2023HU1302891,2,501,1,1
2023HU1304102,1,501,1,1
2023HU1304102,2,501,1,1
2023HU1304102,3,501,1,1
2023HU1304260,1,501,1,1
2023HU1304787,1,501,2,1
2023HU1304787,2,501,2,1
2023HU1305434,1,501,3,1
2023HU1306040,1,411,3,1
2023HU1306040,2,411,3,1
2023HU1306488,1,273,3,1
2023HU1306488,2,422,3,1
2023HU1306488,3,273,3,1
2023HU1306488,4,273,3,1
2023HU1306753,1,117,4,1
2023HU1306753,2,235,4,1
2023HU1306753,3,65,4,1
2023HU1306753,4,137,4,1
2023HU1306753,5,137,4,1
2023HU1306753,6,6,4,1
2023HU1306753,7,52,4,1
2023HU1306753,8,261,4,1
2023HU1306753,9,261,4,1
2023HU1306993,1,501,3,1
2023HU1307128,1,501,3,1
2023HU1308036,1,501,2,1
2023HU1308054,1,71,1,1
2023HU1308054,2,71,1,1
2023HU1308125,1,85,3,1
2023HU1308125,2,85,3,1
2023HU1308152,1,501,3,1
2023HU1308152,2,501,3,1
2023HU1308902,1,501,2,1
2023HU1308902,2,501,2,1
2023HU1308969,1,501,1,1
2023HU1308969,2,501,1,1
2023HU1308969,3,501,1,1
2023HU1309683,1,198,3,1
2023HU1309683,2,198,3,1
2023HU1309683,3,198,3,1
2023HU1310249,1,501,3,1
2023HU1310249,2,501,3,1
2023HU1311000,1,308,3,1
2023HU1311335,1,127,2,1
2023HU1312169,1,501,1,1
2023HU1312169,2,501,1,1
2023HU1312169,3,501,1,1
2023HU1312169,4,501,1,1
2023HU1312169,5,96,1,1
2023HU1312216,1,501,2,1
2023HU1312277,1,501,3,1
2023HU1312483,1,261,3,1
2023HU1312991,1,501,1,1
2023HU1313031,1,269,2,1
2023HU1314207,1,83,3,1
2023HU1314260,1,6,3,1
2023HU1314593,1,501,2,1
2023HU1314593,2,501,2,1
2023HU1314598,1,12,4,1
2023HU1314720,1,501,2,1
2023HU1314720,2,501,2,1
2023HU1315684,1,0,4,1
2023HU1315965,1,501,1,1
2023HU1316378,1,379,1,1
2023HU1316844,1,501,1,1
2023HU1316844,2,501,1,1
2023HU1316844,3,501,1,1
2023HU1317074,1,144,1,1
2023HU1317074,2,144,1,1
2023HU1317684,1,96,3,1
2023HU1317910,1,31,3,1
2023HU1317910,2,17,3,1
2023HU1317981,1,501,3,1
2023HU1317981,2,501,3,1
2023HU1318551,1,501,2,1
2023HU1318551,2,501,2,1
2023HU1319016,1,0,3,1
2023HU1319016,2,0,3,1
2023HU1319634,1,501,1,1
2023HU1319634,2,501,1,1
2023HU1320128,1,501,2,1
2023HU1320128,2,501,2,1
2023HU1320596,1,501,3,1
2023HU1321729,1,501,1,1
2023HU1321729,2,501,1,1
2023HU1321729,3,501,1,1
2023HU1321729,4,501,1,1
2023HU1322069,1,445,2,1
2023HU1322069,2,445,2,1
2023HU1322936,1,501,3,1
2023HU1322936,2,139,3,1
2023HU1322936,3,501,3,1
2023HU1322936,4,501,3,1
2023HU1323019,1,59,3,1
2023HU1323019,2,62,3,1
2023HU1323019,3,8,3,1
2023HU1323019,4,5,3,1
2023HU1323426,1,165,3,1
2023HU1324022,1,501,1,1
2023HU1324022,2,501,1,1
2023HU1324625,1,501,3,1
2023HU1324625,2,501,3,1
2023HU1325040,1,501,3,1
2023HU1325158,1,501,3,1
2023HU1325158,2,501,3,1
2023HU1325158,3,501,3,1
2023HU1325210,1,501,3,1
2023HU1325210,2,501,3,1
2023HU1325706,1,501,1,1
2023HU1325706,2,501,1,1
2023HU1325706,3,501,1,1
2023HU1325706,4,501,1,1
2023HU1325706,5,501,1,1
2023HU1325937,1,501,1,1
2023HU1325937,2,501,1,1
2023HU1325937,3,501,1,1
2023HU1325937,4,501,1,1
2023HU1326412,1,501,1,1
2023HU1326412,2,501,1,1
2023HU1326412,3,501,1,1
2023HU1326436,1,501,1,1
2023HU1326436,2,501,1,1
2023HU1326716,1,228,3,1
2023HU1327026,1,501,1,1
2023HU1327084,1,501,3,1
2023HU1327133,1,81,3,1
2023HU1327133,2,81,3,1
2023HU1327133,3,81,3,1
2023HU1327133,4,81,3,1
2023HU1327453,1,501,2,1
2023HU1327553,1,501,1,1
2023HU1327553,2,501,1,1
2023HU1327553,3,501,1,1
2023HU1328372,1,501,3,1
2023HU1328372,2,501,3,1
2023HU1328413,1,501,3,1
2023HU1328413,2,501,3,1
2023HU1329083,1,501,3,1
2023HU1329083,2,501,3,1
2023HU1330481,1,501,2,1
2023HU1330481,2,501,2,1
2023HU1330649,1,323,3,1
2023HU1330855,1,492,3,1
2023HU1330855,2,0,3,1
2023HU1331043,1,501,1,1
2023HU1331264,1,501,2,1
2023HU1331264,2,501,2,1
2023HU1331301,1,501,3,1
2023HU1331301,2,501,3,1
2023HU1331496,1,501,3,1
2023HU1332025,1,283,2,1
2023HU1332025,2,283,2,1
2023HU1333080,1,121,3,1
2023HU1333174,1,380,3,1
2023HU1333503,1,501,3,1
2023HU1333800,1,501,2,1
2023HU1333800,2,501,2,1
2023HU1334036,1,501,3,1
2023HU1334036,2,501,3,1
2023HU1334089,1,421,3,1
2023HU1334136,1,501,2,1
2023HU1334834,1,501,3,1
2023HU1334834,2,501,3,1
2023HU1335594,1,501,3,1
2023HU1335623,1,38,3,1
2023HU1335623,2,383,3,1
2023HU1336061,1,501,1,1
2023HU1336061,2,501,1,1
2023HU1336061,3,501,1,1
2023HU1336061,4,501,1,1
2023HU1336212,1,412,3,1
2023HU1336212,2,367,3,1
2023HU1336351,1,257,1,1
2023HU1336351,2,257,1,1
2023HU1336605,1,501,3,1
2023HU1337030,1,8,2,1
2023HU1337030,2,8,2,1
2023HU1337070,1,501,2,1
2023HU1337626,1,501,3,1
2023HU1337809,1,67,3,1
2023HU1337809,2,67,3,1
2023HU1338108,1,487,3,1
2023HU1338957,1,501,3,1
2023HU1339496,1,249,3,1
2023HU1339974,1,0,3,1
2023HU1340416,1,501,3,1
2023HU1340572,1,501,2,1
2023HU1340572,2,501,2,1
2023HU1340906,1,431,2,1
2023HU1340906,2,431,2,1
2023HU1340906,3,431,2,1
2023HU1340906,4,31,2,1
2023HU1341003,1,501,3,1
2023HU1341003,2,501,3,1
2023HU1341907,1,501,3,1
2023HU1342799,1,491,3,1
2023HU1342799,2,501,3,1
2023HU1342906,1,283,3,1
2023HU1343029,1,27,1,1
2023HU1343247,1,1,3,1
2023HU1343247,2,445,3,1
2023HU1343474,1,501,3,1
2023HU1343603,1,501,3,1
2023HU1343603,2,98,3,1
2023HU1343603,3,326,3,1
2023HU1343603,4,228,3,1
2023HU1344393,1,501,1,1
2023HU1344393,2,501,1,1
2023HU1344393,3,501,1,1
2023HU1344610,1,0,3,1
2023HU1344610,2,0,3,1
2023HU1345695,1,501,3,1
2023HU1345695,2,501,3,1
2023HU1346374,1,0,2,1
2023HU1348465,1,81,3,1
2023HU1348465,2,81,3,1
2023HU1349148,1,501,3,1
2023HU1349148,2,501,3,1
2023HU1349759,1,501,1,1
2023HU1349759,2,501,1,1
2023HU1349759,3,501,1,1
2023HU1349759,4,501,1,1
2023HU1350491,1,501,3,1
2023HU1350491,2,501,3,1
2023HU1351270,1,193,1,1
2023HU1351270,2,193,1,1
2023HU1351270,3,193,1,1
2023HU1351270,4,193,1,1
2023HU1351270,5,193,1,1
2023HU1351311,1,501,2,1
2023HU1351311,2,501,2,1
2023HU1351872,1,501,3,1
2023HU1351872,2,159,3,1
2023HU1351872,3,146,3,1
2023HU1351872,4,179,3,1
2023HU1352263,1,20,3,1
2023HU1353319,1,501,1,1
2023HU1353703,1,501,3,1
2023HU1353771,1,501,3,1
2023HU1353797,1,357,3,1
2023HU1354435,1,228,3,1
2023HU1354687,1,501,1,1
2023HU1355178,1,57,3,1
2023HU1355670,1,501,1,1
2023HU1355670,2,501,1,1
2023HU1355670,3,501,1,1
2023HU1355670,4,501,1,1
2023HU1356393,1,501,1,1
2023HU1357825,1,159,3,1
2023HU1358075,1,413,3,1
2023HU1358075,2,413,3,1
2023HU1358075,3,413,3,1
2023HU1358101,1,330,3,1
2023HU1358101,2,349,3,1
2023HU1358109,1,347,2,1
2023HU1358109,2,97,2,1
2023HU1358437,1,501,3,1
2023HU1358437,2,501,3,1
2023HU1358628,1,501,1,1
2023HU1358726,1,501,2,1
2023HU1358726,2,501,2,1
2023HU1359151,1,244,3,1
2023HU1359151,2,274,3,1
2023HU1359151,3,244,3,1
2023HU1359151,4,244,3,1
2023HU1359151,5,244,3,1
2023HU1359151,6,244,3,1
2023HU1359151,7,244,3,1
2023HU1359151,8,85,3,1
2023HU1359211,1,492,1,1
2023HU1359597,1,501,3,1
2023HU1359597,2,501,3,1
2023HU1359688,1,362,3,1
2023HU1359873,1,501,3,1
2023HU1360656,1,501,1,1
2023HU1360656,2,501,1,1
2023HU1360687,1,459,3,1
2023HU1362068,1,501,2,1
2023HU1362068,2,501,2,1
2023HU1362068,3,501,2,1
2023HU1362196,1,501,3,1
2023HU1362196,2,501,3,1
2023HU1362454,1,501,1,1
2023HU1362454,2,501,1,1
2023HU1362454,3,501,1,1
2023HU1362485,1,501,1,1
2023HU1362485,2,501,1,1
2023HU1362485,3,501,1,1
2023HU1362485,4,501,1,1
2023HU1362544,1,501,3,1
2023HU1362723,1,501,2,1
2023HU1363148,1,501,1,1
2023HU1363148,2,501,1,1
2023HU1363148,3,501,1,1
2023HU1363320,1,501,3,1
2023HU1363320,2,501,3,1
2023HU1363530,1,501,3,1
2023HU1363530,2,424,3,1
2023HU1364217,1,28,3,1
2023HU1364461,1,268,1,1
2023HU1364604,1,501,2,1
2023HU1364604,2,501,2,1
2023HU1364604,3,501,2,1
2023HU1364604,4,501,2,1
2023HU1364732,1,181,3,1
2023HU1364732,2,181,3,1
2023HU1364732,3,181,3,1
2023HU1364915,1,501,3,1
2023HU1364915,2,501,3,1
2023HU1365436,1,501,2,1
2023HU1365436,2,501,2,1
2023HU1366167,1,501,4,1
2023HU1367970,1,501,1,1
2023HU1367970,2,501,1,1
2023HU1368116,1,298,4,1
2023HU1368116,2,298,4,1
2023HU1368274,1,501,1,1
2023HU1368274,2,501,1,1
2023HU1369325,1,173,3,1
2023HU1369438,1,501,2,1
2023HU1369438,2,501,2,1
2023HU1369648,1,444,3,1
2023HU1371378,1,501,1,1
2023HU1371378,2,501,1,1
2023HU1371378,3,501,1,1
2023HU1372706,1,312,3,1
2023HU1372879,1,501,3,1
2023HU1373375,1,453,2,1
2023HU1373375,2,453,2,1
2023HU1373609,1,189,3,1
2023HU1374401,1,119,3,1
2023HU1374736,1,501,3,1
2023HU1374736,2,501,3,1
2023HU1374804,1,78,3,1
2023HU1375029,1,501,1,1
2023HU1375552,1,501,3,1
2023HU1375552,2,492,3,1
2023HU1375862,1,501,3,1
2023HU1375862,2,501,3,1
2023HU1376108,1,501,3,1
2023HU1376108,2,501,3,1
2023HU1376449,1,501,1,1
2023HU1376449,2,501,1,1
2023HU1377149,1,501,3,1
2023HU1377149,2,501,3,1
2023HU1377354,1,501,1,1
2023HU1377354,2,501,1,1
2023HU1377376,1,458,3,1
2023HU1377688,1,501,3,1
2023HU1378373,1,501,2,1
2023HU1378960,1,501,3,1
2023HU1378997,1,501,1,1
2023HU1378997,2,501,1,1
2023HU1378997,3,501,1,1
2023HU1379361,1,501,3,1
2023HU1379361,2,501,3,1
2023HU1379726,1,14,3,1
2023HU1379801,1,157,3,1
2023HU1379801,2,157,3,1
2023HU1380187,1,64,3,1
2023HU1380187,2,64,3,1
2023HU1380253,1,501,3,1
2023HU1380377,1,390,2,1
2023HU1380377,2,390,2,1
2023HU1380420,1,501,1,1
2023HU1380869,1,95,3,1
2023HU1380876,1,87,2,1
2023HU1380876,2,501,2,1
2023HU1381219,1,181,1,1
2023HU1381219,2,181,1,1
2023HU1381258,1,501,3,1
2023HU1381258,2,501,3,1
2023HU1382012,1,501,3,1
2023HU1382012,2,501,3,1
2023HU1382299,1,501,1,1
2023HU1382299,2,501,1,1
2023HU1382299,3,501,1,1
2023HU1382299,4,501,1,1
2023HU1383457,1,501,3,1
2023HU1383457,2,501,3,1
2023HU1384092,1,501,3,1
2023HU1384092,2,501,3,1
2023HU1384909,1,501,3,1
2023HU1386036,1,374,3,1
2023HU1386212,1,501,3,1
2023HU1386454,1,501,3,1
2023HU1386454,2,501,3,1
2023HU1386886,1,455,1,1
2023HU1387633,1,190,3,1
2023HU1387771,1,501,3,1
2023HU1387771,2,501,3,1
2023HU1387771,3,501,3,1
2023HU1387802,1,501,1,1
2023HU1387802,2,501,1,1
2023HU1387887,1,501,2,1
2023HU1387887,2,501,2,1
2023HU1387887,3,501,2,1
2023HU1388376,1,192,1,1
2023HU1388376,2,192,1,1
2023HU1389429,1,87,3,1
2023HU1389502,1,501,3,1
2023HU1389502,2,501,3,1
2023HU1389638,1,501,1,1
2023HU1389638,2,501,1,1
2023HU1390138,1,352,1,1
2023HU1390138,2,352,1,1
2023HU1390212,1,461,3,1
2023HU1390212,2,445,3,1
2023HU1390212,3,31,3,1
2023HU1390423,1,163,1,1
2023HU1390423,2,163,1,1
2023HU1390423,3,163,1,1
2023HU1390435,1,305,3,1
2023HU1390808,1,501,2,1
2023HU1391710,1,179,3,1
2023HU1391710,2,179,3,1
2023HU1391759,1,501,1,1
2023HU1391759,2,501,1,1
2023HU1391759,3,501,1,1
2023HU1391852,1,486,1,1
2023HU1391885,1,501,3,1
2023HU1392630,1,501,3,1
2023HU1392630,2,501,3,1
2023HU1392630,3,501,3,1
2023HU1392630,4,492,3,1
2023HU1392725,1,501,1,1
2023HU1392725,2,501,1,1
2023HU1392725,3,501,1,1
2023HU1392827,1,418,3,1
2023HU1392827,2,334,3,1
2023HU1392827,3,321,3,1
2023HU1392961,1,300,3,1
2023HU1392961,2,300,3,1
2023HU1393277,1,313,3,1
2023HU1393759,1,41,3,1
2023HU1393921,1,378,2,1
2023HU1395303,1,501,1,1
2023HU1395303,2,501,1,1
2023HU1395335,1,240,4,1
2023HU1395335,2,240,4,1
2023HU1395335,3,240,4,1
2023HU1395335,4,240,4,1
2023HU1396168,1,114,2,1
2023HU1396876,1,501,1,1
2023HU1397735,1,501,3,1
2023HU1397735,2,501,3,1
2023HU1397735,3,501,3,1
2023HU1398899,1,501,2,1
2023HU1398954,1,55,3,1
2023HU1398954,2,55,3,1
2023HU1399290,1,501,3,1
2023HU1399290,2,501,3,1
2023HU1400217,1,501,2,1
2023HU1400217,2,501,2,1
2023HU1400249,1,43,3,1
2023HU1400249,2,367,3,1
2023HU1401197,1,209,3,1
2023HU1401197,2,209,3,1
2023HU1401197,3,209,3,1
2023HU1401312,1,501,1,1
2023HU1401629,1,501,1,1
2023HU1401629,2,501,1,1
2023HU1401836,1,501,3,1
2023HU1402027,1,501,1,1
2023HU1402027,2,501,1,1
2023HU1402027,3,501,1,1
2023HU1402171,1,501,3,1
2023HU1402511,1,501,1,1
2023HU1402511,2,501,1,1
2023HU1402511,3,501,1,1
2023HU1403677,1,117,2,1
2023HU1403677,2,183,2,1
2023HU1403677,3,0,2,1
2023HU1403677,4,501,2,1
2023HU1403982,1,85,3,1
2023HU1404419,1,65,3,1
2023HU1404668,1,501,3,1
2023HU1405348,1,94,3,1
2023HU1405877,1,345,1,1
2023HU1405877,2,345,1,1
2023HU1405877,3,345,1,1
2023HU1405877,4,345,1,1
2023HU1406129,1,411,3,1
2023HU1406129,2,501,3,1
2023HU1406129,3,501,3,1
2023HU1406129,4,501,3,1
2023HU1406778,1,501,3,1
2023HU1407231,1,322,2,1
2023HU1407231,2,322,2,1
2023HU1407972,1,315,3,1
2023HU1408274,1,501,2,1
2023HU1408762,1,501,1,1
2023HU1409221,1,501,3,1
2023HU1409425,1,501,3,1
2023HU1409529,1,501,3,1
2023HU1409804,1,501,1,1
2023HU1409804,2,501,1,1
2023HU1410904,1,114,1,1
2023HU1411167,1,153,2,1
2023HU1411833,1,501,3,1
2023HU1411833,2,501,3,1
2023HU1411842,1,501,2,1
2023HU1411842,2,501,2,1
2023HU1412349,1,501,3,1
2023HU1412349,2,501,3,1
2023HU1412589,1,501,2,1
2023HU1412589,2,501,2,1
2023HU1412731,1,501,3,1
2023HU1412731,2,501,3,1
2023HU1412731,3,501,3,1
2023HU1412955,1,395,2,1
2023HU1412955,2,501,2,1
2023HU1413013,1,501,1,1
2023HU1413013,2,501,1,1
2023HU1413013,3,501,1,1
2023HU1413338,1,316,3,1
2023HU1413445,1,447,3,1
2023HU1413574,1,411,3,1
2023HU1413574,2,411,3,1
2023HU1413599,1,110,3,1
2023HU1414221,1,225,3,1
2023HU1414221,2,501,3,1
2023HU1414628,1,501,1,1
2023HU1414628,2,501,1,1
2023HU1415170,1,501,2,1
2023HU1415966,1,501,3,1
2023HU1415966,2,501,3,1
2023HU1415966,3,501,3,1
2023HU1415966,4,501,3,1
2023HU1416019,1,501,3,1
2023HU1416019,2,501,3,1
2023HU1416093,1,501,1,1
2023HU1416093,2,501,1,1
2023HU1416093,3,501,1,1
2023HU1416093,4,501,1,1
2023HU1416588,1,100,4,1
2023HU1416714,1,501,3,1
2023HU1417915,1,501,1,1
2023HU1418033,1,501,3,1
2023HU1418033,2,501,3,1
2023HU1418246,1,501,1,1
2023HU1418321,1,501,2,1
2023HU1418321,2,501,2,1
2023HU1418321,3,501,2,1
2023HU1418321,4,189,2,1
2023HU1418455,1,289,2,1
2023HU1421134,1,501,3,1
2023HU1421925,1,501,3,1
2023HU1421925,2,501,3,1
2023HU1421925,3,501,3,1
2023HU1421937,1,462,3,1
2023HU1421937,2,0,3,1
2023HU1421937,3,462,3,1
2023HU1421937,4,462,3,1
2023HU1421937,5,462,3,1
2023HU1421937,6,462,3,1
2023HU1422226,1,501,1,1
2023HU1422226,2,501,1,1
2023HU1422519,1,450,1,1
2023HU1422519,2,450,1,1
2023HU1422653,1,190,3,1
2023HU1422760,1,487,3,1
2023HU1422760,2,501,3,1
2023HU1422760,3,52,3,1
2023HU1422760,4,403,3,1
2023HU1422929,1,237,2,1
2023HU1422929,2,237,2,1
2023HU1423297,1,501,1,1
2023HU1423297,2,501,1,1
2023HU1423791,1,501,1,1
2023HU1423791,2,501,1,1
2023HU1423791,3,501,1,1
2023HU1423903,1,476,3,1
2023HU1424396,1,501,3,1
2023HU1424396,2,501,3,1
2023HU1424396,3,501,3,1
2023HU1425054,1,501,1,1
2023HU1425054,2,501,1,1
2023HU1425054,3,501,1,1
2023HU1425270,1,501,3,1
2023HU1425270,2,501,3,1
2023HU1425489,1,328,1,1
2023HU1426251,1,501,3,1
2023HU1426251,2,501,3,1
2023HU1426251,3,501,3,1
2023HU1426926,1,405,3,1
2023HU1427142,1,501,3,1
2023HU1427514,1,392,2,1
2023HU1427514,2,392,2,1
2023HU1427706,1,501,2,1
2023HU1427706,2,501,2,1
2023HU1427877,1,204,3,1
2023HU1428349,1,501,3,1
2023HU1429516,1,146,3,1
2023HU1430526,1,501,3,1
2023HU1430526,2,501,3,1
2023HU1430741,1,501,1,1
2023HU1430741,2,501,1,1
2023HU1430789,1,501,1,1
2023HU1432628,1,0,1,1
2023HU1433271,1,501,1,1
2023HU1433344,1,501,3,1
2023HU1433344,2,0,3,1
2023HU1433477,1,62,3,1
2023HU1433477,2,62,3,1
2023HU1433484,1,367,3,1
2023HU1433484,2,177,3,1
2023HU1433717,1,501,3,1
2023HU1433717,2,501,3,1
2023HU1434051,1,501,1,1
2023HU1434051,2,501,1,1
2023HU1434151,1,501,3,1
2023HU1434305,1,339,3,1
2023HU1434508,1,501,3,1
2023HU1434735,1,501,3,1
2023HU1434735,2,501,3,1
2023HU1434735,3,501,3,1
2023HU1434748,1,450,1,1
2023HU1434748,2,450,1,1
2023HU1434748,3,450,1,1
2023HU1434748,4,450,1,1
2023HU1434970,1,285,3,1
2023HU1435478,1,76,3,1
2023HU1435666,1,501,3,1
2023HU1435666,2,501,3,1
2023HU1435809,1,228,3,1
2023HU1435809,2,228,3,1
2023HU1435857,1,501,2,1
2023HU1435857,2,501,2,1
2023HU1435857,3,501,2,1
2023HU1435857,4,501,2,1
2023HU1436226,1,323,3,1
2023HU1436226,2,0,3,1
2023HU1436226,3,323,3,1
2023HU1436226,4,323,3,1
2023HU1436226,5,323,3,1
2023HU1436314,1,200,3,1
2023HU1436314,2,200,3,1
2023HU1439410,1,501,3,1
2023HU1439410,2,501,3,1
2023HU1439720,1,458,2,1
2023HU1439897,1,258,3,1
2023HU1439897,2,258,3,1
2023HU1439897,3,258,3,1
2023HU1441393,1,501,1,1
2023HU1441501,1,95,3,1
2023HU1441912,1,408,3,1
2023HU1441953,1,198,2,1
2023HU1441953,2,198,2,1
2023HU1441953,3,198,2,1
2023HU1443016,1,501,3,1
2023HU1443016,2,501,3,1
2023HU1443100,1,0,3,1
2023HU1443590,1,501,1,1
2023HU1443590,2,501,1,1
2023HU1443599,1,501,1,1
2023HU1443599,2,501,1,1
2023HU1443599,3,501,1,1
2023HU1443599,4,501,1,1
2023HU1444361,1,166,2,1
2023HU1444515,1,307,2,1
2023HU1444515,2,307,2,1
2023HU1444515,3,307,2,1
2023HU1444515,4,307,2,1
2023HU1444515,5,307,2,1
2023HU1444515,6,307,2,1
2023HU1444999,1,135,3,1
2023HU1445074,1,76,3,1
2023HU1445074,2,76,3,1
2023HU1445074,3,76,3,1
2023HU1445309,1,227,3,1
2023HU1445309,2,227,3,1
2023HU1445309,3,227,3,1
2023HU1445436,1,501,4,1
2023HU1445601,1,222,3,1
2023HU1445687,1,501,3,1
2023HU1445687,2,501,3,1
2023HU1445734,1,501,2,1
2023HU1445734,2,501,2,1
2023HU1445834,1,161,1,1
2023HU1445834,2,161,1,1
2023HU1445834,3,161,1,1
2023HU1445834,4,161,1,1
2023HU1445834,5,161,1,1
2023HU1445834,6,161,1,1
2023HU1446088,1,77,3,1
2023HU1446126,1,151,1,1
2023HU1446229,1,501,3,1
2023HU1446229,2,501,3,1
2023HU1446357,1,432,3,1
2023HU1446436,1,501,1,1
2023HU1446436,2,501,1,1
2023HU1446436,3,501,1,1
2023HU1446943,1,440,3,1
2023HU1446943,2,501,3,1
2023HU1447114,1,501,3,1
2023HU1447114,2,501,3,1
2023HU1447114,3,501,3,1
2023HU1447114,4,501,3,1
2023HU1447114,5,501,3,1
2023HU1448123,1,153,3,1
2023HU1448663,1,501,2,1
2023HU1448663,2,501,2,1
2023HU1448663,3,501,2,1
2023HU1449032,1,74,3,1
2023HU1449032,2,74,3,1
2023HU1449032,3,74,3,1
2023HU1449401,1,501,2,1
2023HU1449401,2,501,2,1
2023HU1449915,1,0,3,1
2023HU1451428,1,228,3,1
2023HU1451490,1,501,3,1
2023HU1451755,1,197,3,1
2023HU1452279,1,501,1,1
2023HU1452279,2,501,1,1
2023HU1452565,1,132,3,1
2023HU1453128,1,501,2,1
2023HU1453128,2,501,2,1
2023HU1453128,3,501,2,1
2023HU1454630,1,501,1,1
2023HU1454795,1,389,1,1
2023HU1454795,2,389,1,1
2023HU1454795,3,389,1,1
2023HU1454795,4,389,1,1
2023HU1454795,5,389,1,1
2023HU1454795,6,389,1,1
2023HU1454795,7,389,1,1
2023HU1455193,1,501,3,1
2023HU1455193,2,501,3,1
2023HU1455361,1,501,3,1
2023HU1455361,2,501,3,1
2023HU1455361,3,501,3,1
2023HU1455494,1,501,3,1
2023HU1455578,1,501,2,1
2023HU1455578,2,501,2,1
2023HU1456099,1,501,1,1
2023HU1456099,2,501,1,1
2023HU1458301,1,501,1,1
2023HU1458301,2,501,1,1
2023HU1458301,3,501,1,1
2023HU1458706,1,501,3,1
2023HU1458706,2,501,3,1
2023HU1458706,3,501,3,1
2023HU1459173,1,501,3,1
2023HU1459173,2,328,3,1
2023HU1459555,1,501,3,1
2023HU1459555,2,501,3,1
2023HU1459802,1,501,2,1
2023HU1459819,1,254,3,1
2023HU1459819,2,254,3,1
2023HU1459819,3,254,3,1
2023HU1459914,1,501,3,1
