SERIALNO,SPORDER,POVPIP,TEN,TYPEHUGQ
2023GQ0000333,1,118,,3
2023GQ0000428,1,,,3
2023GQ0000561,1,,,2
2023GQ0000677,1,,,2
2023GQ0000709,1,,,3
2023GQ0000732,1,,,2
2023GQ0000958,1,,,3
2023GQ0001197,1,,,3
2023GQ0001344,1,,,2
2023GQ0001358,1,,,2
2023GQ0001809,1,63,,3
2023GQ0001970,1,,,2
2023GQ0001989,1,,,2
2023GQ0002367,1,,,2
2023GQ0002542,1,,,2
2023GQ0002547,1,,,2
2023GQ0002595,1,,,2
2023GQ0002629,1,,,3
2023GQ0003198,1,,,2
2023GQ0003280,1,,,2
2023GQ0003359,1,,,2
2023GQ0003646,1,,,2
2023GQ0003957,1,282,,3
2023GQ0004233,1,,,2
2023GQ0004494,1,,,2
2023GQ0004639,1,,,3
2023GQ0004699,1,,,2
2023GQ0004855,1,,,2
2023GQ0004986,1,,,3
2023GQ0005060,1,0,,3
2023GQ0005075,1,,,3
2023GQ0005309,1,,,3
2023GQ0005671,1,58,,3
2023GQ0005759,1,,,2
2023GQ0005762,1,,,2
2023GQ0006019,1,,,2
2023GQ0006046,1,,,2
2023GQ0006322,1,185,,3
2023GQ0006350,1,,,2
2023GQ0006460,1,30,,3
2023GQ0006640,1,283,,3
2023GQ0007271,1,0,,3
2023GQ0007332,1,64,,3
2023GQ0007572,1,,,2
2023GQ0007761,1,0,,3
2023GQ0007781,1,63,,3
2023GQ0007831,1,,,2
2023GQ0007842,1,,,2
2023GQ0008009,1,,,2
2023GQ0008367,1,,,2
2023GQ0008435,1,,,2
2023GQ0008579,1,,,2
2023GQ0008675,1,,,2
2023GQ0008782,1,0,,3
2023GQ0008905,1,,,2
2023GQ0008930,1,,,2
2023GQ0009054,1,,,2
2023GQ0009417,1,,,2
2023GQ0009458,1,,,2
2023GQ0009468,1,,,2
2023GQ0009469,1,,,2
2023GQ0009505,1,,,2
2023GQ0009613,1,,,3
2023GQ0009768,1,,,2
2023GQ0009892,1,,,2
2023GQ0009942,1,,,2
2023GQ0010186,1,,,2
2023GQ0010309,1,501,,3
2023GQ0010323,1,,,2
2023GQ0010409,1,,,2
2023GQ0011044,1,,,2
2023GQ0011214,1,,,2
2023GQ0011484,1,70,,3
2023GQ0011536,1,75,,3
2023GQ0011819,1,,,2
2023GQ0011844,1,,,2
2023GQ0011908,1,,,2
2023GQ0011913,1,229,,3
2023GQ0012210,1,125,,3
2023GQ0012300,1,116,,3
2023GQ0012466,1,,,2
2023GQ0012516,1,,,3
2023GQ0012563,1,,,3
2023GQ0012811,1,,,3
2023GQ0013237,1,,,3
2023GQ0013245,1,,,2
2023GQ0013257,1,,,2
2023GQ0013278,1,,,2
2023GQ0013563,1,62,,3
2023GQ0013595,1,,,2
2023GQ0013954,1,147,,3
2023GQ0014118,1,,,2
2023GQ0014214,1,,,2
2023GQ0014365,1,,,3
2023GQ0014445,1,,,2
2023GQ0014453,1,124,,3
2023GQ0014686,1,,,2
2023GQ0015415,1,0,,3
2023GQ0015420,1,,,2
2023GQ0016699,1,62,,3
2023GQ0016759,1,,,2
2023GQ0016905,1,,,2
2023GQ0016970,1,,,2
2023GQ0017033,1,,,2
2023GQ0017118,1,,,2
2023GQ0017260,1,,,2
2023GQ0017313,1,491,,3
2023GQ0017397,1,,,2
2023GQ0017692,1,,,2
2023GQ0017728,1,,,2
2023GQ0018079,1,0,,3
2023GQ0018902,1,,,2
2023GQ0019245,1,,,2
2023GQ0019275,1,0,,3
2023GQ0019434,1,,,2
2023GQ0019484,1,,,2
2023GQ0019709,1,,,3
2023GQ0020199,1,,,3
2023GQ0020290,1,,,2
2023GQ0020305,1,64,,3
2023GQ0020351,1,,,2
2023GQ0020394,1,,,3
2023GQ0020638,1,,,2
2023GQ0020724,1,,,2
2023GQ0020743,1,,,2
2023GQ0020864,1,,,3
2023GQ0020884,1,10,,3
2023GQ0020919,1,,,3
2023GQ0021270,1,,,2
2023GQ0021512,1,,,2
2023GQ0021728,1,,,2
2023GQ0021826,1,,,2
2023GQ0021833,1,71,,3
2023GQ0022003,1,58,,3
2023GQ0022024,1,,,2
2023GQ0022054,1,,,2
2023GQ0022256,1,72,,3
2023GQ0022399,1,,,2
2023GQ0022715,1,,,2
2023GQ0023056,1,82,,3
2023GQ0023361,1,91,,3
2023GQ0023681,1,,,2
2023GQ0024188,1,,,2
2023GQ0024323,1,81,,3
2023GQ0024334,1,,,3
2023GQ0024981,1,,,2
2023GQ0025122,1,,,2
2023GQ0025444,1,,,2
2023GQ0025469,1,383,,3
2023GQ0025654,1,,,2
2023GQ0025706,1,,,3
2023GQ0025932,1,,,2
2023GQ0026230,1,,,2
2023GQ0026355,1,,,2
2023GQ0026488,1,83,,3
2023GQ0026617,1,,,3
2023GQ0026660,1,82,,3
2023GQ0026672,1,42,,3
2023GQ0026757,1,,,2
2023GQ0027067,1,,,2
2023GQ0027280,1,,,2
2023GQ0027303,1,,,3
2023GQ0027782,1,,,2
2023GQ0028217,1,,,2
2023GQ0028431,1,,,2
2023GQ0028463,1,,,2
2023GQ0028622,1,,,2
2023GQ0028869,1,,,2
2023GQ0028889,1,,,2
2023GQ0029013,1,56,,3
2023GQ0029108,1,,,2
2023GQ0029183,1,,,2
2023GQ0029201,1,,,2
2023GQ0029208,1,,,2
2023GQ0029554,1,,,2
2023GQ0029704,1,,,2
2023GQ0029904,1,,,2
2023GQ0029916,1,,,2
2023GQ0029955,1,,,2
2023GQ0030010,1,,,2
2023GQ0030109,1,,,3
2023GQ0030275,1,,,2
2023GQ0030358,1,0,,3
2023GQ0030700,1,,,2
2023GQ0030781,1,,,2
2023GQ0030890,1,,,2
2023GQ0030943,1,84,,3
2023GQ0031069,1,,,3
2023GQ0031121,1,,,2
2023GQ0031410,1,,,2
2023GQ0031424,1,,,2
2023GQ0031445,1,,,2
2023GQ0031790,1,,,3
2023GQ0031885,1,,,3
2023GQ0031936,1,,,2
2023GQ0032030,1,124,,3
2023GQ0032202,1,,,2
2023GQ0032267,1,,,2
2023GQ0032270,1,,,2
2023GQ0032305,1,,,2
2023GQ0032313,1,,,2
2023GQ0032550,1,,,2
2023GQ0032586,1,,,2
2023GQ0032691,1,129,,3
2023GQ0032731,1,,,2
2023GQ0032776,1,,,3
2023GQ0032912,1,0,,3
2023GQ0032954,1,0,,3
2023GQ0033123,1,58,,3
2023GQ0033125,1,,,2
2023GQ0033366,1,,,3
2023GQ0033506,1,12,,3
2023GQ0033715,1,,,3
2023GQ0033981,1,0,,3
2023GQ0033987,1,53,,3
2023GQ0034030,1,,,2
2023GQ0034103,1,,,2
2023GQ0034107,1,,,2
2023GQ0034192,1,,,3
2023GQ0034239,1,73,,3
2023GQ0034371,1,,,2
2023GQ0034493,1,100,,3
2023GQ0034963,1,,,2
2023GQ0035050,1,46,,3
2023GQ0035225,1,64,,3
2023GQ0035437,1,,,2
2023GQ0035445,1,,,2
2023GQ0035520,1,111,,3
2023GQ0035558,1,,,2
2023GQ0035605,1,,,3
2023GQ0035877,1,,,3
2023GQ0036160,1,,,2
2023GQ0036188,1,,,2
2023GQ0036207,1,,,3
2023GQ0036214,1,,,2
2023GQ0036226,1,,,2
2023GQ0036376,1,62,,3
2023GQ0036453,1,,,2
2023GQ0036531,1,67,,3
2023GQ0037403,1,73,,3
2023GQ0037431,1,,,3
2023GQ0037535,1,91,,3
2023GQ0037729,1,,,2
2023GQ0037753,1,,,3
2023GQ0037882,1,100,,3
2023GQ0037960,1,,,3
2023GQ0038105,1,,,2
2023GQ0038121,1,,,2
2023GQ0038301,1,,,2
2023GQ0038308,1,,,2
2023GQ0038376,1,91,,3
2023GQ0038503,1,76,,3
2023GQ0038540,1,129,,3
2023GQ0038722,1,,,2
2023GQ0038874,1,,,3
2023GQ0039017,1,,,2
2023GQ0039062,1,,,2
2023GQ0039467,1,,,2
2023GQ0039511,1,,,2
2023GQ0039722,1,62,,3
2023GQ0040025,1,,,2
2023GQ0040242,1,,,2
2023GQ0040503,1,,,2
2023GQ0040891,1,,,2
2023GQ0041164,1,162,,3
2023GQ0041258,1,,,2
2023GQ0041610,1,64,,3
2023GQ0042211,1,100,,3
2023GQ0042542,1,,,2
2023GQ0042875,1,,,2
2023GQ0042900,1,,,2
2023GQ0042969,1,,,2
2023GQ0042979,1,147,,3
2023GQ0043193,1,,,3
2023GQ0043334,1,,,2
2023GQ0043636,1,76,,3
2023GQ0044244,1,,,2
2023GQ0044923,1,,,3
2023GQ0045235,1,,,2
2023GQ0045260,1,166,,3
2023GQ0045661,1,,,3
2023GQ0045766,1,84,,3
2023GQ0046039,1,0,,3
2023GQ0046058,1,,,2
2023GQ0046138,1,,,2
2023GQ0046152,1,,,2
2023GQ0046291,1,,,2
2023GQ0046331,1,,,2
2023GQ0046471,1,100,,3
2023GQ0047100,1,,,2
2023GQ0047315,1,,,2
2023GQ0047377,1,,,2
2023GQ0047391,1,,,2
2023GQ0047405,1,142,,3
2023GQ0047582,1,98,,3
2023GQ0047875,1,,,2
2023GQ0048000,1,,,2
2023GQ0048198,1,,,2
2023GQ0048671,1,,,2
2023GQ0048713,1,,,2
2023GQ0048725,1,,,2
2023GQ0049254,1,,,2
2023GQ0049284,1,,,3
2023GQ0049340,1,,,2
2023GQ0049639,1,,,2
2023GQ0049708,1,,,2
2023GQ0049726,1,58,,3
2023GQ0049950,1,,,3
2023GQ0049960,1,,,3
2023GQ0050002,1,,,3
2023GQ0050116,1,56,,3
2023GQ0050866,1,197,,3
2023GQ0051145,1,,,3
2023GQ0051308,1,,,3
2023GQ0051606,1,62,,3
2023GQ0051661,1,,,3
2023GQ0051763,1,197,,3
2023GQ0052004,1,272,,3
2023GQ0052266,1,,,2
2023GQ0052334,1,,,2
2023GQ0052439,1,,,2
2023GQ0052471,1,,,2
2023GQ0052565,1,,,2
2023GQ0052569,1,129,,3
2023GQ0053079,1,0,,3
2023GQ0053099,1,,,2
2023GQ0053128,1,17,,3
2023GQ0053293,1,82,,3
2023GQ0053568,1,262,,3
2023GQ0053570,1,,,3
2023GQ0053645,1,58,,3
2023GQ0053831,1,,,3
2023GQ0054128,1,100,,3
2023GQ0054268,1,,,3
2023GQ0054295,1,0,,3
2023GQ0054653,1,0,,3
2023GQ0054916,1,,,2
2023GQ0055133,1,,,2
2023GQ0055254,1,,,3
2023GQ0055273,1,,,2
2023GQ0055723,1,,,2
2023GQ0055928,1,,,2
2023GQ0056159,1,62,,3
2023GQ0056312,1,,,2
2023GQ0056615,1,,,2
2023GQ0056641,1,100,,3
2023GQ0056870,1,,,2
2023GQ0057507,1,,,3
2023GQ0057996,1,,,2
2023GQ0058058,1,,,2
2023GQ0058220,1,,,2
2023GQ0058343,1,,,3
2023GQ0058462,1,,,2
2023GQ0058523,1,,,2
2023GQ0058557,1,,,3
2023GQ0058608,1,,,3
2023GQ0058909,1,,,2
2023GQ0058921,1,,,3
2023GQ0059414,1,,,2
2023GQ0059461,1,,,2
2023GQ0059686,1,,,2
2023GQ0059771,1,,,2
2023GQ0059778,1,,,2
2023GQ0059843,1,,,2
2023GQ0059919,1,,,3
2023GQ0060240,1,,,2
2023GQ0060467,1,162,,3
2023GQ0060491,1,,,2
2023GQ0060726,1,,,2
2023GQ0060929,1,,,2
2023GQ0060943,1,37,,3
2023GQ0061115,1,,,2
2023GQ0061134,1,,,2
2023GQ0061278,1,177,,3
2023GQ0061425,1,,,2
2023GQ0061471,1,100,,3
2023GQ0061549,1,,,2
2023GQ0061780,1,142,,3
2023GQ0061854,1,0,,3
2023GQ0061955,1,,,2
2023GQ0061974,1,,,2
2023GQ0062019,1,,,2
2023GQ0062562,1,,,2
2023GQ0062577,1,0,,3
2023GQ0062684,1,,,3
2023GQ0062740,1,,,2
2023GQ0062997,1,,,2
2023GQ0063100,1,,,2
2023GQ0063501,1,,,2
2023GQ0063518,1,99,,3
2023GQ0063596,1,89,,3
2023GQ0063634,1,,,2
2023GQ0063951,1,,,3
2023GQ0063980,1,0,,3
2023GQ0064280,1,,,2
2023GQ0064503,1,,,3
2023GQ0064562,1,,,2
2023GQ0064782,1,76,,3
2023GQ0064950,1,68,,3
2023GQ0065003,1,,,2
2023GQ0065267,1,,,3
2023GQ0065282,1,,,2
2023GQ0065404,1,,,2
2023GQ0065440,1,,,3
2023GQ0065746,1,0,,3
2023GQ0065904,1,72,,3
2023GQ0066474,1,304,,3
2023GQ0066725,1,,,2
2023GQ0066849,1,,,2
2023GQ0067212,1,,,2
2023GQ0067675,1,,,2
2023GQ0068305,1,,,3
2023GQ0068439,1,,,2
2023GQ0068449,1,,,2
2023GQ0068631,1,,,2
2023GQ0068718,1,,,2
2023GQ0069172,1,,,3
2023GQ0069213,1,,,2
2023GQ0069333,1,,,3
2023GQ0069436,1,,,2
2023GQ0069466,1,,,2
2023GQ0069566,1,,,2
2023GQ0070020,1,44,,3
2023GQ0070107,1,,,2
2023GQ0070125,1,,,2
2023GQ0070129,1,77,,3
2023GQ0070337,1,0,,3
2023GQ0070426,1,,,2
2023GQ0070638,1,259,,3
2023GQ0070759,1,,,2
2023GQ0070905,1,84,,3
2023GQ0070993,1,,,3
2023GQ0071058,1,,,2
2023GQ0071124,1,,,3
2023GQ0071142,1,,,2
2023GQ0071239,1,501,,3
2023GQ0071254,1,64,,3
2023GQ0071300,1,,,2
2023GQ0071420,1,0,,3
2023GQ0071514,1,66,,3
2023GQ0071523,1,0,,3
2023GQ0071758,1,72,,3
2023GQ0071844,1,142,,3
2023GQ0071857,1,,,2
2023GQ0072164,1,102,,3
2023GQ0072653,1,,,2
2023GQ0072947,1,,,2
2023GQ0072984,1,12,,3
2023GQ0073305,1,,,2
2023GQ0073613,1,,,2
2023GQ0073926,1,69,,3
2023GQ0074072,1,64,,3
2023GQ0074206,1,150,,3
2023GQ0074245,1,100,,3
2023GQ0074772,1,,,2
2023GQ0074818,1,,,2
2023GQ0074977,1,,,2
2023GQ0075003,1,0,,3
2023GQ0075420,1,53,,3
2023GQ0075603,1,,,2
2023GQ0075642,1,,,2
2023GQ0075692,1,,,3
2023GQ0075724,1,124,,3
2023GQ0075877,1,0,,3
2023GQ0075961,1,,,3
2023GQ0076315,1,,,2
2023GQ0076452,1,,,2
2023GQ0076558,1,,,2
2023GQ0077264,1,0,,3
2023GQ0077669,1,,,3
2023GQ0077682,1,40,,3
2023GQ0077891,1,,,2
2023GQ0078108,1,,,2
2023GQ0078656,1,,,2
2023GQ0078777,1,,,3
2023GQ0078860,1,,,2
2023GQ0079276,1,,,2
2023GQ0079599,1,,,3
2023GQ0079623,1,,,2
2023GQ0079628,1,58,,3
2023GQ0079801,1,,,2
2023GQ0079963,1,,,2
2023GQ0080347,1,,,2
2023GQ0080410,1,,,2
2023GQ0080504,1,,,3
2023GQ0081007,1,,,2
2023GQ0081277,1,8,,3
2023GQ0081549,1,,,2
2023GQ0081618,1,,,2
2023GQ0081696,1,,,2
2023GQ0081698,1,,,2
2023GQ0081718,1,0,,3
2023GQ0082624,1,,,2
2023GQ0082639,1,,,3
2023GQ0082758,1,,,2
2023GQ0082839,1,166,,3
2023GQ0082868,1,0,,3
2023GQ0082882,1,0,,3
2023GQ0083454,1,,,2
2023GQ0083816,1,,,2
2023GQ0083962,1,,,2
2023GQ0084001,1,,,3
2023GQ0084406,1,,,2
2023GQ0084454,1,,,2
2023GQ0084636,1,,,3
2023GQ0084673,1,,,2
2023GQ0084786,1,,,2
2023GQ0084856,1,,,2
2023GQ0084976,1,,,2
2023GQ0085457,1,,,2
2023GQ0086104,1,,,2
2023GQ0086537,1,,,2
2023GQ0086898,1,,,3
2023GQ0087034,1,,,3
2023GQ0087175,1,,,2
2023GQ0087246,1,,,2
2023GQ0087313,1,,,3
2023GQ0087351,1,394,,3
2023GQ0087448,1,97,,3
2023GQ0087623,1,,,2
2023GQ0087710,1,,,2
2023GQ0087919,1,,,3
2023GQ0087989,1,,,2
2023GQ0088044,1,,,2
2023GQ0088051,1,,,2
2023GQ0088097,1,135,,3
2023GQ0088270,1,323,,3
2023GQ0088407,1,,,2
2023GQ0088459,1,114,,3
2023GQ0088460,1,,,2
2023GQ0088755,1,,,2
2023GQ0088758,1,0,,3
2023GQ0088975,1,100,,3
2023GQ0089346,1,,,2
2023GQ0089384,1,,,2
2023GQ0089392,1,,,2
2023GQ0089751,1,,,2
2023GQ0090193,1,,,2
2023GQ0090256,1,,,2
2023GQ0090354,1,,,3
2023GQ0090356,1,,,2
2023GQ0090447,1,,,2
2023GQ0090948,1,78,,3
2023GQ0090959,1,,,2
2023GQ0091271,1,118,,3
2023GQ0091312,1,58,,3
2023GQ0091406,1,,,3
2023GQ0091831,1,,,2
2023GQ0092029,1,,,3
2023GQ0092167,1,323,,3
2023GQ0092984,1,,,2
2023GQ0093303,1,,,2
2023GQ0093487,1,102,,3
2023GQ0093659,1,351,,3
2023GQ0093930,1,,,3
2023GQ0093931,1,,,2
2023GQ0093937,1,,,2
2023GQ0094057,1,71,,3
2023GQ0094171,1,,,2
2023GQ0094221,1,,,2
2023GQ0094587,1,,,2
2023GQ0094588,1,63,,3
2023GQ0094637,1,66,,3
2023GQ0094658,1,118,,3
2023GQ0094772,1,,,2
2023GQ0094821,1,,,2
2023GQ0094928,1,,,2
2023GQ0095172,1,,,2
2023GQ0095244,1,,,2
2023GQ0095297,1,,,2
2023GQ0095320,1,76,,3
2023GQ0095375,1,394,,3
2023GQ0095422,1,,,2
2023GQ0095495,1,,,2
2023GQ0095586,1,0,,3
2023GQ0095616,1,0,,3
2023GQ0095825,1,,,2
2023GQ0095916,1,72,,3
2023GQ0095998,1,0,,3
2023GQ0096538,1,,,3
2023GQ0096546,1,323,,3
2023GQ0096633,1,76,,3
2023GQ0096820,1,,,2
2023GQ0096843,1,,,2
2023GQ0096857,1,,,2
2023GQ0096973,1,,,2
2023GQ0097050,1,0,,3
2023GQ0097158,1,,,2
2023GQ0097224,1,,,2
2023GQ0097367,1,,,2
2023GQ0097495,1,,,2
2023GQ0097515,1,304,,3
2023GQ0097783,1,,,2
2023GQ0097798,1,,,2
2023GQ0097870,1,80,,3
2023GQ0097940,1,56,,3
2023GQ0098190,1,76,,3
2023GQ0098412,1,,,3
2023GQ0098461,1,128,,3
2023GQ0098624,1,125,,3
2023GQ0098664,1,,,2
2023GQ0098677,1,,,2
2023GQ0098759,1,119,,3
2023GQ0098972,1,38,,3
2023GQ0099288,1,,,2
2023GQ0099426,1,,,2
2023GQ0099508,1,,,2
2023GQ0099619,1,76,,3
2023GQ0099692,1,,,2
2023GQ0099726,1,229,,3
2023GQ0099993,1,,,2
2023GQ0100009,1,,,2
2023GQ0100105,1,,,2
2023GQ0100205,1,,,2
2023GQ0100218,1,0,,3
2023GQ0100396,1,,,2
2023GQ0100458,1,0,,3
2023GQ0100581,1,,,2
2023GQ0100752,1,,,2
2023GQ0100768,1,,,2
2023GQ0100960,1,,,2
2023GQ0101015,1,0,,3
2023GQ0101106,1,0,,3
2023GQ0101223,1,,,3
2023GQ0101250,1,,,2
2023GQ0101388,1,,,2
2023GQ0101552,1,,,2
2023GQ0101696,1,,,3
2023GQ0101770,1,,,2
2023GQ0101849,1,197,,3
2023GQ0101987,1,47,,3
2023GQ0102058,1,,,3
2023GQ0102124,1,169,,3
2023GQ0102177,1,,,2
2023GQ0102192,1,491,,3
2023GQ0102220,1,,,2
2023GQ0102454,1,162,,3
2023GQ0102594,1,,,3
2023GQ0102673,1,100,,3
2023GQ0102952,1,39,,3
2023GQ0103086,1,,,2
2023GQ0103177,1,38,,3
2023GQ0103232,1,,,2
2023GQ0103255,1,,,2
2023GQ0103271,1,,,3
2023GQ0103373,1,,,2
2023GQ0103384,1,178,,3
2023GQ0103609,1,,,2
2023GQ0103827,1,,,2
2023GQ0104031,1,77,,3
2023GQ0104202,1,0,,3
2023GQ0104554,1,,,2
2023GQ0104715,1,,,3
2023GQ0104734,1,,,2
2023GQ0104749,1,,,2
2023GQ0104795,1,,,2
2023GQ0105192,1,70,,3
2023GQ0105276,1,76,,3
2023GQ0105320,1,63,,3
2023GQ0105439,1,,,2
2023GQ0105698,1,,,2
2023GQ0105822,1,0,,3
2023GQ0106058,1,,,2
2023GQ0106340,1,,,2
2023GQ0106662,1,,,2
2023GQ0106849,1,162,,3
2023GQ0106853,1,,,2
2023GQ0106964,1,121,,3
2023GQ0107002,1,,,3
2023GQ0107029,1,82,,3
2023GQ0107032,1,82,,3
2023GQ0107062,1,,,3
2023GQ0107221,1,,,2
2023GQ0107320,1,,,2
2023GQ0107324,1,,,2
2023GQ0107673,1,53,,3
2023GQ0107883,1,,,2
2023GQ0107964,1,,,2
2023GQ0107975,1,,,2
2023GQ0108305,1,,,2
2023GQ0108431,1,,,2
2023GQ0108472,1,76,,3
2023GQ0108479,1,71,,3
2023GQ0108754,1,24,,3
2023GQ0108840,1,,,2
2023GQ0109173,1,,,2
2023GQ0109570,1,,,2
2023GQ0109591,1,,,2
2023GQ0109669,1,,,2
2023GQ0109770,1,119,,3
2023GQ0109838,1,,,2
2023GQ0109975,1,,,2
2023GQ0110358,1,,,2
2023GQ0110419,1,,,3
2023GQ0110624,1,76,,3
2023GQ0110635,1,65,,3
2023GQ0110927,1,127,,3
2023GQ0110995,1,,,3
2023GQ0111088,1,,,2
2023GQ0111245,1,,,2
2023GQ0111625,1,,,2
2023GQ0111743,1,,,2
2023GQ0112007,1,,,2
2023GQ0112061,1,,,2
2023GQ0112282,1,,,3
2023GQ0112509,1,,,2
2023GQ0112843,1,,,2
2023GQ0112857,1,,,3
2023GQ0113101,1,47,,3
2023GQ0113318,1,,,2
2023GQ0113358,1,,,2
2023GQ0113386,1,,,3
2023GQ0113406,1,,,2
2023GQ0113462,1,,,3
2023GQ0113463,1,,,2
2023GQ0113472,1,58,,3
2023GQ0113603,1,,,2
2023GQ0114111,1,0,,3
2023GQ0114262,1,,,2
2023GQ0114337,1,6,,3
2023GQ0114410,1,,,2
2023GQ0114561,1,,,2
2023GQ0114562,1,,,3
2023GQ0114911,1,100,,3
2023GQ0115698,1,,,2
2023GQ0115832,1,76,,3
2023GQ0115839,1,,,3
2023GQ0115905,1,,,3
2023GQ0116104,1,,,2
2023GQ0116238,1,383,,3
2023GQ0116332,1,,,2
2023GQ0116720,1,71,,3
2023GQ0116937,1,,,2
2023GQ0116951,1,58,,3
2023GQ0116958,1,,,2
2023GQ0117219,1,,,2
2023GQ0117417,1,76,,3
2023GQ0117511,1,,,3
2023GQ0117596,1,,,2
2023GQ0117600,1,,,2
2023GQ0117652,1,,,2
2023GQ0117740,1,138,,3
2023GQ0117815,1,,,2
2023GQ0117837,1,241,,3
2023GQ0118064,1,,,3
2023GQ0118191,1,0,,3
2023GQ0118476,1,,,2
2023GQ0118779,1,,,2
2023GQ0118827,1,0,,3
2023GQ0119245,1,,,3
2023GQ0119431,1,,,3
2023GQ0119474,1,,,2
2023GQ0119680,1,,,2
2023GQ0119754,1,,,2
2023GQ0119758,1,91,,3
2023GQ0119765,1,46,,3
2023GQ0119849,1,71,,3
2023GQ0120149,1,42,,3
2023GQ0120208,1,70,,3
2023GQ0120276,1,197,,3
2023GQ0120473,1,12,,3
2023GQ0120694,1,,,2
2023GQ0120965,1,,,2
2023GQ0121101,1,83,,3
2023GQ0121327,1,,,2
2023GQ0121594,1,65,,3
2023GQ0121647,1,,,2
2023GQ0121948,1,,,2
2023GQ0121992,1,31,,3
2023GQ0122021,1,103,,3
2023GQ0122032,1,304,,3
2023GQ0122269,1,304,,3
2023GQ0122505,1,326,,3
2023GQ0122508,1,70,,3
2023GQ0123332,1,,,2
2023GQ0123381,1,100,,3
2023GQ0123579,1,,,2
2023GQ0123643,1,,,2
2023GQ0123806,1,,,2
2023GQ0123873,1,,,2
2023GQ0123991,1,,,2
2023GQ0124170,1,,,2
2023GQ0124418,1,76,,3
2023GQ0124438,1,,,2
2023GQ0124458,1,,,2
2023GQ0124922,1,0,,3
2023GQ0125045,1,,,3
2023GQ0125085,1,0,,3
2023GQ0125202,1,,,3
2023GQ0125385,1,,,2
2023GQ0125539,1,,,2
2023GQ0125599,1,,,2
2023GQ0125646,1,,,3
2023GQ0125669,1,62,,3
2023GQ0125781,1,,,2
2023GQ0125903,1,129,,3
2023GQ0126371,1,,,2
2023GQ0126663,1,,,2
2023GQ0126720,1,0,,3
2023GQ0127171,1,,,2
2023GQ0127194,1,283,,3
2023GQ0127229,1,,,2
2023GQ0127432,1,,,2
2023GQ0127476,1,,,2
2023GQ0127511,1,272,,3
2023GQ0127542,1,,,2
2023GQ0127609,1,,,2
2023GQ0127727,1,14,,3
2023GQ0127811,1,,,2
2023GQ0127929,1,83,,3
2023GQ0127959,1,25,,3
2023GQ0128163,1,,,3
2023GQ0128320,1,,,3
2023GQ0128392,1,0,,3
2023GQ0128575,1,,,2
2023GQ0128992,1,,,2
2023GQ0129117,1,,,3
2023GQ0129173,1,197,,3
2023GQ0129471,1,,,2
2023GQ0130147,1,44,,3
2023GQ0130244,1,,,2
2023GQ0130421,1,,,2
2023GQ0130581,1,,,2
2023GQ0130604,1,,,2
2023GQ0130845,1,,,3
2023GQ0130856,1,0,,3
2023GQ0131050,1,,,2
2023GQ0131458,1,,,2
2023GQ0131514,1,,,2
2023GQ0131633,1,0,,3
2023GQ0131902,1,105,,3
2023GQ0133281,1,181,,3
2023GQ0133325,1,,,2
2023GQ0133486,1,,,2
2023GQ0133592,1,,,2
2023GQ0133622,1,62,,3
2023GQ0133864,1,,,2
2023GQ0134483,1,,,3
2023GQ0134530,1,58,,3
2023GQ0134589,1,,,2
2023GQ0134690,1,,,2
2023GQ0135065,1,,,2
2023GQ0135076,1,77,,3
2023GQ0135207,1,,,3
2023GQ0135274,1,,,2
2023GQ0135283,1,0,,3
2023GQ0135390,1,,,2
2023GQ0135436,1,,,3
2023GQ0135473,1,,,2
2023GQ0135809,1,,,2
2023GQ0136567,1,,,2
2023GQ0136649,1,,,2
2023GQ0136703,1,,,3
2023GQ0136772,1,19,,3
2023GQ0137026,1,,,2
2023GQ0137231,1,81,,3
2023GQ0137277,1,,,2
2023GQ0137320,1,,,2
2023GQ0137348,1,89,,3
2023GQ0137421,1,,,2
2023GQ0137508,1,,,2
2023GQ0137712,1,,,2
2023GQ0137815,1,,,2
2023GQ0138323,1,,,2
2023GQ0138539,1,,,2
2023GQ0138552,1,62,,3
2023GQ0138645,1,,,2
2023GQ0138825,1,,,3
2023GQ0139035,1,,,2
2023GQ0139198,1,,,3
2023GQ0139238,1,53,,3
2023GQ0139252,1,,,2
2023GQ0139487,1,,,3
2023GQ0139521,1,,,3
2023GQ0139739,1,,,2
2023GQ0139741,1,71,,3
2023GQ0139799,1,,,3
2023GQ0139819,1,,,2
2023GQ0139987,1,127,,3
2023GQ0140116,1,,,2
2023GQ0140230,1,,,2
2023GQ0140436,1,,,3
2023GQ0140462,1,,,2
2023GQ0140472,1,,,2
2023GQ0140659,1,,,3
2023GQ0140743,1,,,3
2023GQ0140771,1,124,,3
2023GQ0140968,1,,,2
2023GQ0141009,1,121,,3
2023GQ0141052,1,,,2
2023GQ0141670,1,,,2
2023GQ0141741,1,,,3
2023GQ0142311,1,220,,3
2023GQ0142379,1,351,,3
2023GQ0142616,1,166,,3
2023GQ0142728,1,98,,3
2023GQ0142905,1,,,2
2023GQ0143240,1,,,2
2023GQ0143536,1,72,,3
2023GQ0143572,1,,,2
2023GQ0143741,1,,,2
2023GQ0143774,1,,,3
2023GQ0143828,1,,,2
2023GQ0143996,1,,,2
2023GQ0144284,1,64,,3
2023GQ0144428,1,,,2
2023GQ0144491,1,,,2
2023GQ0144573,1,,,3
2023GQ0144636,1,,,2
2023GQ0144793,1,,,2
2023GQ0144909,1,69,,3
2023GQ0145232,1,,,2
2023GQ0145234,1,169,,3
2023GQ0145589,1,70,,3
2023GQ0145769,1,,,2
2023GQ0146039,1,,,2
2023GQ0146080,1,0,,3
2023GQ0146115,1,0,,3
2023GQ0146232,1,69,,3
2023GQ0146306,1,,,2
2023GQ0146381,1,,,2
2023GQ0146905,1,,,2
2023GQ0147118,1,,,3
2023GQ0147141,1,91,,3
2023GQ0147336,1,,,2
2023GQ0147645,1,,,2
2023GQ0147809,1,,,3
2023GQ0147814,1,76,,3
2023GQ0147910,1,,,2
2023GQ0147929,1,,,2
2023GQ0147964,1,100,,3
2023GQ0148105,1,,,2
2023GQ0148197,1,,,2
2023GQ0148654,1,,,2
2023GQ0148785,1,,,2
2023GQ0148888,1,12,,3
2023GQ0148962,1,,,2
2023GQ0149542,1,,,2
2023GQ0149716,1,,,3
2023GQ0149765,1,,,3
2023GQ0149975,1,76,,3
2023GQ0150073,1,,,2
2023GQ0150125,1,58,,3
2023GQ0150255,1,,,3
2023GQ0150346,1,,,2
2023GQ0150417,1,118,,3
2023GQ0150521,1,,,2
2023GQ0151922,1,108,,3
2023GQ0152094,1,69,,3
2023GQ0152283,1,,,3
2023GQ0152594,1,71,,3
2023GQ0152669,1,312,,3
2023GQ0153133,1,,,2
2023GQ0153773,1,,,2
2023GQ0154079,1,,,2
2023GQ0154087,1,58,,3
2023GQ0154129,1,,,2
2023GQ0154173,1,,,2
2023GQ0154585,1,0,,3
2023GQ0155026,1,,,2
2023GQ0155047,1,0,,3
2023GQ0155352,1,,,2
2023GQ0155400,1,,,2
2023GQ0155609,1,,,2
2023GQ0155881,1,,,2
2023GQ0155997,1,,,2
2023GQ0156487,1,69,,3
2023GQ0156532,1,,,2
2023GQ0156545,1,,,2
2023GQ0156935,1,0,,3
2023GQ0157146,1,,,2
2023GQ0157323,1,,,2
2023GQ0157470,1,0,,3
2023GQ0157521,1,,,2
2023GQ0157850,1,53,,3
2023GQ0158157,1,,,2
2023GQ0158187,1,0,,3
2023GQ0158277,1,,,2
2023GQ0158330,1,,,2
2023GQ0158392,1,,,2
2023GQ0158514,1,,,2
2023GQ0158600,1,,,2
2023GQ0158773,1,242,,3
2023GQ0158805,1,0,,3
2023GQ0159184,1,,,3
2023GQ0159280,1,0,,3
2023GQ0159388,1,,,2
2023GQ0159746,1,,,3
2023GQ0160414,1,118,,3
2023GQ0160422,1,,,3
2023GQ0160563,1,,,2
2023GQ0160636,1,,,3
2023GQ0160800,1,,,2
2023GQ0160808,1,,,2
2023GQ0160912,1,,,2
2023GQ0161168,1,,,2
2023GQ0161256,1,0,,3
2023GQ0161654,1,102,,3
2023GQ0161667,1,,,3
2023GQ0162086,1,,,2
2023GQ0163025,1,63,,3
2023GQ0163296,1,,,2
2023GQ0163303,1,,,2
2023GQ0163485,1,,,2
2023GQ0163637,1,0,,3
2023GQ0164123,1,,,2
2023GQ0164367,1,166,,3
2023GQ0164759,1,,,3
2023GQ0164845,1,,,2
2023GQ0165250,1,0,,3
2023GQ0165399,1,,,2
2023GQ0165652,1,53,,3
2023GQ0165876,1,,,2
2023GQ0165915,1,,,3
2023GQ0165991,1,103,,3
2023GQ0166245,1,178,,3
2023GQ0166374,1,64,,3
2023GQ0166629,1,,,2
2023GQ0166899,1,44,,3
2023GQ0166942,1,,,2
2023GQ0166972,1,,,3
2023GQ0167006,1,144,,3
2023GQ0167018,1,,,2
2023GQ0167282,1,,,2
2023GQ0167315,1,,,3
2023GQ0167587,1,47,,3
2023GQ0167797,1,125,,3
2023GQ0168001,1,,,2
2023GQ0168322,1,,,2
2023GQ0168637,1,,,3
2023GQ0168651,1,118,,3
2023GQ0168660,1,,,2
2023GQ0168762,1,,,2
2023GQ0168767,1,0,,3
2023GQ0168823,1,66,,3
2023GQ0169139,1,,,2
2023GQ0169211,1,,,2
2023GQ0169257,1,0,,3
2023GQ0169558,1,,,3
2023GQ0170248,1,81,,3
2023GQ0170488,1,,,2
2023GQ0170741,1,,,3
2023GQ0170762,1,,,2
2023GQ0170980,1,45,,3
2023GQ0171001,1,,,2
2023GQ0171042,1,,,2
2023GQ0171157,1,63,,3
2023GQ0171508,1,,,3
2023GQ0171843,1,,,2
2023GQ0171867,1,,,2
2023GQ0171923,1,76,,3
2023GQ0172250,1,56,,3
2023GQ0172252,1,,,2
2023GQ0172568,1,,,2
2023GQ0172661,1,,,2
2023GQ0173100,1,,,2
2023GQ0173370,1,,,2
2023GQ0173611,1,,,3
2023GQ0173682,1,58,,3
2023GQ0173806,1,,,2
2023GQ0174019,1,0,,3
2023GQ0174640,1,,,2
2023GQ0175237,1,,,2
2023GQ0175241,1,,,2
2023GQ0175351,1,186,,3
2023GQ0175435,1,,,3
2023GQ0175514,1,,,2
2023GQ0175667,1,,,2
2023GQ0175722,1,,,2
2023GQ0175792,1,,,2
2023GQ0175804,1,138,,3
2023GQ0176094,1,,,2
2023GQ0176178,1,,,2
2023GQ0176589,1,,,2
2023GQ0176603,1,,,2
2023GQ0176700,1,111,,3
2023GQ0176722,1,112,,3
2023HU0000041,1,387,2,1
2023HU0000058,1,168,1,1
2023HU0000058,2,168,1,1
2023HU0000095,1,501,3,1
2023HU0000095,2,501,3,1
2023HU0000146,1,433,3,1
2023HU0000146,2,433,3,1
2023HU0000704,1,417,2,1
2023HU0000704,2,417,2,1
2023HU0000704,3,417,2,1
2023HU0000704,4,417,2,1
2023HU0000733,1,224,1,1
2023HU0000733,2,224,1,1
2023HU0000959,1,501,2,1
2023HU0000959,2,501,2,1
2023HU0000959,3,501,2,1
2023HU0001067,1,349,3,1
2023HU0001067,2,349,3,1
2023HU0001086,1,236,1,1
2023HU0001258,1,98,3,1
2023HU0001309,1,78,4,1
2023HU0001309,2,78,4,1
2023HU0001399,1,501,2,1
2023HU0001574,1,99,3,1
2023HU0001574,2,99,3,1
2023HU0001574,3,99,3,1
2023HU0001574,4,99,3,1
2023HU0001619,1,266,1,1
2023HU0001619,2,266,1,1
2023HU0001619,3,266,1,1
2023HU0001619,4,266,1,1
2023HU0001631,1,501,2,1
2023HU0001631,2,501,2,1
2023HU0002099,1,76,2,1
2023HU0002701,1,472,3,1
2023HU0002736,1,364,1,1
2023HU0002736,2,364,1,1
2023HU0002736,3,364,1,1
2023HU0002736,4,364,1,1
2023HU0003053,1,312,2,1
2023HU0003102,1,126,1,1
2023HU0003126,1,198,3,1
2023HU0003126,2,415,3,1
2023HU0003126,3,198,3,1
2023HU0003126,4,198,3,1
2023HU0003511,1,501,4,1
2023HU0003511,2,501,4,1
2023HU0003563,1,501,1,1
2023HU0003574,1,501,3,1
2023HU0003574,2,501,3,1
2023HU0003593,1,76,2,1
2023HU0003593,2,76,2,1
2023HU0003595,1,501,1,1
2023HU0003658,1,285,3,1
2023HU0003677,1,501,1,1
2023HU0003677,2,501,1,1
2023HU0003677,3,501,1,1
2023HU0003677,4,501,1,1
2023HU0003717,1,9,1,1
2023HU0003717,2,195,1,1
2023HU0003756,1,181,3,1
2023HU0003756,2,181,3,1
2023HU0003756,3,181,3,1
2023HU0003756,4,181,3,1
2023HU0003926,1,289,3,1
2023HU0003926,2,289,3,1
2023HU0003926,3,289,3,1
2023HU0003926,4,289,3,1
2023HU0003926,5,289,3,1
2023HU0003926,6,289,3,1
2023HU0004033,1,188,3,1
2023HU0004033,2,188,3,1
2023HU0004033,3,188,3,1
2023HU0004111,1,293,3,1
2023HU0004111,2,293,3,1
2023HU0004111,3,293,3,1
2023HU0004111,4,293,3,1
2023HU0004463,1,269,2,1
2023HU0004470,1,501,1,1
2023HU0004470,2,501,1,1
2023HU0004486,1,0,2,1
2023HU0004503,1,113,2,1
2023HU0004503,2,113,2,1
2023HU0004503,3,113,2,1
2023HU0004660,1,238,3,1
2023HU0004953,1,374,3,1
2023HU0004953,2,0,3,1
2023HU0005152,1,280,2,1
2023HU0005152,2,1,2,1
2023HU0005155,1,199,3,1
2023HU0005155,2,199,3,1
2023HU0005155,3,199,3,1
2023HU0005155,4,199,3,1
2023HU0005155,5,156,3,1
2023HU0005254,1,501,1,1
2023HU0005254,2,501,1,1
2023HU0005254,3,501,1,1
2023HU0005254,4,501,1,1
2023HU0005915,1,481,2,1
2023HU0005915,2,147,2,1
2023HU0006028,1,180,3,1
2023HU0006458,1,53,2,1
2023HU0006458,2,53,2,1
2023HU0006493,1,501,3,1
2023HU0006493,2,501,3,1
2023HU0006717,1,501,2,1
2023HU0006717,2,501,2,1
2023HU0006717,3,501,2,1
2023HU0006717,4,501,2,1
2023HU0006979,1,501,1,1
2023HU0006979,2,501,1,1
2023HU0006979,3,501,1,1
2023HU0007051,1,228,2,1
2023HU0007051,2,228,2,1
2023HU0007134,1,382,2,1
2023HU0007134,2,382,2,1
2023HU0007134,3,382,2,1
2023HU0007213,1,133,3,1
2023HU0007668,1,501,1,1
2023HU0007668,2,199,1,1
2023HU0007668,3,254,1,1
2023HU0007819,1,501,1,1
2023HU0007819,2,501,1,1
2023HU0007819,3,501,1,1
2023HU0007819,4,501,1,1
2023HU0007971,1,433,2,1
2023HU0007971,2,,2,1
2023HU0008092,1,213,2,1
2023HU0008092,2,213,2,1
2023HU0008092,3,213,2,1
2023HU0008092,4,213,2,1
2023HU0008092,5,213,2,1
2023HU0008092,6,361,2,1
2023HU0008619,1,461,2,1
2023HU0008619,2,461,2,1
2023HU0008619,3,461,2,1
2023HU0008619,4,461,2,1
2023HU0008764,1,209,2,1
2023HU0008764,2,209,2,1
2023HU0008958,1,501,1,1
2023HU0009049,1,197,3,1
2023HU0009049,2,197,3,1
2023HU0009049,3,197,3,1
2023HU0009049,4,197,3,1
2023HU0009347,1,501,2,1
2023HU0009347,2,501,2,1
2023HU0009514,1,199,1,1
2023HU0009514,2,191,1,1
2023HU0010012,1,123,3,1
2023HU0010012,2,123,3,1
2023HU0010012,3,123,3,1
2023HU0010021,1,137,2,1
2023HU0010184,1,0,1,1
2023HU0010493,1,325,2,1
2023HU0010493,2,325,2,1
2023HU0010493,3,325,2,1
2023HU0010493,4,325,2,1
2023HU0010550,1,246,2,1
2023HU0010550,2,246,2,1
2023HU0010600,1,307,1,1
2023HU0010600,2,307,1,1
2023HU0010600,3,307,1,1
2023HU0010600,4,307,1,1
2023HU0010876,1,501,2,1
2023HU0010876,2,501,2,1
2023HU0011024,1,478,3,1
2023HU0011024,2,363,3,1
2023HU0011108,1,116,3,1
2023HU0011385,1,428,1,1
2023HU0011588,1,392,2,1
2023HU0011716,1,501,1,1
2023HU0011716,2,501,1,1
2023HU0011716,3,501,1,1
2023HU0011737,1,152,1,1
2023HU0011737,2,152,1,1
2023HU0011771,1,501,3,1
2023HU0011771,2,501,3,1
2023HU0011771,3,501,3,1
2023HU0012304,1,238,3,1
2023HU0012304,2,238,3,1
2023HU0012390,1,458,1,1
2023HU0012390,2,458,1,1
2023HU0012390,3,458,1,1
2023HU0012390,4,458,1,1
2023HU0012390,5,458,1,1
2023HU0012390,6,458,1,1
2023HU0012856,1,118,3,1
2023HU0012856,2,118,3,1
2023HU0013187,1,75,3,1
2023HU0013225,1,173,3,1
2023HU0013225,2,159,3,1
2023HU0013258,1,270,2,1
2023HU0013258,2,270,2,1
2023HU0013258,3,270,2,1
2023HU0013284,1,352,1,1
2023HU0013284,2,352,1,1
2023HU0013284,3,352,1,1
2023HU0013384,1,501,3,1
2023HU0013384,2,501,3,1
2023HU0013411,1,379,1,1
2023HU0013411,2,379,1,1
2023HU0013411,3,379,1,1
2023HU0013411,4,379,1,1
2023HU0013564,1,250,3,1
2023HU0013564,2,250,3,1
2023HU0013564,3,250,3,1
2023HU0013652,1,475,3,1
2023HU0013652,2,475,3,1
2023HU0013652,3,475,3,1
2023HU0013652,4,475,3,1
2023HU0013744,1,501,2,1
2023HU0013783,1,501,1,1
2023HU0013783,2,501,1,1
2023HU0013783,3,501,1,1
2023HU0013783,4,501,1,1
2023HU0013805,1,196,3,1
2023HU0013805,2,383,3,1
2023HU0013805,3,196,3,1
2023HU0013805,4,196,3,1
2023HU0013805,5,196,3,1
2023HU0013968,1,326,2,1
2023HU0013968,2,326,2,1
2023HU0013968,3,326,2,1
2023HU0013968,4,326,2,1
2023HU0013968,5,326,2,1
2023HU0013980,1,501,1,1
2023HU0013980,2,501,1,1
2023HU0013980,3,501,1,1
2023HU0014215,1,124,2,1
2023HU0014215,2,253,2,1
2023HU0014215,3,124,2,1
2023HU0014235,1,324,1,1
2023HU0014235,2,324,1,1
2023HU0014235,3,324,1,1
2023HU0014235,4,324,1,1
2023HU0014235,5,324,1,1
2023HU0014242,1,373,1,1
2023HU0014242,2,373,1,1
2023HU0014242,3,373,1,1
2023HU0014242,4,373,1,1
2023HU0014259,1,275,3,1
2023HU0014259,2,275,3,1
2023HU0014259,3,275,3,1
2023HU0014259,4,275,3,1
2023HU0014421,1,397,3,1
2023HU0014421,2,447,3,1
2023HU0014421,3,397,3,1
2023HU0014642,1,501,1,1
2023HU0014642,2,501,1,1
2023HU0014803,1,501,1,1
2023HU0014803,2,501,1,1
2023HU0014803,3,501,1,1
2023HU0014803,4,501,1,1
2023HU0015081,1,501,2,1
2023HU0015180,1,466,2,1
2023HU0015180,2,466,2,1
2023HU0015225,1,332,1,1
2023HU0015225,2,332,1,1
2023HU0015225,3,332,1,1
2023HU0015231,1,111,2,1
2023HU0015231,2,111,2,1
2023HU0015281,1,501,3,1
2023HU0015281,2,501,3,1
2023HU0015316,1,501,1,1
2023HU0015316,2,501,1,1
2023HU0015727,1,233,2,1
2023HU0015727,2,233,2,1
2023HU0015727,3,233,2,1
2023HU0015727,4,233,2,1
2023HU0015968,1,303,1,1
2023HU0015968,2,303,1,1
2023HU0015968,3,303,1,1
2023HU0015968,4,303,1,1
2023HU0015968,5,303,1,1
2023HU0015968,6,303,1,1
2023HU0015978,1,501,1,1
2023HU0016067,1,413,3,1
2023HU0016067,2,413,3,1
2023HU0016123,1,501,2,1
2023HU0016223,1,501,2,1
2023HU0016223,2,501,2,1
2023HU0016223,3,501,2,1
2023HU0016223,4,501,2,1
2023HU0016299,1,501,1,1
2023HU0016299,2,501,1,1
2023HU0016299,3,501,1,1
2023HU0016571,1,152,1,1
2023HU0016571,2,152,1,1
2023HU0016571,3,152,1,1
2023HU0016571,4,152,1,1
2023HU0016571,5,152,1,1
2023HU0016571,6,152,1,1
2023HU0016591,1,485,1,1
2023HU0016591,2,485,1,1
2023HU0016591,3,485,1,1
2023HU0016619,1,406,1,1
2023HU0016619,2,406,1,1
2023HU0016855,1,214,1,1
2023HU0016855,2,214,1,1
2023HU0016855,3,214,1,1
2023HU0016855,4,214,1,1
2023HU0016874,1,277,2,1
2023HU0016874,2,277,2,1
2023HU0017246,1,501,1,1
2023HU0017246,2,501,1,1
2023HU0017246,3,501,1,1
2023HU0017386,1,308,3,1
2023HU0017386,2,308,3,1
2023HU0017387,1,501,1,1
2023HU0017445,1,501,3,1
2023HU0017553,1,68,3,1
2023HU0017553,2,0,3,1
2023HU0017553,3,68,3,1
2023HU0017553,4,68,3,1
2023HU0017553,5,68,3,1
2023HU0017607,1,302,1,1
2023HU0017658,1,40,3,1
2023HU0017658,2,40,3,1
2023HU0017658,3,40,3,1
2023HU0017861,1,451,1,1
2023HU0017861,2,451,1,1
2023HU0017861,3,451,1,1
2023HU0017861,4,451,1,1
2023HU0017916,1,350,1,1
2023HU0018126,1,490,1,1
2023HU0018215,1,53,3,1
2023HU0018215,2,53,3,1
2023HU0018215,3,53,3,1
2023HU0018294,1,191,1,1
2023HU0018294,2,191,1,1
2023HU0018294,3,191,1,1
2023HU0018360,1,501,2,1
2023HU0018360,2,501,2,1
2023HU0018903,1,103,2,1
2023HU0019078,1,299,1,1
2023HU0019078,2,299,1,1
2023HU0019313,1,433,2,1
2023HU0019380,1,501,1,1
2023HU0019380,2,501,1,1
2023HU0019395,1,492,3,1
2023HU0019395,2,492,3,1
2023HU0019483,1,94,3,1
2023HU0019513,1,106,3,1
2023HU0019513,2,106,3,1
2023HU0019513,3,106,3,1
2023HU0020324,1,501,1,1
2023HU0020324,2,501,1,1
2023HU0020496,1,74,1,1
2023HU0020614,1,299,3,1
2023HU0020614,2,299,3,1
2023HU0020614,3,299,3,1
2023HU0020614,4,299,3,1
2023HU0020991,1,70,3,1
2023HU0021406,1,501,1,1
2023HU0021406,2,501,1,1
2023HU0021406,3,501,1,1
2023HU0021445,1,253,2,1
2023HU0021445,2,253,2,1
2023HU0021697,1,283,3,1
2023HU0021697,2,79,3,1
2023HU0021697,3,283,3,1
2023HU0021709,1,501,1,1
2023HU0021709,2,223,1,1
2023HU0021786,1,501,1,1
2023HU0021786,2,501,1,1
2023HU0021896,1,501,2,1
2023HU0021896,2,501,2,1
2023HU0021953,1,331,1,1
2023HU0021953,2,331,1,1
2023HU0021953,3,331,1,1
2023HU0022205,1,67,2,1
2023HU0022205,2,67,2,1
2023HU0022205,3,67,2,1
2023HU0022599,1,270,3,1
2023HU0022919,1,395,3,1
2023HU0023051,1,49,1,1
2023HU0023083,1,83,3,1
2023HU0023083,2,83,3,1
2023HU0023083,3,83,3,1
2023HU0023083,4,83,3,1
2023HU0023555,1,121,3,1
2023HU0023555,2,121,3,1
2023HU0023614,1,178,3,1
2023HU0023614,2,178,3,1
2023HU0023614,3,178,3,1
2023HU0023615,1,501,1,1
2023HU0023615,2,501,1,1
2023HU0023615,3,501,1,1
2023HU0023615,4,501,1,1
2023HU0023916,1,231,1,1
2023HU0023916,2,231,1,1
2023HU0023960,1,501,1,1
2023HU0023960,2,501,1,1
2023HU0023960,3,501,1,1
2023HU0023960,4,501,1,1
2023HU0023960,5,501,1,1
2023HU0023960,6,501,1,1
2023HU0024075,1,0,3,1
2023HU0024383,1,392,3,1
2023HU0024383,2,392,3,1
2023HU0024399,1,46,2,1
2023HU0024415,1,501,1,1
2023HU0024415,2,501,1,1
2023HU0024415,3,501,1,1
2023HU0024435,1,379,2,1
2023HU0024435,2,379,2,1
2023HU0024707,1,0,3,1
2023HU0024707,2,0,3,1
2023HU0024707,3,0,3,1
2023HU0024707,4,0,3,1
2023HU0025140,1,197,3,1
2023HU0025140,2,197,3,1
2023HU0025140,3,197,3,1
2023HU0025178,1,78,2,1
2023HU0025485,1,236,3,1
2023HU0025485,2,236,3,1
2023HU0025765,1,312,1,1
2023HU0025765,2,312,1,1
2023HU0025770,1,501,1,1
2023HU0025770,2,501,1,1
2023HU0025770,3,501,1,1
2023HU0025908,1,321,2,1
2023HU0025908,2,321,2,1
2023HU0025949,1,501,1,1
2023HU0025949,2,501,1,1
2023HU0025949,3,501,1,1
2023HU0025992,1,188,1,1
2023HU0025992,2,188,1,1
2023HU0025992,3,188,1,1
2023HU0025992,4,188,1,1
2023HU0026097,1,501,1,1
2023HU0026097,2,501,1,1
2023HU0026097,3,501,1,1
2023HU0026308,1,417,2,1
2023HU0026308,2,417,2,1
2023HU0026375,1,66,3,1
2023HU0026375,2,66,3,1
2023HU0026375,3,66,3,1
2023HU0026375,4,66,3,1
2023HU0026642,1,322,1,1
2023HU0026642,2,219,1,1
2023HU0027038,1,123,3,1
2023HU0027038,2,123,3,1
2023HU0027038,3,123,3,1
2023HU0027151,1,85,3,1
2023HU0027151,2,85,3,1
2023HU0027151,3,85,3,1
2023HU0027194,1,302,1,1
2023HU0027194,2,302,1,1
2023HU0027194,3,302,1,1
2023HU0027194,4,302,1,1
2023HU0027194,5,302,1,1
2023HU0027600,1,501,1,1
2023HU0027600,2,501,1,1
2023HU0027653,1,299,2,1
2023HU0027653,2,299,2,1
2023HU0027653,3,299,2,1
2023HU0027982,1,354,1,1
2023HU0027982,2,354,1,1
2023HU0027982,3,354,1,1
2023HU0028207,1,146,3,1
2023HU0028207,2,146,3,1
2023HU0028250,1,290,3,1
2023HU0028250,2,290,3,1
2023HU0028375,1,392,1,1
2023HU0028375,2,392,1,1
2023HU0028375,3,392,1,1
2023HU0028375,4,392,1,1
2023HU0028424,1,50,2,1
2023HU0028424,2,50,2,1
2023HU0028424,3,50,2,1
2023HU0028527,1,107,1,1
2023HU0029168,1,501,2,1
2023HU0029326,1,501,2,1
2023HU0029326,2,501,2,1
2023HU0029326,3,501,2,1
2023HU0029331,1,186,3,1
2023HU0029331,2,235,3,1
2023HU0029331,3,186,3,1
2023HU0029464,1,398,2,1
2023HU0029464,2,398,2,1
2023HU0029556,1,460,2,1
2023HU0029556,2,460,2,1
2023HU0029556,3,460,2,1
2023HU0029825,1,501,2,1
2023HU0029825,2,501,2,1
2023HU0029825,3,501,2,1
2023HU0029962,1,248,3,1
2023HU0029962,2,248,3,1
2023HU0029962,3,248,3,1
2023HU0029962,4,248,3,1
2023HU0029984,1,152,3,1
2023HU0030155,1,217,3,1
2023HU0030155,2,217,3,1
2023HU0030155,3,217,3,1
2023HU0030155,4,217,3,1
2023HU0030155,5,217,3,1
2023HU0030358,1,0,3,1
2023HU0030358,2,0,3,1
2023HU0030399,1,501,2,1
2023HU0030399,2,501,2,1
2023HU0030399,3,501,2,1
2023HU0030399,4,501,2,1
2023HU0030432,1,246,1,1
2023HU0030462,1,227,1,1
2023HU0030462,2,227,1,1
2023HU0030462,3,227,1,1
2023HU0030503,1,501,2,1
2023HU0030793,1,501,2,1
2023HU0030876,1,308,2,1
2023HU0030876,2,308,2,1
2023HU0030957,1,221,1,1
2023HU0030957,2,221,1,1
2023HU0030957,3,221,1,1
2023HU0030957,4,221,1,1
2023HU0031151,1,501,3,1
2023HU0031151,2,501,3,1
2023HU0031151,3,501,3,1
2023HU0031151,4,501,3,1
2023HU0031407,1,203,2,1
2023HU0031407,2,501,2,1
2023HU0031407,3,203,2,1
2023HU0031676,1,131,2,1
2023HU0031702,1,22,3,1
2023HU0031934,1,399,3,1
2023HU0031934,2,399,3,1
2023HU0031964,1,468,1,1
2023HU0031966,1,311,3,1
2023HU0031966,2,311,3,1
2023HU0031966,3,311,3,1
2023HU0031989,1,381,3,1
2023HU0032346,1,293,2,1
2023HU0032346,2,293,2,1
2023HU0032346,3,213,2,1
2023HU0032355,1,501,1,1
2023HU0032355,2,501,1,1
2023HU0032370,1,268,1,1
2023HU0032370,2,268,1,1
2023HU0032370,3,268,1,1
2023HU0032370,4,268,1,1
2023HU0032670,1,278,3,1
2023HU0032711,1,83,3,1
2023HU0032711,2,83,3,1
2023HU0032711,3,83,3,1
2023HU0032711,4,83,3,1
2023HU0032711,5,83,3,1
2023HU0032836,1,501,3,1
2023HU0032836,2,501,3,1
2023HU0033011,1,501,2,1
2023HU0033117,1,265,2,1
2023HU0033117,2,265,2,1
2023HU0033202,1,23,3,1
2023HU0033202,2,412,3,1
2023HU0033202,3,23,3,1
2023HU0033202,4,23,3,1
2023HU0033202,5,23,3,1
2023HU0033546,1,501,1,1
2023HU0033546,2,501,1,1
2023HU0033546,3,501,1,1
2023HU0033745,1,198,3,1
2023HU0033745,2,198,3,1
2023HU0033745,3,198,3,1
2023HU0033745,4,198,3,1
2023HU0033799,1,411,1,1
2023HU0033799,2,411,1,1
2023HU0033799,3,214,1,1
2023HU0034107,1,291,3,1
2023HU0034107,2,171,3,1
2023HU0034107,3,291,3,1
2023HU0034107,4,291,3,1
2023HU0034126,1,387,3,1
2023HU0034126,2,387,3,1
2023HU0034165,1,501,2,1
2023HU0034165,2,501,2,1
2023HU0034583,1,501,2,1
2023HU0034583,2,501,2,1
2023HU0034593,1,5,2,1
2023HU0034593,2,5,2,1
2023HU0035411,1,290,1,1
2023HU0035714,1,332,2,1
2023HU0035714,2,332,2,1
2023HU0035714,3,332,2,1
2023HU0036082,1,194,1,1
2023HU0036082,2,194,1,1
2023HU0036082,3,194,1,1
2023HU0036082,4,194,1,1
2023HU0036845,1,298,2,1
2023HU0036845,2,298,2,1
2023HU0036845,3,298,2,1
2023HU0036845,4,298,2,1
2023HU0037348,1,227,2,1
2023HU0037348,2,227,2,1
2023HU0037348,3,227,2,1
2023HU0037348,4,414,2,1
2023HU0037466,1,501,2,1
2023HU0037466,2,501,2,1
2023HU0037466,3,501,2,1
2023HU0037466,4,501,2,1
2023HU0037737,1,4,3,1
2023HU0037737,2,261,3,1
2023HU0037737,3,4,3,1
2023HU0037737,4,4,3,1
2023HU0037765,1,35,2,1
2023HU0037765,2,35,2,1
2023HU0037836,1,345,3,1
2023HU0037836,2,345,3,1
2023HU0037972,1,286,2,1
2023HU0037972,2,286,2,1
2023HU0038133,1,501,1,1
2023HU0038133,2,501,1,1
2023HU0038596,1,16,3,1
2023HU0038653,1,501,2,1
2023HU0038653,2,501,2,1
2023HU0038687,1,241,4,1
2023HU0038846,1,374,2,1
2023HU0038846,2,374,2,1
2023HU0038850,1,14,2,1
2023HU0038850,2,14,2,1
2023HU0038953,1,488,1,1
2023HU0038953,2,488,1,1
2023HU0038953,3,488,1,1
2023HU0039020,1,111,3,1
2023HU0039120,1,251,2,1
2023HU0039166,1,269,3,1
2023HU0039166,2,269,3,1
2023HU0039166,3,269,3,1
2023HU0039166,4,269,3,1
2023HU0039166,5,501,3,1
2023HU0039246,1,18,3,1
2023HU0039302,1,501,1,1
2023HU0039302,2,501,1,1
2023HU0039302,3,501,1,1
2023HU0039338,1,109,3,1
2023HU0039338,2,109,3,1
2023HU0039338,3,109,3,1
2023HU0039338,4,0,3,1
2023HU0039558,1,501,2,1
2023HU0039558,2,501,2,1
2023HU0039587,1,501,2,1
2023HU0039587,2,501,2,1
2023HU0039692,1,501,3,1
2023HU0039724,1,77,3,1
2023HU0039724,2,136,3,1
2023HU0039724,3,77,3,1
2023HU0040043,1,188,1,1
2023HU0040290,1,426,3,1
2023HU0040290,2,57,3,1
2023HU0040305,1,125,2,1
2023HU0040305,2,125,2,1
2023HU0040507,1,501,2,1
2023HU0040507,2,501,2,1
2023HU0040507,3,501,2,1
2023HU0040948,1,501,1,1
2023HU0040948,2,501,1,1
2023HU0040948,3,501,1,1
2023HU0040948,4,501,1,1
2023HU0040948,5,501,1,1
2023HU0041119,1,274,2,1
2023HU0041159,1,181,3,1
2023HU0041159,2,181,3,1
2023HU0041169,1,501,1,1
2023HU0041276,1,138,2,1
2023HU0041349,1,0,4,1
2023HU0041349,2,28,4,1
2023HU0041390,1,501,3,1
2023HU0041390,2,501,3,1
2023HU0041472,1,384,1,1
2023HU0041472,2,384,1,1
2023HU0041472,3,384,1,1
2023HU0041472,4,384,1,1
2023HU0041472,5,384,1,1
2023HU0041472,6,384,1,1
2023HU0041909,1,388,3,1
2023HU0041909,2,388,3,1
2023HU0042182,1,66,3,1
2023HU0042207,1,208,3,1
2023HU0042207,2,208,3,1
2023HU0042222,1,126,2,1
2023HU0042250,1,0,3,1
2023HU0042313,1,501,2,1
2023HU0042313,2,501,2,1
2023HU0042462,1,345,1,1
2023HU0042462,2,345,1,1
2023HU0042462,3,345,1,1
2023HU0042462,4,345,1,1
2023HU0042549,1,139,3,1
2023HU0042549,2,139,3,1
2023HU0042753,1,501,3,1
2023HU0042770,1,501,1,1
2023HU0042770,2,501,1,1
2023HU0042770,3,501,1,1
2023HU0042770,4,501,1,1
2023HU0042770,5,501,1,1
2023HU0042856,1,122,3,1
2023HU0042856,2,122,3,1
2023HU0042856,3,122,3,1
2023HU0043208,1,501,3,1
2023HU0043352,1,170,2,1
2023HU0043595,1,142,3,1
2023HU0043595,2,142,3,1
2023HU0043595,3,142,3,1
2023HU0043866,1,156,2,1
2023HU0043902,1,248,3,1
2023HU0044135,1,501,2,1
2023HU0044135,2,501,2,1
2023HU0044135,3,501,2,1
2023HU0044135,4,501,2,1
2023HU0044135,5,501,2,1
2023HU0044233,1,338,1,1
2023HU0044233,2,338,1,1
2023HU0044233,3,338,1,1
2023HU0044233,4,338,1,1
2023HU0044442,1,196,3,1
2023HU0044442,2,196,3,1
2023HU0044442,3,196,3,1
2023HU0044442,4,196,3,1
2023HU0044710,1,90,2,1
2023HU0044710,2,90,2,1
2023HU0044710,3,90,2,1
2023HU0044803,1,501,3,1
2023HU0044803,2,501,3,1
2023HU0045045,1,382,3,1
2023HU0045065,1,239,1,1
2023HU0045065,2,239,1,1
2023HU0045065,3,239,1,1
2023HU0045065,4,239,1,1
2023HU0045335,1,204,1,1
2023HU0045335,2,501,1,1
2023HU0045335,3,204,1,1
2023HU0045335,4,204,1,1
2023HU0045419,1,422,4,1
2023HU0045419,2,422,4,1
2023HU0045419,3,422,4,1
2023HU0045448,1,77,3,1
2023HU0045506,1,501,2,1
2023HU0045506,2,501,2,1
2023HU0045506,3,501,2,1
2023HU0045526,1,377,3,1
2023HU0045526,2,377,3,1
2023HU0045526,3,377,3,1
2023HU0045591,1,501,1,1
2023HU0045591,2,501,1,1
2023HU0045701,1,0,3,1
2023HU0045701,2,52,3,1
2023HU0045728,1,93,2,1
2023HU0045728,2,93,2,1
2023HU0045728,3,93,2,1
2023HU0045728,4,93,2,1
2023HU0045728,5,93,2,1
2023HU0045745,1,304,3,1
2023HU0045745,2,0,3,1
2023HU0045748,1,254,3,1
2023HU0045748,2,254,3,1
2023HU0045748,3,254,3,1
2023HU0045785,1,501,2,1
2023HU0045785,2,501,2,1
2023HU0045969,1,434,3,1
2023HU0045969,2,390,3,1
2023HU0045969,3,434,3,1
2023HU0046094,1,231,2,1
2023HU0046094,2,231,2,1
2023HU0046094,3,231,2,1
2023HU0046094,4,231,2,1
2023HU0046125,1,299,3,1
2023HU0046125,2,418,3,1
2023HU0046169,1,186,1,1
2023HU0046169,2,186,1,1
2023HU0046192,1,120,2,1
2023HU0046192,2,120,2,1
2023HU0046192,3,120,2,1
2023HU0046296,1,292,1,1
2023HU0046296,2,390,1,1
2023HU0046475,1,156,2,1
2023HU0046475,2,156,2,1
2023HU0046481,1,228,3,1
2023HU0046481,2,228,3,1
2023HU0046481,3,228,3,1
2023HU0046596,1,142,3,1
2023HU0046596,2,142,3,1
2023HU0046858,1,327,1,1
2023HU0046858,2,327,1,1
2023HU0046858,3,323,1,1
2023HU0046921,1,501,1,1
2023HU0046921,2,501,1,1
2023HU0046921,3,501,1,1
2023HU0046938,1,376,3,1
2023HU0046962,1,308,3,1
2023HU0046962,2,308,3,1
2023HU0046962,3,308,3,1
2023HU0047288,1,67,1,1
2023HU0047288,2,67,1,1
2023HU0047582,1,101,3,1
2023HU0047700,1,501,3,1
2023HU0047700,2,501,3,1
2023HU0047700,3,501,3,1
2023HU0047890,1,501,2,1
2023HU0047890,2,501,2,1
2023HU0048155,1,501,2,1
2023HU0048253,1,307,3,1
2023HU0048253,2,307,3,1
2023HU0048253,3,307,3,1
2023HU0048253,4,307,3,1
2023HU0048253,5,307,3,1
2023HU0048293,1,475,1,1
2023HU0048293,2,475,1,1
2023HU0048429,1,501,2,1
2023HU0048429,2,501,2,1
2023HU0048684,1,171,3,1
2023HU0048684,2,171,3,1
2023HU0048684,3,171,3,1
2023HU0048914,1,436,1,1
2023HU0048944,1,361,2,1
2023HU0048944,2,361,2,1
2023HU0048944,3,361,2,1
2023HU0048944,4,361,2,1
2023HU0048944,5,361,2,1
2023HU0048956,1,148,3,1
2023HU0048956,2,0,3,1
2023HU0048956,3,148,3,1
2023HU0048956,4,148,3,1
2023HU0048956,5,148,3,1
2023HU0049367,1,181,3,1
2023HU0049367,2,181,3,1
2023HU0049367,3,181,3,1
2023HU0049393,1,45,3,1
2023HU0049393,2,45,3,1
2023HU0049393,3,45,3,1
2023HU0049623,1,501,1,1
2023HU0049623,2,501,1,1
2023HU0049623,3,501,1,1
2023HU0049633,1,501,2,1
2023HU0049704,1,42,2,1
2023HU0049704,2,42,2,1
2023HU0049862,1,501,3,1
2023HU0049862,2,501,3,1
2023HU0049862,3,501,3,1
2023HU0049925,1,482,1,1
2023HU0049925,2,300,1,1
2023HU0049925,3,482,1,1
2023HU0049951,1,362,2,1
2023HU0049951,2,362,2,1
2023HU0049951,3,362,2,1
2023HU0050087,1,251,1,1
2023HU0050087,2,251,1,1
2023HU0050191,1,501,1,1
2023HU0050191,2,501,1,1
2023HU0050509,1,245,1,1
2023HU0050509,2,288,1,1
2023HU0050509,3,245,1,1
2023HU0050719,1,474,1,1
2023HU0050719,2,474,1,1
2023HU0050719,3,474,1,1
2023HU0050719,4,474,1,1
2023HU0050885,1,176,2,1
2023HU0050885,2,176,2,1
2023HU0051169,1,435,1,1
2023HU0051169,2,435,1,1
2023HU0051334,1,501,1,1
2023HU0051585,1,178,3,1
2023HU0051585,2,178,3,1
2023HU0051628,1,489,2,1
2023HU0051628,2,489,2,1
2023HU0051628,3,489,2,1
2023HU0051826,1,77,2,1
2023HU0051933,1,218,1,1
2023HU0051933,2,218,1,1
2023HU0051952,1,501,1,1
2023HU0051952,2,501,1,1
2023HU0051952,3,501,1,1
2023HU0052023,1,493,1,1
2023HU0052023,2,493,1,1
2023HU0052023,3,493,1,1
2023HU0052023,4,493,1,1
2023HU0052536,1,501,1,1
2023HU0052536,2,501,1,1
2023HU0052536,3,501,1,1
2023HU0052797,1,302,2,1
2023HU0052899,1,336,3,1
2023HU0052899,2,336,3,1
2023HU0052899,3,336,3,1
2023HU0052926,1,501,3,1
2023HU0052987,1,501,2,1
2023HU0052987,2,501,2,1
2023HU0052987,3,501,2,1
2023HU0053050,1,501,2,1
2023HU0053050,2,501,2,1
2023HU0053050,3,501,2,1
2023HU0053116,1,310,1,1
2023HU0053116,2,310,1,1
2023HU0053116,3,310,1,1
2023HU0053116,4,310,1,1
2023HU0053116,5,310,1,1
2023HU0053116,6,310,1,1
2023HU0053127,1,501,2,1
2023HU0053503,1,148,3,1
2023HU0053503,2,148,3,1
2023HU0053652,1,144,1,1
2023HU0053652,2,144,1,1
2023HU0053652,3,144,1,1
2023HU0053652,4,144,1,1
2023HU0053652,5,144,1,1
2023HU0053652,6,144,1,1
2023HU0053788,1,50,3,1
2023HU0054090,1,501,3,1
2023HU0054090,2,501,3,1
2023HU0054112,1,501,1,1
2023HU0054112,2,501,1,1
2023HU0054366,1,466,1,1
2023HU0054366,2,466,1,1
2023HU0054720,1,62,3,1
2023HU0054720,2,6,3,1
2023HU0054720,3,62,3,1
2023HU0054720,4,62,3,1
2023HU0054720,5,62,3,1
2023HU0055012,1,419,2,1
2023HU0055012,2,419,2,1
2023HU0055012,3,419,2,1
2023HU0055037,1,288,3,1
2023HU0055037,2,288,3,1
2023HU0055037,3,288,3,1
2023HU0055382,1,301,1,1
2023HU0055382,2,301,1,1
2023HU0055382,3,301,1,1
2023HU0055382,4,301,1,1
2023HU0055498,1,313,3,1
2023HU0055498,2,313,3,1
2023HU0055498,3,313,3,1
2023HU0055564,1,82,1,1
2023HU0055564,2,82,1,1
2023HU0055564,3,82,1,1
2023HU0055564,4,82,1,1
2023HU0055564,5,147,1,1
2023HU0055564,6,104,1,1
2023HU0055600,1,501,2,1
2023HU0055600,2,501,2,1
2023HU0055600,3,501,2,1
2023HU0055630,1,501,1,1
2023HU0055630,2,501,1,1
2023HU0055630,3,501,1,1
2023HU0055792,1,205,3,1
2023HU0055792,2,205,3,1
2023HU0055792,3,205,3,1
2023HU0055792,4,205,3,1
2023HU0055989,1,197,3,1
2023HU0055989,2,197,3,1
2023HU0055989,3,197,3,1
2023HU0055989,4,197,3,1
2023HU0055989,5,197,3,1
2023HU0055989,6,197,3,1
2023HU0055989,7,197,3,1
2023HU0056076,1,99,1,1
2023HU0056076,2,99,1,1
2023HU0056442,1,399,3,1
2023HU0056442,2,399,3,1
2023HU0056442,3,399,3,1
2023HU0056705,1,164,1,1
2023HU0056807,1,289,1,1
2023HU0056807,2,289,1,1
2023HU0056807,3,289,1,1
2023HU0056807,4,289,1,1
2023HU0056807,5,289,1,1
2023HU0057249,1,229,1,1
2023HU0057249,2,229,1,1
2023HU0057249,3,229,1,1
2023HU0057249,4,229,1,1
2023HU0057329,1,501,3,1
2023HU0057329,2,501,3,1
2023HU0057329,3,501,3,1
2023HU0057401,1,258,3,1
2023HU0057401,2,258,3,1
2023HU0057450,1,221,1,1
2023HU0057543,1,318,2,1
2023HU0057543,2,318,2,1
2023HU0057543,3,318,2,1
2023HU0057674,1,170,2,1
2023HU0057674,2,170,2,1
2023HU0057732,1,158,3,1
2023HU0057732,2,158,3,1
2023HU0057732,3,158,3,1
2023HU0057732,4,158,3,1
2023HU0057962,1,484,2,1
2023HU0057962,2,484,2,1
2023HU0058195,1,118,3,1
2023HU0058195,2,12,3,1
2023HU0058728,1,441,3,1
2023HU0058728,2,441,3,1
2023HU0058824,1,386,3,1
2023HU0058824,2,75,3,1
2023HU0058873,1,160,3,1
2023HU0058900,1,253,2,1
2023HU0058907,1,212,2,1
2023HU0058907,2,212,2,1
2023HU0058973,1,427,3,1
2023HU0059116,1,37,3,1
2023HU0059116,2,37,3,1
2023HU0059116,3,37,3,1
2023HU0059116,4,37,3,1
2023HU0059116,5,37,3,1
2023HU0059172,1,421,1,1
2023HU0059172,2,421,1,1
2023HU0059172,3,421,1,1
2023HU0059227,1,131,2,1
2023HU0059543,1,418,2,1
2023HU0059543,2,418,2,1
2023HU0059556,1,501,2,1
2023HU0059556,2,501,2,1
2023HU0059593,1,207,3,1
2023HU0059593,2,256,3,1
2023HU0059593,3,207,3,1
2023HU0059593,4,207,3,1
2023HU0059744,1,289,3,1
2023HU0059744,2,289,3,1
2023HU0059744,3,289,3,1
2023HU0059744,4,289,3,1
2023HU0059854,1,497,3,1
2023HU0059854,2,497,3,1
2023HU0059854,3,497,3,1
2023HU0059854,4,60,3,1
2023HU0060155,1,201,3,1
2023HU0060155,2,201,3,1
2023HU0060306,1,263,3,1
2023HU0060544,1,378,2,1
2023HU0060544,2,378,2,1
2023HU0060581,1,387,2,1
2023HU0060581,2,387,2,1
2023HU0060581,3,387,2,1
2023HU0060581,4,387,2,1
2023HU0060581,5,501,2,1
2023HU0060684,1,347,3,1
2023HU0060684,2,347,3,1
2023HU0060691,1,501,1,1
2023HU0060691,2,501,1,1
2023HU0060691,3,501,1,1
2023HU0060805,1,501,1,1
2023HU0060805,2,501,1,1
2023HU0060813,1,426,3,1
2023HU0060813,2,426,3,1
2023HU0060813,3,426,3,1
2023HU0060925,1,344,1,1
2023HU0060925,2,344,1,1
2023HU0060925,3,344,1,1
2023HU0060925,4,344,1,1
2023HU0060925,5,344,1,1
2023HU0061012,1,109,3,1
2023HU0061044,1,501,1,1
2023HU0061044,2,501,1,1
2023HU0061044,3,501,1,1
2023HU0061044,4,501,1,1
2023HU0061080,1,501,2,1
2023HU0061080,2,501,2,1
2023HU0061080,3,501,2,1
2023HU0061080,4,501,2,1
2023HU0061119,1,144,1,1
2023HU0061119,2,144,1,1
2023HU0061119,3,144,1,1
2023HU0061220,1,501,2,1
2023HU0061220,2,501,2,1
2023HU0061359,1,501,1,1
2023HU0061359,2,501,1,1
2023HU0061359,3,501,1,1
2023HU0061413,1,219,2,1
2023HU0061413,2,219,2,1
2023HU0061413,3,219,2,1
2023HU0061413,4,219,2,1
2023HU0061529,1,124,3,1
2023HU0061529,2,124,3,1
2023HU0061529,3,124,3,1
2023HU0061694,1,494,2,1
2023HU0061694,2,494,2,1
2023HU0061694,3,0,2,1
2023HU0061694,4,0,2,1
2023HU0061694,5,,2,1
2023HU0061822,1,328,1,1
2023HU0061822,2,328,1,1
2023HU0061822,3,328,1,1
2023HU0061898,1,501,1,1
2023HU0061898,2,501,1,1
2023HU0061898,3,501,1,1
2023HU0061898,4,91,1,1
2023HU0062117,1,501,1,1
2023HU0062117,2,501,1,1
2023HU0062123,1,393,1,1
2023HU0062123,2,393,1,1
2023HU0062267,1,162,1,1
2023HU0062267,2,162,1,1
2023HU0062422,1,255,2,1
2023HU0062446,1,337,2,1
2023HU0062446,2,337,2,1
2023HU0062446,3,337,2,1
2023HU0062974,1,501,1,1
2023HU0062974,2,501,1,1
2023HU0063004,1,217,3,1
2023HU0063004,2,217,3,1
2023HU0063004,3,217,3,1
2023HU0063004,4,217,3,1
2023HU0063004,5,217,3,1
2023HU0063004,6,217,3,1
2023HU0063004,7,217,3,1
2023HU0063345,1,500,3,1
2023HU0063345,2,500,3,1
2023HU0063345,3,500,3,1
2023HU0063345,4,500,3,1
2023HU0063345,5,500,3,1
2023HU0063660,1,291,3,1
2023HU0063660,2,0,3,1
2023HU0063660,3,291,3,1
2023HU0063962,1,378,3,1
2023HU0063962,2,378,3,1
2023HU0064102,1,427,1,1
2023HU0064102,2,427,1,1
2023HU0064318,1,501,3,1
2023HU0064489,1,172,1,1
2023HU0064489,2,172,1,1
2023HU0064489,3,172,1,1
2023HU0064489,4,172,1,1
2023HU0064872,1,123,2,1
2023HU0064974,1,48,3,1
2023HU0065196,1,501,2,1
2023HU0065204,1,389,1,1
2023HU0065204,2,389,1,1
2023HU0065338,1,214,3,1
2023HU0065555,1,501,1,1
2023HU0065555,2,501,1,1
2023HU0065555,3,501,1,1
2023HU0066115,1,429,3,1
2023HU0066115,2,429,3,1
2023HU0066115,3,429,3,1
2023HU0066212,1,0,1,1
2023HU0066212,2,0,1,1
2023HU0066356,1,384,3,1
2023HU0066356,2,205,3,1
2023HU0066488,1,501,1,1
2023HU0066488,2,501,1,1
2023HU0066488,3,501,1,1
2023HU0066488,4,501,1,1
2023HU0066488,5,501,1,1
2023HU0066488,6,501,1,1
2023HU0066488,7,501,1,1
2023HU0066488,8,501,1,1
2023HU0066679,1,501,3,1
2023HU0066819,1,501,1,1
2023HU0066819,2,501,1,1
2023HU0066819,3,501,1,1
2023HU0066819,4,501,1,1
2023HU0066819,5,501,1,1
2023HU0066918,1,394,3,1
2023HU0066963,1,433,2,1
2023HU0066963,2,433,2,1
2023HU0067283,1,300,3,1
2023HU0067283,2,300,3,1
2023HU0067283,3,300,3,1
2023HU0067727,1,224,3,1
2023HU0067727,2,224,3,1
2023HU0067727,3,224,3,1
2023HU0067791,1,0,3,1
2023HU0067791,2,74,3,1
2023HU0067916,1,247,3,1
2023HU0067946,1,371,1,1
2023HU0067946,2,371,1,1
2023HU0067946,3,371,1,1
2023HU0067946,4,371,1,1
2023HU0067946,5,371,1,1
2023HU0067946,6,371,1,1
2023HU0067946,7,371,1,1
2023HU0067946,8,371,1,1
2023HU0067946,9,371,1,1
2023HU0068041,1,330,3,1
2023HU0068041,2,330,3,1
2023HU0068041,3,330,3,1
2023HU0068166,1,501,3,1
2023HU0068308,1,264,3,1
2023HU0068610,1,262,1,1
2023HU0068610,2,0,1,1
2023HU0068610,3,262,1,1
2023HU0068855,1,501,1,1
2023HU0068855,2,501,1,1
2023HU0068855,3,501,1,1
2023HU0068855,4,501,1,1
2023HU0068904,1,501,1,1
2023HU0068904,2,501,1,1
2023HU0068995,1,123,2,1
2023HU0069170,1,231,1,1
2023HU0069170,2,231,1,1
2023HU0069170,3,231,1,1
2023HU0069170,4,231,1,1
2023HU0069170,5,231,1,1
2023HU0069778,1,104,2,1
2023HU0069778,2,0,2,1
2023HU0069880,1,150,2,1
2023HU0069880,2,150,2,1
2023HU0069989,1,63,1,1
2023HU0070300,1,501,3,1
2023HU0070300,2,501,3,1
2023HU0070369,1,165,2,1
2023HU0070375,1,184,2,1
2023HU0070375,2,184,2,1
2023HU0070375,3,184,2,1
2023HU0070375,4,184,2,1
2023HU0070654,1,0,2,1
2023HU0070654,2,0,2,1
2023HU0070784,1,274,3,1
2023HU0070784,2,274,3,1
2023HU0070846,1,84,3,1
2023HU0070846,2,76,3,1
2023HU0071750,1,165,2,1
2023HU0071968,1,321,1,1
2023HU0072107,1,501,1,1
2023HU0072216,1,68,3,1
2023HU0072216,2,68,3,1
2023HU0072216,3,68,3,1
2023HU0072216,4,68,3,1
2023HU0072222,1,145,3,1
2023HU0072222,2,145,3,1
2023HU0072442,1,501,1,1
2023HU0072442,2,501,1,1
2023HU0072442,3,501,1,1
2023HU0072442,4,501,1,1
2023HU0072522,1,501,2,1
2023HU0072522,2,501,2,1
2023HU0072568,1,89,1,1
2023HU0073175,1,49,2,1
2023HU0073175,2,49,2,1
2023HU0073295,1,501,1,1
2023HU0073295,2,501,1,1
2023HU0073295,3,501,1,1
2023HU0073295,4,501,1,1
2023HU0073295,5,501,1,1
2023HU0073317,1,186,3,1
2023HU0073317,2,186,3,1
2023HU0073317,3,186,3,1
2023HU0073332,1,331,2,1
2023HU0073332,2,331,2,1
2023HU0073356,1,359,1,1
2023HU0073356,2,359,1,1
2023HU0073356,3,359,1,1
2023HU0073360,1,403,2,1
2023HU0073360,2,403,2,1
2023HU0073381,1,363,1,1
2023HU0073381,2,363,1,1
2023HU0073381,3,363,1,1
2023HU0073425,1,501,1,1
2023HU0073425,2,501,1,1
2023HU0073425,3,501,1,1
2023HU0073425,4,501,1,1
2023HU0073425,5,501,1,1
2023HU0073425,6,501,1,1
2023HU0073513,1,501,3,1
2023HU0073513,2,501,3,1
2023HU0073513,3,501,3,1
2023HU0073564,1,0,2,1
2023HU0073564,2,0,2,1
2023HU0073608,1,501,2,1
2023HU0073608,2,501,2,1
2023HU0073671,1,490,1,1
2023HU0073671,2,490,1,1
2023HU0073671,3,490,1,1
2023HU0073671,4,490,1,1
2023HU0073671,5,490,1,1
2023HU0073916,1,346,2,1
2023HU0073916,2,346,2,1
2023HU0073916,3,346,2,1
2023HU0073916,4,346,2,1
2023HU0073916,5,197,2,1
2023HU0073916,6,98,2,1
2023HU0073984,1,322,3,1
2023HU0074111,1,300,2,1
2023HU0074111,2,300,2,1
2023HU0074111,3,300,2,1
2023HU0074407,1,501,1,1
2023HU0074426,1,322,1,1
2023HU0074628,1,501,1,1
2023HU0074683,1,295,3,1
2023HU0074683,2,425,3,1
2023HU0074683,3,295,3,1
2023HU0074683,4,295,3,1
2023HU0074683,5,295,3,1
2023HU0074749,1,74,2,1
2023HU0074749,2,74,2,1
2023HU0074884,1,315,3,1
2023HU0074884,2,315,3,1
2023HU0074884,3,315,3,1
2023HU0075700,1,412,1,1
2023HU0075819,1,221,3,1
2023HU0075819,2,0,3,1
2023HU0076093,1,501,3,1
2023HU0076093,2,501,3,1
2023HU0076161,1,190,3,1
2023HU0076297,1,368,1,1
2023HU0076297,2,368,1,1
2023HU0076657,1,298,2,1
2023HU0076657,2,298,2,1
2023HU0076896,1,501,2,1
2023HU0076918,1,501,3,1
2023HU0076918,2,501,3,1
2023HU0076927,1,0,2,1
2023HU0077063,1,460,1,1
2023HU0077063,2,460,1,1
2023HU0077063,3,460,1,1
2023HU0077063,4,460,1,1
2023HU0077105,1,294,2,1
2023HU0077105,2,294,2,1
2023HU0077181,1,41,3,1
2023HU0077448,1,263,2,1
2023HU0077448,2,263,2,1
2023HU0077448,3,263,2,1
2023HU0077448,4,263,2,1
2023HU0077448,5,263,2,1
2023HU0077676,1,29,1,1
2023HU0077776,1,285,1,1
2023HU0077776,2,285,1,1
2023HU0077776,3,285,1,1
2023HU0077776,4,285,1,1
2023HU0077837,1,501,1,1
2023HU0077837,2,501,1,1
2023HU0078000,1,501,2,1
2023HU0078000,2,501,2,1
2023HU0078109,1,98,3,1
2023HU0078434,1,501,2,1
2023HU0078434,2,501,2,1
2023HU0078474,1,501,2,1
2023HU0078498,1,168,1,1
2023HU0078498,2,168,1,1
2023HU0078498,3,168,1,1
2023HU0078498,4,168,1,1
2023HU0078815,1,103,2,1
2023HU0078815,2,103,2,1
2023HU0078815,3,103,2,1
2023HU0078857,1,254,3,1
2023HU0078857,2,342,3,1
2023HU0078857,3,254,3,1
2023HU0078966,1,398,1,1
2023HU0078966,2,398,1,1
2023HU0079012,1,262,1,1
2023HU0079012,2,262,1,1
2023HU0079012,3,262,1,1
2023HU0079012,4,262,1,1
2023HU0079012,5,262,1,1
2023HU0079233,1,174,3,1
2023HU0079233,2,174,3,1
2023HU0079323,1,133,3,1
2023HU0079484,1,501,2,1
2023HU0079484,2,501,2,1
2023HU0079484,3,501,2,1
2023HU0079648,1,492,1,1
2023HU0079648,2,492,1,1
2023HU0079915,1,501,2,1
2023HU0079996,1,223,3,1
2023HU0079996,2,223,3,1
2023HU0080058,1,499,3,1
2023HU0080058,2,499,3,1
2023HU0080058,3,499,3,1
2023HU0080058,4,499,3,1
2023HU0080058,5,499,3,1
2023HU0080058,6,499,3,1
2023HU0080205,1,313,1,1
2023HU0080205,2,313,1,1
2023HU0080205,3,313,1,1
2023HU0080205,4,313,1,1
2023HU0080340,1,383,2,1
2023HU0080456,1,472,1,1
2023HU0080456,2,472,1,1
2023HU0080456,3,472,1,1
2023HU0080652,1,501,2,1
2023HU0080652,2,501,2,1
2023HU0080886,1,191,2,1
2023HU0080923,1,321,2,1
2023HU0080923,2,321,2,1
2023HU0081038,1,466,1,1
2023HU0081038,2,466,1,1
2023HU0081038,3,466,1,1
2023HU0081038,4,466,1,1
2023HU0081038,5,466,1,1
2023HU0081167,1,125,3,1
2023HU0081421,1,501,2,1
2023HU0081581,1,215,1,1
2023HU0081581,2,215,1,1
2023HU0081581,3,215,1,1
2023HU0082344,1,208,3,1
2023HU0082344,2,208,3,1
2023HU0082344,3,208,3,1
2023HU0082344,4,208,3,1
2023HU0082344,5,208,3,1
2023HU0082399,1,310,1,1
2023HU0082399,2,310,1,1
2023HU0082743,1,0,3,1
2023HU0082743,2,0,3,1
2023HU0082760,1,228,3,1
2023HU0082760,2,228,3,1
2023HU0082794,1,416,1,1
2023HU0082804,1,82,3,1
2023HU0082804,2,82,3,1
2023HU0082804,3,82,3,1
2023HU0082804,4,82,3,1
2023HU0082913,1,141,2,1
2023HU0083089,1,66,3,1
2023HU0083089,2,66,3,1
2023HU0083089,3,66,3,1
2023HU0083089,4,106,3,1
2023HU0083313,1,23,2,1
2023HU0083484,1,0,3,1
2023HU0083484,2,0,3,1
2023HU0083610,1,247,1,1
2023HU0083610,2,247,1,1
2023HU0083610,3,247,1,1
2023HU0083610,4,247,1,1
2023HU0083610,5,247,1,1
2023HU0083648,1,209,3,1
2023HU0083648,2,209,3,1
2023HU0083648,3,209,3,1
2023HU0083653,1,488,1,1
2023HU0083653,2,488,1,1
2023HU0083653,3,488,1,1
2023HU0083653,4,488,1,1
2023HU0083653,5,488,1,1
2023HU0083653,6,488,1,1
2023HU0083653,7,488,1,1
2023HU0083942,1,472,2,1
2023HU0083942,2,472,2,1
2023HU0083942,3,472,2,1
2023HU0083942,4,472,2,1
2023HU0083998,1,501,1,1
2023HU0083998,2,501,1,1
2023HU0084109,1,264,3,1
2023HU0084109,2,264,3,1
2023HU0084109,3,264,3,1
2023HU0084109,4,264,3,1
2023HU0084109,5,264,3,1
2023HU0084507,1,123,2,1
2023HU0084507,2,123,2,1
2023HU0084507,3,123,2,1
2023HU0084507,4,123,2,1
2023HU0084599,1,0,1,1
2023HU0084792,1,269,1,1
2023HU0084792,2,269,1,1
2023HU0084792,3,269,1,1
2023HU0084792,4,269,1,1
2023HU0084792,5,269,1,1
2023HU0084832,1,341,2,1
2023HU0084832,2,341,2,1
2023HU0084832,3,341,2,1
2023HU0084944,1,271,1,1
2023HU0084944,2,303,1,1
2023HU0085052,1,104,3,1
2023HU0085052,2,104,3,1
2023HU0085052,3,104,3,1
2023HU0085066,1,233,3,1
2023HU0085082,1,92,3,1
2023HU0085097,1,3,1,1
2023HU0085097,2,76,1,1
2023HU0085097,3,3,1,1
2023HU0085444,1,333,2,1
2023HU0085444,2,333,2,1
2023HU0085444,3,333,2,1
2023HU0085660,1,495,1,1
2023HU0085660,2,495,1,1
2023HU0085752,1,501,1,1
2023HU0085944,1,67,2,1
2023HU0085981,1,501,1,1
2023HU0086189,1,260,2,1
2023HU0086281,1,501,2,1
2023HU0086281,2,501,2,1
2023HU0086307,1,392,2,1
2023HU0086307,2,392,2,1
2023HU0086391,1,109,3,1
2023HU0086391,2,109,3,1
2023HU0086391,3,109,3,1
2023HU0086391,4,109,3,1
2023HU0086391,5,109,3,1
2023HU0086733,1,259,3,1
2023HU0086733,2,259,3,1
2023HU0086755,1,182,2,1
2023HU0086755,2,182,2,1
2023HU0086762,1,501,1,1
2023HU0086762,2,501,1,1
2023HU0086762,3,501,1,1
2023HU0086926,1,501,2,1
2023HU0086926,2,501,2,1
2023HU0086927,1,501,2,1
2023HU0087253,1,339,3,1
2023HU0087253,2,339,3,1
2023HU0087253,3,339,3,1
2023HU0087479,1,138,1,1
2023HU0087479,2,138,1,1
2023HU0087479,3,138,1,1
2023HU0087566,1,352,3,1
2023HU0087566,2,459,3,1
2023HU0087566,3,352,3,1
2023HU0087566,4,352,3,1
2023HU0087566,5,352,3,1
2023HU0087611,1,281,2,1
2023HU0087611,2,281,2,1
2023HU0087611,3,281,2,1
2023HU0087611,4,281,2,1
2023HU0087611,5,281,2,1
2023HU0088196,1,298,3,1
2023HU0088196,2,298,3,1
2023HU0088254,1,272,3,1
2023HU0088254,2,223,3,1
2023HU0088254,3,272,3,1
2023HU0088523,1,501,2,1
2023HU0088873,1,501,2,1
2023HU0088873,2,501,2,1
2023HU0089153,1,102,3,1
2023HU0089153,2,102,3,1
2023HU0089153,3,102,3,1
2023HU0089220,1,97,3,1
2023HU0089220,2,97,3,1
2023HU0089220,3,97,3,1
2023HU0089220,4,97,3,1
2023HU0089220,5,97,3,1
2023HU0089349,1,327,2,1
2023HU0089349,2,327,2,1
2023HU0089349,3,327,2,1
2023HU0089567,1,139,1,1
2023HU0089567,2,139,1,1
2023HU0089920,1,89,2,1
2023HU0090015,1,501,3,1
2023HU0090015,2,253,3,1
2023HU0090120,1,0,1,1
2023HU0090120,2,0,1,1
2023HU0090120,3,0,1,1
2023HU0090403,1,501,2,1
2023HU0090403,2,501,2,1
2023HU0090571,1,71,1,1
2023HU0090571,2,71,1,1
2023HU0090786,1,501,1,1
2023HU0090786,2,501,1,1
2023HU0090786,3,501,1,1
2023HU0090786,4,501,1,1
2023HU0090845,1,145,2,1
2023HU0090845,2,145,2,1
2023HU0090913,1,501,1,1
2023HU0090913,2,501,1,1
2023HU0090924,1,255,3,1
2023HU0090924,2,287,3,1
2023HU0091206,1,501,2,1
2023HU0091206,2,501,2,1
2023HU0091309,1,296,2,1
2023HU0091309,2,296,2,1
2023HU0091309,3,296,2,1
2023HU0091309,4,296,2,1
2023HU0091309,5,296,2,1
2023HU0091309,6,296,2,1
2023HU0091309,7,296,2,1
2023HU0091390,1,501,1,1
2023HU0091390,2,501,1,1
2023HU0091390,3,501,1,1
2023HU0091390,4,501,1,1
2023HU0091565,1,23,1,1
2023HU0091565,2,23,1,1
2023HU0091603,1,253,2,1
2023HU0091603,2,253,2,1
2023HU0091603,3,253,2,1
2023HU0091859,1,501,2,1
2023HU0091859,2,501,2,1
2023HU0092140,1,454,3,1
2023HU0092140,2,454,3,1
2023HU0092140,3,454,3,1
2023HU0092385,1,501,3,1
2023HU0092385,2,501,3,1
2023HU0092385,3,501,3,1
2023HU0092408,1,501,1,1
2023HU0092551,1,230,3,1
2023HU0092551,2,230,3,1
2023HU0092551,3,230,3,1
2023HU0092798,1,127,3,1
2023HU0092798,2,127,3,1
2023HU0092798,3,127,3,1
2023HU0092871,1,333,3,1
2023HU0092871,2,333,3,1
2023HU0092871,3,333,3,1
2023HU0092871,4,333,3,1
2023HU0093097,1,501,3,1
2023HU0093097,2,501,3,1
2023HU0093251,1,501,1,1
2023HU0093265,1,501,1,1
2023HU0093265,2,501,1,1
2023HU0093452,1,421,2,1
2023HU0093452,2,421,2,1
2023HU0093500,1,501,2,1
2023HU0093500,2,501,2,1
2023HU0093501,1,449,1,1
2023HU0093501,2,501,1,1
2023HU0093502,1,501,1,1
2023HU0093502,2,501,1,1
2023HU0093502,3,501,1,1
2023HU0093502,4,501,1,1
2023HU0093631,1,0,3,1
2023HU0093631,2,169,3,1
2023HU0093631,3,0,3,1
2023HU0093935,1,501,1,1
2023HU0093935,2,501,1,1
2023HU0094403,1,75,2,1
2023HU0094403,2,75,2,1
2023HU0094403,3,75,2,1
2023HU0094403,4,75,2,1
2023HU0094480,1,210,3,1
2023HU0094480,2,210,3,1
2023HU0094480,3,210,3,1
2023HU0094579,1,294,3,1
2023HU0094579,2,113,3,1
2023HU0094707,1,132,3,1
2023HU0094948,1,233,2,1
2023HU0094979,1,501,1,1
2023HU0094979,2,501,1,1
2023HU0094979,3,501,1,1
2023HU0094979,4,501,1,1
2023HU0095042,1,329,2,1
2023HU0095165,1,386,3,1
2023HU0095165,2,386,3,1
2023HU0095165,3,386,3,1
2023HU0095304,1,164,2,1
2023HU0095304,2,164,2,1
2023HU0095413,1,420,3,1
2023HU0095413,2,420,3,1
2023HU0095865,1,501,2,1
2023HU0095916,1,365,2,1
2023HU0095916,2,224,2,1
2023HU0095916,3,365,2,1
2023HU0095916,4,365,2,1
2023HU0095916,5,365,2,1
2023HU0095916,6,365,2,1
2023HU0095916,7,365,2,1
2023HU0096004,1,501,2,1
2023HU0096207,1,501,2,1
2023HU0096207,2,501,2,1
2023HU0096207,3,501,2,1
2023HU0096262,1,412,3,1
2023HU0096262,2,85,3,1
2023HU0096262,3,412,3,1
2023HU0096262,4,412,3,1
2023HU0096600,1,377,1,1
2023HU0096600,2,377,1,1
2023HU0096893,1,444,1,1
2023HU0096893,2,444,1,1
2023HU0096938,1,48,3,1
2023HU0096938,2,48,3,1
2023HU0096938,3,48,3,1
2023HU0096938,4,48,3,1
2023HU0096938,5,48,3,1
2023HU0096938,6,48,3,1
2023HU0097027,1,345,3,1
2023HU0097027,2,345,3,1
2023HU0097279,1,454,1,1
2023HU0097279,2,454,1,1
2023HU0097279,3,454,1,1
2023HU0097279,4,454,1,1
2023HU0097443,1,253,3,1
2023HU0097443,2,253,3,1
2023HU0097443,3,253,3,1
2023HU0097443,4,253,3,1
2023HU0097443,5,253,3,1
2023HU0097479,1,235,1,1
2023HU0097479,2,235,1,1
2023HU0097479,3,235,1,1
2023HU0097479,4,235,1,1
2023HU0097515,1,472,1,1
2023HU0097515,2,472,1,1
2023HU0097515,3,472,1,1
2023HU0097515,4,472,1,1
2023HU0097515,5,472,1,1
2023HU0097918,1,501,2,1
2023HU0097918,2,501,2,1
2023HU0097972,1,104,1,1
2023HU0098032,1,151,2,1
2023HU0098122,1,76,3,1
2023HU0098238,1,501,1,1
2023HU0098238,2,501,1,1
2023HU0098238,3,501,1,1
2023HU0098238,4,501,1,1
2023HU0098238,5,501,1,1
2023HU0098544,1,49,3,1
2023HU0098553,1,501,2,1
2023HU0098553,2,501,2,1
2023HU0098563,1,241,2,1
2023HU0098563,2,241,2,1
2023HU0098646,1,467,3,1
2023HU0098646,2,467,3,1
2023HU0098646,3,467,3,1
2023HU0098646,4,467,3,1
2023HU0098646,5,467,3,1
2023HU0098657,1,150,3,1
2023HU0098657,2,150,3,1
2023HU0098657,3,150,3,1
2023HU0098769,1,251,2,1
2023HU0098769,2,251,2,1
2023HU0098769,3,251,2,1
2023HU0099014,1,501,1,1
2023HU0099014,2,501,1,1
2023HU0099014,3,501,1,1
2023HU0099087,1,501,2,1
2023HU0099099,1,277,1,1
2023HU0099533,1,456,1,1
2023HU0099533,2,456,1,1
2023HU0099533,3,456,1,1
2023HU0099698,1,135,3,1
2023HU0099698,2,135,3,1
2023HU0099698,3,135,3,1
2023HU0099792,1,60,3,1
2023HU0100036,1,187,3,1
2023HU0100036,2,187,3,1
2023HU0100036,3,187,3,1
2023HU0100094,1,192,3,1
2023HU0100094,2,192,3,1
2023HU0100143,1,501,1,1
2023HU0100287,1,203,1,1
2023HU0100287,2,203,1,1
2023HU0100287,3,203,1,1
2023HU0100287,4,178,1,1
2023HU0100320,1,209,3,1
2023HU0100320,2,209,3,1
2023HU0100320,3,209,3,1
2023HU0100320,4,60,3,1
2023HU0100368,1,181,3,1
2023HU0100392,1,428,2,1
2023HU0100392,2,428,2,1
2023HU0100690,1,311,3,1
2023HU0100690,2,311,3,1
2023HU0100741,1,357,1,1
2023HU0100741,2,357,1,1
2023HU0100741,3,357,1,1
2023HU0100741,4,357,1,1
2023HU0101025,1,241,3,1
2023HU0101025,2,241,3,1
2023HU0101025,3,241,3,1
2023HU0101025,4,241,3,1
2023HU0101027,1,142,2,1
2023HU0101160,1,147,1,1
2023HU0101160,2,147,1,1
2023HU0101160,3,147,1,1
2023HU0101160,4,147,1,1
2023HU0101160,5,147,1,1
2023HU0101458,1,114,3,1
2023HU0101569,1,277,3,1
2023HU0101581,1,429,2,1
2023HU0101581,2,429,2,1
2023HU0101639,1,135,3,1
2023HU0101639,2,135,3,1
2023HU0101639,3,135,3,1
2023HU0101639,4,135,3,1
2023HU0101639,5,135,3,1
2023HU0101639,6,135,3,1
2023HU0101721,1,501,1,1
2023HU0101721,2,501,1,1
2023HU0101809,1,476,2,1
2023HU0101809,2,476,2,1
2023HU0101914,1,163,2,1
2023HU0101914,2,163,2,1
2023HU0101914,3,163,2,1
2023HU0101914,4,163,2,1
2023HU0101914,5,163,2,1
2023HU0102106,1,210,3,1
2023HU0102106,2,210,3,1
2023HU0102106,3,210,3,1
2023HU0102106,4,210,3,1
2023HU0102208,1,262,1,1
2023HU0102208,2,262,1,1
2023HU0102208,3,262,1,1
2023HU0102246,1,175,3,1
2023HU0102246,2,175,3,1
2023HU0102246,3,175,3,1
2023HU0102246,4,175,3,1
2023HU0102249,1,501,2,1
2023HU0102249,2,501,2,1
2023HU0102437,1,501,2,1
2023HU0102437,2,501,2,1
2023HU0102690,1,501,2,1
2023HU0102690,2,501,2,1
2023HU0102690,3,501,2,1
2023HU0102695,1,336,1,1
2023HU0102695,2,336,1,1
2023HU0102805,1,501,1,1
2023HU0102805,2,501,1,1
2023HU0102805,3,501,1,1
2023HU0102904,1,123,1,1
2023HU0102904,2,123,1,1
2023HU0102904,3,123,1,1
2023HU0102965,1,399,2,1
2023HU0102965,2,399,2,1
2023HU0102965,3,399,2,1
2023HU0103207,1,169,1,1
2023HU0103207,2,169,1,1
2023HU0103324,1,501,2,1
2023HU0103324,2,501,2,1
2023HU0103387,1,256,3,1
2023HU0103387,2,25,3,1
2023HU0103541,1,247,1,1
2023HU0103541,2,501,1,1
2023HU0103541,3,247,1,1
2023HU0103541,4,247,1,1
2023HU0103640,1,501,1,1
2023HU0103640,2,501,1,1
2023HU0103640,3,501,1,1
2023HU0103640,4,501,1,1
2023HU0103782,1,407,2,1
2023HU0103782,2,407,2,1
2023HU0103782,3,407,2,1
2023HU0103805,1,501,3,1
2023HU0103844,1,296,2,1
2023HU0103844,2,296,2,1
2023HU0103844,3,296,2,1
2023HU0103944,1,382,1,1
2023HU0103944,2,382,1,1
2023HU0103944,3,382,1,1
2023HU0104271,1,501,1,1
2023HU0104271,2,501,1,1
2023HU0104271,3,501,1,1
2023HU0104298,1,119,1,1
2023HU0104298,2,31,1,1
2023HU0104298,3,119,1,1
2023HU0104298,4,119,1,1
2023HU0104682,1,501,2,1
2023HU0104682,2,83,2,1
2023HU0104817,1,233,3,1
2023HU0104817,2,233,3,1
2023HU0104817,3,233,3,1
2023HU0104817,4,233,3,1
2023HU0104817,5,233,3,1
2023HU0104856,1,501,2,1
2023HU0104861,1,83,3,1
2023HU0104861,2,83,3,1
2023HU0104861,3,83,3,1
2023HU0104886,1,14,3,1
2023HU0104886,2,14,3,1
2023HU0105202,1,312,2,1
2023HU0105202,2,312,2,1
2023HU0105495,1,259,4,1
2023HU0105495,2,259,4,1
2023HU0105495,3,259,4,1
2023HU0105495,4,259,4,1
2023HU0105505,1,208,3,1
2023HU0105505,2,208,3,1
2023HU0105642,1,421,1,1
2023HU0105642,2,421,1,1
2023HU0105642,3,421,1,1
2023HU0105642,4,421,1,1
2023HU0105686,1,501,2,1
2023HU0105686,2,501,2,1
2023HU0106180,1,501,1,1
2023HU0106180,2,501,1,1
2023HU0106416,1,449,1,1
2023HU0106451,1,242,3,1
2023HU0106451,2,242,3,1
2023HU0106451,3,242,3,1
2023HU0106451,4,242,3,1
2023HU0106451,5,242,3,1
2023HU0106451,6,242,3,1
2023HU0106888,1,501,2,1
2023HU0106930,1,169,3,1
2023HU0106930,2,169,3,1
2023HU0106930,3,169,3,1
2023HU0106930,4,169,3,1
2023HU0106930,5,169,3,1
2023HU0106930,6,169,3,1
2023HU0106930,7,169,3,1
2023HU0107169,1,381,3,1
2023HU0107169,2,444,3,1
2023HU0107169,3,381,3,1
2023HU0107169,4,381,3,1
2023HU0107208,1,340,3,1
2023HU0107208,2,425,3,1
2023HU0107208,3,340,3,1
2023HU0107280,1,501,1,1
2023HU0107280,2,501,1,1
2023HU0107299,1,330,3,1
2023HU0107299,2,330,3,1
2023HU0107299,3,330,3,1
2023HU0107299,4,330,3,1
2023HU0107332,1,164,1,1
2023HU0107332,2,164,1,1
2023HU0107338,1,326,2,1
2023HU0107338,2,326,2,1
2023HU0107385,1,234,1,1
2023HU0107385,2,234,1,1
2023HU0107385,3,234,1,1
2023HU0107385,4,234,1,1
2023HU0107583,1,501,2,1
2023HU0107654,1,501,1,1
2023HU0107654,2,501,1,1
2023HU0107654,3,501,1,1
2023HU0107654,4,501,1,1
2023HU0107668,1,451,1,1
2023HU0107819,1,421,3,1
2023HU0107959,1,294,2,1
2023HU0108409,1,95,3,1
2023HU0108409,2,95,3,1
2023HU0108486,1,501,1,1
2023HU0108508,1,250,4,1
2023HU0108508,2,250,4,1
2023HU0108508,3,250,4,1
2023HU0108508,4,250,4,1
2023HU0108509,1,450,3,1
2023HU0108509,2,450,3,1
2023HU0108509,3,450,3,1
2023HU0108651,1,501,1,1
2023HU0108651,2,501,1,1
2023HU0108945,1,497,2,1
2023HU0108945,2,497,2,1
2023HU0108945,3,497,2,1
2023HU0109173,1,259,3,1
2023HU0109173,2,501,3,1
2023HU0109600,1,501,2,1
2023HU0109600,2,501,2,1
2023HU0109789,1,185,3,1
2023HU0109789,2,185,3,1
2023HU0109846,1,199,1,1
2023HU0109846,2,199,1,1
2023HU0109927,1,0,1,1
2023HU0110298,1,76,3,1
2023HU0110628,1,268,3,1
2023HU0110865,1,116,3,1
2023HU0110994,1,237,3,1
2023HU0110994,2,272,3,1
2023HU0111233,1,0,3,1
2023HU0111233,2,0,3,1
2023HU0111333,1,0,3,1
2023HU0111337,1,337,3,1
2023HU0111337,2,337,3,1
2023HU0111337,3,337,3,1
2023HU0111337,4,337,3,1
2023HU0111526,1,246,2,1
2023HU0111526,2,246,2,1
2023HU0111806,1,184,2,1
2023HU0111806,2,184,2,1
2023HU0112519,1,501,3,1
2023HU0112519,2,501,3,1
2023HU0112519,3,501,3,1
2023HU0112802,1,379,1,1
2023HU0112802,2,322,1,1
2023HU0112964,1,260,2,1
2023HU0112964,2,260,2,1
2023HU0113114,1,63,3,1
2023HU0113114,2,63,3,1
2023HU0113114,3,63,3,1
2023HU0113132,1,501,2,1
2023HU0113132,2,501,2,1
2023HU0113233,1,501,1,1
2023HU0113233,2,177,1,1
2023HU0113285,1,501,1,1
2023HU0113285,2,501,1,1
2023HU0113285,3,501,1,1
2023HU0113436,1,501,1,1
2023HU0113436,2,501,1,1
2023HU0113436,3,501,1,1
2023HU0113686,1,300,3,1
2023HU0113783,1,136,3,1
2023HU0113783,2,136,3,1
2023HU0113783,3,136,3,1
2023HU0113877,1,37,2,1
2023HU0113877,2,37,2,1
2023HU0113914,1,86,3,1
2023HU0113947,1,501,3,1
2023HU0113947,2,501,3,1
2023HU0114047,1,501,2,1
2023HU0114047,2,501,2,1
2023HU0114076,1,421,2,1
2023HU0114076,2,194,2,1
2023HU0114171,1,501,1,1
2023HU0114171,2,501,1,1
2023HU0114171,3,501,1,1
2023HU0114171,4,501,1,1
2023HU0114171,5,501,1,1
2023HU0114270,1,196,3,1
2023HU0114270,2,196,3,1
2023HU0114270,3,196,3,1
2023HU0114270,4,196,3,1
2023HU0114611,1,110,3,1
2023HU0114611,2,78,3,1
2023HU0114631,1,137,1,1
2023HU0114631,2,137,1,1
2023HU0114631,3,,1,1
2023HU0114656,1,450,1,1
2023HU0114656,2,450,1,1
2023HU0114656,3,450,1,1
2023HU0114712,1,501,2,1
2023HU0114712,2,501,2,1
2023HU0114712,3,501,2,1
2023HU0114712,4,501,2,1
2023HU0114712,5,451,2,1
2023HU0114881,1,123,3,1
2023HU0114881,2,123,3,1
2023HU0114881,3,123,3,1
2023HU0114881,4,123,3,1
2023HU0114881,5,123,3,1
2023HU0114897,1,261,1,1
2023HU0114917,1,209,1,1
2023HU0114917,2,209,1,1
2023HU0114917,3,209,1,1
2023HU0115012,1,368,3,1
2023HU0115012,2,368,3,1
2023HU0115012,3,368,3,1
2023HU0115012,4,368,3,1
2023HU0115012,5,38,3,1
2023HU0115111,1,174,3,1
2023HU0115111,2,174,3,1
2023HU0115262,1,213,3,1
2023HU0115262,2,213,3,1
2023HU0115262,3,213,3,1
2023HU0115262,4,213,3,1
2023HU0115329,1,369,1,1
2023HU0115329,2,369,1,1
2023HU0115329,3,369,1,1
2023HU0115329,4,369,1,1
2023HU0115440,1,288,3,1
2023HU0115440,2,288,3,1
2023HU0115504,1,59,3,1
2023HU0115504,2,59,3,1
2023HU0115511,1,243,1,1
2023HU0115511,2,243,1,1
2023HU0115511,3,243,1,1
2023HU0115511,4,243,1,1
2023HU0115762,1,317,2,1
2023HU0115762,2,317,2,1
2023HU0115762,3,317,2,1
2023HU0115762,4,317,2,1
2023HU0115895,1,166,1,1
2023HU0115895,2,166,1,1
2023HU0115895,3,166,1,1
2023HU0115918,1,501,2,1
2023HU0115918,2,501,2,1
2023HU0115918,3,501,2,1
2023HU0116005,1,284,3,1
2023HU0116005,2,284,3,1
2023HU0116005,3,284,3,1
2023HU0116005,4,284,3,1
2023HU0116005,5,284,3,1
2023HU0116043,1,501,1,1
2023HU0116043,2,501,1,1
2023HU0116101,1,143,3,1
2023HU0116274,1,273,1,1
2023HU0116274,2,273,1,1
2023HU0116274,3,273,1,1
2023HU0116331,1,501,1,1
2023HU0116331,2,501,1,1
2023HU0116331,3,501,1,1
2023HU0116331,4,501,1,1
2023HU0116498,1,207,2,1
2023HU0116601,1,143,2,1
2023HU0116601,2,143,2,1
2023HU0116601,3,143,2,1
2023HU0116652,1,68,3,1
2023HU0116678,1,188,1,1
2023HU0116678,2,188,1,1
2023HU0116678,3,188,1,1
2023HU0116944,1,433,2,1
2023HU0116977,1,71,3,1
2023HU0117153,1,501,2,1
2023HU0117153,2,501,2,1
2023HU0117153,3,501,2,1
2023HU0117222,1,501,1,1
2023HU0117404,1,320,1,1
2023HU0117554,1,323,2,1
2023HU0117554,2,323,2,1
2023HU0117624,1,501,1,1
2023HU0117624,2,501,1,1
2023HU0117624,3,501,1,1
2023HU0117624,4,501,1,1
2023HU0117624,5,501,1,1
2023HU0118087,1,40,2,1
2023HU0118087,2,40,2,1
2023HU0118100,1,212,2,1
2023HU0118100,2,212,2,1
2023HU0118100,3,212,2,1
2023HU0118122,1,172,3,1
2023HU0118437,1,501,1,1
2023HU0118437,2,501,1,1
2023HU0118437,3,501,1,1
2023HU0118437,4,501,1,1
2023HU0118664,1,399,2,1
2023HU0118664,2,399,2,1
2023HU0118689,1,501,2,1
2023HU0118689,2,501,2,1
2023HU0119131,1,501,1,1
2023HU0119493,1,111,1,1
2023HU0119493,2,111,1,1
2023HU0119588,1,60,2,1
2023HU0119661,1,381,2,1
2023HU0119661,2,381,2,1
2023HU0119661,3,381,2,1
2023HU0119661,4,381,2,1
2023HU0119661,5,381,2,1
2023HU0119663,1,349,2,1
2023HU0119663,2,349,2,1
2023HU0119663,3,349,2,1
2023HU0119663,4,349,2,1
2023HU0119828,1,352,2,1
2023HU0119828,2,352,2,1
2023HU0119828,3,352,2,1
2023HU0119828,4,352,2,1
2023HU0119828,5,352,2,1
2023HU0119992,1,137,2,1
2023HU0119992,2,137,2,1
2023HU0120004,1,99,3,1
2023HU0120004,2,99,3,1
2023HU0120066,1,285,1,1
2023HU0120066,2,285,1,1
2023HU0120068,1,248,1,1
2023HU0120257,1,501,3,1
2023HU0120257,2,501,3,1
2023HU0120443,1,240,3,1
2023HU0120443,2,240,3,1
2023HU0120443,3,240,3,1
2023HU0120443,4,240,3,1
2023HU0120443,5,240,3,1
2023HU0120495,1,227,2,1
2023HU0120614,1,501,1,1
2023HU0120614,2,501,1,1
2023HU0120822,1,501,1,1
2023HU0120822,2,501,1,1
2023HU0120822,3,330,1,1
2023HU0120893,1,248,2,1
2023HU0120893,2,248,2,1
2023HU0120893,3,248,2,1
2023HU0120991,1,501,2,1
2023HU0120991,2,501,2,1
2023HU0121037,1,71,3,1
2023HU0121173,1,458,1,1
2023HU0121173,2,458,1,1
2023HU0121173,3,458,1,1
2023HU0121227,1,501,1,1
2023HU0121299,1,436,1,1
2023HU0121299,2,436,1,1
2023HU0121385,1,169,2,1
2023HU0121385,2,169,2,1
2023HU0121385,3,169,2,1
2023HU0121385,4,169,2,1
2023HU0121385,5,169,2,1
2023HU0121385,6,169,2,1
2023HU0121385,7,169,2,1
2023HU0121539,1,0,3,1
2023HU0121539,2,0,3,1
2023HU0121539,3,0,3,1
2023HU0121667,1,29,3,1
2023HU0121667,2,52,3,1
2023HU0121667,3,29,3,1
2023HU0121806,1,103,2,1
2023HU0122052,1,480,2,1
2023HU0122052,2,480,2,1
2023HU0122095,1,501,2,1
2023HU0122095,2,501,2,1
2023HU0122095,3,501,2,1
2023HU0122095,4,501,2,1
2023HU0122121,1,76,3,1
2023HU0122884,1,75,3,1
2023HU0122984,1,316,3,1
2023HU0122984,2,316,3,1
2023HU0122984,3,316,3,1
2023HU0122984,4,316,3,1
2023HU0123114,1,122,2,1
2023HU0123114,2,122,2,1
2023HU0123464,1,501,2,1
2023HU0123464,2,501,2,1
2023HU0123464,3,501,2,1
2023HU0123591,1,483,3,1
2023HU0123763,1,501,2,1
2023HU0124061,1,501,1,1
2023HU0124061,2,501,1,1
2023HU0124291,1,211,1,1
2023HU0124291,2,211,1,1
2023HU0124291,3,211,1,1
2023HU0124291,4,501,1,1
2023HU0124291,5,149,1,1
2023HU0124479,1,457,3,1
2023HU0124602,1,82,2,1
2023HU0124855,1,141,2,1
2023HU0125069,1,501,2,1
2023HU0125221,1,163,2,1
2023HU0125227,1,219,2,1
2023HU0125227,2,219,2,1
2023HU0125227,3,219,2,1
2023HU0125245,1,197,3,1
2023HU0125245,2,197,3,1
2023HU0125245,3,197,3,1
2023HU0125245,4,197,3,1
2023HU0125271,1,230,3,1
2023HU0125271,2,230,3,1
2023HU0125271,3,230,3,1
2023HU0125271,4,230,3,1
2023HU0125509,1,501,2,1
2023HU0125509,2,501,2,1
2023HU0125882,1,400,3,1
2023HU0125882,2,0,3,1
2023HU0125882,3,400,3,1
2023HU0125882,4,400,3,1
2023HU0125882,5,400,3,1
2023HU0125882,6,400,3,1
2023HU0125980,1,96,3,1
2023HU0126039,1,501,2,1
2023HU0126060,1,116,3,1
2023HU0126191,1,189,1,1
2023HU0126191,2,189,1,1
2023HU0126257,1,501,2,1
2023HU0126257,2,501,2,1
2023HU0126328,1,54,1,1
2023HU0126328,2,54,1,1
2023HU0126750,1,501,1,1
2023HU0126750,2,501,1,1
2023HU0126779,1,0,3,1
2023HU0126779,2,124,3,1
2023HU0126883,1,501,1,1
2023HU0126893,1,287,1,1
2023HU0126893,2,287,1,1
2023HU0126893,3,287,1,1
2023HU0126893,4,287,1,1
2023HU0126962,1,441,2,1
2023HU0127180,1,385,3,1
2023HU0127180,2,385,3,1
2023HU0127656,1,86,2,1
2023HU0127656,2,86,2,1
2023HU0127656,3,86,2,1
2023HU0127656,4,86,2,1
2023HU0127672,1,501,1,1
2023HU0127797,1,501,1,1
2023HU0127797,2,501,1,1
2023HU0127797,3,501,1,1
2023HU0127797,4,501,1,1
2023HU0127921,1,501,2,1
2023HU0127921,2,501,2,1
2023HU0127976,1,310,3,1
2023HU0127976,2,310,3,1
2023HU0127976,3,310,3,1
2023HU0127976,4,310,3,1
2023HU0127976,5,310,3,1
2023HU0128225,1,398,3,1
2023HU0128225,2,398,3,1
2023HU0128225,3,398,3,1
2023HU0128496,1,368,1,1
2023HU0128496,2,320,1,1
2023HU0128496,3,368,1,1
2023HU0128496,4,368,1,1
2023HU0128496,5,368,1,1
2023HU0128496,6,368,1,1
2023HU0128554,1,233,3,1
2023HU0128554,2,233,3,1
2023HU0128662,1,501,1,1
2023HU0128662,2,501,1,1
2023HU0128662,3,501,1,1
2023HU0128662,4,501,1,1
2023HU0128662,5,501,1,1
2023HU0128706,1,262,2,1
2023HU0128706,2,262,2,1
2023HU0128806,1,501,2,1
2023HU0128806,2,501,2,1
2023HU0128806,3,501,2,1
2023HU0128806,4,501,2,1
2023HU0128806,5,501,2,1
2023HU0128817,1,213,1,1
2023HU0128817,2,213,1,1
2023HU0128817,3,213,1,1
2023HU0129045,1,148,3,1
2023HU0129045,2,0,3,1
2023HU0129045,3,148,3,1
2023HU0129484,1,501,1,1
2023HU0129484,2,501,1,1
2023HU0129534,1,294,3,1
2023HU0129534,2,294,3,1
2023HU0129534,3,294,3,1
2023HU0129534,4,294,3,1
2023HU0129564,1,467,1,1
2023HU0129564,2,467,1,1
2023HU0129564,3,467,1,1
2023HU0129564,4,467,1,1
2023HU0129646,1,490,2,1
2023HU0129646,2,490,2,1
2023HU0129646,3,490,2,1
2023HU0129721,1,135,2,1
2023HU0129747,1,234,2,1
2023HU0129747,2,234,2,1
2023HU0129763,1,254,3,1
2023HU0129763,2,254,3,1
2023HU0129938,1,501,3,1
2023HU0129938,2,501,3,1
2023HU0130135,1,501,1,1
2023HU0130135,2,501,1,1
2023HU0130135,3,171,1,1
2023HU0130650,1,263,1,1
2023HU0130650,2,263,1,1
2023HU0130650,3,263,1,1
2023HU0130650,4,,1,1
2023HU0130841,1,501,3,1
2023HU0130841,2,501,3,1
2023HU0130849,1,501,1,1
2023HU0130849,2,501,1,1
2023HU0130974,1,175,1,1
2023HU0130974,2,175,1,1
2023HU0130974,3,175,1,1
2023HU0130974,4,175,1,1
2023HU0130974,5,175,1,1
2023HU0130974,6,175,1,1
2023HU0130993,1,0,2,1
2023HU0130993,2,0,2,1
2023HU0131005,1,96,2,1
2023HU0131052,1,501,1,1
2023HU0131052,2,501,1,1
2023HU0131052,3,501,1,1
2023HU0131480,1,450,1,1
2023HU0131480,2,450,1,1
2023HU0131480,3,450,1,1
2023HU0131661,1,501,2,1
2023HU0131661,2,501,2,1
2023HU0131661,3,501,2,1
2023HU0131710,1,162,1,1
2023HU0131710,2,0,1,1
2023HU0131710,3,162,1,1
2023HU0131710,4,162,1,1
2023HU0131710,5,162,1,1
2023HU0132288,1,501,3,1
2023HU0132340,1,286,1,1
2023HU0132340,2,286,1,1
2023HU0132340,3,286,1,1
2023HU0132472,1,501,1,1
2023HU0132472,2,501,1,1
2023HU0132472,3,501,1,1
2023HU0132472,4,501,1,1
2023HU0132472,5,501,1,1
2023HU0132472,6,501,1,1
2023HU0132932,1,153,3,1
2023HU0133065,1,501,1,1
2023HU0133065,2,501,1,1
2023HU0133306,1,501,3,1
2023HU0133306,2,252,3,1
2023HU0133306,3,501,3,1
2023HU0133306,4,501,3,1
2023HU0133603,1,254,2,1
2023HU0133603,2,254,2,1
2023HU0133603,3,254,2,1
2023HU0133603,4,254,2,1
2023HU0133745,1,501,2,1
2023HU0133745,2,501,2,1
2023HU0133890,1,501,2,1
2023HU0133979,1,406,2,1
2023HU0133979,2,406,2,1
2023HU0133979,3,406,2,1
2023HU0134023,1,196,2,1
2023HU0134409,1,222,3,1
2023HU0134409,2,222,3,1
2023HU0134409,3,222,3,1
2023HU0134409,4,222,3,1
2023HU0134409,5,222,3,1
2023HU0134451,1,356,2,1
2023HU0134816,1,501,1,1
2023HU0134816,2,501,1,1
2023HU0134816,3,501,1,1
2023HU0135163,1,60,3,1
2023HU0135163,2,60,3,1
2023HU0135215,1,487,2,1
2023HU0135215,2,460,2,1
2023HU0135402,1,393,1,1
2023HU0135402,2,393,1,1
2023HU0135452,1,133,1,1
2023HU0135452,2,133,1,1
2023HU0135569,1,291,1,1
2023HU0135569,2,291,1,1
2023HU0135569,3,291,1,1
2023HU0135569,4,291,1,1
2023HU0135569,5,291,1,1
2023HU0135593,1,393,2,1
2023HU0135593,2,393,2,1
2023HU0135593,3,393,2,1
2023HU0135593,4,393,2,1
2023HU0135593,5,393,2,1
2023HU0135593,6,393,2,1
2023HU0135593,7,393,2,1
2023HU0135593,8,393,2,1
2023HU0135600,1,458,2,1
2023HU0135600,2,458,2,1
2023HU0135730,1,501,1,1
2023HU0135730,2,501,1,1
2023HU0135730,3,501,1,1
2023HU0135730,4,501,1,1
2023HU0135730,5,501,1,1
2023HU0135776,1,404,2,1
2023HU0135776,2,404,2,1
2023HU0135776,3,404,2,1
2023HU0135776,4,404,2,1
2023HU0136134,1,501,2,1
2023HU0136134,2,501,2,1
2023HU0136216,1,292,1,1
2023HU0136216,2,292,1,1
2023HU0136232,1,126,2,1
2023HU0136387,1,352,3,1
2023HU0136387,2,304,3,1
2023HU0136387,3,352,3,1
2023HU0136602,1,501,1,1
2023HU0136602,2,501,1,1
2023HU0136602,3,501,1,1
2023HU0136602,4,501,1,1
2023HU0136633,1,501,2,1
2023HU0136633,2,119,2,1
2023HU0136633,3,501,2,1
2023HU0136633,4,501,2,1
2023HU0136707,1,326,2,1
2023HU0136707,2,326,2,1
2023HU0136707,3,326,2,1
2023HU0136707,4,326,2,1
2023HU0136986,1,248,3,1
2023HU0136986,2,248,3,1
2023HU0136986,3,248,3,1
2023HU0137356,1,457,2,1
2023HU0137356,2,457,2,1
2023HU0137427,1,120,2,1
2023HU0137427,2,120,2,1
2023HU0137665,1,455,3,1
2023HU0137665,2,455,3,1
2023HU0137665,3,455,3,1
2023HU0137665,4,455,3,1
2023HU0137849,1,501,1,1
2023HU0137849,2,501,1,1
2023HU0137849,3,501,1,1
2023HU0137849,4,501,1,1
2023HU0137990,1,473,2,1
2023HU0137990,2,473,2,1
2023HU0137990,3,473,2,1
2023HU0138091,1,501,3,1
2023HU0138091,2,501,3,1
2023HU0138166,1,334,3,1
2023HU0138166,2,334,3,1
2023HU0138205,1,211,1,1
2023HU0138205,2,211,1,1
2023HU0138205,3,211,1,1
2023HU0138205,4,211,1,1
2023HU0138457,1,501,2,1
2023HU0138457,2,501,2,1
2023HU0138718,1,68,2,1
2023HU0138718,2,107,2,1
2023HU0138846,1,501,1,1
2023HU0138846,2,501,1,1
2023HU0138846,3,501,1,1
2023HU0138846,4,501,1,1
2023HU0138846,5,501,1,1
2023HU0138869,1,501,2,1
2023HU0138869,2,501,2,1
2023HU0138869,3,501,2,1
2023HU0138869,4,187,2,1
2023HU0138993,1,159,2,1
2023HU0138993,2,159,2,1
2023HU0139125,1,501,2,1
2023HU0139125,2,501,2,1
2023HU0139221,1,501,2,1
2023HU0139221,2,501,2,1
2023HU0139258,1,13,3,1
2023HU0139526,1,287,2,1
2023HU0139526,2,287,2,1
2023HU0139558,1,282,3,1
2023HU0139558,2,282,3,1
2023HU0139664,1,501,1,1
2023HU0139664,2,501,1,1
2023HU0139664,3,501,1,1
2023HU0139664,4,501,1,1
2023HU0139664,5,501,1,1
2023HU0139812,1,87,3,1
2023HU0139812,2,87,3,1
2023HU0139842,1,122,2,1
2023HU0139842,2,122,2,1
2023HU0139938,1,501,3,1
2023HU0140035,1,199,3,1
2023HU0140221,1,501,2,1
2023HU0140380,1,501,1,1
2023HU0140380,2,501,1,1
2023HU0140380,3,501,1,1
2023HU0140537,1,339,2,1
2023HU0140537,2,339,2,1
2023HU0140537,3,339,2,1
2023HU0140537,4,339,2,1
2023HU0140762,1,113,2,1
2023HU0140762,2,113,2,1
2023HU0140854,1,18,3,1
2023HU0140854,2,18,3,1
2023HU0140854,3,18,3,1
2023HU0141042,1,330,2,1
2023HU0141079,1,105,2,1
2023HU0141079,2,105,2,1
2023HU0141488,1,141,2,1
2023HU0141488,2,141,2,1
2023HU0141671,1,225,1,1
2023HU0141671,2,225,1,1
2023HU0141671,3,225,1,1
2023HU0141940,1,459,1,1
2023HU0141940,2,459,1,1
2023HU0141940,3,459,1,1
2023HU0142158,1,370,3,1
2023HU0142158,2,370,3,1
2023HU0142158,3,370,3,1
2023HU0142158,4,370,3,1
2023HU0142158,5,370,3,1
2023HU0142158,6,370,3,1
2023HU0142158,7,370,3,1
2023HU0142158,8,370,3,1
2023HU0142350,1,150,3,1
2023HU0142350,2,44,3,1
2023HU0142350,3,150,3,1
2023HU0142350,4,150,3,1
2023HU0142350,5,150,3,1
2023HU0142350,6,150,3,1
2023HU0142350,7,150,3,1
2023HU0142556,1,501,2,1
2023HU0142556,2,501,2,1
2023HU0142556,3,501,2,1
2023HU0142608,1,83,3,1
2023HU0142608,2,83,3,1
2023HU0142608,3,83,3,1
2023HU0142748,1,124,3,1
2023HU0142748,2,0,3,1
2023HU0142848,1,448,3,1
2023HU0142848,2,390,3,1
2023HU0142924,1,193,2,1
2023HU0142924,2,193,2,1
2023HU0142924,3,193,2,1
2023HU0142924,4,193,2,1
2023HU0142987,1,501,1,1
2023HU0142987,2,501,1,1
2023HU0142987,3,501,1,1
2023HU0142987,4,501,1,1
2023HU0143004,1,501,3,1
2023HU0143342,1,180,2,1
2023HU0143342,2,180,2,1
2023HU0143342,3,180,2,1
2023HU0143354,1,304,3,1
2023HU0143354,2,179,3,1
2023HU0143354,3,304,3,1
2023HU0143525,1,199,1,1
2023HU0143763,1,233,2,1
2023HU0143803,1,501,1,1
2023HU0143803,2,501,1,1
2023HU0143964,1,440,1,1
2023HU0143964,2,440,1,1
2023HU0143964,3,440,1,1
2023HU0144032,1,324,3,1
2023HU0144032,2,324,3,1
2023HU0144032,3,324,3,1
2023HU0144566,1,501,2,1
2023HU0144566,2,501,2,1
2023HU0144585,1,501,2,1
2023HU0144585,2,501,2,1
2023HU0144597,1,232,3,1
2023HU0144597,2,232,3,1
2023HU0144867,1,137,2,1
2023HU0144867,2,137,2,1
2023HU0145051,1,76,3,1
2023HU0145545,1,325,1,1
2023HU0145545,2,325,1,1
2023HU0145545,3,325,1,1
2023HU0145545,4,325,1,1
2023HU0145545,5,325,1,1
2023HU0145651,1,501,1,1
2023HU0145651,2,501,1,1
2023HU0145702,1,80,3,1
2023HU0145899,1,501,2,1
2023HU0145899,2,501,2,1
2023HU0146603,1,134,3,1
2023HU0146806,1,501,1,1
2023HU0146806,2,501,1,1
2023HU0146806,3,501,1,1
2023HU0146806,4,501,1,1
2023HU0146876,1,501,1,1
2023HU0146876,2,501,1,1
2023HU0146876,3,501,1,1
2023HU0146876,4,501,1,1
2023HU0146878,1,131,1,1
2023HU0146878,2,131,1,1
2023HU0146878,3,131,1,1
2023HU0146878,4,131,1,1
2023HU0146985,1,424,2,1
2023HU0146985,2,424,2,1
2023HU0147025,1,501,1,1
2023HU0147063,1,501,2,1
2023HU0147063,2,501,2,1
2023HU0147063,3,501,2,1
2023HU0147208,1,501,2,1
2023HU0147208,2,501,2,1
2023HU0147248,1,88,3,1
2023HU0147248,2,154,3,1
2023HU0147248,3,88,3,1
2023HU0147310,1,309,3,1
2023HU0147310,2,277,3,1
2023HU0147344,1,99,3,1
2023HU0147344,2,99,3,1
2023HU0147733,1,292,3,1
2023HU0147733,2,292,3,1
2023HU0147733,3,292,3,1
2023HU0147733,4,292,3,1
2023HU0147930,1,501,2,1
2023HU0147930,2,501,2,1
2023HU0148458,1,433,2,1
2023HU0148458,2,433,2,1
2023HU0148458,3,433,2,1
2023HU0148458,4,433,2,1
2023HU0148897,1,501,3,1
2023HU0149340,1,501,2,1
2023HU0149340,2,501,2,1
2023HU0149879,1,56,2,1
2023HU0149879,2,56,2,1
2023HU0150203,1,501,1,1
2023HU0150203,2,501,1,1
2023HU0150203,3,501,1,1
2023HU0150211,1,501,1,1
2023HU0150211,2,501,1,1
2023HU0150211,3,501,1,1
2023HU0150211,4,501,1,1
2023HU0150488,1,53,1,1
2023HU0150488,2,53,1,1
2023HU0150642,1,299,2,1
2023HU0150642,2,299,2,1
2023HU0150729,1,501,2,1
2023HU0150729,2,501,2,1
2023HU0150729,3,0,2,1
2023HU0150854,1,247,2,1
2023HU0150854,2,247,2,1
2023HU0150854,3,44,2,1
2023HU0150854,4,50,2,1
2023HU0151002,1,501,2,1
2023HU0151002,2,501,2,1
2023HU0151263,1,501,1,1
2023HU0151263,2,501,1,1
2023HU0151263,3,501,1,1
2023HU0151263,4,501,1,1
2023HU0151334,1,69,1,1
2023HU0151441,1,57,3,1
2023HU0151805,1,414,1,1
2023HU0151805,2,414,1,1
2023HU0151805,3,414,1,1
2023HU0151962,1,126,3,1
2023HU0151962,2,126,3,1
2023HU0151962,3,126,3,1
2023HU0151962,4,126,3,1
2023HU0152228,1,501,1,1
2023HU0152228,2,501,1,1
2023HU0152282,1,371,2,1
2023HU0152376,1,102,1,1
2023HU0152715,1,501,1,1
2023HU0152731,1,501,3,1
2023HU0152731,2,501,3,1
2023HU0152731,3,501,3,1
2023HU0152887,1,501,1,1
2023HU0152887,2,501,1,1
2023HU0152887,3,501,1,1
2023HU0153229,1,487,1,1
2023HU0153229,2,487,1,1
2023HU0153229,3,487,1,1
2023HU0153456,1,165,1,1
2023HU0153456,2,165,1,1
2023HU0153456,3,165,1,1
2023HU0153456,4,165,1,1
2023HU0153690,1,191,1,1
2023HU0153690,2,191,1,1
2023HU0153832,1,464,1,1
2023HU0153832,2,464,1,1
2023HU0153832,3,464,1,1
2023HU0153832,4,464,1,1
2023HU0153846,1,70,3,1
2023HU0153846,2,70,3,1
2023HU0153846,3,70,3,1
2023HU0153981,1,231,3,1
2023HU0153981,2,231,3,1
2023HU0153981,3,231,3,1
2023HU0153981,4,231,3,1
2023HU0154191,1,118,3,1
2023HU0154191,2,118,3,1
2023HU0154191,3,118,3,1
2023HU0154191,4,118,3,1
2023HU0154506,1,501,1,1
2023HU0154506,2,501,1,1
2023HU0154563,1,464,1,1
2023HU0154620,1,501,3,1
2023HU0154661,1,164,2,1
2023HU0154661,2,57,2,1
2023HU0154708,1,75,2,1
2023HU0154708,2,75,2,1
2023HU0155317,1,192,3,1
2023HU0155661,1,37,3,1
2023HU0155661,2,56,3,1
2023HU0155664,1,501,2,1
2023HU0155664,2,501,2,1
2023HU0155664,3,501,2,1
2023HU0155664,4,501,2,1
2023HU0155697,1,262,1,1
2023HU0155697,2,262,1,1
2023HU0155866,1,179,3,1
2023HU0155875,1,361,1,1
2023HU0155875,2,361,1,1
2023HU0155875,3,361,1,1
2023HU0155942,1,501,2,1
2023HU0155942,2,501,2,1
2023HU0156110,1,295,2,1
2023HU0156130,1,380,3,1
2023HU0156130,2,228,3,1
2023HU0156172,1,501,2,1
2023HU0156172,2,501,2,1
2023HU0156211,1,63,3,1
2023HU0156211,2,76,3,1
2023HU0156277,1,501,1,1
2023HU0156277,2,501,1,1
2023HU0156277,3,501,1,1
2023HU0156277,4,501,1,1
2023HU0156277,5,501,1,1
2023HU0156299,1,258,3,1
2023HU0156299,2,258,3,1
2023HU0156299,3,258,3,1
2023HU0156299,4,258,3,1
2023HU0156583,1,48,3,1
2023HU0156583,2,48,3,1
2023HU0156740,1,193,3,1
2023HU0156740,2,193,3,1
2023HU0156740,3,193,3,1
2023HU0156937,1,189,2,1
2023HU0157432,1,245,4,1
2023HU0157432,2,245,4,1
2023HU0157432,3,245,4,1
2023HU0157432,4,245,4,1
2023HU0157470,1,501,3,1
2023HU0157470,2,501,3,1
2023HU0157470,3,501,3,1
2023HU0157470,4,501,3,1
2023HU0157583,1,194,2,1
2023HU0157583,2,196,2,1
2023HU0157613,1,146,3,1
2023HU0157706,1,501,2,1
2023HU0157793,1,169,1,1
2023HU0157793,2,169,1,1
2023HU0157793,3,169,1,1
2023HU0157793,4,169,1,1
2023HU0157959,1,0,3,1
2023HU0157959,2,0,3,1
2023HU0158040,1,366,3,1
2023HU0158206,1,254,2,1
2023HU0158206,2,254,2,1
2023HU0158344,1,400,2,1
2023HU0158344,2,400,2,1
2023HU0158344,3,400,2,1
2023HU0158497,1,85,3,1
2023HU0158497,2,85,3,1
2023HU0158541,1,501,2,1
2023HU0158541,2,501,2,1
2023HU0158541,3,501,2,1
2023HU0158555,1,192,3,1
2023HU0158555,2,401,3,1
2023HU0158562,1,501,2,1
2023HU0158562,2,501,2,1
2023HU0158562,3,501,2,1
2023HU0159344,1,0,3,1
2023HU0159461,1,340,2,1
2023HU0159461,2,340,2,1
2023HU0159461,3,501,2,1
2023HU0159466,1,111,3,1
2023HU0160106,1,150,1,1
2023HU0160106,2,150,1,1
2023HU0160106,3,150,1,1
2023HU0160106,4,150,1,1
2023HU0160122,1,230,3,1
2023HU0160122,2,230,3,1
2023HU0160122,3,230,3,1
2023HU0160122,4,230,3,1
2023HU0160263,1,501,1,1
2023HU0160263,2,501,1,1
2023HU0160263,3,501,1,1
2023HU0160263,4,501,1,1
2023HU0160263,5,501,1,1
2023HU0160441,1,501,2,1
2023HU0160441,2,501,2,1
2023HU0160441,3,501,2,1
2023HU0160441,4,501,2,1
2023HU0160684,1,501,2,1
2023HU0160684,2,501,2,1
2023HU0160823,1,30,3,1
2023HU0160922,1,387,1,1
2023HU0160922,2,387,1,1
2023HU0160922,3,387,1,1
2023HU0160922,4,387,1,1
2023HU0161200,1,328,4,1
2023HU0161364,1,173,1,1
2023HU0161364,2,173,1,1
2023HU0161364,3,173,1,1
2023HU0161364,4,173,1,1
2023HU0161552,1,54,3,1
2023HU0161609,1,455,1,1
2023HU0161609,2,455,1,1
2023HU0161609,3,455,1,1
2023HU0161854,1,99,3,1
2023HU0161954,1,501,2,1
2023HU0162030,1,157,2,1
2023HU0162030,2,501,2,1
2023HU0162030,3,157,2,1
2023HU0162030,4,157,2,1
2023HU0162030,5,157,2,1
2023HU0162030,6,157,2,1
2023HU0162065,1,124,3,1
2023HU0162065,2,124,3,1
2023HU0162065,3,124,3,1
2023HU0162237,1,134,3,1
2023HU0162237,2,134,3,1
2023HU0162377,1,249,3,1
2023HU0162425,1,501,1,1
2023HU0162425,2,501,1,1
2023HU0162443,1,501,1,1
2023HU0162443,2,501,1,1
2023HU0162443,3,501,1,1
2023HU0162443,4,501,1,1
2023HU0162853,1,310,3,1
2023HU0162853,2,310,3,1
2023HU0162853,3,310,3,1
2023HU0162853,4,310,3,1
2023HU0163164,1,411,1,1
2023HU0163164,2,411,1,1
2023HU0163164,3,411,1,1
2023HU0163164,4,411,1,1
2023HU0163191,1,501,1,1
2023HU0163290,1,462,1,1
2023HU0163290,2,462,1,1
2023HU0163290,3,462,1,1
2023HU0163413,1,467,3,1
2023HU0163413,2,467,3,1
2023HU0163413,3,467,3,1
2023HU0163413,4,467,3,1
2023HU0163497,1,255,2,1
2023HU0163497,2,255,2,1
2023HU0163497,3,255,2,1
2023HU0163497,4,255,2,1
2023HU0163497,5,255,2,1
2023HU0163497,6,255,2,1
2023HU0163497,7,255,2,1
2023HU0163497,8,255,2,1
2023HU0163747,1,488,1,1
2023HU0163747,2,488,1,1
2023HU0163747,3,488,1,1
2023HU0163747,4,488,1,1
2023HU0164208,1,501,2,1
2023HU0164394,1,501,1,1
2023HU0164394,2,501,1,1
2023HU0164394,3,501,1,1
2023HU0164394,4,501,1,1
2023HU0164604,1,501,1,1
2023HU0164604,2,501,1,1
2023HU0164604,3,501,1,1
2023HU0164638,1,501,1,1
2023HU0164638,2,501,1,1
2023HU0164638,3,501,1,1
2023HU0164638,4,501,1,1
2023HU0164656,1,501,3,1
2023HU0164739,1,501,1,1
2023HU0164739,2,501,1,1
2023HU0164739,3,501,1,1
2023HU0164750,1,501,1,1
2023HU0164750,2,501,1,1
2023HU0164750,3,501,1,1
2023HU0164815,1,191,2,1
2023HU0165012,1,112,3,1
2023HU0165012,2,112,3,1
2023HU0165090,1,221,1,1
2023HU0165090,2,221,1,1
2023HU0165090,3,221,1,1
2023HU0165090,4,221,1,1
2023HU0165090,5,221,1,1
2023HU0165302,1,501,3,1
2023HU0165302,2,501,3,1
2023HU0165377,1,501,3,1
2023HU0165377,2,501,3,1
2023HU0165377,3,501,3,1
2023HU0165377,4,501,3,1
2023HU0165377,5,501,3,1
2023HU0165653,1,42,3,1
2023HU0165684,1,173,3,1
2023HU0165684,2,173,3,1
2023HU0165684,3,173,3,1
2023HU0165764,1,265,2,1
2023HU0165764,2,265,2,1
2023HU0165764,3,265,2,1
2023HU0165764,4,265,2,1
2023HU0165929,1,64,3,1
2023HU0166139,1,292,1,1
2023HU0166139,2,39,1,1
2023HU0166225,1,233,2,1
2023HU0166225,2,233,2,1
2023HU0166225,3,233,2,1
2023HU0166225,4,233,2,1
2023HU0166575,1,177,2,1
2023HU0166575,2,177,2,1
2023HU0166575,3,177,2,1
2023HU0166575,4,177,2,1
2023HU0167341,1,501,3,1
2023HU0167407,1,464,3,1
2023HU0167733,1,41,2,1
2023HU0167789,1,389,1,1
2023HU0167789,2,389,1,1
2023HU0167789,3,389,1,1
2023HU0167807,1,375,1,1
2023HU0167807,2,375,1,1
2023HU0167916,1,112,3,1
2023HU0167916,2,112,3,1
2023HU0167916,3,112,3,1
2023HU0167916,4,112,3,1
2023HU0167916,5,112,3,1
2023HU0167916,6,112,3,1
2023HU0168222,1,319,3,1
2023HU0168222,2,501,3,1
2023HU0168260,1,412,3,1
2023HU0168260,2,501,3,1
2023HU0168260,3,412,3,1
2023HU0168343,1,411,1,1
2023HU0168343,2,411,1,1
2023HU0168483,1,399,1,1
2023HU0168483,2,399,1,1
2023HU0168681,1,501,1,1
2023HU0168681,2,501,1,1
2023HU0168681,3,501,1,1
2023HU0168737,1,501,3,1
2023HU0168737,2,501,3,1
2023HU0168737,3,501,3,1
2023HU0168837,1,202,2,1
2023HU0168837,2,202,2,1
2023HU0168837,3,202,2,1
2023HU0168837,4,202,2,1
2023HU0168837,5,202,2,1
2023HU0168878,1,501,1,1
2023HU0168878,2,501,1,1
2023HU0168878,3,501,1,1
2023HU0168878,4,501,1,1
2023HU0168878,5,501,1,1
2023HU0169169,1,417,3,1
2023HU0169185,1,501,1,1
2023HU0169185,2,501,1,1
2023HU0169309,1,341,3,1
2023HU0169309,2,341,3,1
2023HU0169309,3,341,3,1
2023HU0169309,4,341,3,1
2023HU0169490,1,244,4,1
2023HU0169490,2,244,4,1
2023HU0169490,3,244,4,1
2023HU0169490,4,244,4,1
2023HU0169490,5,244,4,1
2023HU0169490,6,244,4,1
2023HU0169490,7,244,4,1
2023HU0169490,8,361,4,1
2023HU0169591,1,475,1,1
2023HU0169591,2,475,1,1
2023HU0169591,3,475,1,1
2023HU0169591,4,475,1,1
2023HU0169591,5,475,1,1
2023HU0170076,1,480,2,1
2023HU0170076,2,480,2,1
2023HU0170126,1,389,2,1
2023HU0170126,2,389,2,1
2023HU0170281,1,369,3,1
2023HU0170281,2,369,3,1
2023HU0170281,3,369,3,1
2023HU0170357,1,410,1,1
2023HU0170357,2,410,1,1
2023HU0170357,3,410,1,1
2023HU0170368,1,101,1,1
2023HU0170368,2,101,1,1
2023HU0170368,3,101,1,1
2023HU0170368,4,101,1,1
2023HU0170500,1,67,2,1
2023HU0170500,2,67,2,1
2023HU0170613,1,335,1,1
2023HU0170613,2,335,1,1
2023HU0170621,1,218,3,1
2023HU0170621,2,110,3,1
2023HU0170621,3,218,3,1
2023HU0170653,1,501,1,1
2023HU0170653,2,276,1,1
2023HU0170653,3,501,1,1
2023HU0170813,1,149,3,1
2023HU0170813,2,149,3,1
2023HU0170813,3,149,3,1
2023HU0170991,1,122,1,1
2023HU0170991,2,122,1,1
2023HU0171034,1,6,3,1
2023HU0171209,1,236,2,1
2023HU0171209,2,236,2,1
2023HU0171263,1,241,3,1
2023HU0171263,2,241,3,1
2023HU0171263,3,241,3,1
2023HU0171326,1,225,2,1
2023HU0171326,2,225,2,1
2023HU0171326,3,225,2,1
2023HU0171326,4,225,2,1
2023HU0171343,1,501,2,1
2023HU0171343,2,501,2,1
2023HU0171436,1,300,4,1
2023HU0171436,2,300,4,1
2023HU0171436,3,485,4,1
2023HU0171487,1,204,3,1
2023HU0171511,1,349,3,1
2023HU0171511,2,349,3,1
2023HU0171511,3,349,3,1
2023HU0171511,4,349,3,1
2023HU0171558,1,501,1,1
2023HU0171558,2,501,1,1
2023HU0171618,1,501,1,1
2023HU0171618,2,501,1,1
2023HU0171773,1,501,2,1
2023HU0171773,2,501,2,1
2023HU0171773,3,501,2,1
2023HU0171773,4,501,2,1
2023HU0171773,5,501,2,1
2023HU0171874,1,267,3,1
2023HU0171894,1,501,2,1
2023HU0172011,1,103,3,1
2023HU0172011,2,103,3,1
2023HU0172011,3,103,3,1
2023HU0172416,1,263,2,1
2023HU0172744,1,174,3,1
2023HU0173228,1,127,2,1
2023HU0173228,2,84,2,1
2023HU0173279,1,260,3,1
2023HU0173358,1,431,1,1
2023HU0173358,2,431,1,1
2023HU0173358,3,431,1,1
2023HU0173358,4,431,1,1
2023HU0173674,1,501,3,1
2023HU0173674,2,501,3,1
2023HU0173674,3,501,3,1
2023HU0173985,1,378,2,1
2023HU0173985,2,378,2,1
2023HU0174029,1,501,3,1
2023HU0174029,2,501,3,1
2023HU0174029,3,501,3,1
2023HU0174029,4,501,3,1
2023HU0174029,5,501,3,1
2023HU0174156,1,283,1,1
2023HU0174156,2,283,1,1
2023HU0174156,3,283,1,1
2023HU0174360,1,501,3,1
2023HU0174360,2,501,3,1
2023HU0174361,1,501,1,1
2023HU0174361,2,501,1,1
2023HU0174491,1,501,2,1
2023HU0174491,2,501,2,1
2023HU0174775,1,501,1,1
2023HU0174775,2,501,1,1
2023HU0174775,3,501,1,1
2023HU0174868,1,501,3,1
2023HU0174868,2,501,3,1
2023HU0175042,1,159,3,1
2023HU0175042,2,102,3,1
2023HU0175055,1,50,3,1
2023HU0175055,2,50,3,1
2023HU0175055,3,50,3,1
2023HU0175126,1,0,3,1
2023HU0175126,2,0,3,1
2023HU0175126,3,0,3,1
2023HU0175467,1,134,3,1
2023HU0175467,2,134,3,1
2023HU0175467,3,134,3,1
2023HU0175467,4,134,3,1
2023HU0175468,1,0,3,1
2023HU0175468,2,0,3,1
2023HU0175468,3,0,3,1
2023HU0175549,1,0,3,1
2023HU0175549,2,0,3,1
2023HU0175873,1,321,1,1
2023HU0175873,2,321,1,1
2023HU0175873,3,321,1,1
2023HU0175873,4,321,1,1
2023HU0175873,5,321,1,1
2023HU0175926,1,223,4,1
2023HU0175926,2,223,4,1
2023HU0176349,1,501,3,1
2023HU0176349,2,501,3,1
2023HU0176590,1,501,2,1
2023HU0176590,2,501,2,1
2023HU0176590,3,501,2,1
2023HU0176954,1,501,3,1
2023HU0176954,2,501,3,1
2023HU0176954,3,501,3,1
2023HU0177383,1,60,2,1
2023HU0177383,2,60,2,1
2023HU0177383,3,60,2,1
2023HU0177383,4,60,2,1
2023HU0177383,5,60,2,1
2023HU0177383,6,60,2,1
2023HU0177383,7,60,2,1
2023HU0177383,8,60,2,1
2023HU0177383,9,60,2,1
2023HU0177396,1,260,3,1
2023HU0177396,2,318,3,1
2023HU0177396,3,234,3,1
2023HU0177396,4,390,3,1
2023HU0177396,5,,3,1
2023HU0177396,6,,3,1
2023HU0177396,7,,3,1
2023HU0177597,1,73,3,1
2023HU0177597,2,217,3,1
2023HU0177597,3,73,3,1
2023HU0177720,1,362,1,1
2023HU0177818,1,501,2,1
2023HU0177818,2,0,2,1
2023HU0177818,3,501,2,1
2023HU0177818,4,501,2,1
2023HU0177825,1,501,1,1
2023HU0177825,2,501,1,1
2023HU0177825,3,501,1,1
2023HU0178193,1,501,1,1
2023HU0178193,2,501,1,1
2023HU0178231,1,501,3,1
2023HU0178231,2,501,3,1
2023HU0178231,3,501,3,1
2023HU0178359,1,501,2,1
2023HU0178359,2,501,2,1
2023HU0178359,3,501,2,1
2023HU0178449,1,501,1,1
2023HU0178449,2,501,1,1
2023HU0178504,1,151,3,1
2023HU0178504,2,151,3,1
2023HU0178603,1,501,1,1
2023HU0178603,2,501,1,1
2023HU0178641,1,251,2,1
2023HU0178641,2,251,2,1
2023HU0178641,3,251,2,1
2023HU0178641,4,251,2,1
2023HU0178643,1,322,2,1
2023HU0178643,2,322,2,1
2023HU0178643,3,322,2,1
2023HU0178643,4,322,2,1
2023HU0178643,5,322,2,1
2023HU0178656,1,396,3,1
2023HU0178656,2,396,3,1
2023HU0178771,1,501,3,1
2023HU0179001,1,472,3,1
2023HU0179001,2,472,3,1
2023HU0179082,1,475,2,1
2023HU0179614,1,449,3,1
2023HU0179614,2,449,3,1
2023HU0179614,3,449,3,1
2023HU0179614,4,449,3,1
2023HU0179614,5,449,3,1
2023HU0179762,1,501,3,1
2023HU0179762,2,501,3,1
2023HU0179762,3,501,3,1
2023HU0180117,1,501,3,1
2023HU0180117,2,501,3,1
2023HU0180122,1,400,2,1
2023HU0180375,1,152,3,1
2023HU0180375,2,152,3,1
2023HU0180456,1,501,2,1
2023HU0180456,2,501,2,1
2023HU0180456,3,501,2,1
2023HU0180603,1,437,3,1
2023HU0180603,2,437,3,1
2023HU0180603,3,437,3,1
2023HU0180603,4,437,3,1
2023HU0180903,1,295,1,1
2023HU0180903,2,295,1,1
2023HU0180903,3,295,1,1
2023HU0181064,1,459,2,1
2023HU0181064,2,459,2,1
2023HU0181064,3,459,2,1
2023HU0181064,4,459,2,1
2023HU0181089,1,285,3,1
2023HU0181089,2,285,3,1
2023HU0181089,3,285,3,1
2023HU0181089,4,285,3,1
2023HU0181346,1,257,1,1
2023HU0181346,2,257,1,1
2023HU0181346,3,257,1,1
2023HU0181346,4,257,1,1
2023HU0181346,5,257,1,1
2023HU0181479,1,373,2,1
2023HU0181479,2,373,2,1
2023HU0181512,1,207,3,1
2023HU0181512,2,207,3,1
2023HU0181512,3,207,3,1
2023HU0181512,4,207,3,1
2023HU0181512,5,207,3,1
2023HU0181512,6,207,3,1
2023HU0181623,1,501,2,1
2023HU0181623,2,501,2,1
2023HU0181623,3,501,2,1
2023HU0181659,1,57,3,1
2023HU0181659,2,57,3,1
2023HU0181659,3,57,3,1
2023HU0181659,4,57,3,1
2023HU0181659,5,0,3,1
2023HU0181739,1,501,1,1
2023HU0181739,2,501,1,1
2023HU0181739,3,501,1,1
2023HU0182800,1,485,1,1
2023HU0182800,2,485,1,1
2023HU0182800,3,485,1,1
2023HU0182866,1,501,2,1
2023HU0182866,2,501,2,1
2023HU0183222,1,248,2,1
2023HU0183222,2,248,2,1
2023HU0183222,3,248,2,1
2023HU0183222,4,248,2,1
2023HU0183262,1,158,1,1
2023HU0183262,2,205,1,1
2023HU0183262,3,75,1,1
2023HU0183262,4,348,1,1
2023HU0183297,1,370,1,1
2023HU0183297,2,151,1,1
2023HU0183297,3,,1,1
2023HU0183403,1,501,1,1
2023HU0183403,2,501,1,1
2023HU0183617,1,501,1,1
2023HU0183617,2,501,1,1
2023HU0183617,3,501,1,1
2023HU0183636,1,501,1,1
2023HU0183851,1,350,1,1
2023HU0183851,2,350,1,1
2023HU0183851,3,350,1,1
2023HU0183894,1,345,2,1
2023HU0183894,2,345,2,1
2023HU0183894,3,0,2,1
2023HU0184001,1,501,2,1
2023HU0184001,2,501,2,1
2023HU0184188,1,501,1,1
2023HU0184188,2,0,1,1
2023HU0184188,3,501,1,1
2023HU0184188,4,501,1,1
2023HU0184188,5,501,1,1
2023HU0184428,1,260,3,1
2023HU0184428,2,130,3,1
2023HU0184504,1,393,2,1
2023HU0184504,2,393,2,1
2023HU0185665,1,236,2,1
2023HU0185794,1,95,2,1
2023HU0185890,1,399,2,1
2023HU0185890,2,399,2,1
2023HU0186011,1,348,3,1
2023HU0186068,1,501,1,1
2023HU0186068,2,501,1,1
2023HU0186068,3,501,1,1
2023HU0186227,1,336,3,1
2023HU0186227,2,336,3,1
2023HU0186227,3,336,3,1
2023HU0186227,4,336,3,1
2023HU0186231,1,121,1,1
2023HU0186231,2,121,1,1
2023HU0186231,3,121,1,1
2023HU0186231,4,121,1,1
2023HU0186231,5,121,1,1
2023HU0186231,6,121,1,1
2023HU0186231,7,121,1,1
2023HU0186425,1,76,3,1
2023HU0186515,1,487,1,1
2023HU0186652,1,257,1,1
2023HU0186652,2,257,1,1
2023HU0186652,3,257,1,1
2023HU0186652,4,193,1,1
2023HU0186652,5,193,1,1
2023HU0186685,1,364,2,1
2023HU0186685,2,364,2,1
2023HU0186685,3,0,2,1
2023HU0186697,1,10,2,1
2023HU0186947,1,133,3,1
2023HU0186947,2,133,3,1
2023HU0186947,3,133,3,1
2023HU0186947,4,133,3,1
2023HU0187117,1,73,3,1
2023HU0187238,1,488,3,1
2023HU0187268,1,501,3,1
2023HU0187268,2,0,3,1
2023HU0187268,3,501,3,1
2023HU0187283,1,247,1,1
2023HU0187283,2,247,1,1
2023HU0187283,3,247,1,1
2023HU0187437,1,369,1,1
2023HU0187437,2,369,1,1
2023HU0187437,3,369,1,1
2023HU0187437,4,369,1,1
2023HU0187524,1,501,3,1
2023HU0187524,2,501,3,1
2023HU0187605,1,243,2,1
2023HU0187760,1,501,3,1
2023HU0187780,1,79,3,1
2023HU0187850,1,33,1,1
2023HU0187861,1,325,1,1
2023HU0187861,2,325,1,1
2023HU0187861,3,325,1,1
2023HU0187944,1,501,1,1
2023HU0187944,2,501,1,1
2023HU0187944,3,501,1,1
2023HU0187971,1,366,2,1
2023HU0187971,2,366,2,1
2023HU0187981,1,148,3,1
2023HU0187981,2,148,3,1
2023HU0187985,1,48,3,1
2023HU0187985,2,48,3,1
2023HU0188063,1,501,1,1
2023HU0188063,2,501,1,1
2023HU0188307,1,501,1,1
2023HU0188307,2,501,1,1
2023HU0188392,1,501,2,1
2023HU0188392,2,501,2,1
2023HU0188634,1,501,2,1
2023HU0188686,1,145,1,1
2023HU0188686,2,145,1,1
2023HU0188772,1,183,3,1
2023HU0188772,2,255,3,1
2023HU0188790,1,501,1,1
2023HU0188827,1,501,3,1
2023HU0188827,2,501,3,1
2023HU0188827,3,501,3,1
2023HU0188827,4,501,3,1
2023HU0188866,1,501,2,1
2023HU0188866,2,501,2,1
2023HU0189000,1,492,1,1
2023HU0189000,2,492,1,1
2023HU0189000,3,492,1,1
2023HU0189000,4,492,1,1
2023HU0189367,1,341,4,1
2023HU0189415,1,481,1,1
2023HU0189415,2,481,1,1
2023HU0189415,3,481,1,1
2023HU0189415,4,481,1,1
2023HU0189415,5,481,1,1
2023HU0189442,1,232,3,1
2023HU0189442,2,232,3,1
2023HU0189442,3,232,3,1
2023HU0189793,1,454,1,1
2023HU0189793,2,454,1,1
2023HU0189793,3,454,1,1
2023HU0190001,1,501,1,1
2023HU0190001,2,501,1,1
2023HU0190028,1,501,3,1
2023HU0190028,2,253,3,1
2023HU0190073,1,240,1,1
2023HU0190073,2,240,1,1
2023HU0190073,3,240,1,1
2023HU0190073,4,240,1,1
2023HU0190652,1,501,1,1
2023HU0190652,2,501,1,1
2023HU0190652,3,501,1,1
2023HU0190652,4,501,1,1
2023HU0190780,1,182,3,1
2023HU0190780,2,182,3,1
2023HU0190780,3,182,3,1
2023HU0190780,4,182,3,1
2023HU0190780,5,182,3,1
2023HU0190787,1,501,2,1
2023HU0190787,2,417,2,1
2023HU0190849,1,298,2,1
2023HU0191441,1,501,1,1
2023HU0191441,2,501,1,1
2023HU0191441,3,501,1,1
2023HU0191441,4,501,1,1
2023HU0191561,1,202,2,1
2023HU0191573,1,253,2,1
2023HU0191573,2,253,2,1
2023HU0191573,3,253,2,1
2023HU0191573,4,253,2,1
2023HU0191573,5,253,2,1
2023HU0191573,6,253,2,1
2023HU0191573,7,253,2,1
2023HU0191728,1,247,3,1
2023HU0191728,2,247,3,1
2023HU0191728,3,247,3,1
2023HU0191728,4,247,3,1
2023HU0192016,1,178,3,1
2023HU0192023,1,469,1,1
2023HU0192023,2,469,1,1
2023HU0192023,3,469,1,1
2023HU0192023,4,469,1,1
2023HU0192031,1,324,3,1
2023HU0192031,2,324,3,1
2023HU0192031,3,324,3,1
2023HU0192204,1,501,2,1
2023HU0192204,2,501,2,1
2023HU0192204,3,501,2,1
2023HU0192264,1,210,2,1
2023HU0192264,2,210,2,1
2023HU0192264,3,210,2,1
2023HU0192388,1,10,3,1
2023HU0192440,1,154,1,1
2023HU0192440,2,154,1,1
2023HU0192440,3,154,1,1
2023HU0192565,1,139,3,1
2023HU0192565,2,139,3,1
2023HU0192565,3,139,3,1
2023HU0192565,4,139,3,1
2023HU0192565,5,139,3,1
2023HU0192565,6,139,3,1
2023HU0193069,1,501,2,1
2023HU0193069,2,501,2,1
2023HU0193069,3,501,2,1
2023HU0193069,4,501,2,1
2023HU0193069,5,501,2,1
2023HU0193081,1,338,1,1
2023HU0193081,2,179,1,1
2023HU0193081,3,338,1,1
2023HU0193168,1,501,3,1
2023HU0193168,2,76,3,1
2023HU0193391,1,266,3,1
2023HU0193391,2,266,3,1
2023HU0193397,1,42,3,1
2023HU0193397,2,42,3,1
2023HU0193658,1,272,1,1
2023HU0193658,2,272,1,1
2023HU0193658,3,272,1,1
2023HU0193658,4,272,1,1
2023HU0194429,1,267,2,1
2023HU0194429,2,267,2,1
2023HU0194969,1,106,3,1
2023HU0194969,2,106,3,1
2023HU0194969,3,106,3,1
2023HU0194969,4,106,3,1
2023HU0194973,1,210,2,1
2023HU0194973,2,210,2,1
2023HU0194973,3,210,2,1
2023HU0195076,1,501,1,1
2023HU0195076,2,501,1,1
2023HU0195123,1,501,1,1
2023HU0195240,1,460,1,1
2023HU0195240,2,460,1,1
2023HU0195336,1,501,2,1
2023HU0195336,2,501,2,1
2023HU0195336,3,501,2,1
2023HU0195336,4,501,2,1
2023HU0195477,1,33,3,1
2023HU0195612,1,111,1,1
2023HU0195612,2,111,1,1
2023HU0195777,1,501,2,1
2023HU0195777,2,501,2,1
2023HU0195952,1,388,2,1
2023HU0195952,2,388,2,1
2023HU0195952,3,388,2,1
2023HU0195991,1,234,4,1
2023HU0195991,2,269,4,1
2023HU0196303,1,198,1,1
2023HU0196303,2,501,1,1
2023HU0196303,3,198,1,1
2023HU0197077,1,227,1,1
2023HU0197077,2,227,1,1
2023HU0197077,3,227,1,1
2023HU0197077,4,227,1,1
2023HU0197550,1,275,1,1
2023HU0197553,1,4,2,1
2023HU0197553,2,4,2,1
2023HU0197628,1,501,3,1
2023HU0197628,2,501,3,1
2023HU0197628,3,501,3,1
2023HU0197628,4,501,3,1
2023HU0197736,1,137,1,1
2023HU0197736,2,137,1,1
2023HU0197799,1,120,3,1
2023HU0197907,1,501,1,1
2023HU0197907,2,501,1,1
2023HU0197907,3,501,1,1
2023HU0198082,1,138,2,1
2023HU0198190,1,252,1,1
2023HU0198190,2,252,1,1
2023HU0198190,3,252,1,1
2023HU0198190,4,252,1,1
2023HU0198190,5,252,1,1
2023HU0198190,6,252,1,1
2023HU0198272,1,65,3,1
2023HU0198272,2,65,3,1
2023HU0198272,3,65,3,1
2023HU0198272,4,65,3,1
2023HU0198321,1,501,3,1
2023HU0198321,2,0,3,1
2023HU0198321,3,501,3,1
2023HU0198321,4,501,3,1
2023HU0198374,1,501,2,1
2023HU0198374,2,501,2,1
2023HU0198731,1,64,3,1
2023HU0198731,2,64,3,1
2023HU0198753,1,473,2,1
2023HU0198753,2,473,2,1
2023HU0198753,3,473,2,1
2023HU0198818,1,233,2,1
2023HU0198818,2,233,2,1
2023HU0198818,3,233,2,1
2023HU0198854,1,73,3,1
2023HU0198854,2,97,3,1
2023HU0198854,3,73,3,1
2023HU0198889,1,501,2,1
2023HU0198889,2,501,2,1
2023HU0199256,1,374,1,1
2023HU0199256,2,374,1,1
2023HU0199256,3,75,1,1
2023HU0199256,4,18,1,1
2023HU0199497,1,179,2,1
2023HU0199497,2,179,2,1
2023HU0199566,1,501,1,1
2023HU0199566,2,501,1,1
2023HU0199566,3,501,1,1
2023HU0199566,4,501,1,1
2023HU0199955,1,139,3,1
2023HU0199955,2,139,3,1
2023HU0200145,1,501,3,1
2023HU0200145,2,501,3,1
2023HU0200145,3,501,3,1
2023HU0200166,1,501,2,1
2023HU0200166,2,501,2,1
2023HU0200219,1,178,2,1
2023HU0200219,2,178,2,1
2023HU0200474,1,450,2,1
2023HU0200474,2,450,2,1
2023HU0200474,3,450,2,1
2023HU0200474,4,450,2,1
2023HU0200500,1,0,3,1
2023HU0200734,1,456,1,1
2023HU0200734,2,456,1,1
2023HU0200734,3,456,1,1
2023HU0200734,4,456,1,1
2023HU0200734,5,456,1,1
2023HU0200734,6,456,1,1
2023HU0200734,7,456,1,1
2023HU0200865,1,501,1,1
2023HU0200865,2,501,1,1
2023HU0200938,1,501,2,1
2023HU0200968,1,268,3,1
2023HU0201083,1,123,2,1
2023HU0201083,2,0,2,1
2023HU0201091,1,501,1,1
2023HU0201091,2,501,1,1
2023HU0201091,3,501,1,1
2023HU0201225,1,163,3,1
2023HU0201225,2,163,3,1
2023HU0201225,3,163,3,1
2023HU0201225,4,163,3,1
2023HU0201225,5,163,3,1
2023HU0201294,1,501,2,1
2023HU0201294,2,319,2,1
2023HU0201535,1,125,3,1
2023HU0201766,1,501,1,1
2023HU0201766,2,501,1,1
2023HU0201766,3,501,1,1
2023HU0201766,4,501,1,1
2023HU0201821,1,184,2,1
2023HU0202242,1,59,3,1
2023HU0202399,1,415,1,1
2023HU0202399,2,415,1,1
2023HU0202399,3,415,1,1
2023HU0202399,4,415,1,1
2023HU0202399,5,415,1,1
2023HU0202399,6,415,1,1
2023HU0202416,1,248,2,1
2023HU0202416,2,248,2,1
2023HU0202595,1,62,1,1
2023HU0202818,1,501,1,1
2023HU0202818,2,501,1,1
2023HU0203092,1,117,3,1
2023HU0203092,2,261,3,1
2023HU0203098,1,501,2,1
2023HU0203098,2,501,2,1
2023HU0203168,1,92,4,1
2023HU0203168,2,73,4,1
2023HU0203168,3,146,4,1
2023HU0203168,4,231,4,1
2023HU0203168,5,71,4,1
2023HU0203168,6,168,4,1
2023HU0203168,7,74,4,1
2023HU0203803,1,501,1,1
2023HU0203803,2,501,1,1
2023HU0204225,1,194,1,1
2023HU0204342,1,299,3,1
2023HU0204342,2,299,3,1
2023HU0204342,3,299,3,1
2023HU0204383,1,310,1,1
2023HU0204383,2,310,1,1
2023HU0204587,1,501,2,1
2023HU0204587,2,501,2,1
2023HU0204598,1,315,1,1
2023HU0204598,2,315,1,1
2023HU0204598,3,25,1,1
2023HU0204688,1,98,3,1
2023HU0204712,1,501,2,1
2023HU0204740,1,200,3,1
2023HU0204740,2,200,3,1
2023HU0204740,3,200,3,1
2023HU0204740,4,200,3,1
2023HU0204740,5,200,3,1
2023HU0204795,1,244,3,1
2023HU0204795,2,244,3,1
2023HU0204920,1,0,3,1
2023HU0204920,2,0,3,1
2023HU0204920,3,0,3,1
2023HU0204920,4,0,3,1
2023HU0204991,1,93,3,1
2023HU0204991,2,93,3,1
2023HU0204991,3,93,3,1
2023HU0205557,1,501,1,1
2023HU0205557,2,501,1,1
2023HU0205865,1,501,1,1
2023HU0205865,2,501,1,1
2023HU0205865,3,501,1,1
2023HU0205865,4,501,1,1
2023HU0205915,1,177,2,1
2023HU0206034,1,501,1,1
2023HU0206034,2,501,1,1
2023HU0206034,3,501,1,1
2023HU0206034,4,501,1,1
2023HU0206034,5,501,1,1
2023HU0206129,1,383,2,1
2023HU0206205,1,292,1,1
2023HU0206205,2,292,1,1
2023HU0206205,3,292,1,1
2023HU0206205,4,292,1,1
2023HU0206205,5,292,1,1
2023HU0206205,6,292,1,1
2023HU0206205,7,292,1,1
2023HU0206205,8,292,1,1
2023HU0206507,1,85,2,1
2023HU0206507,2,85,2,1
2023HU0206648,1,331,3,1
2023HU0206648,2,331,3,1
2023HU0206648,3,331,3,1
2023HU0206648,4,331,3,1
2023HU0206697,1,128,2,1
2023HU0206936,1,501,1,1
2023HU0206936,2,501,1,1
2023HU0206936,3,501,1,1
2023HU0207046,1,332,3,1
2023HU0207046,2,332,3,1
2023HU0207046,3,332,3,1
2023HU0207120,1,142,3,1
2023HU0207405,1,501,2,1
2023HU0207405,2,501,2,1
2023HU0207499,1,0,2,1
2023HU0207735,1,501,1,1
2023HU0207760,1,212,1,1
2023HU0207760,2,212,1,1
2023HU0208521,1,129,3,1
2023HU0208547,1,205,2,1
2023HU0208626,1,343,2,1
2023HU0208645,1,378,3,1
2023HU0208645,2,257,3,1
2023HU0208645,3,378,3,1
2023HU0208645,4,378,3,1
2023HU0208645,5,378,3,1
2023HU0208989,1,501,3,1
2023HU0208989,2,501,3,1
2023HU0209205,1,501,2,1
2023HU0209205,2,501,2,1
2023HU0209374,1,501,1,1
2023HU0209462,1,501,1,1
2023HU0209462,2,501,1,1
2023HU0209462,3,501,1,1
2023HU0209462,4,501,1,1
2023HU0209580,1,165,3,1
2023HU0209580,2,0,3,1
2023HU0209580,3,165,3,1
2023HU0209580,4,165,3,1
2023HU0209906,1,341,3,1
2023HU0209906,2,341,3,1
2023HU0209906,3,341,3,1
2023HU0209938,1,350,2,1
2023HU0209938,2,350,2,1
2023HU0209969,1,501,2,1
2023HU0209969,2,501,2,1
2023HU0210007,1,129,2,1
2023HU0210111,1,273,3,1
2023HU0210111,2,273,3,1
2023HU0210111,3,273,3,1
2023HU0210111,4,273,3,1
2023HU0210287,1,237,2,1
2023HU0210287,2,501,2,1
2023HU0210287,3,237,2,1
2023HU0210319,1,191,3,1
2023HU0210626,1,156,3,1
2023HU0210752,1,287,1,1
2023HU0210752,2,0,1,1
2023HU0210767,1,59,3,1
2023HU0210767,2,59,3,1
2023HU0210767,3,59,3,1
2023HU0210843,1,501,2,1
2023HU0210962,1,151,2,1
2023HU0210962,2,261,2,1
2023HU0210962,3,171,2,1
2023HU0210962,4,82,2,1
2023HU0210962,5,65,2,1
2023HU0210962,6,379,2,1
2023HU0210962,7,379,2,1
2023HU0211094,1,501,3,1
2023HU0211094,2,501,3,1
2023HU0211094,3,501,3,1
2023HU0211255,1,339,2,1
2023HU0211255,2,339,2,1
2023HU0211255,3,339,2,1
2023HU0211255,4,339,2,1
2023HU0211385,1,381,1,1
2023HU0211385,2,381,1,1
2023HU0211385,3,381,1,1
2023HU0211385,4,381,1,1
2023HU0211399,1,296,1,1
2023HU0211399,2,296,1,1
2023HU0211399,3,296,1,1
2023HU0211399,4,296,1,1
2023HU0211427,1,13,3,1
2023HU0211427,2,13,3,1
2023HU0211427,3,13,3,1
2023HU0211449,1,202,3,1
2023HU0211449,2,202,3,1
2023HU0211449,3,202,3,1
2023HU0211502,1,487,1,1
2023HU0211502,2,487,1,1
2023HU0211502,3,487,1,1
2023HU0211502,4,487,1,1
2023HU0211732,1,501,1,1
2023HU0211732,2,501,1,1
2023HU0212035,1,169,3,1
2023HU0212035,2,169,3,1
2023HU0212035,3,169,3,1
2023HU0212097,1,426,1,1
2023HU0212097,2,426,1,1
2023HU0212097,3,426,1,1
2023HU0212097,4,426,1,1
2023HU0212097,5,426,1,1
2023HU0212097,6,426,1,1
2023HU0212097,7,426,1,1
2023HU0212097,8,426,1,1
2023HU0212288,1,240,3,1
2023HU0212288,2,240,3,1
2023HU0212349,1,256,3,1
2023HU0212349,2,256,3,1
2023HU0212349,3,256,3,1
2023HU0212411,1,501,1,1
2023HU0212411,2,501,1,1
2023HU0212411,3,501,1,1
2023HU0212411,4,501,1,1
2023HU0212486,1,243,1,1
2023HU0212486,2,243,1,1
2023HU0212486,3,243,1,1
2023HU0212486,4,243,1,1
2023HU0212507,1,89,3,1
2023HU0212607,1,395,2,1
2023HU0212607,2,395,2,1
2023HU0212607,3,395,2,1
2023HU0212746,1,271,2,1
2023HU0212746,2,271,2,1
2023HU0212757,1,501,1,1
2023HU0212757,2,501,1,1
2023HU0212847,1,138,3,1
2023HU0212847,2,138,3,1
2023HU0212847,3,138,3,1
2023HU0212896,1,347,3,1
2023HU0212896,2,347,3,1
2023HU0213021,1,395,3,1
2023HU0213021,2,395,3,1
2023HU0213037,1,150,1,1
2023HU0213037,2,150,1,1
2023HU0213037,3,150,1,1
2023HU0213372,1,98,3,1
2023HU0213372,2,98,3,1
2023HU0213372,3,98,3,1
2023HU0213372,4,98,3,1
2023HU0213372,5,98,3,1
2023HU0213390,1,178,2,1
2023HU0213390,2,178,2,1
2023HU0213390,3,178,2,1
2023HU0213390,4,178,2,1
2023HU0213718,1,286,3,1
2023HU0213772,1,501,3,1
2023HU0213772,2,501,3,1
2023HU0213772,3,501,3,1
2023HU0213823,1,73,3,1
2023HU0213823,2,127,3,1
2023HU0213823,3,41,3,1
2023HU0213823,4,451,3,1
2023HU0213933,1,140,1,1
2023HU0213933,2,140,1,1
2023HU0213933,3,37,1,1
2023HU0214108,1,131,3,1
2023HU0214108,2,131,3,1
2023HU0214108,3,131,3,1
2023HU0214108,4,,3,1
2023HU0214154,1,347,1,1
2023HU0214154,2,347,1,1
2023HU0214154,3,347,1,1
2023HU0214234,1,302,1,1
2023HU0214234,2,244,1,1
2023HU0214468,1,242,3,1
2023HU0214468,2,242,3,1
2023HU0214657,1,425,2,1
2023HU0214657,2,425,2,1
2023HU0214657,3,425,2,1
2023HU0214657,4,425,2,1
2023HU0214658,1,16,1,1
2023HU0214874,1,179,2,1
2023HU0215028,1,145,3,1
2023HU0215028,2,32,3,1
2023HU0215028,3,145,3,1
2023HU0215028,4,145,3,1
2023HU0215231,1,501,1,1
2023HU0215231,2,54,1,1
2023HU0215231,3,501,1,1
2023HU0215256,1,336,3,1
2023HU0215256,2,336,3,1
2023HU0215256,3,336,3,1
2023HU0215256,4,336,3,1
2023HU0215568,1,497,3,1
2023HU0215568,2,497,3,1
2023HU0215568,3,497,3,1
2023HU0215568,4,59,3,1
2023HU0215729,1,262,2,1
2023HU0215729,2,384,2,1
2023HU0215729,3,262,2,1
2023HU0215729,4,262,2,1
2023HU0215729,5,262,2,1
2023HU0215833,1,400,2,1
2023HU0216082,1,117,3,1
2023HU0216170,1,64,3,1
2023HU0216170,2,64,3,1
2023HU0216178,1,458,1,1
2023HU0216178,2,458,1,1
2023HU0216224,1,164,3,1
2023HU0216224,2,501,3,1
2023HU0216224,3,289,3,1
2023HU0216236,1,464,1,1
2023HU0216236,2,464,1,1
2023HU0216785,1,269,1,1
2023HU0216785,2,269,1,1
2023HU0216785,3,269,1,1
2023HU0216785,4,269,1,1
2023HU0216785,5,269,1,1
2023HU0216816,1,426,1,1
2023HU0216816,2,426,1,1
2023HU0216816,3,426,1,1
2023HU0216816,4,426,1,1
2023HU0216816,5,426,1,1
2023HU0216816,6,426,1,1
2023HU0217015,1,501,3,1
2023HU0217015,2,501,3,1
2023HU0217073,1,501,3,1
2023HU0217086,1,501,1,1
2023HU0217086,2,501,1,1
2023HU0217129,1,501,3,1
2023HU0217267,1,247,3,1
2023HU0217267,2,295,3,1
2023HU0217267,3,247,3,1
2023HU0217310,1,124,3,1
2023HU0217310,2,124,3,1
2023HU0217310,3,124,3,1
2023HU0217310,4,124,3,1
2023HU0217310,5,124,3,1
2023HU0217310,6,124,3,1
2023HU0217418,1,501,1,1
2023HU0217418,2,501,1,1
2023HU0217681,1,501,2,1
2023HU0217681,2,501,2,1
2023HU0217681,3,501,2,1
2023HU0217681,4,501,2,1
2023HU0217681,5,501,2,1
2023HU0217681,6,116,2,1
2023HU0217681,7,65,2,1
2023HU0217681,8,0,2,1
2023HU0217730,1,501,1,1
2023HU0217730,2,501,1,1
2023HU0217909,1,388,3,1
2023HU0217909,2,388,3,1
2023HU0217909,3,388,3,1
2023HU0218122,1,501,3,1
2023HU0218122,2,501,3,1
2023HU0218122,3,501,3,1
2023HU0218299,1,86,2,1
2023HU0218299,2,86,2,1
2023HU0218361,1,420,3,1
2023HU0218427,1,139,1,1
2023HU0218427,2,243,1,1
2023HU0218427,3,,1,1
2023HU0218427,4,,1,1
2023HU0218427,5,,1,1
2023HU0218576,1,368,2,1
2023HU0218970,1,156,2,1
2023HU0219347,1,323,3,1
2023HU0219347,2,0,3,1
2023HU0219347,3,323,3,1
2023HU0219347,4,323,3,1
2023HU0219463,1,148,3,1
2023HU0219483,1,102,2,1
2023HU0219737,1,0,1,1
2023HU0219893,1,127,3,1
2023HU0219893,2,127,3,1
2023HU0219893,3,127,3,1
2023HU0219893,4,127,3,1
2023HU0219897,1,31,3,1
2023HU0220039,1,255,3,1
2023HU0220135,1,146,3,1
2023HU0220334,1,457,2,1
2023HU0220334,2,457,2,1
2023HU0220334,3,457,2,1
2023HU0220344,1,218,2,1
2023HU0220344,2,218,2,1
2023HU0220344,3,218,2,1
2023HU0220474,1,239,3,1
2023HU0220474,2,239,3,1
2023HU0220521,1,501,2,1
2023HU0220521,2,501,2,1
2023HU0220585,1,98,3,1
2023HU0220585,2,98,3,1
2023HU0220585,3,98,3,1
2023HU0220585,4,98,3,1
2023HU0220600,1,302,3,1
2023HU0220600,2,302,3,1
2023HU0220600,3,302,3,1
2023HU0220646,1,123,3,1
2023HU0220646,2,123,3,1
2023HU0220646,3,123,3,1
2023HU0220670,1,227,3,1
2023HU0220670,2,501,3,1
2023HU0220729,1,475,3,1
2023HU0220729,2,475,3,1
2023HU0220729,3,475,3,1
2023HU0220850,1,501,2,1
2023HU0220850,2,501,2,1
2023HU0220850,3,501,2,1
2023HU0220850,4,501,2,1
2023HU0221034,1,501,2,1
2023HU0221034,2,501,2,1
2023HU0221034,3,501,2,1
2023HU0221061,1,501,2,1
2023HU0221061,2,501,2,1
2023HU0221061,3,501,2,1
2023HU0221166,1,501,3,1
2023HU0221166,2,501,3,1
2023HU0221226,1,0,4,1
2023HU0221309,1,501,2,1
2023HU0221309,2,501,2,1
2023HU0221476,1,201,3,1
2023HU0221476,2,318,3,1
2023HU0221476,3,201,3,1
2023HU0221594,1,460,3,1
2023HU0221707,1,486,1,1
2023HU0221707,2,486,1,1
2023HU0221707,3,486,1,1
2023HU0221707,4,486,1,1
2023HU0221707,5,486,1,1
2023HU0221886,1,69,3,1
2023HU0222070,1,501,3,1
2023HU0222070,2,501,3,1
2023HU0222070,3,501,3,1
2023HU0222111,1,195,1,1
2023HU0222295,1,501,2,1
2023HU0222295,2,501,2,1
2023HU0222295,3,501,2,1
2023HU0222476,1,501,1,1
2023HU0222476,2,501,1,1
2023HU0222591,1,380,2,1
2023HU0222591,2,380,2,1
2023HU0223034,1,501,1,1
2023HU0223034,2,501,1,1
2023HU0223226,1,354,1,1
2023HU0223226,2,354,1,1
2023HU0223226,3,354,1,1
2023HU0223296,1,171,2,1
2023HU0223375,1,501,1,1
2023HU0223375,2,501,1,1
2023HU0223466,1,501,1,1
2023HU0223466,2,501,1,1
2023HU0223466,3,501,1,1
2023HU0223744,1,501,2,1
2023HU0223744,2,501,2,1
2023HU0223951,1,75,1,1
2023HU0223951,2,75,1,1
2023HU0224027,1,129,2,1
2023HU0224027,2,184,2,1
2023HU0224027,3,129,2,1
2023HU0224027,4,129,2,1
2023HU0224181,1,30,3,1
2023HU0224181,2,30,3,1
2023HU0224198,1,355,1,1
2023HU0224198,2,355,1,1
2023HU0224198,3,355,1,1
2023HU0224201,1,451,1,1
2023HU0224201,2,451,1,1
2023HU0224201,3,451,1,1
2023HU0224201,4,451,1,1
2023HU0224281,1,355,3,1
2023HU0224281,2,355,3,1
2023HU0224281,3,355,3,1
2023HU0224354,1,383,1,1
2023HU0224354,2,211,1,1
2023HU0224478,1,501,1,1
2023HU0224478,2,501,1,1
2023HU0224478,3,501,1,1
2023HU0224478,4,501,1,1
2023HU0224571,1,323,3,1
2023HU0224678,1,501,2,1
2023HU0224678,2,501,2,1
2023HU0224862,1,501,2,1
2023HU0224862,2,501,2,1
2023HU0224863,1,419,1,1
2023HU0224998,1,248,3,1
2023HU0224998,2,248,3,1
2023HU0224998,3,248,3,1
2023HU0224998,4,248,3,1
2023HU0224998,5,248,3,1
2023HU0224998,6,248,3,1
2023HU0225020,1,501,1,1
2023HU0225020,2,501,1,1
2023HU0225020,3,501,1,1
2023HU0225245,1,271,1,1
2023HU0225245,2,271,1,1
2023HU0225456,1,501,3,1
2023HU0225456,2,501,3,1
2023HU0225817,1,425,3,1
2023HU0225817,2,129,3,1
2023HU0225930,1,501,1,1
2023HU0225930,2,501,1,1
2023HU0225930,3,501,1,1
2023HU0225930,4,501,1,1
2023HU0225930,5,501,1,1
2023HU0226033,1,501,3,1
2023HU0226033,2,501,3,1
2023HU0226033,3,501,3,1
2023HU0226204,1,159,2,1
2023HU0226204,2,159,2,1
2023HU0226204,3,159,2,1
2023HU0226204,4,159,2,1
2023HU0226211,1,501,1,1
2023HU0226211,2,501,1,1
2023HU0226242,1,269,3,1
2023HU0226242,2,269,3,1
2023HU0226242,3,269,3,1
2023HU0226242,4,269,3,1
2023HU0226326,1,501,1,1
2023HU0226326,2,501,1,1
2023HU0226326,3,501,1,1
2023HU0226326,4,501,1,1
2023HU0226333,1,497,1,1
2023HU0226333,2,497,1,1
2023HU0226420,1,214,3,1
2023HU0226420,2,96,3,1
2023HU0226420,3,214,3,1
2023HU0226420,4,214,3,1
2023HU0226420,5,214,3,1
2023HU0226420,6,214,3,1
2023HU0226420,7,214,3,1
2023HU0227029,1,305,1,1
2023HU0227029,2,305,1,1
2023HU0227029,3,305,1,1
2023HU0227029,4,305,1,1
2023HU0227029,5,305,1,1
2023HU0227029,6,305,1,1
2023HU0227247,1,224,3,1
2023HU0227247,2,224,3,1
2023HU0227247,3,224,3,1
2023HU0227247,4,224,3,1
2023HU0227328,1,83,1,1
2023HU0227328,2,83,1,1
2023HU0227328,3,83,1,1
2023HU0227338,1,501,3,1
2023HU0227338,2,501,3,1
2023HU0227344,1,193,2,1
2023HU0227344,2,193,2,1
2023HU0227471,1,501,1,1
2023HU0227471,2,501,1,1
2023HU0227569,1,108,2,1
2023HU0227589,1,501,3,1
2023HU0227589,2,501,3,1
2023HU0227589,3,501,3,1
2023HU0227682,1,181,2,1
2023HU0227682,2,181,2,1
2023HU0227682,3,181,2,1
2023HU0227878,1,467,3,1
2023HU0227878,2,467,3,1
2023HU0228082,1,345,2,1
2023HU0228213,1,212,3,1
2023HU0228213,2,123,3,1
2023HU0228711,1,35,1,1
2023HU0228711,2,35,1,1
2023HU0228885,1,345,1,1
2023HU0228885,2,345,1,1
2023HU0229174,1,353,2,1
2023HU0229174,2,353,2,1
2023HU0229195,1,423,2,1
2023HU0229195,2,423,2,1
2023HU0229195,3,423,2,1
2023HU0229195,4,423,2,1
2023HU0229340,1,164,3,1
2023HU0229686,1,501,3,1
2023HU0229686,2,501,3,1
2023HU0229851,1,45,1,1
2023HU0230017,1,130,1,1
2023HU0230017,2,130,1,1
2023HU0230017,3,130,1,1
2023HU0230017,4,130,1,1
2023HU0230052,1,134,2,1
2023HU0230052,2,134,2,1
2023HU0230104,1,53,3,1
2023HU0230104,2,53,3,1
2023HU0230238,1,390,1,1
2023HU0230238,2,381,1,1
2023HU0230238,3,390,1,1
2023HU0230525,1,456,3,1
2023HU0230525,2,456,3,1
2023HU0230525,3,456,3,1
2023HU0230563,1,481,2,1
2023HU0230563,2,481,2,1
2023HU0230615,1,19,3,1
2023HU0230615,2,19,3,1
2023HU0230615,3,261,3,1
2023HU0230615,4,313,3,1
2023HU0230622,1,196,3,1
2023HU0230622,2,196,3,1
2023HU0230622,3,196,3,1
2023HU0230622,4,196,3,1
2023HU0230669,1,362,2,1
2023HU0230726,1,73,2,1
2023HU0230777,1,84,3,1
2023HU0230791,1,347,1,1
2023HU0230791,2,347,1,1
2023HU0230791,3,347,1,1
2023HU0230799,1,185,3,1
2023HU0230799,2,190,3,1
2023HU0231121,1,501,3,1
2023HU0231121,2,501,3,1
2023HU0231121,3,501,3,1
2023HU0231121,4,501,3,1
2023HU0231121,5,501,3,1
2023HU0231622,1,280,3,1
2023HU0231622,2,280,3,1
2023HU0231622,3,280,3,1
2023HU0231622,4,280,3,1
2023HU0231622,5,280,3,1
2023HU0231760,1,501,1,1
2023HU0231760,2,501,1,1
2023HU0231760,3,501,1,1
2023HU0231760,4,501,1,1
2023HU0232215,1,288,2,1
2023HU0232215,2,288,2,1
2023HU0232215,3,288,2,1
2023HU0232428,1,501,2,1
2023HU0232438,1,224,1,1
2023HU0232438,2,224,1,1
2023HU0232438,3,224,1,1
2023HU0232438,4,224,1,1
2023HU0232438,5,224,1,1
2023HU0233147,1,501,2,1
2023HU0233147,2,501,2,1
2023HU0233226,1,124,2,1
2023HU0233281,1,188,1,1
2023HU0233281,2,188,1,1
2023HU0233424,1,151,1,1
2023HU0233763,1,89,1,1
2023HU0233958,1,501,1,1
2023HU0233958,2,501,1,1
2023HU0233958,3,501,1,1
2023HU0234210,1,253,3,1
2023HU0234210,2,189,3,1
2023HU0234465,1,501,1,1
2023HU0234465,2,501,1,1
2023HU0234465,3,501,1,1
2023HU0234543,1,206,2,1
2023HU0234543,2,206,2,1
2023HU0234774,1,182,1,1
2023HU0234774,2,182,1,1
2023HU0234774,3,182,1,1
2023HU0235130,1,501,1,1
2023HU0235130,2,501,1,1
2023HU0235220,1,206,1,1
2023HU0235262,1,383,3,1
2023HU0235262,2,383,3,1
2023HU0235262,3,383,3,1
2023HU0235330,1,501,1,1
2023HU0235364,1,501,2,1
2023HU0235364,2,501,2,1
2023HU0235364,3,501,2,1
2023HU0235378,1,369,2,1
2023HU0235378,2,369,2,1
2023HU0235378,3,369,2,1
2023HU0235378,4,369,2,1
2023HU0235632,1,501,1,1
2023HU0235632,2,501,1,1
2023HU0236021,1,85,2,1
2023HU0236221,1,122,3,1
2023HU0236221,2,122,3,1
2023HU0236221,3,122,3,1
2023HU0236221,4,122,3,1
2023HU0236221,5,122,3,1
2023HU0236221,6,122,3,1
2023HU0236222,1,96,3,1
2023HU0236222,2,14,3,1
2023HU0236222,3,96,3,1
2023HU0236222,4,96,3,1
2023HU0236222,5,96,3,1
2023HU0236222,6,96,3,1
2023HU0236374,1,255,3,1
2023HU0236374,2,51,3,1
2023HU0236485,1,204,1,1
2023HU0236485,2,204,1,1
2023HU0236568,1,290,3,1
2023HU0236675,1,438,2,1
2023HU0236675,2,438,2,1
2023HU0236675,3,438,2,1
2023HU0237057,1,501,2,1
2023HU0237145,1,173,2,1
2023HU0237306,1,501,2,1
2023HU0237783,1,150,2,1
2023HU0237839,1,52,3,1
2023HU0237839,2,501,3,1
2023HU0237839,3,52,3,1
2023HU0237856,1,104,2,1
2023HU0238124,1,501,1,1
2023HU0238124,2,501,1,1
2023HU0238412,1,501,1,1
2023HU0238412,2,265,1,1
2023HU0238443,1,501,1,1
2023HU0238443,2,501,1,1
2023HU0238443,3,501,1,1
2023HU0238443,4,501,1,1
2023HU0238443,5,501,1,1
2023HU0238443,6,501,1,1
2023HU0238443,7,501,1,1
2023HU0238566,1,501,2,1
2023HU0238566,2,501,2,1
2023HU0238771,1,501,2,1
2023HU0238771,2,501,2,1
2023HU0238939,1,238,1,1
2023HU0239259,1,501,1,1
2023HU0239259,2,501,1,1
2023HU0239259,3,0,1,1
2023HU0239259,4,0,1,1
2023HU0239369,1,501,1,1
2023HU0239369,2,501,1,1
2023HU0239369,3,501,1,1
2023HU0239369,4,501,1,1
2023HU0239567,1,395,3,1
2023HU0239567,2,395,3,1
2023HU0239567,3,395,3,1
2023HU0239567,4,395,3,1
2023HU0239577,1,30,1,1
2023HU0239577,2,30,1,1
2023HU0239658,1,130,1,1
2023HU0239658,2,130,1,1
2023HU0239658,3,130,1,1
2023HU0239658,4,130,1,1
2023HU0239665,1,305,1,1
2023HU0239665,2,305,1,1
2023HU0239665,3,305,1,1
2023HU0239709,1,501,1,1
2023HU0239709,2,501,1,1
2023HU0239709,3,501,1,1
2023HU0239731,1,79,3,1
2023HU0240082,1,501,2,1
2023HU0240082,2,501,2,1
2023HU0240418,1,0,3,1
2023HU0240418,2,0,3,1
2023HU0240418,3,0,3,1
2023HU0240437,1,229,3,1
2023HU0240437,2,229,3,1
2023HU0240437,3,229,3,1
2023HU0240437,4,229,3,1
2023HU0240437,5,229,3,1
2023HU0240467,1,447,3,1
2023HU0240467,2,319,3,1
2023HU0240467,3,447,3,1
2023HU0240627,1,441,3,1
2023HU0240627,2,441,3,1
2023HU0240627,3,441,3,1
2023HU0240782,1,139,3,1
2023HU0240782,2,139,3,1
2023HU0240847,1,459,1,1
2023HU0240906,1,501,1,1
2023HU0240906,2,501,1,1
2023HU0240917,1,214,2,1
2023HU0240917,2,214,2,1
2023HU0240917,3,214,2,1
2023HU0240940,1,276,1,1
2023HU0240940,2,276,1,1
2023HU0240940,3,276,1,1
2023HU0240940,4,276,1,1
2023HU0240940,5,276,1,1
2023HU0240940,6,276,1,1
2023HU0241161,1,97,3,1
2023HU0241161,2,97,3,1
2023HU0241229,1,501,1,1
2023HU0241229,2,501,1,1
2023HU0241263,1,172,1,1
2023HU0241263,2,172,1,1
2023HU0241479,1,501,1,1
2023HU0241479,2,501,1,1
2023HU0241530,1,140,2,1
2023HU0241747,1,400,1,1
2023HU0242067,1,357,3,1
2023HU0242307,1,501,3,1
2023HU0242307,2,501,3,1
2023HU0242514,1,501,1,1
2023HU0242514,2,501,1,1
2023HU0242514,3,501,1,1
2023HU0242702,1,29,3,1
2023HU0242714,1,501,3,1
2023HU0242714,2,227,3,1
2023HU0242814,1,125,3,1
2023HU0242814,2,0,3,1
2023HU0242931,1,9,3,1
2023HU0243168,1,501,1,1
2023HU0243643,1,100,1,1
2023HU0243643,2,100,1,1
2023HU0243643,3,100,1,1
2023HU0243676,1,0,3,1
2023HU0243676,2,160,3,1
2023HU0243676,3,0,3,1
2023HU0243676,4,0,3,1
2023HU0243686,1,68,3,1
2023HU0243686,2,68,3,1
2023HU0243686,3,68,3,1
2023HU0243686,4,68,3,1
2023HU0243813,1,425,3,1
2023HU0243813,2,425,3,1
2023HU0243813,3,425,3,1
2023HU0243819,1,129,2,1
2023HU0243819,2,129,2,1
2023HU0243819,3,129,2,1
2023HU0243999,1,501,1,1
2023HU0243999,2,501,1,1
2023HU0244046,1,252,3,1
2023HU0244046,2,252,3,1
2023HU0244046,3,252,3,1
2023HU0244046,4,252,3,1
2023HU0244046,5,252,3,1
2023HU0244046,6,252,3,1
2023HU0244046,7,252,3,1
2023HU0244046,8,252,3,1
2023HU0244337,1,256,3,1
2023HU0244390,1,91,3,1
2023HU0244390,2,120,3,1
2023HU0244390,3,91,3,1
2023HU0244559,1,501,1,1
2023HU0244559,2,501,1,1
2023HU0244728,1,501,3,1
2023HU0244728,2,501,3,1
2023HU0244728,3,501,3,1
2023HU0244825,1,501,1,1
2023HU0244825,2,501,1,1
2023HU0244837,1,501,1,1
2023HU0244837,2,501,1,1
2023HU0244837,3,501,1,1
2023HU0245007,1,501,1,1
2023HU0245007,2,501,1,1
2023HU0245007,3,501,1,1
2023HU0245007,4,501,1,1
2023HU0245067,1,194,2,1
2023HU0245399,1,143,2,1
2023HU0245541,1,88,3,1
2023HU0245541,2,88,3,1
2023HU0245667,1,347,2,1
2023HU0245667,2,347,2,1
2023HU0245667,3,347,2,1
2023HU0245667,4,347,2,1
2023HU0245758,1,201,2,1
2023HU0246542,1,392,3,1
2023HU0246542,2,392,3,1
2023HU0246542,3,392,3,1
2023HU0246769,1,78,3,1
2023HU0246963,1,389,3,1
2023HU0246963,2,389,3,1
2023HU0246963,3,389,3,1
2023HU0247048,1,405,1,1
2023HU0247048,2,405,1,1
2023HU0247048,3,405,1,1
2023HU0247073,1,192,1,1
2023HU0247073,2,192,1,1
2023HU0247073,3,192,1,1
2023HU0247073,4,192,1,1
2023HU0247073,5,192,1,1
2023HU0247073,6,192,1,1
2023HU0247073,7,192,1,1
2023HU0247106,1,94,3,1
2023HU0247106,2,94,3,1
2023HU0247106,3,94,3,1
2023HU0247106,4,94,3,1
2023HU0247118,1,25,3,1
2023HU0247237,1,394,1,1
2023HU0247441,1,501,3,1
2023HU0247441,2,501,3,1
2023HU0247441,3,501,3,1
2023HU0247456,1,333,1,1
2023HU0247549,1,501,1,1
2023HU0247748,1,229,3,1
2023HU0247863,1,120,3,1
2023HU0247863,2,120,3,1
2023HU0247863,3,120,3,1
2023HU0247863,4,120,3,1
2023HU0247863,5,120,3,1
2023HU0247863,6,120,3,1
2023HU0247863,7,120,3,1
2023HU0247863,8,120,3,1
2023HU0247863,9,120,3,1
2023HU0247876,1,501,3,1
2023HU0247925,1,501,3,1
2023HU0247925,2,501,3,1
2023HU0247925,3,501,3,1
2023HU0247992,1,294,3,1
2023HU0247992,2,294,3,1
2023HU0247992,3,294,3,1
2023HU0248071,1,413,1,1
2023HU0248071,2,413,1,1
2023HU0248071,3,413,1,1
2023HU0248071,4,413,1,1
2023HU0248098,1,274,3,1
2023HU0248098,2,274,3,1
2023HU0248098,3,274,3,1
2023HU0248215,1,501,1,1
2023HU0248215,2,501,1,1
2023HU0248215,3,501,1,1
2023HU0248284,1,183,3,1
2023HU0248284,2,118,3,1
2023HU0248350,1,172,2,1
2023HU0248350,2,172,2,1
2023HU0248350,3,172,2,1
2023HU0248350,4,172,2,1
2023HU0248621,1,501,2,1
2023HU0248621,2,501,2,1
2023HU0248621,3,501,2,1
2023HU0248782,1,295,3,1
2023HU0248782,2,295,3,1
2023HU0248793,1,501,2,1
2023HU0248793,2,501,2,1
2023HU0248996,1,302,3,1
2023HU0248996,2,302,3,1
2023HU0248996,3,302,3,1
2023HU0248996,4,302,3,1
2023HU0248996,5,302,3,1
2023HU0249011,1,120,3,1
2023HU0249011,2,186,3,1
2023HU0249011,3,120,3,1
2023HU0249011,4,120,3,1
2023HU0249358,1,501,2,1
2023HU0249358,2,501,2,1
2023HU0249358,3,501,2,1
2023HU0249375,1,38,1,1
2023HU0249508,1,501,3,1
2023HU0249508,2,501,3,1
2023HU0249711,1,120,1,1
2023HU0249711,2,159,1,1
2023HU0249711,3,120,1,1
2023HU0249787,1,501,2,1
2023HU0249967,1,427,3,1
2023HU0249979,1,501,1,1
2023HU0249979,2,501,1,1
2023HU0249979,3,501,1,1
2023HU0249979,4,501,1,1
2023HU0249979,5,501,1,1
2023HU0249982,1,501,1,1
2023HU0249982,2,501,1,1
2023HU0250118,1,412,2,1
2023HU0250339,1,24,3,1
2023HU0250427,1,501,3,1
2023HU0250427,2,501,3,1
2023HU0250427,3,501,3,1
2023HU0250427,4,501,3,1
2023HU0250442,1,129,3,1
2023HU0250731,1,501,3,1
2023HU0250731,2,501,3,1
2023HU0250731,3,501,3,1
2023HU0251182,1,501,1,1
2023HU0251182,2,501,1,1
2023HU0251219,1,350,1,1
2023HU0251388,1,467,1,1
2023HU0251451,1,501,1,1
2023HU0251451,2,501,1,1
2023HU0251451,3,501,1,1
2023HU0251791,1,422,1,1
2023HU0251791,2,422,1,1
2023HU0251791,3,422,1,1
2023HU0251959,1,222,2,1
2023HU0251959,2,222,2,1
2023HU0251959,3,222,2,1
2023HU0251959,4,222,2,1
2023HU0251959,5,222,2,1
2023HU0251959,6,222,2,1
2023HU0251959,7,222,2,1
2023HU0251959,8,222,2,1
2023HU0251959,9,222,2,1
2023HU0252051,1,501,3,1
2023HU0252051,2,501,3,1
2023HU0252051,3,501,3,1
2023HU0252051,4,501,3,1
2023HU0252161,1,501,1,1
2023HU0252205,1,386,2,1
2023HU0252205,2,386,2,1
2023HU0252205,3,386,2,1
2023HU0252654,1,501,1,1
2023HU0252768,1,501,3,1
2023HU0252768,2,501,3,1
2023HU0252768,3,501,3,1
2023HU0252998,1,252,3,1
2023HU0252998,2,37,3,1
2023HU0252998,3,252,3,1
2023HU0253238,1,501,3,1
2023HU0253349,1,490,1,1
2023HU0253349,2,490,1,1
2023HU0253349,3,490,1,1
2023HU0253349,4,490,1,1
2023HU0253532,1,219,2,1
2023HU0253532,2,219,2,1
2023HU0253532,3,219,2,1
2023HU0253795,1,37,1,1
2023HU0254160,1,501,2,1
2023HU0254160,2,501,2,1
2023HU0254163,1,224,3,1
2023HU0254163,2,224,3,1
2023HU0254163,3,224,3,1
2023HU0254163,4,224,3,1
2023HU0254389,1,501,2,1
2023HU0254389,2,501,2,1
2023HU0254836,1,267,2,1
2023HU0254836,2,267,2,1
2023HU0255069,1,126,1,1
2023HU0255069,2,202,1,1
2023HU0255069,3,126,1,1
2023HU0255069,4,126,1,1
2023HU0255158,1,501,1,1
2023HU0255158,2,501,1,1
2023HU0255158,3,501,1,1
2023HU0255158,4,501,1,1
2023HU0255270,1,157,3,1
2023HU0255270,2,157,3,1
2023HU0255341,1,99,1,1
2023HU0255404,1,417,2,1
2023HU0255506,1,354,1,1
2023HU0255506,2,354,1,1
2023HU0255506,3,354,1,1
2023HU0255506,4,354,1,1
2023HU0255506,5,354,1,1
2023HU0255788,1,139,3,1
2023HU0255788,2,139,3,1
2023HU0255788,3,139,3,1
2023HU0255788,4,139,3,1
2023HU0255788,5,139,3,1
2023HU0255904,1,0,3,1
2023HU0255994,1,404,3,1
2023HU0255994,2,404,3,1
2023HU0256004,1,96,2,1
2023HU0256032,1,501,1,1
2023HU0256032,2,501,1,1
2023HU0256168,1,310,2,1
2023HU0256220,1,501,2,1
2023HU0256316,1,489,1,1
2023HU0256316,2,489,1,1
2023HU0256316,3,489,1,1
2023HU0256316,4,489,1,1
2023HU0256316,5,489,1,1
2023HU0256316,6,489,1,1
2023HU0256316,7,489,1,1
2023HU0256552,1,205,3,1
2023HU0256657,1,501,1,1
2023HU0256657,2,501,1,1
2023HU0256699,1,340,1,1
2023HU0256699,2,501,1,1
2023HU0256859,1,501,1,1
2023HU0256859,2,501,1,1
2023HU0256859,3,501,1,1
2023HU0257023,1,166,1,1
2023HU0257023,2,166,1,1
2023HU0257180,1,501,2,1
2023HU0257180,2,501,2,1
2023HU0257180,3,501,2,1
2023HU0257224,1,360,1,1
2023HU0257224,2,360,1,1
2023HU0257224,3,360,1,1
2023HU0257224,4,360,1,1
2023HU0257313,1,121,1,1
2023HU0257313,2,121,1,1
2023HU0257313,3,121,1,1
2023HU0257521,1,209,2,1
2023HU0257521,2,323,2,1
2023HU0257521,3,209,2,1
2023HU0257521,4,209,2,1
2023HU0257758,1,501,3,1
2023HU0257758,2,501,3,1
2023HU0257758,3,501,3,1
2023HU0257847,1,166,3,1
2023HU0257847,2,212,3,1
2023HU0257847,3,166,3,1
2023HU0257847,4,166,3,1
2023HU0257847,5,154,3,1
2023HU0257847,6,129,3,1
2023HU0257926,1,358,3,1
2023HU0257926,2,358,3,1
2023HU0258065,1,421,1,1
2023HU0258065,2,421,1,1
2023HU0258129,1,501,3,1
2023HU0258129,2,52,3,1
2023HU0258520,1,243,3,1
2023HU0258551,1,501,1,1
2023HU0258551,2,501,1,1
2023HU0258551,3,501,1,1
2023HU0258644,1,118,3,1
2023HU0258644,2,118,3,1
2023HU0258644,3,118,3,1
2023HU0258644,4,118,3,1
2023HU0258644,5,118,3,1
2023HU0258644,6,118,3,1
2023HU0258706,1,293,2,1
2023HU0258880,1,12,2,1
2023HU0259046,1,90,3,1
2023HU0259164,1,501,3,1
2023HU0259164,2,501,3,1
2023HU0259164,3,501,3,1
2023HU0259390,1,501,2,1
2023HU0259390,2,501,2,1
2023HU0259390,3,501,2,1
2023HU0259390,4,501,2,1
2023HU0259390,5,501,2,1
2023HU0259522,1,501,1,1
2023HU0259522,2,501,1,1
2023HU0259522,3,501,1,1
2023HU0259522,4,501,1,1
2023HU0259522,5,501,1,1
2023HU0259580,1,501,2,1
2023HU0259590,1,501,3,1
2023HU0259590,2,0,3,1
2023HU0259590,3,501,3,1
2023HU0259740,1,299,1,1
2023HU0259740,2,299,1,1
2023HU0259858,1,501,1,1
2023HU0260177,1,501,2,1
2023HU0260177,2,501,2,1
2023HU0260194,1,18,2,1
2023HU0260531,1,392,3,1
2023HU0260531,2,392,3,1
2023HU0260531,3,392,3,1
2023HU0260531,4,392,3,1
2023HU0260791,1,397,1,1
2023HU0260791,2,397,1,1
2023HU0260791,3,397,1,1
2023HU0260866,1,501,2,1
2023HU0260870,1,205,3,1
2023HU0260880,1,328,1,1
2023HU0260880,2,328,1,1
2023HU0260880,3,328,1,1
2023HU0260880,4,328,1,1
2023HU0260965,1,351,3,1
2023HU0260965,2,447,3,1
2023HU0261011,1,501,1,1
2023HU0261011,2,501,1,1
2023HU0261387,1,501,1,1
2023HU0261387,2,501,1,1
2023HU0261387,3,501,1,1
2023HU0261387,4,501,1,1
2023HU0261439,1,501,2,1
2023HU0261439,2,501,2,1
2023HU0261497,1,203,3,1
2023HU0261565,1,348,2,1
2023HU0261565,2,348,2,1
2023HU0261692,1,374,3,1
2023HU0261692,2,374,3,1
2023HU0261692,3,374,3,1
2023HU0261692,4,374,3,1
2023HU0261974,1,501,1,1
2023HU0261974,2,85,1,1
2023HU0261974,3,501,1,1
2023HU0261974,4,501,1,1
2023HU0261999,1,359,3,1
2023HU0261999,2,359,3,1
2023HU0261999,3,222,3,1
2023HU0262001,1,253,3,1
2023HU0262001,2,501,3,1
2023HU0262041,1,501,1,1
2023HU0262041,2,501,1,1
2023HU0262293,1,211,3,1
2023HU0262293,2,211,3,1
2023HU0262293,3,211,3,1
2023HU0262522,1,0,2,1
2023HU0262522,2,0,2,1
2023HU0262826,1,135,1,1
2023HU0262826,2,135,1,1
2023HU0262826,3,135,1,1
2023HU0262826,4,135,1,1
2023HU0262826,5,135,1,1
2023HU0262840,1,174,1,1
2023HU0262851,1,261,2,1
2023HU0262935,1,452,1,1
2023HU0262935,2,452,1,1
2023HU0262972,1,180,2,1
2023HU0262972,2,180,2,1
2023HU0262972,3,180,2,1
2023HU0262972,4,180,2,1
2023HU0262972,5,180,2,1
2023HU0262998,1,179,1,1
2023HU0262998,2,179,1,1
2023HU0263292,1,204,3,1
2023HU0263513,1,501,2,1
2023HU0263513,2,501,2,1
2023HU0263524,1,218,2,1
2023HU0263524,2,218,2,1
2023HU0263524,3,218,2,1
2023HU0263524,4,218,2,1
2023HU0263524,5,218,2,1
2023HU0263524,6,218,2,1
2023HU0263524,7,218,2,1
2023HU0263603,1,213,2,1
2023HU0263603,2,213,2,1
2023HU0263753,1,164,1,1
2023HU0263753,2,164,1,1
2023HU0263930,1,501,1,1
2023HU0263930,2,501,1,1
2023HU0263930,3,501,1,1
2023HU0264017,1,346,2,1
2023HU0264017,2,346,2,1
2023HU0264058,1,131,4,1
2023HU0264058,2,131,4,1
2023HU0264058,3,131,4,1
2023HU0264125,1,501,3,1
2023HU0264125,2,501,3,1
2023HU0264141,1,205,2,1
2023HU0264141,2,205,2,1
2023HU0264141,3,205,2,1
2023HU0264141,4,205,2,1
2023HU0264141,5,205,2,1
2023HU0264273,1,414,2,1
2023HU0264273,2,414,2,1
2023HU0264374,1,137,3,1
2023HU0264498,1,413,1,1
2023HU0264498,2,413,1,1
2023HU0264498,3,413,1,1
2023HU0264605,1,93,3,1
2023HU0264605,2,93,3,1
2023HU0264605,3,93,3,1
2023HU0264605,4,93,3,1
2023HU0264700,1,454,3,1
2023HU0264700,2,454,3,1
2023HU0264700,3,454,3,1
2023HU0264700,4,454,3,1
2023HU0264741,1,361,1,1
2023HU0264741,2,361,1,1
2023HU0264741,3,361,1,1
2023HU0264741,4,361,1,1
2023HU0264741,5,361,1,1
2023HU0264779,1,328,1,1
2023HU0264911,1,225,2,1
2023HU0264911,2,225,2,1
2023HU0264911,3,225,2,1
2023HU0264911,4,225,2,1
2023HU0264911,5,225,2,1
2023HU0264911,6,225,2,1
2023HU0264911,7,225,2,1
2023HU0265181,1,501,2,1
2023HU0265181,2,501,2,1
2023HU0265181,3,501,2,1
2023HU0265369,1,501,1,1
2023HU0265369,2,501,1,1
2023HU0265369,3,501,1,1
2023HU0265435,1,95,3,1
2023HU0265447,1,53,3,1
2023HU0265447,2,53,3,1
2023HU0265455,1,349,1,1
2023HU0265659,1,117,1,1
2023HU0266441,1,501,1,1
2023HU0266441,2,501,1,1
2023HU0266441,3,501,1,1
2023HU0266441,4,501,1,1
2023HU0266629,1,392,2,1
2023HU0266847,1,395,1,1
2023HU0266847,2,395,1,1
2023HU0266847,3,395,1,1
2023HU0266847,4,395,1,1
2023HU0266847,5,395,1,1
2023HU0266847,6,395,1,1
2023HU0267063,1,37,3,1
2023HU0267305,1,66,1,1
2023HU0267339,1,230,1,1
2023HU0267339,2,230,1,1
2023HU0267339,3,230,1,1
2023HU0267724,1,301,3,1
2023HU0267724,2,301,3,1
2023HU0267758,1,215,3,1
2023HU0267758,2,215,3,1
2023HU0267758,3,215,3,1
2023HU0267758,4,215,3,1
2023HU0267758,5,215,3,1
2023HU0267758,6,215,3,1
2023HU0267875,1,106,3,1
2023HU0267875,2,106,3,1
2023HU0267875,3,106,3,1
2023HU0267936,1,68,3,1
2023HU0267936,2,68,3,1
2023HU0267985,1,384,3,1
2023HU0267992,1,349,2,1
2023HU0267992,2,349,2,1
2023HU0268243,1,120,2,1
2023HU0268243,2,120,2,1
2023HU0268285,1,501,2,1
2023HU0268285,2,501,2,1
2023HU0268622,1,248,3,1
2023HU0268636,1,115,3,1
2023HU0268636,2,115,3,1
2023HU0268636,3,115,3,1
2023HU0268636,4,115,3,1
2023HU0268636,5,115,3,1
2023HU0268636,6,115,3,1
2023HU0268779,1,501,2,1
2023HU0268779,2,501,2,1
2023HU0268967,1,501,3,1
2023HU0268967,2,501,3,1
2023HU0268967,3,501,3,1
2023HU0268967,4,320,3,1
2023HU0268967,5,320,3,1
2023HU0269348,1,225,3,1
2023HU0269348,2,225,3,1
2023HU0269348,3,225,3,1
2023HU0269348,4,225,3,1
2023HU0269500,1,146,3,1
2023HU0269500,2,146,3,1
2023HU0269500,3,146,3,1
2023HU0269500,4,146,3,1
2023HU0269642,1,206,3,1
2023HU0269744,1,501,2,1
2023HU0269751,1,111,4,1
2023HU0269751,2,111,4,1
2023HU0269940,1,189,2,1
2023HU0269940,2,189,2,1
2023HU0270025,1,80,2,1
2023HU0270025,2,133,2,1
2023HU0270025,3,80,2,1
2023HU0270025,4,80,2,1
2023HU0270025,5,80,2,1
2023HU0270098,1,501,2,1
2023HU0270210,1,501,1,1
2023HU0270210,2,501,1,1
2023HU0270210,3,501,1,1
2023HU0270256,1,159,3,1
2023HU0270256,2,159,3,1
2023HU0270256,3,159,3,1
2023HU0270256,4,159,3,1
2023HU0270601,1,381,2,1
2023HU0270601,2,381,2,1
2023HU0270601,3,381,2,1
2023HU0270706,1,199,3,1
2023HU0270706,2,199,3,1
2023HU0270706,3,199,3,1
2023HU0270706,4,199,3,1
2023HU0270736,1,100,1,1
2023HU0271165,1,80,3,1
2023HU0271165,2,80,3,1
2023HU0271222,1,381,3,1
2023HU0271222,2,381,3,1
2023HU0271228,1,501,1,1
2023HU0271228,2,501,1,1
2023HU0271228,3,501,1,1
2023HU0271228,4,255,1,1
2023HU0271738,1,236,2,1
2023HU0271738,2,236,2,1
2023HU0271738,3,236,2,1
2023HU0271738,4,236,2,1
2023HU0271738,5,236,2,1
2023HU0271767,1,501,1,1
2023HU0271802,1,0,4,1
2023HU0271815,1,501,1,1
2023HU0271817,1,501,1,1
2023HU0271817,2,501,1,1
2023HU0271817,3,501,1,1
2023HU0271817,4,501,1,1
2023HU0272681,1,273,1,1
2023HU0272681,2,273,1,1
2023HU0272779,1,83,3,1
2023HU0272779,2,26,3,1
2023HU0272779,3,83,3,1
2023HU0272779,4,83,3,1
2023HU0272779,5,83,3,1
2023HU0272847,1,364,1,1
2023HU0272847,2,364,1,1
2023HU0272913,1,501,2,1
2023HU0272913,2,501,2,1
2023HU0273110,1,202,2,1
2023HU0273110,2,202,2,1
2023HU0273329,1,100,3,1
2023HU0273520,1,318,3,1
2023HU0273551,1,0,2,1
2023HU0273551,2,135,2,1
2023HU0273578,1,501,2,1
2023HU0273578,2,501,2,1
2023HU0273578,3,501,2,1
2023HU0273982,1,229,2,1
2023HU0273982,2,229,2,1
2023HU0274090,1,27,1,1
2023HU0274090,2,27,1,1
2023HU0274090,3,27,1,1
2023HU0274166,1,196,3,1
2023HU0274166,2,196,3,1
2023HU0274405,1,501,1,1
2023HU0274409,1,249,3,1
2023HU0274409,2,249,3,1
2023HU0274409,3,249,3,1
2023HU0274556,1,422,1,1
2023HU0274556,2,422,1,1
2023HU0274556,3,422,1,1
2023HU0274556,4,422,1,1
2023HU0274556,5,422,1,1
2023HU0274601,1,10,3,1
2023HU0274601,2,39,3,1
2023HU0274900,1,162,3,1
2023HU0274900,2,162,3,1
2023HU0274900,3,162,3,1
2023HU0274900,4,162,3,1
2023HU0274900,5,162,3,1
2023HU0274900,6,162,3,1
2023HU0274970,1,68,3,1
2023HU0275085,1,392,1,1
2023HU0275085,2,392,1,1
2023HU0275329,1,501,1,1
2023HU0275329,2,501,1,1
2023HU0275329,3,501,1,1
2023HU0275498,1,501,1,1
2023HU0275498,2,501,1,1
2023HU0275498,3,501,1,1
2023HU0275786,1,327,3,1
2023HU0275786,2,327,3,1
2023HU0275842,1,305,1,1
2023HU0275842,2,305,1,1
2023HU0275842,3,305,1,1
2023HU0275842,4,305,1,1
2023HU0276030,1,110,2,1
2023HU0276030,2,110,2,1
2023HU0276030,3,110,2,1
2023HU0276030,4,110,2,1
2023HU0276030,5,110,2,1
2023HU0276033,1,501,2,1
2023HU0276033,2,501,2,1
2023HU0276088,1,501,2,1
2023HU0276088,2,501,2,1
2023HU0276246,1,127,3,1
2023HU0276246,2,127,3,1
2023HU0276246,3,127,3,1
2023HU0276304,1,501,3,1
2023HU0276304,2,501,3,1
2023HU0276308,1,295,3,1
2023HU0276308,2,295,3,1
2023HU0276308,3,295,3,1
2023HU0276308,4,295,3,1
2023HU0276308,5,295,3,1
2023HU0276405,1,158,3,1
2023HU0276405,2,158,3,1
2023HU0276405,3,158,3,1
2023HU0276405,4,158,3,1
2023HU0276815,1,90,3,1
2023HU0276815,2,90,3,1
2023HU0276815,3,90,3,1
2023HU0276937,1,87,2,1
2023HU0276996,1,501,1,1
2023HU0276996,2,501,1,1
2023HU0276996,3,501,1,1
2023HU0277822,1,501,3,1
2023HU0278355,1,142,2,1
2023HU0278355,2,142,2,1
2023HU0278366,1,501,2,1
2023HU0278366,2,501,2,1
2023HU0278582,1,367,1,1
2023HU0278582,2,367,1,1
2023HU0278582,3,367,1,1
2023HU0278582,4,367,1,1
2023HU0278674,1,501,3,1
2023HU0278925,1,501,1,1
2023HU0278925,2,501,1,1
2023HU0278925,3,501,1,1
2023HU0279499,1,501,3,1
2023HU0279658,1,501,3,1
2023HU0280005,1,284,2,1
2023HU0280190,1,334,3,1
2023HU0280190,2,334,3,1
2023HU0280190,3,334,3,1
2023HU0280190,4,334,3,1
2023HU0280190,5,334,3,1
2023HU0280190,6,334,3,1
2023HU0280190,7,334,3,1
2023HU0280190,8,192,3,1
2023HU0280533,1,501,2,1
2023HU0280533,2,501,2,1
2023HU0280649,1,438,2,1
2023HU0280649,2,438,2,1
2023HU0280872,1,41,1,1
2023HU0280872,2,75,1,1
2023HU0281149,1,501,1,1
2023HU0281435,1,501,2,1
2023HU0281435,2,501,2,1
2023HU0281435,3,501,2,1
2023HU0281435,4,501,2,1
2023HU0281435,5,501,2,1
2023HU0281435,6,501,2,1
2023HU0281435,7,501,2,1
2023HU0281797,1,47,3,1
2023HU0281797,2,47,3,1
2023HU0281839,1,183,3,1
2023HU0281839,2,183,3,1
2023HU0282039,1,141,2,1
2023HU0282384,1,501,2,1
2023HU0282927,1,407,2,1
2023HU0282929,1,501,3,1
2023HU0282929,2,270,3,1
2023HU0282929,3,501,3,1
2023HU0282929,4,501,3,1
2023HU0282929,5,501,3,1
2023HU0283149,1,301,3,1
2023HU0283149,2,301,3,1
2023HU0283149,3,301,3,1
2023HU0283149,4,301,3,1
2023HU0283185,1,236,1,1
2023HU0283185,2,163,1,1
2023HU0283185,3,236,1,1
2023HU0283185,4,236,1,1
2023HU0283185,5,236,1,1
2023HU0283185,6,236,1,1
2023HU0283494,1,257,1,1
2023HU0283494,2,257,1,1
2023HU0283494,3,257,1,1
2023HU0283494,4,257,1,1
2023HU0283494,5,257,1,1
2023HU0283494,6,257,1,1
2023HU0283838,1,501,2,1
2023HU0283838,2,181,2,1
2023HU0284089,1,313,1,1
2023HU0284089,2,313,1,1
2023HU0284089,3,313,1,1
2023HU0284089,4,313,1,1
2023HU0284113,1,253,3,1
2023HU0284113,2,253,3,1
2023HU0284440,1,164,1,1
2023HU0284441,1,407,3,1
2023HU0284571,1,464,2,1
2023HU0284571,2,464,2,1
2023HU0284606,1,86,1,1
2023HU0284606,2,86,1,1
2023HU0284732,1,406,1,1
2023HU0284732,2,406,1,1
2023HU0284732,3,406,1,1
2023HU0284732,4,406,1,1
2023HU0284802,1,136,3,1
2023HU0284802,2,136,3,1
2023HU0284802,3,136,3,1
2023HU0284802,4,136,3,1
2023HU0284802,5,136,3,1
2023HU0284802,6,136,3,1
2023HU0284927,1,265,1,1
2023HU0284927,2,265,1,1
2023HU0285316,1,323,3,1
2023HU0285316,2,323,3,1
2023HU0285441,1,185,2,1
2023HU0285441,2,165,2,1
2023HU0285504,1,93,2,1
2023HU0285504,2,93,2,1
2023HU0285504,3,93,2,1
2023HU0285504,4,93,2,1
2023HU0285615,1,501,3,1
2023HU0285615,2,501,3,1
2023HU0285737,1,238,3,1
2023HU0285737,2,238,3,1
2023HU0285737,3,238,3,1
2023HU0285737,4,238,3,1
2023HU0285810,1,439,1,1
2023HU0285810,2,439,1,1
2023HU0285810,3,439,1,1
2023HU0285810,4,439,1,1
2023HU0285897,1,501,2,1
2023HU0285897,2,501,2,1
2023HU0285897,3,501,2,1
2023HU0285902,1,91,2,1
2023HU0286013,1,229,1,1
2023HU0286013,2,229,1,1
2023HU0286013,3,229,1,1
2023HU0286013,4,229,1,1
2023HU0286201,1,190,1,1
2023HU0286201,2,190,1,1
2023HU0286201,3,190,1,1
2023HU0286201,4,190,1,1
2023HU0286450,1,501,1,1
2023HU0286450,2,501,1,1
2023HU0286450,3,501,1,1
2023HU0286655,1,390,3,1
2023HU0286655,2,390,3,1
2023HU0286655,3,390,3,1
2023HU0286655,4,390,3,1
2023HU0286655,5,390,3,1
2023HU0286875,1,137,3,1
2023HU0286875,2,137,3,1
2023HU0286914,1,323,1,1
2023HU0286914,2,323,1,1
2023HU0286919,1,501,1,1
2023HU0286919,2,501,1,1
2023HU0286983,1,501,3,1
2023HU0286983,2,392,3,1
2023HU0287080,1,228,3,1
2023HU0287098,1,497,2,1
2023HU0287098,2,497,2,1
2023HU0287098,3,497,2,1
2023HU0287273,1,100,3,1
2023HU0287273,2,100,3,1
2023HU0287273,3,100,3,1
2023HU0287273,4,100,3,1
2023HU0287302,1,185,3,1
2023HU0287302,2,171,3,1
2023HU0287333,1,172,2,1
2023HU0287336,1,98,4,1
2023HU0287441,1,501,3,1
2023HU0287441,2,501,3,1
2023HU0287441,3,501,3,1
2023HU0287450,1,117,4,1
2023HU0288729,1,501,1,1
2023HU0288822,1,488,1,1
2023HU0288822,2,488,1,1
2023HU0288865,1,219,3,1
2023HU0288865,2,127,3,1
2023HU0288865,3,219,3,1
2023HU0288865,4,219,3,1
2023HU0288865,5,219,3,1
2023HU0288865,6,219,3,1
2023HU0288865,7,219,3,1
2023HU0288865,8,219,3,1
2023HU0289137,1,309,1,1
2023HU0289137,2,354,1,1
2023HU0289137,3,309,1,1
2023HU0289137,4,309,1,1
2023HU0289371,1,302,1,1
2023HU0289371,2,302,1,1
2023HU0289754,1,377,3,1
2023HU0289847,1,64,3,1
2023HU0289883,1,240,3,1
2023HU0289883,2,240,3,1
2023HU0290066,1,246,2,1
2023HU0290066,2,246,2,1
2023HU0290110,1,410,3,1
2023HU0290110,2,410,3,1
2023HU0290197,1,156,2,1
2023HU0290197,2,272,2,1
2023HU0290197,3,156,2,1
2023HU0290240,1,327,1,1
2023HU0290240,2,327,1,1
2023HU0290240,3,327,1,1
2023HU0290240,4,327,1,1
2023HU0290240,5,327,1,1
2023HU0290240,6,327,1,1
2023HU0290344,1,336,2,1
2023HU0290344,2,258,2,1
2023HU0290493,1,501,1,1
2023HU0290493,2,501,1,1
2023HU0290493,3,501,1,1
2023HU0290493,4,501,1,1
2023HU0290598,1,364,3,1
2023HU0290598,2,364,3,1
2023HU0290598,3,364,3,1
2023HU0290598,4,364,3,1
2023HU0290670,1,251,3,1
2023HU0290670,2,251,3,1
2023HU0290891,1,328,3,1
2023HU0290891,2,220,3,1
2023HU0290891,3,164,3,1
2023HU0290923,1,501,2,1
2023HU0290923,2,501,2,1
2023HU0290976,1,501,1,1
2023HU0291061,1,298,3,1
2023HU0291061,2,197,3,1
2023HU0291066,1,341,3,1
2023HU0291254,1,496,1,1
2023HU0291254,2,496,1,1
2023HU0291254,3,496,1,1
2023HU0291259,1,344,2,1
2023HU0291259,2,344,2,1
2023HU0291309,1,92,2,1
2023HU0291556,1,103,3,1
2023HU0291556,2,103,3,1
2023HU0291556,3,103,3,1
2023HU0291556,4,103,3,1
2023HU0291556,5,103,3,1
2023HU0291556,6,103,3,1
2023HU0291556,7,103,3,1
2023HU0291607,1,130,3,1
2023HU0291824,1,52,1,1
2023HU0291824,2,96,1,1
2023HU0291824,3,52,1,1
2023HU0291824,4,52,1,1
2023HU0291824,5,52,1,1
2023HU0291887,1,343,1,1
2023HU0291887,2,343,1,1
2023HU0291887,3,343,1,1
2023HU0291887,4,343,1,1
2023HU0291887,5,343,1,1
2023HU0291887,6,343,1,1
2023HU0292094,1,451,1,1
2023HU0292125,1,471,1,1
2023HU0292125,2,471,1,1
2023HU0292125,3,471,1,1
2023HU0292220,1,501,1,1
2023HU0292232,1,205,3,1
2023HU0292232,2,205,3,1
2023HU0292232,3,205,3,1
2023HU0292309,1,401,1,1
2023HU0292309,2,401,1,1
2023HU0292309,3,401,1,1
2023HU0292309,4,401,1,1
2023HU0293016,1,501,1,1
2023HU0293016,2,501,1,1
2023HU0293049,1,412,3,1
2023HU0293049,2,412,3,1
2023HU0293059,1,86,3,1
2023HU0293059,2,86,3,1
2023HU0293059,3,86,3,1
2023HU0293059,4,86,3,1
2023HU0293059,5,86,3,1
2023HU0293059,6,86,3,1
2023HU0293059,7,86,3,1
2023HU0293059,8,86,3,1
2023HU0293068,1,237,2,1
2023HU0293142,1,501,2,1
2023HU0293142,2,501,2,1
2023HU0293316,1,6,3,1
2023HU0293316,2,0,3,1
2023HU0293324,1,316,3,1
2023HU0293404,1,501,2,1
2023HU0293404,2,501,2,1
2023HU0293409,1,297,1,1
2023HU0293409,2,297,1,1
2023HU0293409,3,297,1,1
2023HU0293409,4,297,1,1
2023HU0293409,5,297,1,1
2023HU0293423,1,29,3,1
2023HU0293423,2,29,3,1
2023HU0293649,1,346,2,1
2023HU0293649,2,346,2,1
2023HU0294155,1,301,1,1
2023HU0294155,2,301,1,1
2023HU0294180,1,290,2,1
2023HU0294180,2,101,2,1
2023HU0294180,3,296,2,1
2023HU0294220,1,0,2,1
2023HU0294220,2,0,2,1
2023HU0294346,1,501,3,1
2023HU0294346,2,501,3,1
2023HU0294369,1,213,1,1
2023HU0294369,2,213,1,1
2023HU0294498,1,152,1,1
2023HU0294498,2,152,1,1
2023HU0294539,1,309,2,1
2023HU0294539,2,309,2,1
2023HU0294558,1,430,1,1
2023HU0294558,2,430,1,1
2023HU0294558,3,430,1,1
2023HU0294669,1,68,3,1
2023HU0294669,2,0,3,1
2023HU0294669,3,68,3,1
2023HU0294677,1,501,1,1
2023HU0294677,2,501,1,1
2023HU0294677,3,501,1,1
2023HU0294677,4,501,1,1
2023HU0294803,1,0,2,1
2023HU0295144,1,69,3,1
2023HU0295781,1,501,3,1
2023HU0295781,2,501,3,1
2023HU0295796,1,235,4,1
2023HU0295796,2,235,4,1
2023HU0295796,3,235,4,1
2023HU0295796,4,235,4,1
2023HU0295957,1,501,1,1
2023HU0295957,2,501,1,1
2023HU0296462,1,397,1,1
2023HU0296462,2,397,1,1
2023HU0296462,3,397,1,1
2023HU0296462,4,397,1,1
2023HU0296672,1,269,3,1
2023HU0296672,2,166,3,1
2023HU0297088,1,77,3,1
2023HU0297166,1,57,3,1
2023HU0297166,2,57,3,1
2023HU0297166,3,57,3,1
2023HU0297166,4,57,3,1
2023HU0297217,1,241,1,1
2023HU0297217,2,241,1,1
2023HU0297217,3,241,1,1
2023HU0297317,1,49,3,1
2023HU0297542,1,352,3,1
2023HU0297645,1,42,2,1
2023HU0297985,1,501,1,1
2023HU0297985,2,501,1,1
2023HU0298567,1,130,2,1
2023HU0298732,1,466,1,1
2023HU0298822,1,74,1,1
2023HU0298822,2,81,1,1
2023HU0298822,3,217,1,1
2023HU0298822,4,57,1,1
2023HU0298822,5,62,1,1
2023HU0298822,6,501,1,1
2023HU0298822,7,233,1,1
2023HU0298822,8,501,1,1
2023HU0298822,9,0,1,1
2023HU0298822,10,0,1,1
2023HU0298822,11,286,1,1
2023HU0298822,12,0,1,1
2023HU0298822,13,0,1,1
2023HU0299110,1,345,4,1
2023HU0299334,1,67,3,1
2023HU0299336,1,46,4,1
2023HU0299336,2,46,4,1
2023HU0299336,3,46,4,1
2023HU0299336,4,46,4,1
2023HU0299969,1,501,1,1
2023HU0299969,2,501,1,1
2023HU0300133,1,269,3,1
2023HU0300133,2,269,3,1
2023HU0300133,3,269,3,1
2023HU0300277,1,221,3,1
2023HU0300667,1,501,2,1
2023HU0300667,2,501,2,1
2023HU0300667,3,501,2,1
2023HU0300667,4,501,2,1
2023HU0300670,1,342,2,1
2023HU0300670,2,342,2,1
2023HU0300670,3,342,2,1
2023HU0300670,4,342,2,1
2023HU0300670,5,342,2,1
2023HU0300797,1,66,3,1
2023HU0300797,2,66,3,1
2023HU0300797,3,66,3,1
2023HU0300866,1,463,2,1
2023HU0300866,2,463,2,1
2023HU0300866,3,463,2,1
2023HU0300866,4,463,2,1
2023HU0300866,5,463,2,1
2023HU0300866,6,463,2,1
2023HU0301190,1,335,2,1
2023HU0301190,2,335,2,1
2023HU0301224,1,424,3,1
2023HU0301224,2,0,3,1
2023HU0301224,3,424,3,1
2023HU0301224,4,424,3,1
2023HU0301265,1,501,3,1
2023HU0301265,2,501,3,1
2023HU0301265,3,501,3,1
2023HU0301917,1,65,3,1
2023HU0301917,2,182,3,1
2023HU0301917,3,65,3,1
2023HU0301949,1,168,1,1
2023HU0301949,2,168,1,1
2023HU0301949,3,168,1,1
2023HU0301949,4,168,1,1
2023HU0301949,5,168,1,1
2023HU0301969,1,501,3,1
2023HU0301969,2,501,3,1
2023HU0301969,3,501,3,1
2023HU0301969,4,501,3,1
2023HU0302038,1,69,3,1
2023HU0302038,2,192,3,1
2023HU0302965,1,81,2,1
2023HU0303226,1,194,3,1
2023HU0303226,2,194,3,1
2023HU0303287,1,392,4,1
2023HU0303287,2,392,4,1
2023HU0303287,3,392,4,1
2023HU0303287,4,76,4,1
2023HU0303307,1,146,3,1
2023HU0303307,2,146,3,1
2023HU0303307,3,146,3,1
2023HU0303307,4,146,3,1
2023HU0303503,1,501,1,1
2023HU0303503,2,501,1,1
2023HU0303777,1,501,1,1
2023HU0303777,2,194,1,1
2023HU0303777,3,501,1,1
2023HU0304031,1,82,1,1
2023HU0304031,2,82,1,1
2023HU0304156,1,122,3,1
2023HU0304156,2,122,3,1
2023HU0304156,3,122,3,1
2023HU0304158,1,491,3,1
2023HU0304158,2,491,3,1
2023HU0304323,1,501,1,1
2023HU0304617,1,441,1,1
2023HU0304617,2,441,1,1
2023HU0304617,3,441,1,1
2023HU0304635,1,64,3,1
2023HU0304721,1,501,2,1
2023HU0304721,2,501,2,1
2023HU0304721,3,501,2,1
2023HU0304721,4,501,2,1
2023HU0304842,1,227,3,1
2023HU0304842,2,227,3,1
2023HU0304956,1,501,2,1
2023HU0304956,2,501,2,1
2023HU0305037,1,501,1,1
2023HU0305057,1,354,1,1
2023HU0305057,2,354,1,1
2023HU0305057,3,354,1,1
2023HU0305159,1,453,3,1
2023HU0305188,1,339,1,1
2023HU0305188,2,339,1,1
2023HU0305188,3,339,1,1
2023HU0305352,1,363,3,1
2023HU0305414,1,105,4,1
2023HU0305456,1,416,1,1
2023HU0305456,2,416,1,1
2023HU0305456,3,416,1,1
2023HU0305456,4,416,1,1
2023HU0305830,1,501,1,1
2023HU0305830,2,501,1,1
2023HU0305915,1,146,2,1
2023HU0305915,2,146,2,1
2023HU0305925,1,501,3,1
2023HU0306046,1,501,2,1
2023HU0306046,2,501,2,1
2023HU0306214,1,355,1,1
2023HU0306214,2,0,1,1
2023HU0306214,3,355,1,1
2023HU0306554,1,258,3,1
2023HU0306554,2,161,3,1
2023HU0306566,1,203,3,1
2023HU0306566,2,203,3,1
2023HU0306566,3,203,3,1
2023HU0306566,4,203,3,1
2023HU0306604,1,4,3,1
2023HU0306604,2,0,3,1
2023HU0306604,3,4,3,1
2023HU0306604,4,4,3,1
2023HU0306607,1,452,3,1
2023HU0306607,2,121,3,1
2023HU0306607,3,452,3,1
2023HU0306607,4,452,3,1
2023HU0306607,5,452,3,1
2023HU0306840,1,501,2,1
2023HU0306840,2,501,2,1
2023HU0306840,3,501,2,1
2023HU0306865,1,501,2,1
2023HU0306865,2,501,2,1
2023HU0307004,1,392,2,1
2023HU0307004,2,291,2,1
2023HU0307061,1,128,3,1
2023HU0307111,1,268,2,1
2023HU0307111,2,268,2,1
2023HU0307111,3,268,2,1
2023HU0307111,4,268,2,1
2023HU0307163,1,501,3,1
2023HU0307163,2,501,3,1
2023HU0307173,1,110,1,1
2023HU0307173,2,110,1,1
2023HU0307173,3,110,1,1
2023HU0307173,4,110,1,1
2023HU0307173,5,110,1,1
2023HU0307173,6,110,1,1
2023HU0307173,7,110,1,1
2023HU0307173,8,110,1,1
2023HU0307173,9,0,1,1
2023HU0307283,1,501,2,1
2023HU0307378,1,501,2,1
2023HU0307485,1,67,3,1
2023HU0307485,2,67,3,1
2023HU0307485,3,67,3,1
2023HU0307485,4,67,3,1
2023HU0307485,5,67,3,1
2023HU0307499,1,135,3,1
2023HU0307499,2,483,3,1
2023HU0307601,1,12,1,1
2023HU0307601,2,12,1,1
2023HU0307796,1,356,2,1
2023HU0307796,2,356,2,1
2023HU0307796,3,356,2,1
2023HU0307796,4,356,2,1
2023HU0307796,5,356,2,1
2023HU0307847,1,0,3,1
2023HU0307847,2,0,3,1
2023HU0307847,3,0,3,1
2023HU0308041,1,262,1,1
2023HU0308041,2,262,1,1
2023HU0308041,3,262,1,1
2023HU0308041,4,262,1,1
2023HU0308041,5,262,1,1
2023HU0308041,6,262,1,1
2023HU0308041,7,262,1,1
2023HU0308041,8,262,1,1
2023HU0308041,9,262,1,1
2023HU0308050,1,501,1,1
2023HU0308050,2,501,1,1
2023HU0308050,3,501,1,1
2023HU0308182,1,385,2,1
2023HU0308416,1,275,3,1
2023HU0308574,1,128,3,1
2023HU0308574,2,128,3,1
2023HU0308586,1,472,1,1
2023HU0308586,2,472,1,1
2023HU0308586,3,472,1,1
2023HU0308586,4,472,1,1
2023HU0308586,5,472,1,1
2023HU0308817,1,265,2,1
2023HU0308817,2,265,2,1
2023HU0309271,1,375,3,1
2023HU0309271,2,375,3,1
2023HU0309271,3,375,3,1
2023HU0309271,4,375,3,1
2023HU0309271,5,189,3,1
2023HU0309438,1,285,2,1
2023HU0309931,1,379,3,1
2023HU0309931,2,379,3,1
2023HU0309931,3,379,3,1
2023HU0310114,1,178,1,1
2023HU0310114,2,178,1,1
2023HU0310114,3,178,1,1
2023HU0310114,4,178,1,1
2023HU0310325,1,278,3,1
2023HU0310325,2,278,3,1
2023HU0310841,1,163,2,1
2023HU0311174,1,501,1,1
2023HU0311174,2,501,1,1
2023HU0311185,1,416,2,1
2023HU0311302,1,501,3,1
2023HU0311332,1,290,3,1
2023HU0311332,2,290,3,1
2023HU0311432,1,501,3,1
2023HU0311432,2,501,3,1
2023HU0311432,3,501,3,1
2023HU0312079,1,152,3,1
2023HU0312079,2,152,3,1
2023HU0312079,3,69,3,1
2023HU0312279,1,501,2,1
2023HU0312388,1,59,3,1
2023HU0312388,2,59,3,1
2023HU0312388,3,59,3,1
2023HU0312388,4,59,3,1
2023HU0312818,1,100,2,1
2023HU0313095,1,73,3,1
2023HU0313099,1,501,3,1
2023HU0313099,2,501,3,1
2023HU0313215,1,501,1,1
2023HU0313215,2,501,1,1
2023HU0313215,3,501,1,1
2023HU0313215,4,501,1,1
2023HU0313313,1,236,2,1
2023HU0313313,2,130,2,1
2023HU0313440,1,501,2,1
2023HU0313440,2,501,2,1
2023HU0313617,1,128,2,1
2023HU0313617,2,128,2,1
2023HU0313617,3,128,2,1
2023HU0313625,1,351,3,1
2023HU0313625,2,351,3,1
2023HU0313625,3,351,3,1
2023HU0313625,4,351,3,1
2023HU0313684,1,501,1,1
2023HU0313684,2,501,1,1
2023HU0313684,3,501,1,1
2023HU0313684,4,501,1,1
2023HU0313703,1,501,1,1
2023HU0313703,2,501,1,1
2023HU0313703,3,501,1,1
2023HU0313763,1,69,3,1
2023HU0313833,1,306,1,1
2023HU0313833,2,306,1,1
2023HU0313833,3,306,1,1
2023HU0313833,4,306,1,1
2023HU0313833,5,306,1,1
2023HU0313833,6,177,1,1
2023HU0313833,7,241,1,1
2023HU0313833,8,140,1,1
2023HU0314024,1,150,2,1
2023HU0314024,2,150,2,1
2023HU0314024,3,150,2,1
2023HU0314024,4,150,2,1
2023HU0314024,5,150,2,1
2023HU0314024,6,150,2,1
2023HU0314274,1,341,1,1
2023HU0314274,2,341,1,1
2023HU0314274,3,341,1,1
2023HU0314294,1,175,1,1
2023HU0314294,2,175,1,1
2023HU0314294,3,175,1,1
2023HU0314294,4,175,1,1
2023HU0314294,5,175,1,1
2023HU0314298,1,257,2,1
2023HU0314298,2,257,2,1
2023HU0314435,1,170,2,1
2023HU0314963,1,501,3,1
2023HU0315275,1,501,1,1
2023HU0315275,2,501,1,1
2023HU0315275,3,501,1,1
2023HU0315275,4,501,1,1
2023HU0315393,1,501,3,1
2023HU0315393,2,501,3,1
2023HU0315393,3,501,3,1
2023HU0315393,4,501,3,1
2023HU0315393,5,501,3,1
2023HU0315489,1,393,1,1
2023HU0315489,2,393,1,1
2023HU0315489,3,393,1,1
2023HU0315489,4,393,1,1
2023HU0316051,1,501,2,1
2023HU0316051,2,501,2,1
2023HU0316176,1,378,1,1
2023HU0316176,2,378,1,1
2023HU0316199,1,501,3,1
2023HU0316326,1,38,3,1
2023HU0316326,2,38,3,1
2023HU0316337,1,11,1,1
2023HU0316572,1,186,2,1
2023HU0316903,1,77,2,1
2023HU0316903,2,77,2,1
2023HU0316903,3,77,2,1
2023HU0317122,1,501,1,1
2023HU0317122,2,501,1,1
2023HU0317490,1,501,3,1
2023HU0317749,1,446,3,1
2023HU0317830,1,501,2,1
2023HU0317830,2,501,2,1
2023HU0317973,1,170,3,1
2023HU0317973,2,170,3,1
2023HU0318103,1,501,1,1
2023HU0318103,2,501,1,1
2023HU0318140,1,428,1,1
2023HU0318140,2,428,1,1
2023HU0318158,1,223,3,1
2023HU0318158,2,223,3,1
2023HU0318158,3,223,3,1
2023HU0318158,4,223,3,1
2023HU0318230,1,294,1,1
2023HU0318230,2,294,1,1
2023HU0318353,1,463,3,1
2023HU0318353,2,463,3,1
2023HU0318568,1,418,1,1
2023HU0318568,2,418,1,1
2023HU0318568,3,418,1,1
2023HU0318568,4,418,1,1
2023HU0318568,5,418,1,1
2023HU0318609,1,501,3,1
2023HU0318609,2,501,3,1
2023HU0318613,1,501,3,1
2023HU0318613,2,501,3,1
2023HU0318613,3,501,3,1
2023HU0318680,1,349,2,1
2023HU0318680,2,11,2,1
2023HU0318680,3,349,2,1
2023HU0318680,4,349,2,1
2023HU0318680,5,349,2,1
2023HU0318680,6,349,2,1
2023HU0318680,7,349,2,1
2023HU0318843,1,438,1,1
2023HU0318843,2,438,1,1
2023HU0318843,3,438,1,1
2023HU0318887,1,203,1,1
2023HU0318887,2,203,1,1
2023HU0318887,3,203,1,1
2023HU0318887,4,203,1,1
2023HU0318887,5,203,1,1
2023HU0319005,1,383,1,1
2023HU0319005,2,287,1,1
2023HU0319075,1,425,1,1
2023HU0319075,2,425,1,1
2023HU0319075,3,425,1,1
2023HU0319075,4,425,1,1
2023HU0319075,5,425,1,1
2023HU0319075,6,425,1,1
2023HU0319132,1,501,2,1
2023HU0319132,2,32,2,1
2023HU0319158,1,501,3,1
2023HU0319181,1,427,2,1
2023HU0319181,2,427,2,1
2023HU0319194,1,12,2,1
2023HU0319226,1,77,2,1
2023HU0319371,1,285,3,1
2023HU0319472,1,501,1,1
2023HU0319472,2,501,1,1
2023HU0319472,3,501,1,1
2023HU0319472,4,501,1,1
2023HU0319488,1,501,2,1
2023HU0319488,2,501,2,1
2023HU0319504,1,0,1,1
2023HU0319504,2,0,1,1
2023HU0319504,3,0,1,1
2023HU0319504,4,0,1,1
2023HU0319728,1,103,1,1
2023HU0320112,1,184,3,1
2023HU0320112,2,184,3,1
2023HU0320112,3,184,3,1
2023HU0320328,1,501,1,1
2023HU0320328,2,501,1,1
2023HU0320455,1,501,1,1
2023HU0320455,2,0,1,1
2023HU0320455,3,501,1,1
2023HU0320523,1,501,3,1
2023HU0320542,1,464,1,1
2023HU0320542,2,464,1,1
2023HU0320542,3,464,1,1
2023HU0320542,4,464,1,1
2023HU0320628,1,501,3,1
2023HU0320628,2,501,3,1
2023HU0320654,1,501,1,1
2023HU0320654,2,501,1,1
2023HU0320752,1,322,1,1
2023HU0320752,2,322,1,1
2023HU0320752,3,322,1,1
2023HU0320752,4,322,1,1
2023HU0320752,5,322,1,1
2023HU0320752,6,322,1,1
2023HU0320752,7,322,1,1
2023HU0320953,1,208,2,1
2023HU0320980,1,228,3,1
2023HU0320980,2,228,3,1
2023HU0320980,3,228,3,1
2023HU0321017,1,501,2,1
2023HU0321017,2,501,2,1
2023HU0321017,3,501,2,1
2023HU0321017,4,501,2,1
2023HU0321439,1,187,2,1
2023HU0321636,1,245,3,1
2023HU0321636,2,148,3,1
2023HU0321705,1,501,3,1
2023HU0321705,2,501,3,1
2023HU0321902,1,101,2,1
2023HU0321902,2,101,2,1
2023HU0321942,1,34,3,1
2023HU0321942,2,34,3,1
2023HU0321979,1,39,2,1
2023HU0321979,2,39,2,1
2023HU0321979,3,39,2,1
2023HU0322105,1,360,3,1
2023HU0322105,2,360,3,1
2023HU0322111,1,249,1,1
2023HU0322111,2,249,1,1
2023HU0322111,3,249,1,1
2023HU0322111,4,249,1,1
2023HU0322333,1,441,2,1
2023HU0322333,2,441,2,1
2023HU0322532,1,178,3,1
2023HU0322532,2,178,3,1
2023HU0322589,1,410,1,1
2023HU0322589,2,410,1,1
2023HU0322638,1,371,1,1
2023HU0322638,2,371,1,1
2023HU0322638,3,371,1,1
2023HU0322685,1,113,2,1
2023HU0322934,1,336,2,1
2023HU0322934,2,336,2,1
2023HU0322934,3,336,2,1
2023HU0323164,1,448,1,1
2023HU0323164,2,448,1,1
2023HU0323164,3,448,1,1
2023HU0323403,1,501,1,1
2023HU0323423,1,501,2,1
2023HU0323423,2,501,2,1
2023HU0323468,1,137,4,1
2023HU0323468,2,137,4,1
2023HU0323559,1,88,3,1
2023HU0323559,2,88,3,1
2023HU0323613,1,84,2,1
2023HU0323613,2,456,2,1
2023HU0323705,1,212,1,1
2023HU0323705,2,212,1,1
2023HU0323705,3,212,1,1
2023HU0323705,4,212,1,1
2023HU0323800,1,501,3,1
2023HU0323800,2,501,3,1
2023HU0323855,1,253,3,1
2023HU0323998,1,104,1,1
2023HU0323998,2,104,1,1
2023HU0323998,3,104,1,1
2023HU0324117,1,200,3,1
2023HU0324117,2,200,3,1
2023HU0324117,3,200,3,1
2023HU0324117,4,200,3,1
2023HU0324117,5,200,3,1
2023HU0324117,6,200,3,1
2023HU0324117,7,200,3,1
2023HU0324270,1,106,2,1
2023HU0324591,1,441,1,1
2023HU0324591,2,441,1,1
2023HU0324591,3,441,1,1
2023HU0324591,4,441,1,1
2023HU0324854,1,365,1,1
2023HU0325070,1,265,2,1
2023HU0325070,2,265,2,1
2023HU0325168,1,501,1,1
2023HU0325206,1,490,1,1
2023HU0325370,1,501,2,1
2023HU0325370,2,501,2,1
2023HU0325370,3,501,2,1
2023HU0325370,4,501,2,1
2023HU0325370,5,501,2,1
2023HU0325407,1,291,1,1
2023HU0325407,2,401,1,1
2023HU0325457,1,303,3,1
2023HU0325457,2,303,3,1
2023HU0325457,3,303,3,1
2023HU0325498,1,415,1,1
2023HU0325526,1,396,1,1
2023HU0325526,2,396,1,1
2023HU0325526,3,396,1,1
2023HU0325526,4,52,1,1
2023HU0325526,5,0,1,1
2023HU0325526,6,,1,1
2023HU0325690,1,121,3,1
2023HU0325690,2,121,3,1
2023HU0325845,1,501,1,1
2023HU0325845,2,501,1,1
2023HU0325845,3,501,1,1
2023HU0325908,1,141,3,1
2023HU0326114,1,258,1,1
2023HU0326194,1,139,1,1
2023HU0326205,1,78,3,1
2023HU0326236,1,501,1,1
2023HU0326236,2,501,1,1
2023HU0326236,3,501,1,1
2023HU0326236,4,501,1,1
2023HU0326261,1,501,3,1
2023HU0326261,2,232,3,1
2023HU0326419,1,249,3,1
2023HU0326419,2,0,3,1
2023HU0326419,3,249,3,1
2023HU0326777,1,501,3,1
2023HU0327075,1,501,1,1
2023HU0327075,2,501,1,1
2023HU0327075,3,501,1,1
2023HU0327075,4,501,1,1
2023HU0327237,1,373,1,1
2023HU0327237,2,373,1,1
2023HU0327418,1,127,3,1
2023HU0327803,1,501,2,1
2023HU0327803,2,501,2,1
2023HU0328632,1,418,1,1
2023HU0328632,2,418,1,1
2023HU0328632,3,418,1,1
2023HU0328695,1,55,3,1
2023HU0328695,2,55,3,1
2023HU0328695,3,130,3,1
2023HU0328695,4,0,3,1
2023HU0328772,1,501,2,1
2023HU0328898,1,501,1,1
2023HU0328898,2,501,1,1
2023HU0328974,1,501,2,1
2023HU0328974,2,501,2,1
2023HU0328980,1,501,1,1
2023HU0328980,2,501,1,1
2023HU0329030,1,501,3,1
2023HU0329077,1,501,2,1
2023HU0329077,2,501,2,1
2023HU0329280,1,501,2,1
2023HU0329319,1,120,3,1
2023HU0329319,2,114,3,1
2023HU0329319,3,120,3,1
2023HU0329349,1,501,1,1
2023HU0329349,2,501,1,1
2023HU0329349,3,446,1,1
2023HU0329464,1,0,1,1
2023HU0329583,1,183,1,1
2023HU0329583,2,183,1,1
2023HU0329583,3,183,1,1
2023HU0329583,4,183,1,1
2023HU0329583,5,183,1,1
2023HU0329601,1,501,3,1
2023HU0329607,1,496,1,1
2023HU0329607,2,496,1,1
2023HU0329626,1,491,1,1
2023HU0329626,2,491,1,1
2023HU0329626,3,442,1,1
2023HU0329764,1,261,3,1
2023HU0329764,2,261,3,1
2023HU0329764,3,261,3,1
2023HU0329766,1,350,3,1
2023HU0329909,1,501,1,1
2023HU0329909,2,501,1,1
2023HU0329909,3,501,1,1
2023HU0329934,1,371,2,1
2023HU0329934,2,371,2,1
2023HU0329934,3,371,2,1
2023HU0329934,4,371,2,1
2023HU0329994,1,501,2,1
2023HU0329994,2,501,2,1
2023HU0330050,1,70,3,1
2023HU0330430,1,487,1,1
2023HU0330430,2,487,1,1
2023HU0330430,3,487,1,1
2023HU0330430,4,487,1,1
2023HU0330558,1,410,3,1
2023HU0330558,2,410,3,1
2023HU0330558,3,410,3,1
2023HU0330914,1,67,3,1
2023HU0330914,2,67,3,1
2023HU0330965,1,244,2,1
2023HU0330965,2,244,2,1
2023HU0331082,1,151,3,1
2023HU0331082,2,151,3,1
2023HU0331084,1,501,2,1
2023HU0331135,1,189,3,1
2023HU0331135,2,189,3,1
2023HU0331135,3,189,3,1
2023HU0331366,1,501,1,1
2023HU0331366,2,501,1,1
2023HU0331516,1,501,1,1
2023HU0331551,1,443,1,1
2023HU0331551,2,443,1,1
2023HU0331625,1,309,2,1
2023HU0331770,1,229,2,1
2023HU0331914,1,453,1,1
2023HU0331914,2,453,1,1
2023HU0331914,3,453,1,1
2023HU0331914,4,453,1,1
2023HU0332147,1,153,1,1
2023HU0332147,2,153,1,1
2023HU0332187,1,230,3,1
2023HU0332187,2,230,3,1
2023HU0332187,3,230,3,1
2023HU0332187,4,230,3,1
2023HU0332187,5,230,3,1
2023HU0332247,1,102,1,1
2023HU0332247,2,102,1,1
2023HU0332319,1,176,3,1
2023HU0332319,2,323,3,1
2023HU0332319,3,176,3,1
2023HU0332319,4,176,3,1
2023HU0332524,1,501,1,1
2023HU0332524,2,501,1,1
2023HU0332524,3,501,1,1
2023HU0332524,4,501,1,1
2023HU0332524,5,501,1,1
2023HU0332598,1,501,1,1
2023HU0332598,2,501,1,1
2023HU0332598,3,501,1,1
2023HU0332598,4,501,1,1
2023HU0332607,1,501,1,1
2023HU0332607,2,501,1,1
2023HU0332785,1,96,3,1
2023HU0332785,2,96,3,1
2023HU0332785,3,96,3,1
2023HU0332785,4,96,3,1
2023HU0332785,5,96,3,1
2023HU0332861,1,65,2,1
2023HU0332982,1,487,2,1
2023HU0332982,2,487,2,1
2023HU0333454,1,134,1,1
2023HU0333576,1,139,2,1
2023HU0333576,2,418,2,1
2023HU0333576,3,139,2,1
2023HU0334020,1,342,3,1
2023HU0334020,2,342,3,1
2023HU0334020,3,342,3,1
2023HU0334159,1,501,3,1
2023HU0334159,2,0,3,1
2023HU0334250,1,463,1,1
2023HU0334250,2,463,1,1
2023HU0334250,3,463,1,1
2023HU0334250,4,463,1,1
2023HU0334250,5,463,1,1
2023HU0334250,6,463,1,1
2023HU0334369,1,501,1,1
2023HU0334369,2,501,1,1
2023HU0334382,1,131,3,1
2023HU0334423,1,237,1,1
2023HU0334423,2,237,1,1
2023HU0334423,3,237,1,1
2023HU0334423,4,237,1,1
2023HU0334683,1,501,2,1
2023HU0334683,2,501,2,1
2023HU0334846,1,358,2,1
2023HU0334860,1,501,1,1
2023HU0334860,2,501,1,1
2023HU0334860,3,501,1,1
2023HU0334860,4,501,1,1
2023HU0334928,1,501,1,1
2023HU0334928,2,501,1,1
2023HU0334928,3,501,1,1
2023HU0334928,4,501,1,1
2023HU0335224,1,95,3,1
2023HU0335224,2,95,3,1
2023HU0335395,1,501,1,1
2023HU0335395,2,501,1,1
2023HU0335461,1,190,3,1
2023HU0335461,2,190,3,1
2023HU0335509,1,139,2,1
2023HU0335509,2,139,2,1
2023HU0335509,3,139,2,1
2023HU0335543,1,501,1,1
2023HU0335543,2,501,1,1
2023HU0335543,3,501,1,1
2023HU0335611,1,501,1,1
2023HU0335611,2,501,1,1
2023HU0335671,1,243,1,1
2023HU0335671,2,243,1,1
2023HU0335671,3,243,1,1
2023HU0335671,4,243,1,1
2023HU0335671,5,243,1,1
2023HU0335671,6,243,1,1
2023HU0335782,1,501,2,1
2023HU0335908,1,501,2,1
2023HU0335908,2,501,2,1
2023HU0336311,1,501,1,1
2023HU0336374,1,195,1,1
2023HU0336374,2,195,1,1
2023HU0336412,1,226,1,1
2023HU0336412,2,226,1,1
2023HU0336412,3,226,1,1
2023HU0336564,1,457,2,1
2023HU0336564,2,190,2,1
2023HU0336564,3,190,2,1
2023HU0336834,1,501,2,1
2023HU0336834,2,501,2,1
2023HU0336847,1,156,2,1
2023HU0336847,2,156,2,1
2023HU0336847,3,0,2,1
2023HU0336847,4,,2,1
2023HU0336967,1,427,1,1
2023HU0336967,2,427,1,1
2023HU0337010,1,501,1,1
2023HU0337010,2,501,1,1
2023HU0337010,3,501,1,1
2023HU0337010,4,501,1,1
2023HU0337010,5,501,1,1
2023HU0337032,1,501,2,1
2023HU0337032,2,501,2,1
2023HU0337253,1,295,1,1
2023HU0337253,2,295,1,1
2023HU0337381,1,89,2,1
2023HU0337381,2,89,2,1
2023HU0337473,1,490,1,1
2023HU0337473,2,490,1,1
2023HU0337473,3,490,1,1
2023HU0337863,1,195,3,1
2023HU0337863,2,292,3,1
2023HU0337894,1,125,3,1
2023HU0337894,2,125,3,1
2023HU0337987,1,64,3,1
2023HU0337987,2,0,3,1
2023HU0337987,3,64,3,1
2023HU0337987,4,64,3,1
2023HU0337987,5,64,3,1
2023HU0337987,6,64,3,1
2023HU0338055,1,206,3,1
2023HU0338055,2,287,3,1
2023HU0338055,3,206,3,1
2023HU0338055,4,206,3,1
2023HU0338234,1,501,1,1
2023HU0338234,2,501,1,1
2023HU0338234,3,501,1,1
2023HU0338234,4,501,1,1
2023HU0338262,1,501,1,1
2023HU0338262,2,501,1,1
2023HU0338303,1,501,1,1
2023HU0338373,1,115,2,1
2023HU0338711,1,190,2,1
2023HU0338711,2,190,2,1
2023HU0338711,3,190,2,1
2023HU0338747,1,501,2,1
2023HU0338747,2,501,2,1
2023HU0338908,1,325,1,1
2023HU0338908,2,325,1,1
2023HU0339209,1,56,3,1
2023HU0339250,1,501,1,1
2023HU0339250,2,501,1,1
2023HU0339250,3,501,1,1
2023HU0339250,4,501,1,1
2023HU0339263,1,231,3,1
2023HU0339263,2,231,3,1
2023HU0339356,1,501,1,1
2023HU0339356,2,501,1,1
2023HU0339851,1,246,2,1
2023HU0339851,2,0,2,1
2023HU0339851,3,246,2,1
2023HU0339899,1,501,3,1
2023HU0339899,2,501,3,1
2023HU0339899,3,501,3,1
2023HU0340151,1,329,2,1
2023HU0340151,2,329,2,1
2023HU0340347,1,113,3,1
2023HU0340358,1,501,2,1
2023HU0340358,2,501,2,1
2023HU0340358,3,501,2,1
2023HU0340558,1,0,2,1
2023HU0340710,1,189,2,1
2023HU0340710,2,189,2,1
2023HU0340710,3,189,2,1
2023HU0340710,4,189,2,1
2023HU0340710,5,192,2,1
2023HU0340756,1,501,1,1
2023HU0340756,2,501,1,1
2023HU0340957,1,280,3,1
2023HU0340957,2,280,3,1
2023HU0340957,3,280,3,1
2023HU0341030,1,478,3,1
2023HU0341225,1,130,3,1
2023HU0341276,1,206,1,1
2023HU0341276,2,206,1,1
2023HU0341276,3,206,1,1
2023HU0341276,4,206,1,1
2023HU0341304,1,113,3,1
2023HU0341304,2,113,3,1
2023HU0341845,1,501,2,1
2023HU0341885,1,147,2,1
2023HU0341885,2,147,2,1
2023HU0341885,3,147,2,1
2023HU0341885,4,147,2,1
2023HU0342925,1,495,1,1
2023HU0342925,2,32,1,1
2023HU0342925,3,495,1,1
2023HU0343177,1,501,1,1
2023HU0343177,2,501,1,1
2023HU0343177,3,501,1,1
2023HU0343445,1,115,3,1
2023HU0343445,2,115,3,1
2023HU0343445,3,115,3,1
2023HU0343445,4,115,3,1
2023HU0343751,1,421,2,1
2023HU0343751,2,421,2,1
2023HU0344036,1,216,3,1
2023HU0344036,2,216,3,1
2023HU0344036,3,216,3,1
2023HU0344077,1,501,1,1
2023HU0344077,2,501,1,1
2023HU0344126,1,52,1,1
2023HU0344126,2,54,1,1
2023HU0344330,1,501,1,1
2023HU0344330,2,46,1,1
2023HU0344343,1,282,2,1
2023HU0344498,1,393,1,1
2023HU0344498,2,38,1,1
2023HU0344657,1,287,3,1
2023HU0344657,2,287,3,1
2023HU0344722,1,0,3,1
2023HU0344722,2,0,3,1
2023HU0344722,3,0,3,1
2023HU0344722,4,0,3,1
2023HU0344743,1,501,2,1
2023HU0344743,2,501,2,1
2023HU0344743,3,501,2,1
2023HU0344743,4,501,2,1
2023HU0344743,5,501,2,1
2023HU0344743,6,312,2,1
2023HU0345250,1,501,1,1
2023HU0345250,2,9,1,1
2023HU0345296,1,331,3,1
2023HU0345296,2,331,3,1
2023HU0345555,1,295,3,1
2023HU0345571,1,391,3,1
2023HU0345669,1,230,2,1
2023HU0345669,2,230,2,1
2023HU0345669,3,230,2,1
2023HU0345669,4,230,2,1
2023HU0345684,1,221,3,1
2023HU0345684,2,221,3,1
2023HU0345684,3,221,3,1
2023HU0345701,1,501,2,1
2023HU0345701,2,501,2,1
2023HU0345874,1,335,1,1
2023HU0345874,2,335,1,1
2023HU0345874,3,335,1,1
2023HU0345874,4,335,1,1
2023HU0346211,1,501,3,1
2023HU0346211,2,501,3,1
2023HU0346211,3,501,3,1
2023HU0346440,1,501,1,1
2023HU0346440,2,501,1,1
2023HU0346440,3,501,1,1
2023HU0346440,4,501,1,1
2023HU0346455,1,232,2,1
2023HU0346455,2,232,2,1
2023HU0346455,3,232,2,1
2023HU0346455,4,232,2,1
2023HU0346455,5,232,2,1
2023HU0346475,1,501,1,1
2023HU0346475,2,501,1,1
2023HU0346489,1,182,1,1
2023HU0346489,2,182,1,1
2023HU0346540,1,104,1,1
2023HU0346540,2,104,1,1
2023HU0346540,3,104,1,1
2023HU0346540,4,104,1,1
2023HU0346728,1,101,2,1
2023HU0346728,2,101,2,1
2023HU0346728,3,101,2,1
2023HU0346728,4,101,2,1
2023HU0346791,1,501,2,1
2023HU0346791,2,501,2,1
2023HU0346791,3,501,2,1
2023HU0346791,4,501,2,1
2023HU0346791,5,501,2,1
2023HU0346949,1,501,2,1
2023HU0346949,2,501,2,1
2023HU0347007,1,417,1,1
2023HU0347298,1,347,3,1
2023HU0347298,2,347,3,1
2023HU0347298,3,347,3,1
2023HU0347298,4,347,3,1
2023HU0347319,1,293,3,1
2023HU0347378,1,345,1,1
2023HU0347378,2,345,1,1
2023HU0347378,3,345,1,1
2023HU0347378,4,345,1,1
2023HU0347583,1,94,1,1
2023HU0347628,1,126,2,1
2023HU0347714,1,266,4,1
2023HU0347714,2,266,4,1
2023HU0347714,3,266,4,1
2023HU0347714,4,266,4,1
2023HU0347714,5,266,4,1
2023HU0348261,1,501,3,1
2023HU0348261,2,501,3,1
2023HU0348271,1,295,1,1
2023HU0348271,2,295,1,1
2023HU0348342,1,202,2,1
2023HU0348465,1,121,3,1
2023HU0348653,1,56,3,1
2023HU0348653,2,316,3,1
2023HU0348653,3,56,3,1
2023HU0348659,1,445,2,1
2023HU0348708,1,199,2,1
2023HU0348708,2,199,2,1
2023HU0348708,3,199,2,1
2023HU0349062,1,106,2,1
2023HU0349062,2,106,2,1
2023HU0349062,3,106,2,1
2023HU0349062,4,70,2,1
2023HU0349062,5,96,2,1
2023HU0349099,1,501,3,1
2023HU0349099,2,501,3,1
2023HU0349099,3,501,3,1
2023HU0349217,1,215,2,1
2023HU0349217,2,104,2,1
2023HU0349217,3,0,2,1
2023HU0349237,1,501,3,1
2023HU0349237,2,501,3,1
2023HU0349247,1,146,2,1
2023HU0349247,2,146,2,1
2023HU0349247,3,146,2,1
2023HU0349247,4,146,2,1
2023HU0349264,1,468,3,1
2023HU0349264,2,422,3,1
2023HU0349317,1,501,2,1
2023HU0349317,2,501,2,1
2023HU0349317,3,501,2,1
2023HU0349738,1,501,2,1
2023HU0349738,2,501,2,1
2023HU0349944,1,11,2,1
2023HU0350354,1,361,2,1
2023HU0350354,2,361,2,1
2023HU0350354,3,361,2,1
2023HU0350802,1,398,1,1
2023HU0350802,2,398,1,1
2023HU0350802,3,398,1,1
2023HU0350802,4,398,1,1
2023HU0350802,5,398,1,1
2023HU0350802,6,398,1,1
2023HU0350837,1,83,1,1
2023HU0350837,2,83,1,1
2023HU0350837,3,83,1,1
2023HU0350837,4,83,1,1
2023HU0351678,1,97,3,1
2023HU0351678,2,97,3,1
2023HU0351678,3,97,3,1
2023HU0351678,4,127,3,1
2023HU0351736,1,76,3,1
2023HU0351736,2,190,3,1
2023HU0351812,1,501,1,1
2023HU0351812,2,501,1,1
2023HU0352178,1,207,2,1
2023HU0352178,2,207,2,1
2023HU0352506,1,501,1,1
2023HU0352506,2,501,1,1
2023HU0352506,3,501,1,1
2023HU0352506,4,501,1,1
2023HU0352553,1,66,2,1
2023HU0352622,1,382,3,1
2023HU0352681,1,68,2,1
2023HU0352681,2,68,2,1
2023HU0353245,1,197,3,1
2023HU0353245,2,197,3,1
2023HU0353308,1,421,1,1
2023HU0353308,2,421,1,1
2023HU0353607,1,432,3,1
2023HU0353607,2,432,3,1
2023HU0353743,1,501,2,1
2023HU0353818,1,402,4,1
2023HU0353879,1,501,2,1
2023HU0353879,2,501,2,1
2023HU0353879,3,501,2,1
2023HU0353879,4,501,2,1
2023HU0354101,1,80,1,1
2023HU0354101,2,80,1,1
2023HU0354247,1,501,1,1
2023HU0354247,2,501,1,1
2023HU0354247,3,501,1,1
2023HU0354922,1,501,2,1
2023HU0354922,2,501,2,1
2023HU0355008,1,501,1,1
2023HU0355008,2,501,1,1
2023HU0355074,1,413,2,1
2023HU0355074,2,413,2,1
2023HU0355074,3,413,2,1
2023HU0355074,4,501,2,1
2023HU0355283,1,132,1,1
2023HU0355283,2,132,1,1
2023HU0355283,3,132,1,1
2023HU0355283,4,132,1,1
2023HU0355378,1,83,3,1
2023HU0355378,2,83,3,1
2023HU0355378,3,83,3,1
2023HU0355640,1,379,3,1
2023HU0355816,1,262,3,1
2023HU0355816,2,262,3,1
2023HU0356097,1,501,1,1
2023HU0356230,1,501,1,1
2023HU0356230,2,501,1,1
2023HU0356230,3,501,1,1
2023HU0356230,4,501,1,1
2023HU0356230,5,501,1,1
2023HU0356331,1,376,2,1
2023HU0356331,2,376,2,1
2023HU0356476,1,212,3,1
2023HU0356555,1,327,1,1
2023HU0356555,2,327,1,1
2023HU0356555,3,327,1,1
2023HU0356717,1,501,1,1
2023HU0356717,2,501,1,1
2023HU0356717,3,501,1,1
2023HU0356717,4,501,1,1
2023HU0356828,1,144,2,1
2023HU0356828,2,144,2,1
2023HU0356828,3,144,2,1
2023HU0356864,1,501,4,1
2023HU0356864,2,501,4,1
2023HU0356944,1,501,2,1
2023HU0356944,2,203,2,1
2023HU0356944,3,368,2,1
2023HU0356944,4,76,2,1
2023HU0356944,5,501,2,1
2023HU0357062,1,501,2,1
2023HU0357062,2,501,2,1
2023HU0357107,1,208,3,1
2023HU0357107,2,208,3,1
2023HU0357120,1,50,3,1
2023HU0357120,2,50,3,1
2023HU0357120,3,50,3,1
2023HU0357243,1,501,1,1
2023HU0357243,2,501,1,1
2023HU0357243,3,501,1,1
2023HU0357334,1,65,2,1
2023HU0357398,1,170,3,1
2023HU0357398,2,170,3,1
2023HU0357472,1,501,1,1
2023HU0357472,2,501,1,1
2023HU0357472,3,501,1,1
2023HU0357472,4,501,1,1
2023HU0357472,5,501,1,1
2023HU0357476,1,351,3,1
2023HU0357476,2,351,3,1
2023HU0357476,3,351,3,1
2023HU0357476,4,351,3,1
2023HU0357478,1,501,1,1
2023HU0357478,2,501,1,1
2023HU0357478,3,501,1,1
2023HU0357515,1,171,1,1
2023HU0357515,2,483,1,1
2023HU0357515,3,171,1,1
2023HU0357515,4,171,1,1
2023HU0357515,5,171,1,1
2023HU0357515,6,171,1,1
2023HU0357583,1,216,2,1
2023HU0357583,2,216,2,1
2023HU0357583,3,216,2,1
2023HU0357583,4,216,2,1
2023HU0357596,1,248,3,1
2023HU0357596,2,248,3,1
2023HU0357665,1,67,3,1
2023HU0357665,2,67,3,1
2023HU0357700,1,187,2,1
2023HU0357700,2,187,2,1
2023HU0357870,1,336,2,1
2023HU0357870,2,336,2,1
2023HU0357870,3,336,2,1
2023HU0358418,1,501,2,1
2023HU0358418,2,501,2,1
2023HU0358418,3,501,2,1
2023HU0358479,1,53,1,1
2023HU0358479,2,53,1,1
2023HU0358479,3,53,1,1
2023HU0358684,1,235,3,1
2023HU0359249,1,501,2,1
2023HU0359249,2,501,2,1
2023HU0359328,1,501,1,1
2023HU0359328,2,501,1,1
2023HU0359522,1,501,1,1
2023HU0359522,2,501,1,1
2023HU0359522,3,501,1,1
2023HU0359531,1,98,1,1
2023HU0359531,2,96,1,1
2023HU0359531,3,98,1,1
2023HU0359531,4,98,1,1
2023HU0359560,1,501,1,1
2023HU0359560,2,501,1,1
2023HU0359843,1,387,3,1
2023HU0359843,2,387,3,1
2023HU0359843,3,387,3,1
2023HU0359843,4,387,3,1
2023HU0360204,1,301,1,1
2023HU0360204,2,301,1,1
2023HU0360270,1,409,1,1
2023HU0360270,2,409,1,1
2023HU0360311,1,325,1,1
2023HU0360311,2,325,1,1
2023HU0360311,3,325,1,1
2023HU0360311,4,325,1,1
2023HU0360311,5,325,1,1
2023HU0360550,1,501,1,1
2023HU0360550,2,501,1,1
2023HU0360573,1,501,1,1
2023HU0360629,1,163,1,1
2023HU0360629,2,317,1,1
2023HU0360629,3,163,1,1
2023HU0360629,4,163,1,1
2023HU0360705,1,356,3,1
2023HU0360705,2,291,3,1
2023HU0361494,1,289,1,1
2023HU0361494,2,289,1,1
2023HU0361494,3,289,1,1
2023HU0361494,4,289,1,1
2023HU0361833,1,501,3,1
2023HU0361852,1,77,3,1
2023HU0361949,1,287,3,1
2023HU0362012,1,276,2,1
2023HU0362012,2,276,2,1
2023HU0362015,1,501,1,1
2023HU0362015,2,501,1,1
2023HU0362015,3,501,1,1
2023HU0362015,4,501,1,1
2023HU0362141,1,501,2,1
2023HU0362152,1,487,2,1
2023HU0362228,1,186,2,1
2023HU0362228,2,246,2,1
2023HU0362254,1,41,3,1
2023HU0362254,2,41,3,1
2023HU0362254,3,41,3,1
2023HU0362462,1,501,2,1
2023HU0362462,2,202,2,1
2023HU0362462,3,501,2,1
2023HU0362462,4,178,2,1
2023HU0362536,1,501,3,1
2023HU0362536,2,255,3,1
2023HU0362729,1,214,1,1
2023HU0362729,2,214,1,1
2023HU0362729,3,214,1,1
2023HU0362729,4,214,1,1
2023HU0362787,1,501,3,1
2023HU0362787,2,501,3,1
2023HU0363702,1,192,3,1
2023HU0363702,2,192,3,1
2023HU0363702,3,192,3,1
2023HU0363702,4,192,3,1
2023HU0363790,1,306,2,1
2023HU0363860,1,483,3,1
2023HU0363860,2,483,3,1
2023HU0363860,3,483,3,1
2023HU0363966,1,334,2,1
2023HU0364112,1,394,3,1
2023HU0364112,2,107,3,1
2023HU0364112,3,394,3,1
2023HU0364112,4,394,3,1
2023HU0364312,1,57,3,1
2023HU0364319,1,501,2,1
2023HU0364319,2,501,2,1
2023HU0364812,1,501,1,1
2023HU0364812,2,501,1,1
2023HU0364812,3,501,1,1
2023HU0364906,1,162,1,1
2023HU0364906,2,162,1,1
2023HU0364906,3,162,1,1
2023HU0364906,4,162,1,1
2023HU0364906,5,162,1,1
2023HU0365004,1,333,1,1
2023HU0365004,2,333,1,1
2023HU0365004,3,333,1,1
2023HU0365052,1,397,2,1
2023HU0365052,2,397,2,1
2023HU0365052,3,397,2,1
2023HU0365052,4,397,2,1
2023HU0365392,1,501,2,1
2023HU0365609,1,501,3,1
2023HU0365609,2,501,3,1
2023HU0365609,3,501,3,1
2023HU0365860,1,501,2,1
2023HU0366127,1,501,2,1
2023HU0366127,2,501,2,1
2023HU0366152,1,501,3,1
2023HU0366176,1,501,3,1
2023HU0366176,2,501,3,1
2023HU0366179,1,501,1,1
2023HU0366179,2,501,1,1
2023HU0366179,3,501,1,1
2023HU0366551,1,411,2,1
2023HU0366551,2,411,2,1
2023HU0366911,1,501,1,1
2023HU0366911,2,501,1,1
2023HU0367135,1,83,1,1
2023HU0367135,2,83,1,1
2023HU0367135,3,83,1,1
2023HU0367135,4,83,1,1
2023HU0367150,1,237,3,1
2023HU0367180,1,135,2,1
2023HU0367180,2,289,2,1
2023HU0367180,3,135,2,1
2023HU0367300,1,115,1,1
2023HU0367300,2,115,1,1
2023HU0367300,3,115,1,1
2023HU0367428,1,80,3,1
2023HU0367428,2,80,3,1
2023HU0367604,1,501,2,1
2023HU0367604,2,501,2,1
2023HU0367688,1,450,3,1
2023HU0367695,1,94,3,1
2023HU0367761,1,302,3,1
2023HU0367761,2,302,3,1
2023HU0367922,1,390,2,1
2023HU0368303,1,474,3,1
2023HU0368303,2,474,3,1
2023HU0368303,3,474,3,1
2023HU0368303,4,474,3,1
2023HU0368395,1,3,4,1
2023HU0368395,2,3,4,1
2023HU0368395,3,3,4,1
2023HU0368395,4,3,4,1
2023HU0368452,1,94,1,1
2023HU0368452,2,173,1,1
2023HU0368452,3,94,1,1
2023HU0368452,4,94,1,1
2023HU0368452,5,94,1,1
2023HU0368452,6,94,1,1
2023HU0368557,1,501,1,1
2023HU0368557,2,501,1,1
2023HU0368864,1,150,1,1
2023HU0368864,2,150,1,1
2023HU0368864,3,150,1,1
2023HU0368864,4,150,1,1
2023HU0368864,5,150,1,1
2023HU0368872,1,501,1,1
2023HU0368872,2,501,1,1
2023HU0368872,3,501,1,1
2023HU0368872,4,501,1,1
2023HU0368941,1,336,2,1
2023HU0369026,1,501,1,1
2023HU0369026,2,501,1,1
2023HU0369026,3,501,1,1
2023HU0369026,4,501,1,1
2023HU0369067,1,70,3,1
2023HU0369105,1,356,1,1
2023HU0369105,2,356,1,1
2023HU0369105,3,356,1,1
2023HU0369105,4,356,1,1
2023HU0369105,5,356,1,1
2023HU0369168,1,267,3,1
2023HU0369202,1,78,1,1
2023HU0369420,1,269,2,1
2023HU0369497,1,501,1,1
2023HU0369571,1,116,3,1
2023HU0369571,2,116,3,1
2023HU0369571,3,116,3,1
2023HU0369571,4,116,3,1
2023HU0369918,1,0,3,1
2023HU0370099,1,211,1,1
2023HU0370099,2,211,1,1
2023HU0370099,3,211,1,1
2023HU0370099,4,211,1,1
2023HU0370330,1,501,1,1
2023HU0370330,2,356,1,1
2023HU0370330,3,501,1,1
2023HU0370330,4,501,1,1
2023HU0370340,1,501,1,1
2023HU0370340,2,501,1,1
2023HU0370514,1,287,1,1
2023HU0370514,2,287,1,1
2023HU0370514,3,287,1,1
2023HU0370514,4,287,1,1
2023HU0370514,5,287,1,1
2023HU0370543,1,9,1,1
2023HU0370610,1,168,3,1
2023HU0370610,2,168,3,1
2023HU0370610,3,306,3,1
2023HU0370643,1,199,3,1
2023HU0370643,2,199,3,1
2023HU0370643,3,199,3,1
2023HU0370643,4,199,3,1
2023HU0370726,1,384,2,1
2023HU0370726,2,89,2,1
2023HU0370726,3,384,2,1
2023HU0370745,1,256,3,1
2023HU0370780,1,501,3,1
2023HU0370780,2,501,3,1
2023HU0370780,3,501,3,1
2023HU0370780,4,501,3,1
2023HU0370780,5,501,3,1
2023HU0370780,6,501,3,1
2023HU0371096,1,302,2,1
2023HU0371096,2,302,2,1
2023HU0371096,3,302,2,1
2023HU0371187,1,249,3,1
2023HU0371329,1,164,2,1
2023HU0371329,2,164,2,1
2023HU0371329,3,164,2,1
2023HU0371329,4,164,2,1
2023HU0371329,5,164,2,1
2023HU0371552,1,501,2,1
2023HU0371552,2,501,2,1
2023HU0371552,3,501,2,1
2023HU0371552,4,501,2,1
2023HU0371628,1,501,2,1
2023HU0371628,2,501,2,1
2023HU0371649,1,501,2,1
2023HU0371649,2,501,2,1
2023HU0371649,3,501,2,1
2023HU0371649,4,501,2,1
2023HU0371824,1,209,1,1
2023HU0371824,2,209,1,1
2023HU0371824,3,209,1,1
2023HU0371824,4,209,1,1
2023HU0371851,1,188,1,1
2023HU0371851,2,188,1,1
2023HU0371851,3,188,1,1
2023HU0371851,4,188,1,1
2023HU0372119,1,497,1,1
2023HU0372119,2,497,1,1
2023HU0372119,3,497,1,1
2023HU0372119,4,497,1,1
2023HU0372352,1,0,1,1
2023HU0372352,2,0,1,1
2023HU0372901,1,501,1,1
2023HU0372901,2,501,1,1
2023HU0372901,3,501,1,1
2023HU0372901,4,501,1,1
2023HU0373321,1,271,1,1
2023HU0373321,2,271,1,1
2023HU0373341,1,267,1,1
2023HU0373341,2,158,1,1
2023HU0373494,1,60,3,1
2023HU0373494,2,60,3,1
2023HU0373494,3,60,3,1
2023HU0373494,4,60,3,1
2023HU0373772,1,328,1,1
2023HU0373772,2,328,1,1
2023HU0374044,1,501,3,1
2023HU0374392,1,208,3,1
2023HU0374392,2,208,3,1
2023HU0374392,3,208,3,1
2023HU0374392,4,208,3,1
2023HU0374404,1,501,2,1
2023HU0374404,2,501,2,1
2023HU0374485,1,501,3,1
2023HU0374529,1,338,1,1
2023HU0374790,1,78,3,1
2023HU0375151,1,189,3,1
2023HU0375364,1,501,1,1
2023HU0375364,2,501,1,1
2023HU0375364,3,501,1,1
2023HU0375705,1,162,3,1
2023HU0375705,2,162,3,1
2023HU0375705,3,162,3,1
2023HU0375705,4,162,3,1
2023HU0375808,1,7,3,1
2023HU0375808,2,7,3,1
2023HU0375829,1,274,3,1
2023HU0375829,2,274,3,1
2023HU0376063,1,483,1,1
2023HU0376063,2,501,1,1
2023HU0376236,1,0,2,1
2023HU0376236,2,0,2,1
2023HU0376902,1,423,3,1
2023HU0377059,1,458,1,1
2023HU0377059,2,108,1,1
2023HU0377059,3,458,1,1
2023HU0377059,4,458,1,1
2023HU0377059,5,458,1,1
2023HU0377068,1,501,1,1
2023HU0377068,2,501,1,1
2023HU0377168,1,453,1,1
2023HU0377318,1,201,1,1
2023HU0377318,2,201,1,1
2023HU0377318,3,201,1,1
2023HU0377318,4,201,1,1
2023HU0377318,5,201,1,1
2023HU0377661,1,501,1,1
2023HU0377661,2,501,1,1
2023HU0377684,1,501,1,1
2023HU0377684,2,501,1,1
2023HU0377684,3,501,1,1
2023HU0377712,1,242,3,1
2023HU0377712,2,261,3,1
2023HU0377992,1,77,3,1
2023HU0378104,1,501,3,1
2023HU0378352,1,294,3,1
2023HU0378352,2,294,3,1
2023HU0378536,1,501,1,1
2023HU0378536,2,501,1,1
2023HU0378536,3,501,1,1
2023HU0378536,4,501,1,1
2023HU0378949,1,72,3,1
2023HU0378949,2,66,3,1
2023HU0378949,3,55,3,1
2023HU0378949,4,129,3,1
2023HU0378949,5,70,3,1
2023HU0379025,1,63,2,1
2023HU0379025,2,63,2,1
2023HU0379177,1,501,1,1
2023HU0379358,1,373,1,1
2023HU0379358,2,373,1,1
2023HU0379358,3,373,1,1
2023HU0379358,4,373,1,1
2023HU0379358,5,373,1,1
2023HU0379358,6,373,1,1
2023HU0379515,1,104,2,1
2023HU0379515,2,104,2,1
2023HU0379651,1,501,3,1
2023HU0379651,2,501,3,1
2023HU0379727,1,501,1,1
2023HU0379727,2,501,1,1
2023HU0379727,3,501,1,1
2023HU0379727,4,501,1,1
2023HU0379769,1,487,3,1
2023HU0379810,1,501,1,1
2023HU0379810,2,501,1,1
2023HU0379810,3,501,1,1
2023HU0379823,1,501,1,1
2023HU0379823,2,501,1,1
2023HU0379823,3,501,1,1
2023HU0379973,1,493,3,1
2023HU0379973,2,493,3,1
2023HU0379980,1,304,1,1
2023HU0380226,1,136,3,1
2023HU0380226,2,136,3,1
2023HU0380331,1,313,3,1
2023HU0380331,2,338,3,1
2023HU0380331,3,313,3,1
2023HU0380331,4,313,3,1
2023HU0380331,5,313,3,1
2023HU0380490,1,133,1,1
2023HU0380490,2,133,1,1
2023HU0380692,1,44,2,1
2023HU0380692,2,0,2,1
2023HU0380692,3,44,2,1
2023HU0380692,4,44,2,1
2023HU0380692,5,44,2,1
2023HU0380692,6,44,2,1
2023HU0380692,7,0,2,1
2023HU0380743,1,126,1,1
2023HU0380743,2,132,1,1
2023HU0380743,3,501,1,1
2023HU0380743,4,,1,1
2023HU0380796,1,501,1,1
2023HU0380846,1,501,1,1
2023HU0380846,2,501,1,1
2023HU0380846,3,501,1,1
2023HU0380846,4,501,1,1
2023HU0380846,5,501,1,1
2023HU0380883,1,501,2,1
2023HU0380883,2,501,2,1
2023HU0380883,3,501,2,1
2023HU0380883,4,501,2,1
2023HU0381010,1,98,1,1
2023HU0381010,2,98,1,1
2023HU0381010,3,98,1,1
2023HU0381095,1,288,1,1
2023HU0381095,2,288,1,1
2023HU0381095,3,288,1,1
2023HU0381095,4,288,1,1
2023HU0381095,5,288,1,1
2023HU0381308,1,469,1,1
2023HU0381308,2,469,1,1
2023HU0381308,3,89,1,1
2023HU0381492,1,501,1,1
2023HU0381492,2,501,1,1
2023HU0381499,1,320,2,1
2023HU0381499,2,130,2,1
2023HU0381525,1,307,1,1
2023HU0381671,1,186,2,1
2023HU0381759,1,136,2,1
2023HU0381759,2,446,2,1
2023HU0381777,1,501,3,1
2023HU0381998,1,501,1,1
2023HU0381998,2,501,1,1
2023HU0382008,1,501,1,1
2023HU0382034,1,467,2,1
2023HU0382034,2,467,2,1
2023HU0382034,3,467,2,1
2023HU0382034,4,467,2,1
2023HU0382098,1,386,1,1
2023HU0382098,2,386,1,1
2023HU0382098,3,386,1,1
2023HU0382098,4,386,1,1
2023HU0382098,5,386,1,1
2023HU0382098,6,386,1,1
2023HU0382098,7,386,1,1
2023HU0382098,8,386,1,1
2023HU0382230,1,276,2,1
2023HU0382230,2,276,2,1
2023HU0382247,1,184,1,1
2023HU0382266,1,91,3,1
2023HU0382281,1,501,1,1
2023HU0382444,1,501,2,1
2023HU0382583,1,501,3,1
2023HU0382805,1,501,2,1
2023HU0382805,2,501,2,1
2023HU0382805,3,501,2,1
2023HU0382805,4,501,2,1
2023HU0382861,1,198,3,1
2023HU0382861,2,198,3,1
2023HU0382861,3,198,3,1
2023HU0382921,1,501,2,1
2023HU0382921,2,501,2,1
2023HU0382964,1,402,1,1
2023HU0382964,2,402,1,1
2023HU0382964,3,402,1,1
2023HU0383112,1,501,1,1
2023HU0383129,1,234,2,1
2023HU0383129,2,234,2,1
2023HU0383536,1,501,1,1
2023HU0383536,2,501,1,1
2023HU0383536,3,501,1,1
2023HU0383536,4,501,1,1
2023HU0383549,1,501,3,1
2023HU0383549,2,501,3,1
2023HU0383666,1,501,2,1
2023HU0383677,1,346,2,1
2023HU0383777,1,501,2,1
2023HU0383777,2,501,2,1
2023HU0383856,1,501,1,1
2023HU0383856,2,501,1,1
2023HU0383856,3,501,1,1
2023HU0383856,4,501,1,1
2023HU0383856,5,501,1,1
2023HU0383856,6,501,1,1
2023HU0383901,1,307,3,1
2023HU0383901,2,307,3,1
2023HU0384076,1,501,1,1
2023HU0384076,2,501,1,1
2023HU0384076,3,501,1,1
2023HU0384076,4,501,1,1
2023HU0384076,5,501,1,1
2023HU0384339,1,501,3,1
2023HU0384507,1,501,1,1
2023HU0384507,2,501,1,1
2023HU0384507,3,501,1,1
2023HU0384818,1,379,2,1
2023HU0384818,2,379,2,1
2023HU0384921,1,97,1,1
2023HU0384948,1,144,3,1
2023HU0385336,1,133,1,1
2023HU0385336,2,133,1,1
2023HU0385336,3,133,1,1
2023HU0385336,4,133,1,1
2023HU0385336,5,232,1,1
2023HU0385342,1,137,3,1
2023HU0385342,2,137,3,1
2023HU0385752,1,85,2,1
2023HU0385870,1,501,3,1
2023HU0385870,2,501,3,1
2023HU0385870,3,501,3,1
2023HU0385883,1,501,1,1
2023HU0385883,2,501,1,1
2023HU0386132,1,140,1,1
2023HU0386132,2,238,1,1
2023HU0386132,3,140,1,1
2023HU0386315,1,501,2,1
2023HU0386315,2,501,2,1
2023HU0386315,3,501,2,1
2023HU0386376,1,464,2,1
2023HU0387153,1,501,1,1
2023HU0387153,2,501,1,1
2023HU0387184,1,31,3,1
2023HU0387184,2,0,3,1
2023HU0387184,3,31,3,1
2023HU0387184,4,31,3,1
2023HU0387184,5,31,3,1
2023HU0387184,6,31,3,1
2023HU0387184,7,31,3,1
2023HU0387184,8,31,3,1
2023HU0387184,9,31,3,1
2023HU0387184,10,31,3,1
2023HU0387185,1,204,3,1
2023HU0387185,2,204,3,1
2023HU0387185,3,204,3,1
2023HU0387185,4,204,3,1
2023HU0387185,5,204,3,1
2023HU0387185,6,204,3,1
2023HU0387259,1,479,3,1
2023HU0387259,2,268,3,1
2023HU0387289,1,501,1,1
2023HU0387289,2,501,1,1
2023HU0387380,1,501,1,1
2023HU0387490,1,129,3,1
2023HU0387490,2,51,3,1
2023HU0387720,1,322,1,1
2023HU0387720,2,322,1,1
2023HU0387720,3,322,1,1
2023HU0387875,1,501,2,1
2023HU0388162,1,501,2,1
2023HU0388162,2,501,2,1
2023HU0388162,3,501,2,1
2023HU0388202,1,394,3,1
2023HU0388202,2,394,3,1
2023HU0388769,1,501,1,1
2023HU0388769,2,501,1,1
2023HU0388800,1,436,1,1
2023HU0388800,2,45,1,1
2023HU0388954,1,441,3,1
2023HU0388954,2,441,3,1
2023HU0388954,3,441,3,1
2023HU0389076,1,316,1,1
2023HU0389076,2,316,1,1
2023HU0389183,1,0,3,1
2023HU0389253,1,501,1,1
2023HU0389253,2,501,1,1
2023HU0389253,3,501,1,1
2023HU0389253,4,501,1,1
2023HU0389296,1,501,1,1
2023HU0389296,2,501,1,1
2023HU0389296,3,501,1,1
2023HU0389730,1,29,2,1
2023HU0389730,2,29,2,1
2023HU0389777,1,501,2,1
2023HU0389990,1,38,3,1
2023HU0390101,1,323,3,1
2023HU0390120,1,381,1,1
2023HU0390120,2,381,1,1
2023HU0390120,3,381,1,1
2023HU0390120,4,381,1,1
2023HU0390141,1,104,3,1
2023HU0390192,1,501,1,1
2023HU0390192,2,501,1,1
2023HU0390232,1,296,1,1
2023HU0390232,2,296,1,1
2023HU0390232,3,296,1,1
2023HU0390283,1,78,3,1
2023HU0390422,1,501,2,1
2023HU0390422,2,501,2,1
2023HU0390949,1,501,1,1
2023HU0390949,2,142,1,1
2023HU0390949,3,501,1,1
2023HU0390980,1,424,2,1
2023HU0390980,2,424,2,1
2023HU0390980,3,424,2,1
2023HU0391182,1,198,3,1
2023HU0391182,2,198,3,1
2023HU0391271,1,466,2,1
2023HU0391572,1,109,2,1
2023HU0391703,1,12,3,1
2023HU0391832,1,197,1,1
2023HU0391832,2,197,1,1
2023HU0392103,1,79,2,1
2023HU0392103,2,142,2,1
2023HU0392103,3,79,2,1
2023HU0392103,4,79,2,1
2023HU0392115,1,257,2,1
2023HU0392115,2,257,2,1
2023HU0392115,3,257,2,1
2023HU0392115,4,257,2,1
2023HU0392693,1,484,1,1
2023HU0392693,2,484,1,1
2023HU0392723,1,501,1,1
2023HU0392723,2,501,1,1
2023HU0392723,3,501,1,1
2023HU0392723,4,501,1,1
2023HU0392860,1,501,3,1
2023HU0392944,1,133,1,1
2023HU0392944,2,133,1,1
2023HU0392944,3,133,1,1
2023HU0392944,4,133,1,1
2023HU0392944,5,133,1,1
2023HU0392944,6,133,1,1
2023HU0392961,1,464,1,1
2023HU0393062,1,233,1,1
2023HU0393062,2,233,1,1
2023HU0393062,3,233,1,1
2023HU0393062,4,233,1,1
2023HU0393062,5,233,1,1
2023HU0393269,1,184,2,1
2023HU0393636,1,501,3,1
2023HU0393636,2,501,3,1
2023HU0393636,3,501,3,1
2023HU0393823,1,153,1,1
2023HU0393823,2,153,1,1
2023HU0393823,3,153,1,1
2023HU0393823,4,153,1,1
2023HU0393859,1,126,2,1
2023HU0393859,2,126,2,1
2023HU0393899,1,191,3,1
2023HU0393899,2,191,3,1
2023HU0393899,3,191,3,1
2023HU0393899,4,191,3,1
2023HU0393966,1,501,1,1
2023HU0393966,2,501,1,1
2023HU0393966,3,501,1,1
2023HU0393966,4,501,1,1
2023HU0394167,1,432,2,1
2023HU0394225,1,501,1,1
2023HU0394225,2,501,1,1
2023HU0394239,1,336,3,1
2023HU0394239,2,336,3,1
2023HU0394239,3,336,3,1
2023HU0394239,4,336,3,1
2023HU0394239,5,336,3,1
2023HU0394239,6,336,3,1
2023HU0394650,1,501,1,1
2023HU0394650,2,292,1,1
2023HU0394650,3,501,1,1
2023HU0394650,4,501,1,1
2023HU0394650,5,501,1,1
2023HU0394650,6,501,1,1
2023HU0395002,1,501,3,1
2023HU0395049,1,198,3,1
2023HU0395049,2,198,3,1
2023HU0395049,3,198,3,1
2023HU0395204,1,196,3,1
2023HU0395204,2,196,3,1
2023HU0395207,1,29,1,1
2023HU0395207,2,29,1,1
2023HU0395207,3,29,1,1
2023HU0395207,4,13,1,1
2023HU0395290,1,501,1,1
2023HU0395323,1,243,3,1
2023HU0395323,2,243,3,1
2023HU0395323,3,243,3,1
2023HU0395323,4,243,3,1
2023HU0395323,5,243,3,1
2023HU0395329,1,458,1,1
2023HU0395329,2,458,1,1
2023HU0395329,3,458,1,1
2023HU0395329,4,458,1,1
2023HU0395329,5,458,1,1
2023HU0395350,1,237,3,1
2023HU0395350,2,79,3,1
2023HU0395378,1,501,4,1
2023HU0395378,2,501,4,1
2023HU0395465,1,412,2,1
2023HU0395465,2,412,2,1
2023HU0395465,3,412,2,1
2023HU0395465,4,412,2,1
2023HU0396050,1,501,1,1
2023HU0396050,2,501,1,1
2023HU0396543,1,256,3,1
2023HU0396582,1,126,3,1
2023HU0396582,2,126,3,1
2023HU0396635,1,501,3,1
2023HU0396635,2,501,3,1
2023HU0396889,1,99,3,1
2023HU0396889,2,99,3,1
2023HU0396937,1,77,3,1
2023HU0396937,2,77,3,1
2023HU0397013,1,264,3,1
2023HU0397013,2,264,3,1
2023HU0397055,1,162,3,1
2023HU0397055,2,162,3,1
2023HU0397055,3,162,3,1
2023HU0397055,4,162,3,1
2023HU0397118,1,12,1,1
2023HU0397223,1,501,1,1
2023HU0397223,2,501,1,1
2023HU0397264,1,78,3,1
2023HU0397264,2,78,3,1
2023HU0397264,3,78,3,1
2023HU0397264,4,78,3,1
2023HU0397362,1,10,1,1
2023HU0397370,1,431,2,1
2023HU0397370,2,431,2,1
2023HU0397388,1,438,3,1
2023HU0397388,2,438,3,1
2023HU0397388,3,438,3,1
2023HU0397410,1,20,3,1
2023HU0397410,2,42,3,1
2023HU0397423,1,248,1,1
2023HU0397423,2,248,1,1
2023HU0397865,1,472,4,1
2023HU0397865,2,472,4,1
2023HU0398045,1,102,3,1
2023HU0398045,2,102,3,1
2023HU0398121,1,452,3,1
2023HU0398151,1,249,1,1
2023HU0398151,2,57,1,1
2023HU0398355,1,91,3,1
2023HU0398701,1,134,3,1
2023HU0398893,1,336,1,1
2023HU0398893,2,336,1,1
2023HU0398893,3,336,1,1
2023HU0398893,4,336,1,1
2023HU0398893,5,336,1,1
2023HU0399014,1,293,2,1
2023HU0399014,2,293,2,1
2023HU0399014,3,293,2,1
2023HU0399014,4,293,2,1
2023HU0399014,5,293,2,1
2023HU0399014,6,293,2,1
2023HU0399071,1,356,1,1
2023HU0399071,2,388,1,1
2023HU0399655,1,0,3,1
2023HU0399655,2,0,3,1
2023HU0399655,3,0,3,1
2023HU0400110,1,310,3,1
2023HU0400110,2,310,3,1
2023HU0400110,3,310,3,1
2023HU0400110,4,310,3,1
2023HU0400145,1,201,3,1
2023HU0400145,2,201,3,1
2023HU0400145,3,201,3,1
2023HU0400145,4,201,3,1
2023HU0400145,5,201,3,1
2023HU0400145,6,201,3,1
2023HU0400440,1,486,1,1
2023HU0400440,2,486,1,1
2023HU0400440,3,486,1,1
2023HU0400440,4,486,1,1
2023HU0400454,1,121,3,1
2023HU0400454,2,121,3,1
2023HU0400454,3,121,3,1
2023HU0400454,4,121,3,1
2023HU0400514,1,501,2,1
2023HU0400514,2,501,2,1
2023HU0400651,1,492,1,1
2023HU0400651,2,492,1,1
2023HU0400751,1,266,1,1
2023HU0400751,2,266,1,1
2023HU0401030,1,241,3,1
2023HU0401030,2,241,3,1
2023HU0401246,1,40,3,1
2023HU0401246,2,270,3,1
2023HU0401387,1,313,3,1
2023HU0401497,1,46,3,1
2023HU0401643,1,444,2,1
2023HU0401643,2,444,2,1
2023HU0401662,1,501,2,1
2023HU0401662,2,501,2,1
2023HU0402190,1,375,2,1
2023HU0402190,2,375,2,1
2023HU0402190,3,375,2,1
2023HU0402390,1,281,1,1
2023HU0402390,2,133,1,1
2023HU0402390,3,281,1,1
2023HU0402431,1,324,2,1
2023HU0402812,1,326,3,1
2023HU0402812,2,501,3,1
2023HU0403100,1,501,1,1
2023HU0403100,2,501,1,1
2023HU0403182,1,361,2,1
2023HU0403182,2,361,2,1
2023HU0403182,3,361,2,1
2023HU0403188,1,377,2,1
2023HU0403188,2,377,2,1
2023HU0403188,3,377,2,1
2023HU0403188,4,377,2,1
2023HU0403218,1,318,3,1
2023HU0403324,1,501,3,1
2023HU0403324,2,501,3,1
2023HU0403324,3,501,3,1
2023HU0403324,4,501,3,1
2023HU0403485,1,223,1,1
2023HU0403496,1,252,1,1
2023HU0403496,2,252,1,1
2023HU0403651,1,58,2,1
2023HU0403651,2,436,2,1
2023HU0403788,1,167,3,1
2023HU0403989,1,251,2,1
2023HU0403989,2,251,2,1
2023HU0404207,1,501,1,1
2023HU0404207,2,501,1,1
2023HU0404293,1,501,2,1
2023HU0404293,2,495,2,1
2023HU0404658,1,97,1,1
2023HU0404658,2,97,1,1
2023HU0404658,3,97,1,1
2023HU0404658,4,97,1,1
2023HU0404658,5,97,1,1
2023HU0404658,6,97,1,1
2023HU0404658,7,97,1,1
2023HU0404658,8,97,1,1
2023HU0404939,1,105,3,1
2023HU0404939,2,78,3,1
2023HU0404939,3,105,3,1
2023HU0404939,4,105,3,1
2023HU0405051,1,102,1,1
2023HU0405051,2,224,1,1
2023HU0405051,3,102,1,1
2023HU0405051,4,102,1,1
2023HU0405201,1,0,3,1
2023HU0405216,1,501,3,1
2023HU0405407,1,385,3,1
2023HU0405407,2,385,3,1
2023HU0405407,3,385,3,1
2023HU0405407,4,385,3,1
2023HU0405407,5,385,3,1
2023HU0405438,1,501,3,1
2023HU0405807,1,501,2,1
2023HU0405807,2,501,2,1
2023HU0406022,1,501,2,1
2023HU0406022,2,501,2,1
2023HU0406022,3,501,2,1
2023HU0406070,1,264,2,1
2023HU0406070,2,264,2,1
2023HU0406070,3,264,2,1
2023HU0406070,4,264,2,1
2023HU0406130,1,131,2,1
2023HU0406356,1,169,2,1
2023HU0406356,2,169,2,1
2023HU0406356,3,169,2,1
2023HU0406356,4,169,2,1
2023HU0406356,5,169,2,1
2023HU0406486,1,501,2,1
2023HU0406486,2,501,2,1
2023HU0406486,3,501,2,1
2023HU0406486,4,501,2,1
2023HU0406563,1,425,1,1
2023HU0406563,2,425,1,1
2023HU0406563,3,425,1,1
2023HU0406563,4,425,1,1
2023HU0406853,1,216,2,1
2023HU0406957,1,84,3,1
2023HU0406957,2,84,3,1
2023HU0406957,3,84,3,1
2023HU0406957,4,84,3,1
2023HU0406957,5,84,3,1
2023HU0407104,1,84,3,1
2023HU0407104,2,84,3,1
2023HU0407104,3,84,3,1
2023HU0407104,4,84,3,1
2023HU0407104,5,84,3,1
2023HU0407332,1,156,2,1
2023HU0407332,2,156,2,1
2023HU0407700,1,140,2,1
2023HU0407700,2,115,2,1
2023HU0407779,1,341,3,1
2023HU0407779,2,341,3,1
2023HU0407779,3,341,3,1
2023HU0407779,4,341,3,1
2023HU0407779,5,341,3,1
2023HU0407828,1,501,1,1
2023HU0407828,2,278,1,1
2023HU0407942,1,107,1,1
2023HU0407942,2,52,1,1
2023HU0408038,1,501,2,1
2023HU0408038,2,501,2,1
2023HU0408038,3,501,2,1
2023HU0408069,1,315,3,1
2023HU0408192,1,109,1,1
2023HU0408192,2,109,1,1
2023HU0408268,1,423,3,1
2023HU0408268,2,423,3,1
2023HU0408268,3,423,3,1
2023HU0408268,4,423,3,1
2023HU0408268,5,423,3,1
2023HU0408309,1,178,2,1
2023HU0408309,2,178,2,1
2023HU0408520,1,307,2,1
2023HU0408691,1,193,3,1
2023HU0408691,2,193,3,1
2023HU0408691,3,193,3,1
2023HU0408698,1,497,1,1
2023HU0408698,2,497,1,1
2023HU0408698,3,497,1,1
2023HU0408698,4,497,1,1
2023HU0408698,5,497,1,1
2023HU0408708,1,501,2,1
2023HU0408708,2,501,2,1
2023HU0408753,1,141,3,1
2023HU0408753,2,141,3,1
2023HU0408755,1,50,3,1
2023HU0408755,2,128,3,1
2023HU0408755,3,50,3,1
2023HU0408755,4,50,3,1
2023HU0408755,5,50,3,1
2023HU0408755,6,50,3,1
2023HU0408755,7,50,3,1
2023HU0409090,1,237,2,1
2023HU0409090,2,237,2,1
2023HU0409259,1,251,2,1
2023HU0409291,1,211,1,1
2023HU0409291,2,211,1,1
2023HU0409291,3,211,1,1
2023HU0409291,4,211,1,1
2023HU0409291,5,211,1,1
2023HU0409325,1,501,1,1
2023HU0409325,2,501,1,1
2023HU0409360,1,69,3,1
2023HU0409360,2,144,3,1
2023HU0409360,3,69,3,1
2023HU0409461,1,501,2,1
2023HU0409461,2,501,2,1
2023HU0409629,1,439,2,1
2023HU0409629,2,439,2,1
2023HU0409848,1,112,2,1
2023HU0409848,2,112,2,1
2023HU0409848,3,112,2,1
2023HU0409848,4,112,2,1
2023HU0410121,1,107,4,1
2023HU0410172,1,148,1,1
2023HU0410194,1,164,1,1
2023HU0410194,2,164,1,1
2023HU0410194,3,164,1,1
2023HU0410194,4,164,1,1
2023HU0410227,1,176,1,1
2023HU0410227,2,176,1,1
2023HU0410227,3,176,1,1
2023HU0410227,4,176,1,1
2023HU0410291,1,501,2,1
2023HU0410291,2,501,2,1
2023HU0410291,3,501,2,1
2023HU0410291,4,501,2,1
2023HU0410291,5,501,2,1
2023HU0410483,1,125,3,1
2023HU0410483,2,125,3,1
2023HU0411125,1,110,1,1
2023HU0411125,2,501,1,1
2023HU0411125,3,110,1,1
2023HU0411125,4,110,1,1
2023HU0411286,1,206,3,1
2023HU0411286,2,205,3,1
2023HU0411450,1,261,1,1
2023HU0411486,1,204,3,1
2023HU0411486,2,204,3,1
2023HU0411717,1,501,1,1
2023HU0411979,1,501,3,1
2023HU0411979,2,501,3,1
2023HU0411979,3,501,3,1
2023HU0412546,1,141,2,1
2023HU0412546,2,140,2,1
2023HU0412546,3,127,2,1
2023HU0412739,1,322,1,1
2023HU0412739,2,322,1,1
2023HU0412739,3,322,1,1
2023HU0412739,4,322,1,1
2023HU0412739,5,322,1,1
2023HU0412739,6,322,1,1
2023HU0413444,1,413,1,1
2023HU0413444,2,413,1,1
2023HU0413511,1,307,3,1
2023HU0413511,2,307,3,1
2023HU0413511,3,307,3,1
2023HU0413511,4,307,3,1
2023HU0413511,5,307,3,1
2023HU0413711,1,501,2,1
2023HU0413711,2,501,2,1
2023HU0413905,1,501,2,1
2023HU0413905,2,501,2,1
2023HU0413905,3,501,2,1
2023HU0414258,1,174,3,1
2023HU0414258,2,174,3,1
2023HU0414258,3,174,3,1
2023HU0414258,4,174,3,1
2023HU0414374,1,257,3,1
2023HU0414374,2,257,3,1
2023HU0414451,1,229,3,1
2023HU0414475,1,145,3,1
2023HU0414475,2,145,3,1
2023HU0414898,1,0,3,1
2023HU0414975,1,288,1,1
2023HU0414975,2,288,1,1
2023HU0414975,3,288,1,1
2023HU0414982,1,173,3,1
2023HU0414982,2,173,3,1
2023HU0414982,3,173,3,1
2023HU0414982,4,173,3,1
2023HU0415084,1,140,2,1
2023HU0415084,2,140,2,1
2023HU0415483,1,385,2,1
2023HU0415483,2,385,2,1
2023HU0415483,3,385,2,1
2023HU0415561,1,398,1,1
2023HU0415561,2,398,1,1
2023HU0415561,3,398,1,1
2023HU0415625,1,192,3,1
2023HU0415625,2,501,3,1
2023HU0416003,1,143,2,1
2023HU0416003,2,143,2,1
2023HU0416209,1,470,1,1
2023HU0416311,1,429,2,1
2023HU0416311,2,429,2,1
2023HU0416487,1,175,3,1
2023HU0416487,2,175,3,1
2023HU0416487,3,175,3,1
2023HU0416487,4,175,3,1
2023HU0416489,1,501,2,1
2023HU0416489,2,501,2,1
2023HU0416489,3,501,2,1
2023HU0416656,1,285,1,1
2023HU0416666,1,160,3,1
2023HU0416666,2,160,3,1
2023HU0416681,1,321,1,1
2023HU0416681,2,321,1,1
2023HU0416681,3,321,1,1
2023HU0416758,1,303,1,1
2023HU0416758,2,303,1,1
2023HU0416853,1,227,3,1
2023HU0416853,2,227,3,1
2023HU0416853,3,227,3,1
2023HU0417173,1,501,2,1
2023HU0417173,2,501,2,1
2023HU0417173,3,501,2,1
2023HU0417173,4,501,2,1
2023HU0417173,5,501,2,1
2023HU0417335,1,501,3,1
2023HU0417335,2,501,3,1
2023HU0417335,3,501,3,1
2023HU0417335,4,501,3,1
2023HU0417450,1,265,3,1
2023HU0417450,2,0,3,1
2023HU0417450,3,265,3,1
2023HU0417450,4,265,3,1
2023HU0417450,5,265,3,1
2023HU0417637,1,1,3,1
2023HU0417637,2,1,3,1
2023HU0417637,3,1,3,1
2023HU0417637,4,1,3,1
2023HU0417637,5,1,3,1
2023HU0417637,6,1,3,1
2023HU0418433,1,99,2,1
2023HU0418497,1,421,3,1
2023HU0418497,2,421,3,1
2023HU0418497,3,421,3,1
2023HU0418666,1,501,3,1
2023HU0418682,1,177,2,1
2023HU0418682,2,126,2,1
2023HU0418682,3,177,2,1
2023HU0419048,1,501,1,1
2023HU0419048,2,501,1,1
2023HU0419234,1,501,1,1
2023HU0419234,2,501,1,1
2023HU0419234,3,501,1,1
2023HU0419234,4,501,1,1
2023HU0419241,1,192,2,1
2023HU0419241,2,192,2,1
2023HU0419525,1,501,3,1
2023HU0419525,2,501,3,1
2023HU0419525,3,501,3,1
2023HU0419525,4,501,3,1
2023HU0419557,1,475,1,1
2023HU0419557,2,475,1,1
2023HU0419625,1,61,3,1
2023HU0419625,2,61,3,1
2023HU0419625,3,61,3,1
2023HU0419625,4,61,3,1
2023HU0419625,5,61,3,1
2023HU0419654,1,117,2,1
2023HU0419654,2,117,2,1
2023HU0419654,3,117,2,1
2023HU0419654,4,117,2,1
2023HU0419896,1,501,1,1
2023HU0419896,2,501,1,1
2023HU0419896,3,501,1,1
2023HU0420141,1,209,1,1
2023HU0420364,1,159,1,1
2023HU0420436,1,247,3,1
2023HU0420549,1,205,2,1
2023HU0420549,2,205,2,1
2023HU0420549,3,205,2,1
2023HU0420549,4,205,2,1
2023HU0420757,1,147,3,1
2023HU0420757,2,147,3,1
2023HU0420757,3,147,3,1
2023HU0420757,4,147,3,1
2023HU0420948,1,461,3,1
2023HU0420948,2,278,3,1
2023HU0421041,1,217,2,1
2023HU0421041,2,217,2,1
2023HU0421047,1,122,3,1
2023HU0421047,2,130,3,1
2023HU0421047,3,122,3,1
2023HU0421072,1,223,3,1
2023HU0421103,1,210,3,1
2023HU0421103,2,210,3,1
2023HU0421103,3,210,3,1
2023HU0421103,4,210,3,1
2023HU0421103,5,210,3,1
2023HU0421223,1,232,1,1
2023HU0421238,1,95,2,1
2023HU0421238,2,95,2,1
2023HU0421293,1,241,2,1
2023HU0421293,2,241,2,1
2023HU0421293,3,241,2,1
2023HU0421293,4,241,2,1
2023HU0421293,5,241,2,1
2023HU0421293,6,241,2,1
2023HU0421293,7,225,2,1
2023HU0421439,1,68,3,1
2023HU0421439,2,68,3,1
2023HU0421998,1,80,2,1
2023HU0421998,2,80,2,1
2023HU0421998,3,80,2,1
2023HU0421998,4,80,2,1
2023HU0421998,5,80,2,1
2023HU0421998,6,80,2,1
2023HU0421998,7,80,2,1
2023HU0422534,1,501,2,1
2023HU0422534,2,501,2,1
2023HU0422534,3,501,2,1
2023HU0422678,1,115,1,1
2023HU0422678,2,115,1,1
2023HU0422678,3,115,1,1
2023HU0422678,4,115,1,1
2023HU0422715,1,498,1,1
2023HU0422715,2,498,1,1
2023HU0423280,1,223,1,1
2023HU0423418,1,372,1,1
2023HU0423418,2,243,1,1
2023HU0423418,3,198,1,1
2023HU0423480,1,352,1,1
2023HU0423480,2,6,1,1
2023HU0423480,3,0,1,1
2023HU0423552,1,469,4,1
2023HU0423552,2,469,4,1
2023HU0423552,3,469,4,1
2023HU0423865,1,385,1,1
2023HU0423865,2,385,1,1
2023HU0423865,3,385,1,1
2023HU0423954,1,42,3,1
2023HU0423954,2,42,3,1
2023HU0423954,3,42,3,1
2023HU0424255,1,199,3,1
2023HU0424255,2,199,3,1
2023HU0424255,3,199,3,1
2023HU0424255,4,199,3,1
2023HU0424255,5,199,3,1
2023HU0424285,1,501,2,1
2023HU0424285,2,501,2,1
2023HU0424285,3,501,2,1
2023HU0424346,1,195,3,1
2023HU0424346,2,195,3,1
2023HU0424346,3,195,3,1
2023HU0424346,4,195,3,1
2023HU0424346,5,195,3,1
2023HU0424377,1,501,2,1
2023HU0424377,2,501,2,1
2023HU0424542,1,319,3,1
2023HU0424615,1,348,3,1
2023HU0424615,2,348,3,1
2023HU0424615,3,348,3,1
2023HU0424744,1,5,3,1
2023HU0424744,2,5,3,1
2023HU0424744,3,5,3,1
2023HU0424744,4,5,3,1
2023HU0424801,1,394,1,1
2023HU0425018,1,501,1,1
2023HU0425299,1,501,3,1
2023HU0425299,2,501,3,1
2023HU0425299,3,501,3,1
2023HU0425299,4,501,3,1
2023HU0425372,1,501,2,1
2023HU0425971,1,149,1,1
2023HU0425971,2,149,1,1
2023HU0425971,3,156,1,1
2023HU0425971,4,161,1,1
2023HU0426014,1,481,3,1
2023HU0426014,2,481,3,1
2023HU0426059,1,66,2,1
2023HU0426262,1,501,2,1
2023HU0426262,2,501,2,1
2023HU0426311,1,326,1,1
2023HU0426311,2,501,1,1
2023HU0426311,3,326,1,1
2023HU0426311,4,326,1,1
2023HU0426311,5,326,1,1
2023HU0426311,6,326,1,1
2023HU0426398,1,266,3,1
2023HU0426398,2,266,3,1
2023HU0426401,1,501,2,1
2023HU0426401,2,501,2,1
2023HU0426401,3,501,2,1
2023HU0426433,1,501,2,1
2023HU0426433,2,501,2,1
2023HU0426433,3,501,2,1
2023HU0426433,4,501,2,1
2023HU0426433,5,501,2,1
2023HU0426433,6,501,2,1
2023HU0426472,1,107,3,1
2023HU0426796,1,260,2,1
2023HU0426796,2,177,2,1
2023HU0426796,3,91,2,1
2023HU0426796,4,76,2,1
2023HU0426841,1,0,2,1
2023HU0426841,2,0,2,1
2023HU0426924,1,501,2,1
2023HU0426988,1,501,1,1
2023HU0427018,1,245,3,1
2023HU0427018,2,245,3,1
2023HU0427126,1,501,1,1
2023HU0427126,2,501,1,1
2023HU0427126,3,64,1,1
2023HU0427352,1,301,1,1
2023HU0427352,2,301,1,1
2023HU0427884,1,142,2,1
2023HU0427884,2,142,2,1
2023HU0427884,3,142,2,1
2023HU0427884,4,142,2,1
2023HU0427884,5,142,2,1
2023HU0427884,6,142,2,1
2023HU0428083,1,225,1,1
2023HU0428083,2,172,1,1
2023HU0428301,1,167,3,1
2023HU0428301,2,167,3,1
2023HU0428301,3,167,3,1
2023HU0428301,4,167,3,1
2023HU0428301,5,167,3,1
2023HU0428355,1,216,1,1
2023HU0428355,2,216,1,1
2023HU0428355,3,216,1,1
2023HU0428355,4,216,1,1
2023HU0428355,5,216,1,1
2023HU0428355,6,216,1,1
2023HU0428596,1,68,3,1
2023HU0428661,1,501,2,1
2023HU0428661,2,501,2,1
2023HU0428726,1,501,1,1
2023HU0429090,1,501,1,1
2023HU0429090,2,501,1,1
2023HU0429090,3,501,1,1
2023HU0429090,4,501,1,1
2023HU0429129,1,201,1,1
2023HU0429188,1,501,2,1
2023HU0429188,2,501,2,1
2023HU0429524,1,501,1,1
2023HU0429524,2,501,1,1
2023HU0429598,1,501,1,1
2023HU0429598,2,139,1,1
2023HU0429598,3,501,1,1
2023HU0429739,1,501,1,1
2023HU0429739,2,0,1,1
2023HU0429837,1,306,1,1
2023HU0429837,2,306,1,1
2023HU0429837,3,306,1,1
2023HU0429837,4,306,1,1
2023HU0429837,5,64,1,1
2023HU0429977,1,501,3,1
2023HU0429977,2,501,3,1
2023HU0429977,3,501,3,1
2023HU0430030,1,501,1,1
2023HU0430030,2,501,1,1
2023HU0430030,3,501,1,1
2023HU0430030,4,501,1,1
2023HU0430052,1,0,3,1
2023HU0430052,2,0,3,1
2023HU0430052,3,0,3,1
2023HU0430070,1,152,2,1
2023HU0430113,1,501,1,1
2023HU0430113,2,501,1,1
2023HU0430113,3,501,1,1
2023HU0430438,1,495,1,1
2023HU0430438,2,495,1,1
2023HU0430448,1,239,1,1
2023HU0430448,2,239,1,1
2023HU0431068,1,404,1,1
2023HU0431068,2,404,1,1
2023HU0431098,1,449,1,1
2023HU0431098,2,449,1,1
2023HU0431098,3,449,1,1
2023HU0431098,4,449,1,1
2023HU0431250,1,464,1,1
2023HU0431250,2,19,1,1
2023HU0431250,3,464,1,1
2023HU0431454,1,501,1,1
2023HU0431454,2,501,1,1
2023HU0431454,3,501,1,1
2023HU0431454,4,501,1,1
2023HU0431498,1,501,1,1
2023HU0431498,2,501,1,1
2023HU0431586,1,501,3,1
2023HU0431586,2,501,3,1
2023HU0431658,1,501,1,1
2023HU0431658,2,501,1,1
2023HU0431658,3,501,1,1
2023HU0431667,1,501,2,1
2023HU0431667,2,501,2,1
2023HU0431874,1,242,1,1
2023HU0431899,1,272,3,1
2023HU0432176,1,501,2,1
2023HU0432176,2,501,2,1
2023HU0432462,1,501,2,1
2023HU0432462,2,501,2,1
2023HU0432462,3,501,2,1
2023HU0432462,4,501,2,1
2023HU0432525,1,501,1,1
2023HU0432525,2,501,1,1
2023HU0432525,3,501,1,1
2023HU0432555,1,501,1,1
2023HU0432555,2,501,1,1
2023HU0432555,3,501,1,1
2023HU0432621,1,501,3,1
2023HU0432835,1,501,2,1
2023HU0432835,2,501,2,1
2023HU0432835,3,501,2,1
2023HU0433255,1,108,3,1
2023HU0433315,1,470,1,1
2023HU0433315,2,307,1,1
2023HU0433329,1,501,3,1
2023HU0433329,2,501,3,1
2023HU0433329,3,501,3,1
2023HU0433337,1,335,1,1
2023HU0433337,2,335,1,1
2023HU0433337,3,335,1,1
2023HU0433395,1,501,1,1
2023HU0433395,2,501,1,1
2023HU0433395,3,501,1,1
2023HU0433395,4,501,1,1
2023HU0433556,1,106,3,1
2023HU0433556,2,135,3,1
2023HU0433792,1,501,2,1
2023HU0433792,2,501,2,1
2023HU0434026,1,324,3,1
2023HU0434026,2,173,3,1
2023HU0434085,1,425,2,1
2023HU0434085,2,425,2,1
2023HU0434085,3,425,2,1
2023HU0434085,4,425,2,1
2023HU0434085,5,425,2,1
2023HU0434113,1,42,1,1
2023HU0434206,1,152,1,1
2023HU0434366,1,501,3,1
2023HU0434366,2,0,3,1
2023HU0434490,1,501,1,1
2023HU0434490,2,501,1,1
2023HU0434490,3,501,1,1
2023HU0434490,4,501,1,1
2023HU0434654,1,501,2,1
2023HU0434654,2,501,2,1
2023HU0434744,1,360,1,1
2023HU0434744,2,360,1,1
2023HU0434744,3,360,1,1
2023HU0434744,4,360,1,1
2023HU0434893,1,296,1,1
2023HU0434893,2,427,1,1
2023HU0435033,1,136,3,1
2023HU0435033,2,136,3,1
2023HU0435151,1,272,3,1
2023HU0435151,2,272,3,1
2023HU0435151,3,272,3,1
2023HU0435245,1,294,2,1
2023HU0435245,2,294,2,1
2023HU0435245,3,294,2,1
2023HU0435245,4,294,2,1
2023HU0435269,1,336,3,1
2023HU0435269,2,336,3,1
2023HU0435269,3,336,3,1
2023HU0435269,4,336,3,1
2023HU0435269,5,336,3,1
2023HU0436128,1,501,1,1
2023HU0436128,2,501,1,1
2023HU0436128,3,501,1,1
2023HU0436128,4,501,1,1
2023HU0436128,5,501,1,1
2023HU0436204,1,191,2,1
2023HU0436552,1,239,1,1
2023HU0436552,2,239,1,1
2023HU0436552,3,49,1,1
2023HU0436552,4,126,1,1
2023HU0436723,1,99,3,1
2023HU0436723,2,99,3,1
2023HU0436935,1,501,2,1
2023HU0436935,2,501,2,1
2023HU0436950,1,501,1,1
2023HU0436950,2,501,1,1
2023HU0436978,1,72,3,1
2023HU0436978,2,114,3,1
2023HU0437261,1,501,3,1
2023HU0437369,1,501,2,1
2023HU0437369,2,501,2,1
2023HU0437473,1,34,3,1
2023HU0437473,2,34,3,1
2023HU0437512,1,49,3,1
2023HU0437512,2,49,3,1
2023HU0437715,1,501,2,1
2023HU0437715,2,501,2,1
2023HU0437715,3,501,2,1
2023HU0437715,4,501,2,1
2023HU0437743,1,108,3,1
2023HU0437743,2,108,3,1
2023HU0438389,1,501,1,1
2023HU0438389,2,501,1,1
2023HU0438607,1,501,3,1
2023HU0438607,2,501,3,1
2023HU0438607,3,501,3,1
2023HU0438607,4,501,3,1
2023HU0438896,1,172,3,1
2023HU0438896,2,172,3,1
2023HU0438896,3,172,3,1
2023HU0439025,1,501,3,1
2023HU0439176,1,92,2,1
2023HU0439176,2,118,2,1
2023HU0439176,3,4,2,1
2023HU0439176,4,0,2,1
2023HU0439176,5,195,2,1
2023HU0439216,1,163,3,1
2023HU0439216,2,163,3,1
2023HU0439216,3,163,3,1
2023HU0439216,4,163,3,1
2023HU0439216,5,163,3,1
2023HU0439476,1,81,1,1
2023HU0439476,2,81,1,1
2023HU0439562,1,501,4,1
2023HU0439612,1,243,3,1
2023HU0439612,2,243,3,1
2023HU0439612,3,243,3,1
2023HU0439638,1,229,3,1
2023HU0439783,1,480,2,1
2023HU0439783,2,480,2,1
2023HU0439793,1,446,1,1
2023HU0439793,2,446,1,1
2023HU0439793,3,446,1,1
2023HU0439793,4,446,1,1
2023HU0439793,5,446,1,1
2023HU0439793,6,446,1,1
2023HU0439793,7,446,1,1
2023HU0440265,1,48,3,1
2023HU0440265,2,48,3,1
2023HU0440524,1,501,2,1
2023HU0440524,2,501,2,1
2023HU0440593,1,153,1,1
2023HU0440593,2,153,1,1
2023HU0440593,3,153,1,1
2023HU0440593,4,153,1,1
2023HU0440593,5,153,1,1
2023HU0440665,1,148,2,1
2023HU0440665,2,148,2,1
2023HU0440665,3,148,2,1
2023HU0440678,1,110,3,1
2023HU0441104,1,501,1,1
2023HU0441104,2,501,1,1
2023HU0441241,1,501,3,1
2023HU0441271,1,501,2,1
2023HU0441271,2,501,2,1
2023HU0441502,1,119,4,1
2023HU0441502,2,119,4,1
2023HU0441616,1,148,4,1
2023HU0441616,2,148,4,1
2023HU0441709,1,195,2,1
2023HU0441709,2,195,2,1
2023HU0441979,1,182,2,1
2023HU0441979,2,182,2,1
2023HU0441979,3,182,2,1
2023HU0442037,1,83,3,1
2023HU0442037,2,83,3,1
2023HU0442037,3,83,3,1
2023HU0442059,1,231,2,1
2023HU0442059,2,231,2,1
2023HU0442059,3,231,2,1
2023HU0442059,4,231,2,1
2023HU0442341,1,214,2,1
2023HU0442341,2,319,2,1
2023HU0442341,3,214,2,1
2023HU0442341,4,214,2,1
2023HU0442723,1,422,1,1
2023HU0442723,2,422,1,1
2023HU0442723,3,422,1,1
2023HU0442723,4,422,1,1
2023HU0443107,1,501,3,1
2023HU0443107,2,127,3,1
2023HU0443281,1,364,1,1
2023HU0443281,2,364,1,1
2023HU0443281,3,364,1,1
2023HU0443281,4,364,1,1
2023HU0443281,5,364,1,1
2023HU0443324,1,254,3,1
2023HU0443324,2,254,3,1
2023HU0443324,3,254,3,1
2023HU0443324,4,254,3,1
2023HU0443377,1,177,1,1
2023HU0443377,2,258,1,1
2023HU0443377,3,177,1,1
2023HU0443425,1,71,3,1
2023HU0443679,1,337,2,1
2023HU0443679,2,337,2,1
2023HU0443688,1,501,1,1
2023HU0443688,2,501,1,1
2023HU0443688,3,501,1,1
2023HU0443857,1,228,4,1
2023HU0443859,1,501,1,1
2023HU0443859,2,501,1,1
2023HU0443879,1,501,2,1
2023HU0443879,2,501,2,1
2023HU0443879,3,501,2,1
2023HU0443965,1,392,1,1
2023HU0443965,2,392,1,1
2023HU0443965,3,392,1,1
2023HU0444050,1,167,3,1
2023HU0444068,1,501,1,1
2023HU0444068,2,501,1,1
2023HU0444068,3,501,1,1
2023HU0444110,1,56,3,1
2023HU0444182,1,167,1,1
2023HU0444182,2,167,1,1
2023HU0444182,3,167,1,1
2023HU0444182,4,167,1,1
2023HU0444182,5,167,1,1
2023HU0444256,1,250,3,1
2023HU0444256,2,250,3,1
2023HU0444256,3,250,3,1
2023HU0444256,4,250,3,1
2023HU0444274,1,301,3,1
2023HU0444274,2,301,3,1
2023HU0444319,1,141,1,1
2023HU0444319,2,141,1,1
2023HU0444432,1,426,1,1
2023HU0444432,2,426,1,1
2023HU0444497,1,347,3,1
2023HU0444497,2,347,3,1
2023HU0444497,3,347,3,1
2023HU0444523,1,433,1,1
2023HU0444523,2,433,1,1
2023HU0444523,3,433,1,1
2023HU0444780,1,33,1,1
2023HU0444780,2,254,1,1
2023HU0444877,1,501,2,1
2023HU0444877,2,501,2,1
2023HU0445130,1,501,1,1
2023HU0445130,2,501,1,1
2023HU0445130,3,501,1,1
2023HU0445130,4,501,1,1
2023HU0445269,1,501,1,1
2023HU0445269,2,501,1,1
2023HU0445284,1,501,1,1
2023HU0445284,2,501,1,1
2023HU0445284,3,501,1,1
2023HU0445345,1,143,1,1
2023HU0445345,2,143,1,1
2023HU0445345,3,143,1,1
2023HU0445345,4,143,1,1
2023HU0445345,5,143,1,1
2023HU0445768,1,459,3,1
2023HU0445782,1,28,2,1
2023HU0445792,1,354,2,1
2023HU0446149,1,302,1,1
2023HU0446149,2,302,1,1
2023HU0446353,1,126,2,1
2023HU0446381,1,245,3,1
2023HU0446381,2,245,3,1
2023HU0446411,1,274,3,1
2023HU0446411,2,274,3,1
2023HU0446775,1,112,2,1
2023HU0446776,1,501,1,1
2023HU0446844,1,132,2,1
2023HU0447099,1,501,1,1
2023HU0447099,2,501,1,1
2023HU0447099,3,501,1,1
2023HU0447148,1,431,3,1
2023HU0447148,2,431,3,1
2023HU0447148,3,431,3,1
2023HU0447148,4,431,3,1
2023HU0447303,1,501,1,1
2023HU0447303,2,501,1,1
2023HU0447303,3,501,1,1
2023HU0447326,1,501,2,1
2023HU0447720,1,300,1,1
2023HU0447720,2,300,1,1
2023HU0447720,3,300,1,1
2023HU0447720,4,300,1,1
2023HU0447985,1,196,2,1
2023HU0447985,2,196,2,1
2023HU0448109,1,501,3,1
2023HU0448162,1,430,2,1
2023HU0448162,2,430,2,1
2023HU0448186,1,209,1,1
2023HU0448333,1,300,1,1
2023HU0448333,2,300,1,1
2023HU0448333,3,300,1,1
2023HU0448398,1,102,1,1
2023HU0448403,1,314,3,1
2023HU0448403,2,314,3,1
2023HU0448403,3,314,3,1
2023HU0448403,4,314,3,1
2023HU0448648,1,160,2,1
2023HU0448648,2,160,2,1
2023HU0448648,3,160,2,1
2023HU0448648,4,160,2,1
2023HU0448648,5,160,2,1
2023HU0448651,1,501,3,1
2023HU0448651,2,501,3,1
2023HU0448664,1,99,3,1
2023HU0448664,2,162,3,1
2023HU0448664,3,99,3,1
2023HU0448664,4,99,3,1
2023HU0448664,5,99,3,1
2023HU0448734,1,232,2,1
2023HU0448734,2,232,2,1
2023HU0448993,1,180,3,1
2023HU0448993,2,180,3,1
2023HU0448993,3,180,3,1
2023HU0449042,1,489,1,1
2023HU0449042,2,489,1,1
2023HU0449042,3,489,1,1
2023HU0449042,4,366,1,1
2023HU0449051,1,99,2,1
2023HU0449095,1,501,1,1
2023HU0449476,1,184,3,1
2023HU0449476,2,184,3,1
2023HU0449476,3,184,3,1
2023HU0449476,4,184,3,1
2023HU0449476,5,184,3,1
2023HU0449476,6,184,3,1
2023HU0449476,7,184,3,1
2023HU0449506,1,348,1,1
2023HU0449506,2,348,1,1
2023HU0449506,3,348,1,1
2023HU0449506,4,348,1,1
2023HU0449506,5,348,1,1
2023HU0449691,1,454,3,1
2023HU0450010,1,122,2,1
2023HU0450010,2,15,2,1
2023HU0450010,3,122,2,1
2023HU0450036,1,128,3,1
2023HU0450113,1,501,1,1
2023HU0450113,2,501,1,1
2023HU0450113,3,501,1,1
2023HU0450113,4,501,1,1
2023HU0450115,1,47,2,1
2023HU0450115,2,47,2,1
2023HU0450115,3,47,2,1
2023HU0450115,4,47,2,1
2023HU0450204,1,423,3,1
2023HU0450218,1,264,3,1
2023HU0450380,1,90,3,1
2023HU0450431,1,501,2,1
2023HU0450431,2,501,2,1
2023HU0450431,3,501,2,1
2023HU0450431,4,501,2,1
2023HU0450442,1,191,3,1
2023HU0450442,2,191,3,1
2023HU0450442,3,191,3,1
2023HU0450442,4,191,3,1
2023HU0450500,1,501,1,1
2023HU0450500,2,501,1,1
2023HU0450625,1,202,3,1
2023HU0450625,2,202,3,1
2023HU0450625,3,202,3,1
2023HU0450625,4,202,3,1
2023HU0450625,5,202,3,1
2023HU0450653,1,117,1,1
2023HU0450653,2,98,1,1
2023HU0450797,1,173,3,1
2023HU0450797,2,173,3,1
2023HU0450797,3,173,3,1
2023HU0450818,1,501,1,1
2023HU0450818,2,501,1,1
2023HU0450818,3,501,1,1
2023HU0450889,1,501,3,1
2023HU0450889,2,501,3,1
2023HU0450889,3,501,3,1
2023HU0450896,1,501,2,1
2023HU0451254,1,501,1,1
2023HU0451254,2,501,1,1
2023HU0451254,3,501,1,1
2023HU0451254,4,501,1,1
2023HU0451254,5,501,1,1
2023HU0451519,1,454,2,1
2023HU0451519,2,133,2,1
2023HU0451519,3,454,2,1
2023HU0451519,4,454,2,1
2023HU0451544,1,501,2,1
2023HU0451741,1,501,1,1
2023HU0451741,2,501,1,1
2023HU0451931,1,501,2,1
2023HU0451931,2,501,2,1
2023HU0451931,3,501,2,1
2023HU0451931,4,501,2,1
2023HU0452186,1,468,1,1
2023HU0452186,2,468,1,1
2023HU0452186,3,468,1,1
2023HU0452186,4,468,1,1
2023HU0452292,1,197,1,1
2023HU0452292,2,197,1,1
2023HU0452292,3,197,1,1
2023HU0452292,4,197,1,1
2023HU0452470,1,270,3,1
2023HU0452470,2,270,3,1
2023HU0452676,1,479,1,1
2023HU0452676,2,479,1,1
2023HU0452699,1,501,3,1
2023HU0452699,2,501,3,1
2023HU0452699,3,501,3,1
2023HU0452720,1,501,1,1
2023HU0452720,2,501,1,1
2023HU0452720,3,501,1,1
2023HU0453061,1,188,2,1
2023HU0453061,2,188,2,1
2023HU0453061,3,188,2,1
2023HU0453061,4,188,2,1
2023HU0453061,5,188,2,1
2023HU0453061,6,266,2,1
2023HU0453337,1,501,1,1
2023HU0453337,2,501,1,1
2023HU0453337,3,501,1,1
2023HU0453548,1,351,3,1
2023HU0453548,2,351,3,1
2023HU0453548,3,351,3,1
2023HU0453548,4,351,3,1
2023HU0453548,5,351,3,1
2023HU0453548,6,223,3,1
2023HU0453607,1,501,2,1
2023HU0453607,2,501,2,1
2023HU0453645,1,90,1,1
2023HU0453645,2,90,1,1
2023HU0453645,3,90,1,1
2023HU0453645,4,90,1,1
2023HU0453832,1,501,3,1
2023HU0454110,1,323,1,1
2023HU0454110,2,323,1,1
2023HU0454110,3,323,1,1
2023HU0454110,4,323,1,1
2023HU0454110,5,323,1,1
2023HU0454110,6,69,1,1
2023HU0454110,7,63,1,1
2023HU0454120,1,309,3,1
2023HU0454120,2,309,3,1
2023HU0454120,3,309,3,1
2023HU0454329,1,501,1,1
2023HU0454404,1,501,1,1
2023HU0454428,1,501,2,1
2023HU0454428,2,501,2,1
2023HU0454505,1,501,2,1
2023HU0454505,2,501,2,1
2023HU0454509,1,97,2,1
2023HU0454636,1,501,2,1
2023HU0454636,2,501,2,1
2023HU0454636,3,501,2,1
2023HU0454636,4,501,2,1
2023HU0454636,5,501,2,1
2023HU0454767,1,159,2,1
2023HU0454767,2,159,2,1
2023HU0454789,1,336,1,1
2023HU0454789,2,336,1,1
2023HU0454863,1,255,2,1
2023HU0454933,1,501,1,1
2023HU0454933,2,501,1,1
2023HU0454933,3,501,1,1
2023HU0454933,4,501,1,1
2023HU0454933,5,501,1,1
2023HU0454933,6,501,1,1
2023HU0454982,1,449,1,1
2023HU0454982,2,449,1,1
2023HU0454982,3,449,1,1
2023HU0454982,4,449,1,1
2023HU0455047,1,17,1,1
2023HU0455047,2,17,1,1
2023HU0455047,3,17,1,1
2023HU0455047,4,17,1,1
2023HU0455047,5,17,1,1
2023HU0455055,1,501,2,1
2023HU0455055,2,501,2,1
2023HU0455228,1,146,1,1
2023HU0455228,2,146,1,1
2023HU0455228,3,146,1,1
2023HU0455228,4,146,1,1
2023HU0455228,5,146,1,1
2023HU0455228,6,146,1,1
2023HU0455228,7,146,1,1
2023HU0455228,8,146,1,1
2023HU0455228,9,146,1,1
2023HU0455228,10,146,1,1
2023HU0455510,1,383,2,1
2023HU0455510,2,383,2,1
2023HU0455510,3,383,2,1
2023HU0455561,1,474,1,1
2023HU0455561,2,474,1,1
2023HU0455561,3,474,1,1
2023HU0455561,4,474,1,1
2023HU0455561,5,0,1,1
2023HU0455663,1,126,3,1
2023HU0455663,2,126,3,1
2023HU0455663,3,126,3,1
2023HU0455663,4,209,3,1
2023HU0455912,1,501,1,1
2023HU0455912,2,501,1,1
2023HU0456108,1,130,1,1
2023HU0456108,2,501,1,1
2023HU0456378,1,93,2,1
2023HU0456408,1,192,3,1
2023HU0456408,2,186,3,1
2023HU0456408,3,128,3,1
2023HU0456408,4,0,3,1
2023HU0456454,1,153,1,1
2023HU0456454,2,153,1,1
2023HU0456454,3,153,1,1
2023HU0456454,4,153,1,1
2023HU0456454,5,153,1,1
2023HU0456454,6,153,1,1
2023HU0456636,1,166,3,1
2023HU0456636,2,166,3,1
2023HU0456636,3,166,3,1
2023HU0456636,4,166,3,1
2023HU0456644,1,171,2,1
2023HU0456644,2,171,2,1
2023HU0456644,3,171,2,1
2023HU0456644,4,171,2,1
2023HU0456686,1,204,3,1
2023HU0456741,1,326,1,1
2023HU0456741,2,66,1,1
2023HU0456777,1,256,1,1
2023HU0456946,1,232,1,1
2023HU0456946,2,232,1,1
2023HU0456946,3,232,1,1
2023HU0456946,4,232,1,1
2023HU0457046,1,501,1,1
2023HU0457046,2,501,1,1
2023HU0457046,3,501,1,1
2023HU0457046,4,501,1,1
2023HU0457092,1,140,1,1
2023HU0457092,2,140,1,1
2023HU0457180,1,449,3,1
2023HU0457180,2,256,3,1
2023HU0457341,1,246,3,1
2023HU0457341,2,246,3,1
2023HU0457341,3,246,3,1
2023HU0457341,4,246,3,1
2023HU0457341,5,246,3,1
2023HU0457578,1,125,3,1
2023HU0457706,1,0,2,1
2023HU0457706,2,0,2,1
2023HU0457706,3,0,2,1
2023HU0457752,1,501,1,1
2023HU0457752,2,130,1,1
2023HU0457752,3,501,1,1
2023HU0457771,1,501,2,1
2023HU0457771,2,501,2,1
2023HU0458191,1,346,2,1
2023HU0458204,1,57,3,1
2023HU0458204,2,368,3,1
2023HU0458204,3,57,3,1
2023HU0458204,4,57,3,1
2023HU0458443,1,58,2,1
2023HU0458608,1,232,2,1
2023HU0458608,2,232,2,1
2023HU0458822,1,256,2,1
2023HU0458822,2,256,2,1
2023HU0458822,3,256,2,1
2023HU0458822,4,256,2,1
2023HU0458822,5,256,2,1
2023HU0458946,1,501,2,1
2023HU0459171,1,19,3,1
2023HU0459171,2,257,3,1
2023HU0459226,1,318,3,1
2023HU0459226,2,318,3,1
2023HU0459317,1,224,1,1
2023HU0459332,1,501,2,1
2023HU0459332,2,501,2,1
2023HU0459332,3,501,2,1
2023HU0459489,1,96,2,1
2023HU0459489,2,96,2,1
2023HU0459499,1,485,2,1
2023HU0459499,2,485,2,1
2023HU0459949,1,78,3,1
2023HU0459954,1,501,3,1
2023HU0460041,1,84,2,1
2023HU0460284,1,380,1,1
2023HU0460284,2,380,1,1
2023HU0460284,3,380,1,1
2023HU0460345,1,292,3,1
2023HU0460345,2,292,3,1
2023HU0460481,1,501,1,1
2023HU0460753,1,437,1,1
2023HU0460753,2,437,1,1
2023HU0460753,3,437,1,1
2023HU0460753,4,437,1,1
2023HU0460753,5,437,1,1
2023HU0460779,1,165,2,1
2023HU0460779,2,165,2,1
2023HU0460779,3,165,2,1
2023HU0460779,4,165,2,1
2023HU0460779,5,165,2,1
2023HU0460984,1,243,2,1
2023HU0461073,1,66,3,1
2023HU0461073,2,114,3,1
2023HU0461073,3,66,3,1
2023HU0461118,1,441,1,1
2023HU0461118,2,441,1,1
2023HU0461118,3,441,1,1
2023HU0461243,1,38,3,1
2023HU0461243,2,0,3,1
2023HU0461362,1,136,1,1
2023HU0461362,2,240,1,1
2023HU0461362,3,237,1,1
2023HU0461372,1,501,3,1
2023HU0461512,1,310,2,1
2023HU0461512,2,310,2,1
2023HU0461970,1,501,2,1
2023HU0461970,2,501,2,1
2023HU0462024,1,501,1,1
2023HU0462024,2,501,1,1
2023HU0462024,3,501,1,1
2023HU0462024,4,501,1,1
2023HU0462132,1,193,2,1
2023HU0462132,2,193,2,1
2023HU0462316,1,501,3,1
2023HU0462321,1,91,3,1
2023HU0462576,1,166,3,1
2023HU0462576,2,129,3,1
2023HU0462576,3,166,3,1
2023HU0462769,1,343,2,1
2023HU0462769,2,343,2,1
2023HU0462769,3,343,2,1
2023HU0462769,4,343,2,1
2023HU0462769,5,343,2,1
2023HU0462769,6,0,2,1
2023HU0462860,1,289,2,1
2023HU0462860,2,289,2,1
2023HU0463129,1,404,1,1
2023HU0463129,2,404,1,1
2023HU0463129,3,404,1,1
2023HU0463129,4,404,1,1
2023HU0463202,1,200,2,1
2023HU0463202,2,200,2,1
2023HU0463202,3,200,2,1
2023HU0463228,1,156,3,1
2023HU0463228,2,156,3,1
2023HU0463228,3,156,3,1
2023HU0463808,1,501,1,1
2023HU0463808,2,501,1,1
2023HU0463808,3,501,1,1
2023HU0463808,4,501,1,1
2023HU0463887,1,501,1,1
2023HU0463887,2,501,1,1
2023HU0463887,3,501,1,1
2023HU0463887,4,501,1,1
2023HU0463954,1,21,3,1
2023HU0463954,2,21,3,1
2023HU0463954,3,21,3,1
2023HU0463954,4,21,3,1
2023HU0463983,1,283,4,1
2023HU0463983,2,283,4,1
2023HU0463983,3,283,4,1
2023HU0464146,1,344,4,1
2023HU0464146,2,115,4,1
2023HU0464146,3,344,4,1
2023HU0464405,1,296,3,1
2023HU0464405,2,296,3,1
2023HU0464493,1,501,1,1
2023HU0464493,2,501,1,1
2023HU0464493,3,501,1,1
2023HU0464493,4,501,1,1
2023HU0464493,5,501,1,1
2023HU0464751,1,121,2,1
2023HU0464764,1,501,1,1
2023HU0464764,2,501,1,1
2023HU0464764,3,501,1,1
2023HU0465053,1,501,2,1
2023HU0465163,1,501,3,1
2023HU0465163,2,127,3,1
2023HU0465337,1,118,3,1
2023HU0465337,2,118,3,1
2023HU0465337,3,118,3,1
2023HU0465337,4,118,3,1
2023HU0465337,5,118,3,1
2023HU0465441,1,238,1,1
2023HU0465441,2,238,1,1
2023HU0465441,3,238,1,1
2023HU0465652,1,501,2,1
2023HU0465652,2,501,2,1
2023HU0465652,3,501,2,1
2023HU0465826,1,501,3,1
2023HU0465826,2,501,3,1
2023HU0466009,1,501,1,1
2023HU0466009,2,501,1,1
2023HU0466009,3,501,1,1
2023HU0466009,4,501,1,1
2023HU0466172,1,114,3,1
2023HU0466172,2,114,3,1
2023HU0466172,3,114,3,1
2023HU0466438,1,501,2,1
2023HU0466438,2,501,2,1
2023HU0466550,1,343,1,1
2023HU0466660,1,181,2,1
2023HU0466669,1,470,1,1
2023HU0466669,2,470,1,1
2023HU0466827,1,258,1,1
2023HU0467077,1,501,3,1
2023HU0467090,1,363,3,1
2023HU0467090,2,363,3,1
2023HU0467198,1,71,3,1
2023HU0467650,1,121,2,1
2023HU0467650,2,121,2,1
2023HU0467650,3,121,2,1
2023HU0467762,1,501,2,1
2023HU0467762,2,501,2,1
2023HU0467762,3,501,2,1
2023HU0467841,1,501,3,1
2023HU0467841,2,501,3,1
2023HU0467841,3,501,3,1
2023HU0467841,4,501,3,1
2023HU0467870,1,388,3,1
2023HU0467870,2,388,3,1
2023HU0467870,3,388,3,1
2023HU0467870,4,388,3,1
2023HU0467982,1,501,2,1
2023HU0467982,2,501,2,1
2023HU0468144,1,501,2,1
2023HU0468144,2,501,2,1
2023HU0468250,1,69,2,1
2023HU0468347,1,446,3,1
2023HU0468355,1,501,1,1
2023HU0468355,2,501,1,1
2023HU0468442,1,501,2,1
2023HU0468442,2,501,2,1
2023HU0468495,1,247,1,1
2023HU0468495,2,449,1,1
2023HU0468495,3,247,1,1
2023HU0468495,4,247,1,1
2023HU0468495,5,247,1,1
2023HU0468755,1,191,3,1
2023HU0468755,2,191,3,1
2023HU0468755,3,191,3,1
2023HU0468770,1,212,2,1
2023HU0468770,2,212,2,1
2023HU0468770,3,212,2,1
2023HU0469311,1,286,1,1
2023HU0469315,1,360,3,1
2023HU0469315,2,360,3,1
2023HU0469500,1,17,3,1
2023HU0469500,2,17,3,1
2023HU0469500,3,17,3,1
2023HU0469500,4,17,3,1
2023HU0469854,1,295,3,1
2023HU0469854,2,295,3,1
2023HU0469934,1,180,1,1
2023HU0470125,1,144,3,1
2023HU0470280,1,155,2,1
2023HU0470397,1,360,1,1
2023HU0470397,2,360,1,1
2023HU0470397,3,360,1,1
2023HU0470397,4,360,1,1
2023HU0470397,5,360,1,1
2023HU0470422,1,175,2,1
2023HU0470422,2,175,2,1
2023HU0470939,1,501,2,1
2023HU0471016,1,501,1,1
2023HU0471016,2,501,1,1
2023HU0471016,3,501,1,1
2023HU0471114,1,501,1,1
2023HU0471114,2,501,1,1
2023HU0471114,3,501,1,1
2023HU0471323,1,501,1,1
2023HU0471323,2,501,1,1
2023HU0471691,1,383,1,1
2023HU0471691,2,383,1,1
2023HU0471709,1,501,1,1
2023HU0471709,2,501,1,1
2023HU0471709,3,501,1,1
2023HU0471840,1,35,3,1
2023HU0471840,2,35,3,1
2023HU0471840,3,35,3,1
2023HU0471907,1,501,3,1
2023HU0471907,2,0,3,1
2023HU0472245,1,501,2,1
2023HU0472245,2,501,2,1
2023HU0472416,1,102,3,1
2023HU0472616,1,114,3,1
2023HU0472800,1,245,3,1
2023HU0472800,2,245,3,1
2023HU0472913,1,334,3,1
2023HU0473088,1,165,1,1
2023HU0473088,2,165,1,1
2023HU0473088,3,165,1,1
2023HU0473088,4,165,1,1
2023HU0473088,5,0,1,1
2023HU0473160,1,353,1,1
2023HU0473160,2,353,1,1
2023HU0473160,3,353,1,1
2023HU0473160,4,353,1,1
2023HU0473289,1,414,3,1
2023HU0473289,2,414,3,1
2023HU0473351,1,501,1,1
2023HU0473351,2,501,1,1
2023HU0473351,3,501,1,1
2023HU0473398,1,283,3,1
2023HU0473398,2,283,3,1
2023HU0473398,3,283,3,1
2023HU0473398,4,283,3,1
2023HU0473401,1,312,3,1
2023HU0473401,2,312,3,1
2023HU0473401,3,312,3,1
2023HU0473401,4,312,3,1
2023HU0473861,1,271,1,1
2023HU0473861,2,271,1,1
2023HU0473861,3,271,1,1
2023HU0473861,4,271,1,1
2023HU0473861,5,271,1,1
2023HU0474007,1,76,3,1
2023HU0474561,1,287,3,1
2023HU0474561,2,287,3,1
2023HU0474561,3,287,3,1
2023HU0474561,4,287,3,1
2023HU0474561,5,287,3,1
2023HU0474561,6,287,3,1
2023HU0474725,1,464,2,1
2023HU0474725,2,464,2,1
2023HU0474755,1,247,1,1
2023HU0474755,2,247,1,1
2023HU0474755,3,247,1,1
2023HU0474755,4,247,1,1
2023HU0475043,1,164,2,1
2023HU0475336,1,379,1,1
2023HU0475336,2,405,1,1
2023HU0475336,3,379,1,1
2023HU0475336,4,379,1,1
2023HU0475379,1,167,3,1
2023HU0475379,2,167,3,1
2023HU0475505,1,435,3,1
2023HU0475859,1,501,1,1
2023HU0475859,2,501,1,1
2023HU0475859,3,501,1,1
2023HU0475859,4,501,1,1
2023HU0475859,5,501,1,1
2023HU0476073,1,431,1,1
2023HU0476268,1,112,3,1
2023HU0476268,2,78,3,1
2023HU0476268,3,112,3,1
2023HU0476341,1,501,2,1
2023HU0476341,2,501,2,1
2023HU0476394,1,391,3,1
2023HU0476394,2,391,3,1
2023HU0476394,3,391,3,1
2023HU0476394,4,391,3,1
2023HU0476450,1,145,2,1
2023HU0476450,2,145,2,1
2023HU0476488,1,438,2,1
2023HU0476488,2,438,2,1
2023HU0476488,3,438,2,1
2023HU0476488,4,438,2,1
2023HU0476557,1,501,1,1
2023HU0476557,2,501,1,1
2023HU0476584,1,396,1,1
2023HU0476584,2,396,1,1
2023HU0476584,3,396,1,1
2023HU0476584,4,396,1,1
2023HU0476692,1,501,1,1
2023HU0476692,2,501,1,1
2023HU0476692,3,501,1,1
2023HU0476738,1,85,3,1
2023HU0476749,1,501,1,1
2023HU0476749,2,501,1,1
2023HU0476791,1,501,2,1
2023HU0476791,2,501,2,1
2023HU0476878,1,84,1,1
2023HU0477006,1,76,3,1
2023HU0477006,2,0,3,1
2023HU0477296,1,29,1,1
2023HU0477296,2,133,1,1
2023HU0477296,3,29,1,1
2023HU0477296,4,29,1,1
2023HU0477561,1,501,2,1
2023HU0477561,2,501,2,1
2023HU0477561,3,501,2,1
2023HU0477561,4,501,2,1
2023HU0477561,5,501,2,1
2023HU0477850,1,400,1,1
2023HU0477850,2,400,1,1
2023HU0477850,3,400,1,1
2023HU0477850,4,400,1,1
2023HU0478308,1,144,1,1
2023HU0478308,2,144,1,1
2023HU0478313,1,75,3,1
2023HU0478404,1,0,3,1
2023HU0478404,2,0,3,1
2023HU0478404,3,0,3,1
2023HU0478470,1,79,1,1
2023HU0478470,2,79,1,1
2023HU0478470,3,79,1,1
2023HU0478470,4,79,1,1
2023HU0478470,5,79,1,1
2023HU0478538,1,382,1,1
2023HU0478538,2,382,1,1
2023HU0478538,3,382,1,1
2023HU0478538,4,382,1,1
2023HU0478668,1,501,1,1
2023HU0478668,2,501,1,1
2023HU0478668,3,501,1,1
2023HU0478711,1,472,1,1
2023HU0478711,2,501,1,1
2023HU0478711,3,472,1,1
2023HU0478711,4,472,1,1
2023HU0478711,5,472,1,1
2023HU0478711,6,472,1,1
2023HU0478769,1,501,2,1
2023HU0478876,1,501,2,1
2023HU0478876,2,501,2,1
2023HU0478876,3,501,2,1
2023HU0479043,1,97,2,1
2023HU0479043,2,97,2,1
2023HU0479043,3,97,2,1
2023HU0479043,4,97,2,1
2023HU0479279,1,165,1,1
2023HU0479279,2,165,1,1
2023HU0479279,3,165,1,1
2023HU0479279,4,165,1,1
2023HU0479279,5,165,1,1
2023HU0479290,1,142,2,1
2023HU0479290,2,142,2,1
2023HU0479618,1,79,1,1
2023HU0479618,2,79,1,1
2023HU0479793,1,501,1,1
2023HU0479793,2,501,1,1
2023HU0480322,1,88,1,1
2023HU0480322,2,88,1,1
2023HU0480381,1,8,3,1
2023HU0480411,1,78,3,1
2023HU0480415,1,220,1,1
2023HU0480415,2,220,1,1
2023HU0480415,3,220,1,1
2023HU0480563,1,204,1,1
2023HU0480563,2,204,1,1
2023HU0480579,1,380,3,1
2023HU0480802,1,501,1,1
2023HU0480802,2,501,1,1
2023HU0480802,3,501,1,1
2023HU0480941,1,264,1,1
2023HU0480941,2,197,1,1
2023HU0480941,3,98,1,1
2023HU0480941,4,191,1,1
2023HU0480941,5,76,1,1
2023HU0480963,1,84,2,1
2023HU0481149,1,417,3,1
2023HU0481217,1,328,1,1
2023HU0481217,2,328,1,1
2023HU0481217,3,328,1,1
2023HU0481217,4,328,1,1
2023HU0481221,1,85,3,1
2023HU0481221,2,85,3,1
2023HU0481618,1,501,1,1
2023HU0481618,2,501,1,1
2023HU0481876,1,230,1,1
2023HU0481876,2,230,1,1
2023HU0481876,3,230,1,1
2023HU0481876,4,230,1,1
2023HU0481884,1,501,1,1
2023HU0481884,2,501,1,1
2023HU0481884,3,501,1,1
2023HU0481885,1,408,3,1
2023HU0481885,2,126,3,1
2023HU0481885,3,408,3,1
2023HU0481885,4,408,3,1
2023HU0481951,1,501,2,1
2023HU0481951,2,501,2,1
2023HU0481979,1,307,2,1
2023HU0481979,2,307,2,1
2023HU0482211,1,207,3,1
2023HU0482211,2,0,3,1
2023HU0482211,3,207,3,1
2023HU0482211,4,207,3,1
2023HU0482317,1,191,3,1
2023HU0482408,1,169,3,1
2023HU0482408,2,169,3,1
2023HU0482408,3,169,3,1
2023HU0482519,1,31,3,1
2023HU0482558,1,244,3,1
2023HU0482558,2,244,3,1
2023HU0482558,3,244,3,1
2023HU0482558,4,244,3,1
2023HU0482621,1,221,1,1
2023HU0482621,2,221,1,1
2023HU0482621,3,221,1,1
2023HU0482948,1,501,1,1
2023HU0482948,2,501,1,1
2023HU0482948,3,501,1,1
2023HU0482948,4,501,1,1
2023HU0482948,5,501,1,1
2023HU0483159,1,322,3,1
2023HU0483159,2,322,3,1
2023HU0483291,1,164,1,1
2023HU0483291,2,164,1,1
2023HU0483291,3,164,1,1
2023HU0483291,4,164,1,1
2023HU0483374,1,73,2,1
2023HU0483374,2,34,2,1
2023HU0483382,1,501,1,1
2023HU0483382,2,501,1,1
2023HU0483382,3,501,1,1
2023HU0483382,4,501,1,1
2023HU0483405,1,501,2,1
2023HU0483423,1,70,2,1
2023HU0483423,2,70,2,1
2023HU0483423,3,70,2,1
2023HU0483423,4,70,2,1
2023HU0483423,5,70,2,1
2023HU0483423,6,70,2,1
2023HU0483523,1,501,1,1
2023HU0483523,2,501,1,1
2023HU0483736,1,115,2,1
2023HU0483834,1,501,1,1
2023HU0483834,2,501,1,1
2023HU0483834,3,501,1,1
2023HU0484302,1,126,1,1
2023HU0484302,2,126,1,1
2023HU0484302,3,126,1,1
2023HU0484497,1,467,1,1
2023HU0484497,2,467,1,1
2023HU0484735,1,139,2,1
2023HU0484884,1,248,2,1
2023HU0484884,2,248,2,1
2023HU0484884,3,248,2,1
2023HU0484896,1,501,1,1
2023HU0484932,1,292,3,1
2023HU0485031,1,501,3,1
2023HU0485148,1,501,1,1
2023HU0485148,2,501,1,1
2023HU0485148,3,501,1,1
2023HU0485148,4,501,1,1
2023HU0485221,1,501,1,1
2023HU0485221,2,501,1,1
2023HU0485221,3,501,1,1
2023HU0485221,4,501,1,1
2023HU0485388,1,501,3,1
2023HU0485388,2,501,3,1
2023HU0485469,1,186,1,1
2023HU0485469,2,186,1,1
2023HU0485477,1,256,3,1
2023HU0485596,1,423,2,1
2023HU0485939,1,456,2,1
2023HU0485939,2,456,2,1
2023HU0486061,1,501,3,1
2023HU0486061,2,501,3,1
2023HU0486061,3,501,3,1
2023HU0486114,1,203,1,1
2023HU0486178,1,234,2,1
2023HU0486178,2,234,2,1
2023HU0486178,3,234,2,1
2023HU0486178,4,234,2,1
2023HU0486468,1,78,2,1
2023HU0486503,1,319,1,1
2023HU0486503,2,319,1,1
2023HU0486503,3,319,1,1
2023HU0486503,4,319,1,1
2023HU0486503,5,319,1,1
2023HU0486503,6,319,1,1
2023HU0486503,7,319,1,1
2023HU0486503,8,5,1,1
2023HU0486768,1,179,1,1
2023HU0486768,2,179,1,1
2023HU0486768,3,179,1,1
2023HU0486768,4,179,1,1
2023HU0486768,5,179,1,1
2023HU0487053,1,110,1,1
2023HU0487053,2,110,1,1
2023HU0487053,3,110,1,1
2023HU0487053,4,110,1,1
2023HU0487083,1,396,3,1
2023HU0487083,2,396,3,1
2023HU0487083,3,396,3,1
2023HU0487083,4,396,3,1
2023HU0487083,5,396,3,1
2023HU0487195,1,114,1,1
2023HU0487195,2,114,1,1
2023HU0487195,3,114,1,1
2023HU0487195,4,114,1,1
2023HU0487195,5,114,1,1
2023HU0487338,1,327,1,1
2023HU0487338,2,327,1,1
2023HU0487338,3,327,1,1
2023HU0487338,4,142,1,1
2023HU0487340,1,501,2,1
2023HU0488285,1,501,2,1
2023HU0488285,2,501,2,1
2023HU0488405,1,209,3,1
2023HU0488405,2,209,3,1
2023HU0488618,1,306,3,1
2023HU0488618,2,306,3,1
2023HU0488618,3,306,3,1
2023HU0488634,1,24,1,1
2023HU0488634,2,24,1,1
2023HU0488634,3,24,1,1
2023HU0488857,1,501,1,1
2023HU0488896,1,69,3,1
2023HU0489035,1,110,1,1
2023HU0489035,2,110,1,1
2023HU0489035,3,110,1,1
2023HU0489391,1,366,2,1
2023HU0489509,1,318,3,1
2023HU0489645,1,501,1,1
2023HU0489645,2,501,1,1
2023HU0489929,1,329,2,1
2023HU0490133,1,86,3,1
2023HU0490133,2,0,3,1
2023HU0490133,3,86,3,1
2023HU0490257,1,168,1,1
2023HU0490257,2,0,1,1
2023HU0490257,3,168,1,1
2023HU0490857,1,181,2,1
2023HU0490857,2,181,2,1
2023HU0490890,1,453,3,1
2023HU0490890,2,453,3,1
2023HU0490890,3,453,3,1
2023HU0490964,1,501,1,1
2023HU0490964,2,501,1,1
2023HU0490964,3,501,1,1
2023HU0491114,1,223,3,1
2023HU0491114,2,223,3,1
2023HU0491139,1,136,1,1
2023HU0491139,2,136,1,1
2023HU0491395,1,218,3,1
2023HU0491649,1,304,1,1
2023HU0491649,2,304,1,1
2023HU0491691,1,33,1,1
2023HU0491691,2,33,1,1
2023HU0491691,3,33,1,1
2023HU0491734,1,19,2,1
2023HU0491734,2,19,2,1
2023HU0491734,3,19,2,1
2023HU0491734,4,12,2,1
2023HU0491824,1,501,1,1
2023HU0491824,2,501,1,1
2023HU0491956,1,501,2,1
2023HU0491956,2,501,2,1
2023HU0492237,1,501,2,1
2023HU0492237,2,501,2,1
2023HU0492269,1,501,1,1
2023HU0492327,1,322,3,1
2023HU0492384,1,501,1,1
2023HU0492384,2,501,1,1
2023HU0492415,1,501,1,1
2023HU0492415,2,501,1,1
2023HU0492667,1,201,1,1
2023HU0492667,2,201,1,1
2023HU0492667,3,201,1,1
2023HU0492667,4,201,1,1
2023HU0492667,5,201,1,1
2023HU0492667,6,,1,1
2023HU0493181,1,468,1,1
2023HU0493181,2,501,1,1
2023HU0493219,1,379,1,1
2023HU0493250,1,355,3,1
2023HU0493250,2,355,3,1
2023HU0493331,1,117,2,1
2023HU0493378,1,153,2,1
2023HU0493378,2,153,2,1
2023HU0494131,1,180,3,1
2023HU0494131,2,180,3,1
2023HU0494131,3,180,3,1
2023HU0494601,1,148,1,1
2023HU0494601,2,148,1,1
2023HU0494642,1,219,1,1
2023HU0494642,2,219,1,1
2023HU0494642,3,219,1,1
2023HU0494642,4,219,1,1
2023HU0494642,5,219,1,1
2023HU0494642,6,219,1,1
2023HU0495131,1,482,1,1
2023HU0495131,2,482,1,1
2023HU0495178,1,501,1,1
2023HU0495178,2,501,1,1
2023HU0495178,3,501,1,1
2023HU0495178,4,501,1,1
2023HU0495215,1,501,1,1
2023HU0495215,2,501,1,1
2023HU0495215,3,501,1,1
2023HU0495508,1,442,2,1
2023HU0495508,2,442,2,1
2023HU0495508,3,501,2,1
2023HU0495508,4,285,2,1
2023HU0495508,5,139,2,1
2023HU0495660,1,501,1,1
2023HU0495660,2,501,1,1
2023HU0495660,3,501,1,1
2023HU0495690,1,501,1,1
2023HU0495690,2,501,1,1
2023HU0495690,3,501,1,1
2023HU0496025,1,260,3,1
2023HU0496081,1,126,2,1
2023HU0496425,1,501,1,1
2023HU0496478,1,501,3,1
2023HU0496536,1,501,1,1
2023HU0496536,2,501,1,1
2023HU0496536,3,501,1,1
2023HU0496536,4,501,1,1
2023HU0496669,1,294,2,1
2023HU0496669,2,294,2,1
2023HU0496721,1,148,1,1
2023HU0496721,2,167,1,1
2023HU0496721,3,0,1,1
2023HU0496787,1,103,3,1
2023HU0496787,2,103,3,1
2023HU0496794,1,130,3,1
2023HU0496815,1,454,1,1
2023HU0496815,2,454,1,1
2023HU0496815,3,454,1,1
2023HU0496815,4,454,1,1
2023HU0497132,1,501,2,1
2023HU0497132,2,501,2,1
2023HU0497132,3,501,2,1
2023HU0497132,4,501,2,1
2023HU0497202,1,226,2,1
2023HU0497202,2,226,2,1
2023HU0497202,3,226,2,1
2023HU0497321,1,63,3,1
2023HU0497321,2,63,3,1
2023HU0497580,1,439,2,1
2023HU0497580,2,439,2,1
2023HU0497580,3,439,2,1
2023HU0497661,1,501,2,1
2023HU0497661,2,501,2,1
2023HU0498015,1,475,3,1
2023HU0498015,2,475,3,1
2023HU0498119,1,439,2,1
2023HU0498119,2,439,2,1
2023HU0498377,1,283,2,1
2023HU0498377,2,283,2,1
2023HU0498384,1,201,3,1
2023HU0498384,2,52,3,1
2023HU0498409,1,226,1,1
2023HU0498517,1,146,4,1
2023HU0498517,2,146,4,1
2023HU0498563,1,281,1,1
2023HU0498563,2,281,1,1
2023HU0498584,1,360,3,1
2023HU0498584,2,360,3,1
2023HU0498584,3,360,3,1
2023HU0498584,4,360,3,1
2023HU0498603,1,7,3,1
2023HU0498740,1,0,2,1
2023HU0498995,1,501,1,1
2023HU0498995,2,501,1,1
2023HU0499068,1,501,1,1
2023HU0499580,1,401,2,1
2023HU0499580,2,401,2,1
2023HU0499637,1,0,3,1
2023HU0499637,2,0,3,1
2023HU0499637,3,0,3,1
2023HU0499637,4,0,3,1
2023HU0499683,1,215,3,1
2023HU0499683,2,76,3,1
2023HU0499806,1,228,3,1
2023HU0499806,2,228,3,1
2023HU0499828,1,94,1,1
2023HU0499828,2,94,1,1
2023HU0500330,1,154,3,1
2023HU0500330,2,154,3,1
2023HU0500330,3,154,3,1
2023HU0500330,4,154,3,1
2023HU0500330,5,154,3,1
2023HU0500345,1,139,3,1
2023HU0500345,2,139,3,1
2023HU0500345,3,139,3,1
2023HU0500449,1,207,2,1
2023HU0500449,2,207,2,1
2023HU0500449,3,207,2,1
2023HU0500539,1,501,1,1
2023HU0500539,2,501,1,1
2023HU0500539,3,501,1,1
2023HU0500561,1,62,3,1
2023HU0500561,2,62,3,1
2023HU0500697,1,501,1,1
2023HU0500697,2,501,1,1
2023HU0500697,3,501,1,1
2023HU0500962,1,328,2,1
2023HU0500962,2,328,2,1
2023HU0500962,3,328,2,1
2023HU0501073,1,57,3,1
2023HU0501073,2,57,3,1
2023HU0501073,3,57,3,1
2023HU0501109,1,102,1,1
2023HU0501109,2,102,1,1
2023HU0501109,3,102,1,1
2023HU0501109,4,102,1,1
2023HU0501316,1,91,1,1
2023HU0501316,2,91,1,1
2023HU0501316,3,91,1,1
2023HU0501522,1,0,3,1
2023HU0501522,2,0,3,1
2023HU0501522,3,0,3,1
2023HU0501522,4,0,3,1
2023HU0501522,5,0,3,1
2023HU0501522,6,0,3,1
2023HU0501522,7,0,3,1
2023HU0501725,1,8,3,1
2023HU0501725,2,8,3,1
2023HU0501725,3,8,3,1
2023HU0501725,4,8,3,1
2023HU0501725,5,8,3,1
2023HU0501725,6,8,3,1
2023HU0501795,1,497,1,1
2023HU0501839,1,417,2,1
2023HU0501839,2,417,2,1
2023HU0501839,3,417,2,1
2023HU0501839,4,417,2,1
2023HU0501864,1,501,1,1
2023HU0501864,2,501,1,1
2023HU0501973,1,501,1,1
2023HU0501973,2,501,1,1
2023HU0501973,3,501,1,1
2023HU0502244,1,127,3,1
2023HU0502244,2,127,3,1
2023HU0502244,3,127,3,1
2023HU0502244,4,127,3,1
2023HU0502827,1,70,2,1
2023HU0503056,1,83,3,1
2023HU0503133,1,300,4,1
2023HU0503133,2,300,4,1
2023HU0503133,3,300,4,1
2023HU0503133,4,300,4,1
2023HU0503360,1,316,1,1
2023HU0503360,2,316,1,1
2023HU0503360,3,316,1,1
2023HU0503360,4,316,1,1
2023HU0503360,5,316,1,1
2023HU0504300,1,337,3,1
2023HU0504300,2,356,3,1
2023HU0504395,1,80,3,1
2023HU0504395,2,80,3,1
2023HU0504395,3,80,3,1
2023HU0504395,4,80,3,1
2023HU0504607,1,194,1,1
2023HU0504607,2,194,1,1
2023HU0504607,3,194,1,1
2023HU0504607,4,194,1,1
2023HU0504607,5,194,1,1
2023HU0504873,1,501,2,1
2023HU0504873,2,501,2,1
2023HU0504873,3,501,2,1
2023HU0504932,1,432,3,1
2023HU0504932,2,432,3,1
2023HU0504932,3,432,3,1
2023HU0504932,4,432,3,1
2023HU0504932,5,432,3,1
2023HU0505043,1,114,3,1
2023HU0505043,2,114,3,1
2023HU0505043,3,114,3,1
2023HU0505043,4,114,3,1
2023HU0505050,1,501,3,1
2023HU0505395,1,129,1,1
2023HU0505395,2,129,1,1
2023HU0505395,3,129,1,1
2023HU0505511,1,501,3,1
2023HU0505579,1,501,3,1
2023HU0505579,2,501,3,1
2023HU0505579,3,501,3,1
2023HU0505616,1,236,1,1
2023HU0505616,2,236,1,1
2023HU0505616,3,236,1,1
2023HU0505792,1,444,3,1
2023HU0505792,2,444,3,1
2023HU0505834,1,415,1,1
2023HU0505834,2,415,1,1
2023HU0506117,1,501,2,1
2023HU0506117,2,501,2,1
2023HU0506161,1,501,2,1
2023HU0506161,2,501,2,1
2023HU0506172,1,501,1,1
2023HU0506172,2,501,1,1
2023HU0506193,1,501,3,1
2023HU0506193,2,501,3,1
2023HU0506333,1,476,3,1
2023HU0506333,2,476,3,1
2023HU0506462,1,127,3,1
2023HU0506662,1,451,1,1
2023HU0506662,2,108,1,1
2023HU0506723,1,433,2,1
2023HU0506723,2,433,2,1
2023HU0506723,3,433,2,1
2023HU0506723,4,433,2,1
2023HU0506723,5,433,2,1
2023HU0506804,1,167,2,1
2023HU0506804,2,4,2,1
2023HU0506804,3,167,2,1
2023HU0506930,1,501,3,1
2023HU0506930,2,501,3,1
2023HU0506930,3,501,3,1
2023HU0506930,4,501,3,1
2023HU0507080,1,91,3,1
2023HU0507088,1,116,1,1
2023HU0507088,2,116,1,1
2023HU0507088,3,116,1,1
2023HU0507141,1,501,1,1
2023HU0507381,1,295,1,1
2023HU0507381,2,295,1,1
2023HU0507381,3,295,1,1
2023HU0507381,4,295,1,1
2023HU0507381,5,295,1,1
2023HU0507381,6,295,1,1
2023HU0507806,1,501,1,1
2023HU0507806,2,501,1,1
2023HU0507806,3,501,1,1
2023HU0507806,4,501,1,1
2023HU0507814,1,11,3,1
2023HU0507814,2,0,3,1
2023HU0508109,1,501,3,1
2023HU0508157,1,481,4,1
2023HU0508157,2,481,4,1
2023HU0508200,1,75,2,1
2023HU0508213,1,501,1,1
2023HU0508213,2,501,1,1
2023HU0508246,1,468,1,1
2023HU0508246,2,468,1,1
2023HU0508246,3,468,1,1
2023HU0508246,4,468,1,1
2023HU0508348,1,501,2,1
2023HU0508348,2,501,2,1
2023HU0508348,3,501,2,1
2023HU0508687,1,186,1,1
2023HU0508687,2,186,1,1
2023HU0508687,3,186,1,1
2023HU0508687,4,186,1,1
2023HU0508967,1,206,1,1
2023HU0508967,2,0,1,1
2023HU0509314,1,132,1,1
2023HU0509314,2,501,1,1
2023HU0509314,3,61,1,1
2023HU0509314,4,0,1,1
2023HU0509314,5,349,1,1
2023HU0509334,1,80,3,1
2023HU0509399,1,211,3,1
2023HU0509399,2,211,3,1
2023HU0509399,3,211,3,1
2023HU0509399,4,211,3,1
2023HU0509399,5,211,3,1
2023HU0509900,1,198,3,1
2023HU0509900,2,198,3,1
2023HU0509900,3,198,3,1
2023HU0509900,4,198,3,1
2023HU0509961,1,212,3,1
2023HU0509961,2,212,3,1
2023HU0509961,3,212,3,1
2023HU0509961,4,212,3,1
2023HU0509961,5,212,3,1
2023HU0509961,6,212,3,1
2023HU0509961,7,212,3,1
2023HU0509961,8,212,3,1
2023HU0509961,9,212,3,1
2023HU0509961,10,212,3,1
2023HU0510114,1,131,1,1
2023HU0510114,2,131,1,1
2023HU0510114,3,131,1,1
2023HU0510114,4,131,1,1
2023HU0510114,5,209,1,1
2023HU0510258,1,501,1,1
2023HU0510258,2,501,1,1
2023HU0510258,3,501,1,1
2023HU0510258,4,501,1,1
2023HU0510290,1,442,3,1
2023HU0510290,2,442,3,1
2023HU0510290,3,442,3,1
2023HU0510310,1,251,2,1
2023HU0510310,2,251,2,1
2023HU0510480,1,501,1,1
2023HU0510480,2,501,1,1
2023HU0510480,3,501,1,1
2023HU0510480,4,501,1,1
2023HU0510497,1,501,2,1
2023HU0510497,2,501,2,1
2023HU0510497,3,89,2,1
2023HU0511147,1,499,3,1
2023HU0511147,2,499,3,1
2023HU0511606,1,438,2,1
2023HU0511606,2,438,2,1
2023HU0511606,3,438,2,1
2023HU0511606,4,438,2,1
2023HU0511952,1,121,3,1
2023HU0512261,1,74,3,1
2023HU0512261,2,74,3,1
2023HU0512275,1,411,2,1
2023HU0512275,2,411,2,1
2023HU0512275,3,411,2,1
2023HU0512275,4,411,2,1
2023HU0512275,5,411,2,1
2023HU0512275,6,411,2,1
2023HU0512483,1,112,1,1
2023HU0512483,2,223,1,1
2023HU0512483,3,112,1,1
2023HU0512483,4,112,1,1
2023HU0512483,5,112,1,1
2023HU0512589,1,333,2,1
2023HU0512589,2,333,2,1
2023HU0512589,3,333,2,1
2023HU0512589,4,333,2,1
2023HU0512617,1,96,3,1
2023HU0512750,1,0,3,1
2023HU0512750,2,501,3,1
2023HU0512750,3,0,3,1
2023HU0512750,4,0,3,1
2023HU0512895,1,501,1,1
2023HU0512895,2,501,1,1
2023HU0512895,3,501,1,1
2023HU0513632,1,44,3,1
2023HU0513632,2,44,3,1
2023HU0513632,3,44,3,1
2023HU0513632,4,44,3,1
2023HU0513632,5,44,3,1
2023HU0513759,1,95,1,1
2023HU0513759,2,95,1,1
2023HU0513816,1,269,2,1
2023HU0513816,2,269,2,1
2023HU0514103,1,139,3,1
2023HU0514131,1,316,3,1
2023HU0514131,2,268,3,1
2023HU0514597,1,319,1,1
2023HU0514634,1,501,2,1
2023HU0514634,2,501,2,1
2023HU0514783,1,154,3,1
2023HU0514783,2,154,3,1
2023HU0514783,3,154,3,1
2023HU0514783,4,154,3,1
2023HU0514887,1,339,3,1
2023HU0514887,2,339,3,1
2023HU0514887,3,339,3,1
2023HU0514887,4,339,3,1
2023HU0514957,1,469,1,1
2023HU0514957,2,469,1,1
2023HU0514957,3,469,1,1
2023HU0514994,1,255,1,1
2023HU0515024,1,142,3,1
2023HU0515024,2,142,3,1
2023HU0515024,3,142,3,1
2023HU0515364,1,208,1,1
2023HU0515364,2,254,1,1
2023HU0515364,3,208,1,1
2023HU0515364,4,208,1,1
2023HU0515677,1,501,1,1
2023HU0515677,2,501,1,1
2023HU0515677,3,501,1,1
2023HU0515677,4,501,1,1
2023HU0515917,1,112,3,1
2023HU0516158,1,501,1,1
2023HU0516158,2,501,1,1
2023HU0516158,3,501,1,1
2023HU0516158,4,501,1,1
2023HU0516222,1,112,3,1
2023HU0516222,2,112,3,1
2023HU0516222,3,112,3,1
2023HU0516222,4,112,3,1
2023HU0516836,1,392,2,1
2023HU0516836,2,392,2,1
2023HU0516851,1,130,1,1
2023HU0516851,2,130,1,1
2023HU0516851,3,130,1,1
2023HU0516851,4,130,1,1
2023HU0516967,1,195,2,1
2023HU0517224,1,358,2,1
2023HU0517224,2,358,2,1
2023HU0517224,3,358,2,1
2023HU0517224,4,358,2,1
2023HU0517257,1,370,1,1
2023HU0517535,1,131,1,1
2023HU0517535,2,131,1,1
2023HU0517535,3,131,1,1
2023HU0517535,4,188,1,1
2023HU0517568,1,346,2,1
2023HU0517568,2,76,2,1
2023HU0517568,3,346,2,1
2023HU0517568,4,346,2,1
2023HU0517568,5,346,2,1
2023HU0517568,6,346,2,1
2023HU0517776,1,381,3,1
2023HU0518199,1,501,2,1
2023HU0518199,2,501,2,1
2023HU0518438,1,251,1,1
2023HU0518438,2,251,1,1
2023HU0518438,3,251,1,1
2023HU0518573,1,424,1,1
2023HU0518573,2,424,1,1
2023HU0518573,3,424,1,1
2023HU0518573,4,424,1,1
2023HU0518620,1,379,3,1
2023HU0518620,2,379,3,1
2023HU0518620,3,379,3,1
2023HU0518620,4,379,3,1
2023HU0518620,5,379,3,1
2023HU0518686,1,496,3,1
2023HU0518686,2,496,3,1
2023HU0518686,3,496,3,1
2023HU0518711,1,0,3,1
2023HU0518711,2,0,3,1
2023HU0518711,3,0,3,1
2023HU0518764,1,501,2,1
2023HU0518764,2,501,2,1
2023HU0518764,3,501,2,1
2023HU0518970,1,106,2,1
2023HU0518970,2,106,2,1
2023HU0518970,3,106,2,1
2023HU0518970,4,106,2,1
2023HU0518970,5,106,2,1
2023HU0519030,1,250,1,1
2023HU0519030,2,250,1,1
2023HU0519030,3,250,1,1
2023HU0519030,4,250,1,1
2023HU0519343,1,173,2,1
2023HU0519343,2,173,2,1
2023HU0519343,3,173,2,1
2023HU0519343,4,173,2,1
2023HU0519343,5,173,2,1
2023HU0519463,1,501,1,1
2023HU0519463,2,501,1,1
2023HU0519463,3,501,1,1
2023HU0519463,4,501,1,1
2023HU0519724,1,236,3,1
2023HU0519724,2,236,3,1
2023HU0519816,1,427,3,1
2023HU0519816,2,357,3,1
2023HU0519816,3,427,3,1
2023HU0519848,1,247,3,1
2023HU0519848,2,247,3,1
2023HU0519848,3,247,3,1
2023HU0520551,1,487,1,1
2023HU0520551,2,487,1,1
2023HU0520551,3,487,1,1
2023HU0520551,4,487,1,1
2023HU0520551,5,487,1,1
2023HU0520551,6,487,1,1
2023HU0520615,1,93,2,1
2023HU0520615,2,93,2,1
2023HU0520635,1,97,1,1
2023HU0520635,2,97,1,1
2023HU0520783,1,316,1,1
2023HU0520902,1,501,1,1
2023HU0520902,2,501,1,1
2023HU0520902,3,501,1,1
2023HU0521333,1,486,2,1
2023HU0521333,2,486,2,1
2023HU0521333,3,486,2,1
2023HU0521333,4,486,2,1
2023HU0521362,1,417,3,1
2023HU0521362,2,501,3,1
2023HU0521483,1,392,1,1
2023HU0521963,1,431,1,1
2023HU0521963,2,431,1,1
2023HU0522109,1,392,3,1
2023HU0522109,2,326,3,1
2023HU0522173,1,368,3,1
2023HU0522173,2,368,3,1
2023HU0522173,3,368,3,1
2023HU0522173,4,368,3,1
2023HU0522173,5,368,3,1
2023HU0522445,1,260,2,1
2023HU0522445,2,260,2,1
2023HU0522445,3,260,2,1
2023HU0522445,4,260,2,1
2023HU0522597,1,402,2,1
2023HU0522597,2,402,2,1
2023HU0522597,3,402,2,1
2023HU0522597,4,402,2,1
2023HU0522703,1,501,1,1
2023HU0522703,2,501,1,1
2023HU0522703,3,501,1,1
2023HU0522703,4,501,1,1
2023HU0522703,5,501,1,1
2023HU0522873,1,444,3,1
2023HU0522873,2,444,3,1
2023HU0522878,1,501,1,1
2023HU0522878,2,501,1,1
2023HU0522878,3,501,1,1
2023HU0522878,4,501,1,1
2023HU0522878,5,501,1,1
2023HU0523089,1,188,1,1
2023HU0523089,2,188,1,1
2023HU0523089,3,188,1,1
2023HU0523089,4,188,1,1
2023HU0523101,1,185,1,1
2023HU0523101,2,185,1,1
2023HU0523101,3,185,1,1
2023HU0523101,4,185,1,1
2023HU0523192,1,142,3,1
2023HU0523192,2,142,3,1
2023HU0523192,3,142,3,1
2023HU0523192,4,142,3,1
2023HU0523192,5,85,3,1
2023HU0523248,1,10,3,1
2023HU0523471,1,499,1,1
2023HU0523471,2,499,1,1
2023HU0523700,1,478,2,1
2023HU0523702,1,225,1,1
2023HU0523702,2,225,1,1
2023HU0523702,3,225,1,1
2023HU0523738,1,136,2,1
2023HU0523738,2,285,2,1
2023HU0523738,3,136,2,1
2023HU0523738,4,136,2,1
2023HU0523738,5,136,2,1
2023HU0523741,1,501,1,1
2023HU0523741,2,501,1,1
2023HU0523741,3,501,1,1
2023HU0523767,1,501,1,1
2023HU0523767,2,501,1,1
2023HU0523767,3,501,1,1
2023HU0523767,4,501,1,1
2023HU0523767,5,501,1,1
2023HU0523777,1,501,3,1
2023HU0523797,1,41,3,1
2023HU0524021,1,185,1,1
2023HU0524021,2,185,1,1
2023HU0524027,1,501,2,1
2023HU0524027,2,501,2,1
2023HU0524288,1,491,1,1
2023HU0524288,2,491,1,1
2023HU0524388,1,501,1,1
2023HU0524388,2,0,1,1
2023HU0524388,3,501,1,1
2023HU0524388,4,501,1,1
2023HU0524617,1,210,2,1
2023HU0524617,2,210,2,1
2023HU0524617,3,210,2,1
2023HU0524617,4,210,2,1
2023HU0524731,1,235,2,1
2023HU0524731,2,235,2,1
2023HU0524918,1,376,1,1
2023HU0524918,2,376,1,1
2023HU0524918,3,376,1,1
2023HU0524918,4,376,1,1
2023HU0525199,1,212,3,1
2023HU0525448,1,357,3,1
2023HU0525448,2,357,3,1
2023HU0525448,3,357,3,1
2023HU0525448,4,357,3,1
2023HU0525523,1,417,2,1
2023HU0525523,2,232,2,1
2023HU0525523,3,417,2,1
2023HU0525523,4,417,2,1
2023HU0525523,5,417,2,1
2023HU0525725,1,383,3,1
2023HU0525737,1,322,2,1
2023HU0525770,1,298,2,1
2023HU0525770,2,298,2,1
2023HU0525800,1,501,2,1
2023HU0525800,2,501,2,1
2023HU0525911,1,501,2,1
2023HU0525987,1,501,2,1
2023HU0525987,2,501,2,1
2023HU0526027,1,159,1,1
2023HU0526027,2,159,1,1
2023HU0526061,1,269,3,1
2023HU0526061,2,269,3,1
2023HU0526274,1,69,1,1
2023HU0526274,2,69,1,1
2023HU0526274,3,69,1,1
2023HU0526274,4,69,1,1
2023HU0526274,5,69,1,1
2023HU0526281,1,66,3,1
2023HU0526281,2,66,3,1
2023HU0526281,3,66,3,1
2023HU0526281,4,66,3,1
2023HU0526286,1,300,3,1
2023HU0526286,2,300,3,1
2023HU0526425,1,433,3,1
2023HU0526425,2,350,3,1
2023HU0526425,3,433,3,1
2023HU0526544,1,62,3,1
2023HU0526544,2,62,3,1
2023HU0526595,1,501,2,1
2023HU0526651,1,76,2,1
2023HU0526709,1,74,3,1
2023HU0526713,1,221,3,1
2023HU0526713,2,221,3,1
2023HU0526752,1,165,3,1
2023HU0526752,2,165,3,1
2023HU0526752,3,165,3,1
2023HU0526752,4,165,3,1
2023HU0527056,1,501,4,1
2023HU0527056,2,256,4,1
2023HU0527056,3,0,4,1
2023HU0527113,1,68,3,1
2023HU0527117,1,256,2,1
2023HU0527117,2,256,2,1
2023HU0527117,3,256,2,1
2023HU0527196,1,501,3,1
2023HU0527208,1,487,1,1
2023HU0527208,2,487,1,1
2023HU0527231,1,501,3,1
2023HU0527493,1,254,3,1
2023HU0527493,2,254,3,1
2023HU0527493,3,254,3,1
2023HU0527541,1,221,3,1
2023HU0527541,2,221,3,1
2023HU0527541,3,221,3,1
2023HU0527541,4,221,3,1
2023HU0527541,5,221,3,1
2023HU0527541,6,221,3,1
2023HU0527666,1,249,3,1
2023HU0527803,1,208,2,1
2023HU0527803,2,208,2,1
2023HU0527937,1,5,2,1
2023HU0528192,1,110,3,1
2023HU0528192,2,110,3,1
2023HU0528201,1,501,1,1
2023HU0528201,2,501,1,1
2023HU0528201,3,501,1,1
2023HU0528201,4,501,1,1
2023HU0528201,5,501,1,1
2023HU0528201,6,501,1,1
2023HU0528228,1,501,2,1
2023HU0528228,2,501,2,1
2023HU0528496,1,181,2,1
2023HU0528496,2,181,2,1
2023HU0528496,3,181,2,1
2023HU0528585,1,271,3,1
2023HU0528585,2,271,3,1
2023HU0528585,3,271,3,1
2023HU0528691,1,484,2,1
2023HU0528691,2,484,2,1
2023HU0528691,3,484,2,1
2023HU0528862,1,129,1,1
2023HU0528862,2,129,1,1
2023HU0528862,3,129,1,1
2023HU0528979,1,51,3,1
2023HU0528979,2,51,3,1
2023HU0528979,3,51,3,1
2023HU0528979,4,51,3,1
2023HU0528979,5,51,3,1
2023HU0529122,1,238,1,1
2023HU0529122,2,238,1,1
2023HU0529296,1,212,3,1
2023HU0529541,1,138,2,1
2023HU0529814,1,26,2,1
2023HU0529848,1,241,1,1
2023HU0529848,2,0,1,1
2023HU0530178,1,501,2,1
2023HU0530178,2,501,2,1
2023HU0530229,1,109,1,1
2023HU0530229,2,109,1,1
2023HU0530229,3,109,1,1
2023HU0530229,4,109,1,1
2023HU0530229,5,109,1,1
2023HU0530229,6,109,1,1
2023HU0530229,7,109,1,1
2023HU0530237,1,501,3,1
2023HU0530237,2,501,3,1
2023HU0530245,1,452,3,1
2023HU0530245,2,452,3,1
2023HU0530245,3,452,3,1
2023HU0530245,4,452,3,1
2023HU0530245,5,452,3,1
2023HU0530251,1,501,1,1
2023HU0530251,2,501,1,1
2023HU0530251,3,501,1,1
2023HU0530251,4,501,1,1
2023HU0530299,1,305,2,1
2023HU0530299,2,305,2,1
2023HU0530299,3,305,2,1
2023HU0530299,4,305,2,1
2023HU0530299,5,305,2,1
2023HU0530343,1,501,1,1
2023HU0530483,1,185,3,1
2023HU0530483,2,23,3,1
2023HU0530533,1,125,3,1
2023HU0530533,2,125,3,1
2023HU0530533,3,125,3,1
2023HU0530533,4,125,3,1
2023HU0530533,5,9,3,1
2023HU0530605,1,45,2,1
2023HU0530708,1,501,1,1
2023HU0530723,1,501,2,1
2023HU0530740,1,69,3,1
2023HU0530901,1,193,3,1
2023HU0530901,2,193,3,1
2023HU0531016,1,197,3,1
2023HU0531016,2,78,3,1
2023HU0531065,1,501,2,1
2023HU0531065,2,501,2,1
2023HU0531065,3,501,2,1
2023HU0531088,1,501,2,1
2023HU0531088,2,501,2,1
2023HU0531138,1,92,3,1
2023HU0531138,2,76,3,1
2023HU0531181,1,315,1,1
2023HU0531181,2,315,1,1
2023HU0531405,1,306,3,1
2023HU0531405,2,306,3,1
2023HU0531405,3,306,3,1
2023HU0531405,4,306,3,1
2023HU0531406,1,83,2,1
2023HU0531502,1,44,3,1
2023HU0531542,1,304,3,1
2023HU0531542,2,304,3,1
2023HU0531542,3,304,3,1
2023HU0531542,4,304,3,1
2023HU0531586,1,501,1,1
2023HU0531586,2,501,1,1
2023HU0531620,1,277,3,1
2023HU0531620,2,277,3,1
2023HU0531620,3,277,3,1
2023HU0531756,1,501,2,1
2023HU0531756,2,501,2,1
2023HU0532025,1,157,3,1
2023HU0532025,2,157,3,1
2023HU0532025,3,157,3,1
2023HU0532025,4,157,3,1
2023HU0532025,5,157,3,1
2023HU0532025,6,157,3,1
2023HU0532079,1,501,3,1
2023HU0532079,2,501,3,1
2023HU0532079,3,501,3,1
2023HU0532090,1,501,2,1
2023HU0532090,2,501,2,1
2023HU0532392,1,9,2,1
2023HU0532420,1,460,2,1
2023HU0532420,2,460,2,1
2023HU0532420,3,460,2,1
2023HU0532420,4,460,2,1
2023HU0532420,5,460,2,1
2023HU0532420,6,460,2,1
2023HU0532420,7,460,2,1
2023HU0532420,8,460,2,1
2023HU0532617,1,377,3,1
2023HU0532617,2,377,3,1
2023HU0532617,3,377,3,1
2023HU0532694,1,127,3,1
2023HU0532746,1,236,4,1
2023HU0532746,2,236,4,1
2023HU0532979,1,501,1,1
2023HU0533035,1,501,2,1
2023HU0533035,2,501,2,1
2023HU0533190,1,120,3,1
2023HU0533190,2,120,3,1
2023HU0533190,3,120,3,1
2023HU0533190,4,120,3,1
2023HU0533372,1,290,3,1
2023HU0533372,2,128,3,1
2023HU0533452,1,501,2,1
2023HU0533452,2,501,2,1
2023HU0533452,3,501,2,1
2023HU0533805,1,454,1,1
2023HU0533805,2,454,1,1
2023HU0533805,3,454,1,1
2023HU0533805,4,454,1,1
2023HU0534018,1,501,2,1
2023HU0534018,2,501,2,1
2023HU0534039,1,501,2,1
2023HU0534322,1,0,3,1
2023HU0534322,2,53,3,1
2023HU0534322,3,0,3,1
2023HU0534700,1,305,2,1
2023HU0534700,2,305,2,1
2023HU0534967,1,501,1,1
2023HU0534967,2,501,1,1
2023HU0534967,3,501,1,1
2023HU0535017,1,501,1,1
2023HU0535017,2,501,1,1
2023HU0535017,3,501,1,1
2023HU0535121,1,501,3,1
2023HU0535121,2,501,3,1
2023HU0535546,1,225,2,1
2023HU0535546,2,225,2,1
2023HU0535546,3,225,2,1
2023HU0535594,1,501,1,1
2023HU0535596,1,303,3,1
2023HU0535643,1,501,2,1
2023HU0535656,1,322,2,1
2023HU0535656,2,322,2,1
2023HU0535656,3,322,2,1
2023HU0535656,4,322,2,1
2023HU0535656,5,322,2,1
2023HU0535794,1,392,3,1
2023HU0535794,2,294,3,1
2023HU0536155,1,488,2,1
2023HU0536155,2,488,2,1
2023HU0536484,1,317,2,1
2023HU0536484,2,317,2,1
2023HU0536484,3,317,2,1
2023HU0536765,1,292,1,1
2023HU0536765,2,292,1,1
2023HU0536791,1,286,3,1
2023HU0536791,2,286,3,1
2023HU0536848,1,151,2,1
2023HU0536848,2,145,2,1
2023HU0536927,1,501,2,1
2023HU0536927,2,501,2,1
2023HU0537300,1,86,1,1
2023HU0537472,1,80,3,1
2023HU0537472,2,80,3,1
2023HU0537472,3,80,3,1
2023HU0537472,4,80,3,1
2023HU0537472,5,80,3,1
2023HU0537664,1,373,1,1
2023HU0537664,2,373,1,1
2023HU0537664,3,373,1,1
2023HU0537664,4,413,1,1
2023HU0537717,1,295,1,1
2023HU0537717,2,295,1,1
2023HU0537959,1,499,1,1
2023HU0538091,1,308,1,1
2023HU0538091,2,308,1,1
2023HU0538111,1,167,3,1
2023HU0538111,2,167,3,1
2023HU0538409,1,405,3,1
2023HU0538409,2,405,3,1
2023HU0538409,3,405,3,1
2023HU0538409,4,405,3,1
2023HU0538537,1,501,1,1
2023HU0538537,2,501,1,1
2023HU0538537,3,501,1,1
2023HU0538537,4,501,1,1
2023HU0538564,1,501,2,1
2023HU0538564,2,501,2,1
2023HU0538570,1,199,3,1
2023HU0538570,2,199,3,1
2023HU0538616,1,198,2,1
2023HU0538616,2,198,2,1
2023HU0538616,3,198,2,1
2023HU0538616,4,198,2,1
2023HU0538616,5,198,2,1
2023HU0538616,6,198,2,1
2023HU0539108,1,328,3,1
2023HU0539108,2,127,3,1
2023HU0539108,3,328,3,1
2023HU0539108,4,328,3,1
2023HU0539149,1,271,1,1
2023HU0539149,2,271,1,1
2023HU0539149,3,271,1,1
2023HU0539149,4,271,1,1
2023HU0539149,5,271,1,1
2023HU0539149,6,271,1,1
2023HU0539149,7,271,1,1
2023HU0539160,1,501,1,1
2023HU0539160,2,501,1,1
2023HU0539160,3,501,1,1
2023HU0539160,4,501,1,1
2023HU0539242,1,501,2,1
2023HU0539242,2,501,2,1
2023HU0539452,1,77,1,1
2023HU0539452,2,501,1,1
2023HU0539452,3,77,1,1
2023HU0539452,4,77,1,1
2023HU0539497,1,276,2,1
2023HU0539497,2,276,2,1
2023HU0540092,1,98,3,1
2023HU0540092,2,98,3,1
2023HU0540298,1,501,2,1
2023HU0540298,2,501,2,1
2023HU0540338,1,356,3,1
2023HU0540338,2,356,3,1
2023HU0540338,3,356,3,1
2023HU0540568,1,136,1,1
2023HU0540568,2,136,1,1
2023HU0540568,3,136,1,1
2023HU0540568,4,136,1,1
2023HU0540577,1,501,1,1
2023HU0540577,2,501,1,1
2023HU0540791,1,501,1,1
2023HU0540864,1,266,3,1
2023HU0540864,2,266,3,1
2023HU0540864,3,266,3,1
2023HU0540864,4,266,3,1
2023HU0540864,5,266,3,1
2023HU0540864,6,266,3,1
2023HU0541040,1,461,1,1
2023HU0541040,2,461,1,1
2023HU0541040,3,461,1,1
2023HU0541040,4,461,1,1
2023HU0541049,1,13,2,1
2023HU0541064,1,38,3,1
2023HU0541107,1,322,3,1
2023HU0541231,1,501,1,1
2023HU0541231,2,131,1,1
2023HU0541231,3,501,1,1
2023HU0541326,1,144,1,1
2023HU0541326,2,144,1,1
2023HU0541437,1,330,3,1
2023HU0541437,2,330,3,1
2023HU0541437,3,330,3,1
2023HU0541761,1,469,1,1
2023HU0541761,2,96,1,1
2023HU0542048,1,193,3,1
2023HU0542048,2,193,3,1
2023HU0542048,3,153,3,1
2023HU0542370,1,51,3,1
2023HU0542370,2,51,3,1
2023HU0542370,3,51,3,1
2023HU0542370,4,51,3,1
2023HU0542436,1,180,2,1
2023HU0542436,2,180,2,1
2023HU0542549,1,501,1,1
2023HU0542549,2,501,1,1
2023HU0542779,1,207,2,1
2023HU0542779,2,207,2,1
2023HU0542779,3,207,2,1
2023HU0542788,1,4,3,1
2023HU0542790,1,103,2,1
2023HU0542790,2,176,2,1
2023HU0542811,1,501,1,1
2023HU0542811,2,501,1,1
2023HU0542811,3,501,1,1
2023HU0543135,1,501,1,1
2023HU0543135,2,501,1,1
2023HU0543309,1,501,2,1
2023HU0543309,2,501,2,1
2023HU0543309,3,501,2,1
2023HU0543309,4,501,2,1
2023HU0543481,1,314,2,1
2023HU0543481,2,228,2,1
2023HU0543481,3,314,2,1
2023HU0543544,1,50,1,1
2023HU0543544,2,50,1,1
2023HU0543544,3,50,1,1
2023HU0543544,4,50,1,1
2023HU0543544,5,50,1,1
2023HU0543544,6,50,1,1
2023HU0543779,1,458,2,1
2023HU0543779,2,458,2,1
2023HU0543877,1,135,1,1
2023HU0543877,2,135,1,1
2023HU0543877,3,135,1,1
2023HU0543877,4,135,1,1
2023HU0543877,5,135,1,1
2023HU0543877,6,135,1,1
2023HU0544373,1,120,2,1
2023HU0544373,2,120,2,1
2023HU0544373,3,120,2,1
2023HU0544373,4,120,2,1
2023HU0544373,5,120,2,1
2023HU0544373,6,120,2,1
2023HU0544373,7,120,2,1
2023HU0544411,1,380,3,1
2023HU0544498,1,501,2,1
2023HU0544498,2,501,2,1
2023HU0544498,3,501,2,1
2023HU0544526,1,267,3,1
2023HU0544526,2,267,3,1
2023HU0544526,3,267,3,1
2023HU0544574,1,501,2,1
2023HU0544574,2,501,2,1
2023HU0544970,1,80,2,1
2023HU0544999,1,186,1,1
2023HU0544999,2,186,1,1
2023HU0545342,1,430,1,1
2023HU0545342,2,430,1,1
2023HU0545342,3,430,1,1
2023HU0545342,4,430,1,1
2023HU0545713,1,137,2,1
2023HU0545898,1,294,1,1
2023HU0545898,2,307,1,1
2023HU0546075,1,191,3,1
2023HU0546075,2,191,3,1
2023HU0546198,1,501,2,1
2023HU0546198,2,501,2,1
2023HU0546443,1,465,2,1
2023HU0546443,2,465,2,1
2023HU0546465,1,96,1,1
2023HU0546465,2,96,1,1
2023HU0546513,1,265,3,1
2023HU0546513,2,265,3,1
2023HU0546513,3,265,3,1
2023HU0546589,1,482,1,1
2023HU0546589,2,482,1,1
2023HU0546669,1,501,1,1
2023HU0546669,2,501,1,1
2023HU0546669,3,501,1,1
2023HU0546669,4,501,1,1
2023HU0546675,1,304,2,1
2023HU0546675,2,304,2,1
2023HU0546675,3,304,2,1
2023HU0546675,4,304,2,1
2023HU0546737,1,501,3,1
2023HU0546757,1,397,2,1
2023HU0546757,2,397,2,1
2023HU0546757,3,397,2,1
2023HU0546757,4,397,2,1
2023HU0546840,1,261,1,1
2023HU0546840,2,0,1,1
2023HU0546840,3,261,1,1
2023HU0546840,4,261,1,1
2023HU0546840,5,261,1,1
2023HU0546864,1,501,2,1
2023HU0546864,2,501,2,1
2023HU0546870,1,422,2,1
2023HU0546870,2,422,2,1
2023HU0546923,1,334,1,1
2023HU0546923,2,334,1,1
2023HU0546923,3,334,1,1
2023HU0546923,4,334,1,1
2023HU0546923,5,334,1,1
2023HU0546923,6,334,1,1
2023HU0546943,1,308,3,1
2023HU0547009,1,358,2,1
2023HU0547009,2,358,2,1
2023HU0547028,1,501,2,1
2023HU0547169,1,487,3,1
2023HU0547169,2,487,3,1
2023HU0547570,1,501,2,1
2023HU0547661,1,501,1,1
2023HU0547661,2,501,1,1
2023HU0547661,3,501,1,1
2023HU0547953,1,439,3,1
2023HU0547953,2,439,3,1
2023HU0548282,1,228,3,1
2023HU0548282,2,228,3,1
2023HU0548602,1,347,1,1
2023HU0548602,2,347,1,1
2023HU0548675,1,159,1,1
2023HU0548675,2,258,1,1
2023HU0548675,3,,1,1
2023HU0548988,1,501,1,1
2023HU0548988,2,501,1,1
2023HU0548988,3,501,1,1
2023HU0548988,4,501,1,1
2023HU0549412,1,145,2,1
2023HU0549412,2,145,2,1
2023HU0549412,3,145,2,1
2023HU0549412,4,254,2,1
2023HU0549700,1,501,2,1
2023HU0549700,2,501,2,1
2023HU0549700,3,501,2,1
2023HU0549700,4,501,2,1
2023HU0549700,5,501,2,1
2023HU0549901,1,8,3,1
2023HU0549908,1,501,1,1
2023HU0549908,2,501,1,1
2023HU0549994,1,470,3,1
2023HU0549999,1,501,3,1
2023HU0549999,2,501,3,1
2023HU0550182,1,501,3,1
2023HU0550182,2,430,3,1
2023HU0550364,1,501,3,1
2023HU0550532,1,469,2,1
2023HU0550532,2,469,2,1
2023HU0550549,1,501,2,1
2023HU0550698,1,0,3,1
2023HU0550698,2,0,3,1
2023HU0551147,1,188,2,1
2023HU0551147,2,188,2,1
2023HU0551147,3,188,2,1
2023HU0551147,4,188,2,1
2023HU0551247,1,43,4,1
2023HU0551263,1,501,1,1
2023HU0551263,2,501,1,1
2023HU0551263,3,501,1,1
2023HU0551398,1,209,1,1
2023HU0551398,2,209,1,1
2023HU0551513,1,383,2,1
2023HU0551513,2,383,2,1
2023HU0551598,1,52,3,1
2023HU0551598,2,52,3,1
2023HU0551598,3,52,3,1
2023HU0551598,4,52,3,1
2023HU0551598,5,52,3,1
2023HU0551615,1,501,2,1
2023HU0551615,2,501,2,1
2023HU0551631,1,291,3,1
2023HU0551631,2,275,3,1
2023HU0551631,3,291,3,1
2023HU0551971,1,501,2,1
2023HU0551971,2,501,2,1
2023HU0551971,3,501,2,1
2023HU0551971,4,501,2,1
2023HU0552765,1,501,2,1
2023HU0552765,2,501,2,1
2023HU0552855,1,171,3,1
2023HU0552855,2,322,3,1
2023HU0552855,3,171,3,1
2023HU0552855,4,171,3,1
2023HU0552966,1,501,4,1
2023HU0552966,2,501,4,1
2023HU0552973,1,0,3,1
2023HU0552973,2,0,3,1
2023HU0552973,3,0,3,1
2023HU0553160,1,501,1,1
2023HU0553160,2,501,1,1
2023HU0553160,3,501,1,1
2023HU0553172,1,339,3,1
2023HU0553172,2,339,3,1
2023HU0553325,1,411,1,1
2023HU0553325,2,411,1,1
2023HU0553325,3,411,1,1
2023HU0553409,1,501,2,1
2023HU0553409,2,501,2,1
2023HU0553449,1,403,3,1
2023HU0553449,2,403,3,1
2023HU0553449,3,403,3,1
2023HU0553449,4,403,3,1
2023HU0553449,5,403,3,1
2023HU0553449,6,403,3,1
2023HU0553573,1,117,2,1
2023HU0553573,2,117,2,1
2023HU0553573,3,117,2,1
2023HU0554094,1,0,4,1
2023HU0554094,2,0,4,1
2023HU0554413,1,231,3,1
2023HU0555218,1,501,2,1
2023HU0555218,2,501,2,1
2023HU0555218,3,501,2,1
2023HU0555242,1,120,1,1
2023HU0555242,2,287,1,1
2023HU0555242,3,120,1,1
2023HU0555314,1,225,2,1
2023HU0555314,2,225,2,1
2023HU0555314,3,225,2,1
2023HU0555314,4,225,2,1
2023HU0555314,5,225,2,1
2023HU0555314,6,225,2,1
2023HU0555328,1,203,2,1
2023HU0555328,2,203,2,1
2023HU0555406,1,501,2,1
2023HU0555412,1,108,4,1
2023HU0555412,2,108,4,1
2023HU0555412,3,108,4,1
2023HU0555578,1,136,3,1
2023HU0555578,2,136,3,1
2023HU0555602,1,0,2,1
2023HU0555602,2,0,2,1
2023HU0555631,1,251,1,1
2023HU0555631,2,251,1,1
2023HU0555631,3,251,1,1
2023HU0555631,4,114,1,1
2023HU0555670,1,501,3,1
2023HU0555726,1,202,2,1
2023HU0555726,2,202,2,1
2023HU0555911,1,147,2,1
2023HU0555911,2,147,2,1
2023HU0555911,3,58,2,1
2023HU0556123,1,501,1,1
2023HU0556123,2,501,1,1
2023HU0556123,3,501,1,1
2023HU0556191,1,423,1,1
2023HU0556191,2,423,1,1
2023HU0556191,3,423,1,1
2023HU0556255,1,324,1,1
2023HU0556255,2,324,1,1
2023HU0556345,1,305,3,1
2023HU0556345,2,305,3,1
2023HU0556345,3,305,3,1
2023HU0556345,4,305,3,1
2023HU0556345,5,305,3,1
2023HU0556644,1,501,3,1
2023HU0556753,1,281,1,1
2023HU0556753,2,281,1,1
2023HU0556991,1,280,2,1
2023HU0556991,2,280,2,1
2023HU0556991,3,280,2,1
2023HU0557114,1,501,3,1
2023HU0557114,2,501,3,1
2023HU0557114,3,501,3,1
2023HU0557114,4,501,3,1
2023HU0557173,1,361,1,1
2023HU0557173,2,361,1,1
2023HU0557254,1,213,2,1
2023HU0557254,2,213,2,1
2023HU0557403,1,105,3,1
2023HU0557403,2,105,3,1
2023HU0557403,3,105,3,1
2023HU0557403,4,105,3,1
2023HU0557487,1,421,2,1
2023HU0557502,1,501,2,1
2023HU0557502,2,501,2,1
2023HU0557502,3,501,2,1
2023HU0557502,4,501,2,1
2023HU0557571,1,501,1,1
2023HU0557571,2,501,1,1
2023HU0557571,3,501,1,1
2023HU0557676,1,501,3,1
2023HU0557676,2,501,3,1
2023HU0557676,3,501,3,1
2023HU0557815,1,501,3,1
2023HU0557815,2,501,3,1
2023HU0557815,3,501,3,1
2023HU0558087,1,501,1,1
2023HU0558087,2,501,1,1
2023HU0558144,1,280,1,1
2023HU0558144,2,280,1,1
2023HU0558144,3,280,1,1
2023HU0558144,4,280,1,1
2023HU0558144,5,280,1,1
2023HU0558144,6,256,1,1
2023HU0558867,1,269,3,1
2023HU0558867,2,269,3,1
2023HU0558867,3,269,3,1
2023HU0558867,4,269,3,1
2023HU0558867,5,269,3,1
2023HU0559103,1,154,2,1
2023HU0559103,2,154,2,1
2023HU0559124,1,86,3,1
2023HU0559124,2,86,3,1
2023HU0559287,1,123,3,1
2023HU0559287,2,123,3,1
2023HU0559287,3,123,3,1
2023HU0559287,4,123,3,1
2023HU0559287,5,123,3,1
2023HU0559306,1,248,3,1
2023HU0559306,2,102,3,1
2023HU0559452,1,446,3,1
2023HU0559477,1,501,3,1
2023HU0559477,2,501,3,1
2023HU0559893,1,501,2,1
2023HU0559910,1,94,3,1
2023HU0559928,1,288,3,1
2023HU0559928,2,288,3,1
2023HU0559928,3,288,3,1
2023HU0559928,4,288,3,1
2023HU0560061,1,302,2,1
2023HU0560061,2,302,2,1
2023HU0560061,3,302,2,1
2023HU0560208,1,248,3,1
2023HU0560208,2,248,3,1
2023HU0560208,3,248,3,1
2023HU0560208,4,248,3,1
2023HU0560208,5,248,3,1
2023HU0560248,1,501,2,1
2023HU0560267,1,501,1,1
2023HU0560267,2,501,1,1
2023HU0560267,3,501,1,1
2023HU0560267,4,501,1,1
2023HU0560267,5,501,1,1
2023HU0560533,1,501,2,1
2023HU0560632,1,429,2,1
2023HU0560632,2,429,2,1
2023HU0560632,3,429,2,1
2023HU0560632,4,501,2,1
2023HU0560733,1,501,1,1
2023HU0560733,2,501,1,1
2023HU0560768,1,125,3,1
2023HU0560768,2,125,3,1
2023HU0560768,3,125,3,1
2023HU0560768,4,125,3,1
2023HU0560818,1,501,1,1
2023HU0560818,2,501,1,1
2023HU0560908,1,231,3,1
2023HU0560908,2,231,3,1
2023HU0560908,3,231,3,1
2023HU0561735,1,501,3,1
2023HU0561735,2,501,3,1
2023HU0561918,1,501,1,1
2023HU0561918,2,501,1,1
2023HU0561918,3,501,1,1
2023HU0561918,4,501,1,1
2023HU0561937,1,501,2,1
2023HU0562142,1,501,2,1
2023HU0562152,1,127,1,1
2023HU0562152,2,242,1,1
2023HU0562182,1,19,1,1
2023HU0562182,2,179,1,1
2023HU0562288,1,89,1,1
2023HU0562288,2,89,1,1
2023HU0562292,1,156,2,1
2023HU0562292,2,164,2,1
2023HU0562292,3,213,2,1
2023HU0562461,1,501,2,1
2023HU0562461,2,501,2,1
2023HU0562461,3,501,2,1
2023HU0562461,4,501,2,1
2023HU0562461,5,55,2,1
2023HU0562956,1,104,3,1
2023HU0562956,2,104,3,1
2023HU0562956,3,104,3,1
2023HU0562956,4,104,3,1
2023HU0562956,5,104,3,1
2023HU0563222,1,452,2,1
2023HU0563247,1,430,1,1
2023HU0563247,2,430,1,1
2023HU0563339,1,310,3,1
2023HU0563339,2,0,3,1
2023HU0563339,3,310,3,1
2023HU0563347,1,240,2,1
2023HU0563347,2,240,2,1
2023HU0563453,1,109,2,1
2023HU0563504,1,501,1,1
2023HU0563504,2,501,1,1
2023HU0563504,3,501,1,1
2023HU0563504,4,501,1,1
2023HU0563504,5,501,1,1
2023HU0563737,1,501,1,1
2023HU0563765,1,291,1,1
2023HU0563765,2,291,1,1
2023HU0563765,3,291,1,1
2023HU0563765,4,291,1,1
2023HU0563918,1,179,3,1
2023HU0563918,2,179,3,1
2023HU0563941,1,94,3,1
2023HU0564173,1,363,1,1
2023HU0564173,2,363,1,1
2023HU0564173,3,363,1,1
2023HU0564173,4,363,1,1
2023HU0564173,5,363,1,1
2023HU0564173,6,363,1,1
2023HU0564368,1,501,3,1
2023HU0564368,2,501,3,1
2023HU0564434,1,152,3,1
2023HU0564434,2,152,3,1
2023HU0564546,1,99,1,1
2023HU0564546,2,312,1,1
2023HU0564778,1,305,1,1
2023HU0564778,2,305,1,1
2023HU0564903,1,268,3,1
2023HU0565012,1,253,3,1
2023HU0565012,2,253,3,1
2023HU0565046,1,130,3,1
2023HU0565046,2,130,3,1
2023HU0565046,3,130,3,1
2023HU0565046,4,130,3,1
2023HU0565087,1,221,2,1
2023HU0565087,2,221,2,1
2023HU0565107,1,332,1,1
2023HU0565107,2,351,1,1
2023HU0565107,3,332,1,1
2023HU0565107,4,332,1,1
2023HU0565107,5,332,1,1
2023HU0565400,1,378,1,1
2023HU0565400,2,75,1,1
2023HU0565544,1,501,3,1
2023HU0565544,2,501,3,1
2023HU0565563,1,298,2,1
2023HU0565563,2,298,2,1
2023HU0565563,3,298,2,1
2023HU0565628,1,119,3,1
2023HU0565628,2,119,3,1
2023HU0565628,3,119,3,1
2023HU0565628,4,119,3,1
2023HU0565628,5,119,3,1
2023HU0565778,1,112,3,1
2023HU0565778,2,112,3,1
2023HU0565820,1,501,2,1
2023HU0565820,2,501,2,1
2023HU0566299,1,501,2,1
2023HU0566299,2,501,2,1
2023HU0566677,1,83,2,1
2023HU0566677,2,83,2,1
2023HU0566677,3,83,2,1
2023HU0566677,4,83,2,1
2023HU0566735,1,478,2,1
2023HU0566735,2,478,2,1
2023HU0566746,1,501,1,1
2023HU0566746,2,501,1,1
2023HU0567023,1,94,3,1
2023HU0567248,1,98,1,1
2023HU0567248,2,501,1,1
2023HU0567248,3,98,1,1
2023HU0567248,4,98,1,1
2023HU0567248,5,98,1,1
2023HU0567248,6,98,1,1
2023HU0567248,7,98,1,1
2023HU0567273,1,501,3,1
2023HU0567273,2,501,3,1
2023HU0567273,3,501,3,1
2023HU0567298,1,223,3,1
2023HU0567298,2,223,3,1
2023HU0567298,3,223,3,1
2023HU0567298,4,223,3,1
2023HU0567388,1,501,1,1
2023HU0567388,2,102,1,1
2023HU0567511,1,40,2,1
2023HU0567511,2,40,2,1
2023HU0567511,3,40,2,1
2023HU0567547,1,164,2,1
2023HU0567547,2,164,2,1
2023HU0567997,1,438,1,1
2023HU0568100,1,298,1,1
2023HU0568100,2,298,1,1
2023HU0568125,1,501,2,1
2023HU0568125,2,501,2,1
2023HU0568125,3,501,2,1
2023HU0568175,1,69,3,1
2023HU0568514,1,362,1,1
2023HU0568514,2,192,1,1
2023HU0568514,3,362,1,1
2023HU0568777,1,0,2,1
2023HU0568985,1,501,1,1
2023HU0568985,2,501,1,1
2023HU0569108,1,194,3,1
2023HU0569108,2,194,3,1
2023HU0569154,1,228,3,1
2023HU0569278,1,393,1,1
2023HU0569278,2,393,1,1
2023HU0569321,1,501,1,1
2023HU0569321,2,501,1,1
2023HU0569518,1,501,2,1
2023HU0569518,2,501,2,1
2023HU0569518,3,501,2,1
2023HU0569518,4,501,2,1
2023HU0569772,1,501,2,1
2023HU0569772,2,501,2,1
2023HU0569845,1,266,3,1
2023HU0569845,2,266,3,1
2023HU0569845,3,266,3,1
2023HU0569845,4,266,3,1
2023HU0569989,1,501,1,1
2023HU0569989,2,501,1,1
2023HU0569989,3,501,1,1
2023HU0569989,4,501,1,1
2023HU0570082,1,501,2,1
2023HU0570082,2,501,2,1
2023HU0570130,1,501,3,1
2023HU0570375,1,0,3,1
2023HU0570375,2,0,3,1
2023HU0570375,3,0,3,1
2023HU0570511,1,501,3,1
2023HU0570603,1,223,3,1
2023HU0570953,1,447,2,1
2023HU0570953,2,191,2,1
2023HU0570953,3,447,2,1
2023HU0571049,1,320,3,1
2023HU0571049,2,320,3,1
2023HU0571066,1,501,2,1
2023HU0571066,2,501,2,1
2023HU0571066,3,501,2,1
2023HU0571066,4,501,2,1
2023HU0571319,1,501,3,1
2023HU0571319,2,501,3,1
2023HU0571326,1,454,1,1
2023HU0571326,2,454,1,1
2023HU0571380,1,501,1,1
2023HU0571380,2,501,1,1
2023HU0571380,3,501,1,1
2023HU0571752,1,501,1,1
2023HU0571752,2,501,1,1
2023HU0571864,1,501,1,1
2023HU0571864,2,501,1,1
2023HU0571864,3,501,1,1
2023HU0571918,1,192,2,1
2023HU0571918,2,392,2,1
2023HU0571918,3,225,2,1
2023HU0571918,4,,2,1
2023HU0571966,1,234,2,1
2023HU0571966,2,234,2,1
2023HU0571966,3,234,2,1
2023HU0571966,4,234,2,1
2023HU0571966,5,234,2,1
2023HU0572228,1,187,2,1
2023HU0572262,1,261,1,1
2023HU0572262,2,261,1,1
2023HU0572262,3,261,1,1
2023HU0572262,4,261,1,1
2023HU0572262,5,261,1,1
2023HU0572262,6,261,1,1
2023HU0572429,1,102,3,1
2023HU0572429,2,102,3,1
2023HU0572554,1,213,3,1
2023HU0572554,2,213,3,1
2023HU0572554,3,213,3,1
2023HU0572578,1,501,2,1
2023HU0572787,1,164,3,1
2023HU0572862,1,276,3,1
2023HU0572862,2,276,3,1
2023HU0572862,3,276,3,1
2023HU0572862,4,276,3,1
2023HU0572862,5,276,3,1
2023HU0573349,1,501,2,1
2023HU0573435,1,400,1,1
2023HU0573459,1,501,4,1
2023HU0573517,1,234,2,1
2023HU0573517,2,234,2,1
2023HU0573517,3,83,2,1
2023HU0573518,1,440,2,1
2023HU0573518,2,501,2,1
2023HU0573566,1,161,3,1
2023HU0573566,2,161,3,1
2023HU0573566,3,161,3,1
2023HU0573636,1,501,1,1
2023HU0573693,1,501,1,1
2023HU0573693,2,501,1,1
2023HU0573820,1,501,1,1
2023HU0573820,2,501,1,1
2023HU0573954,1,257,1,1
2023HU0573954,2,257,1,1
2023HU0573954,3,257,1,1
2023HU0573954,4,257,1,1
2023HU0573954,5,257,1,1
2023HU0573954,6,257,1,1
2023HU0573954,7,257,1,1
2023HU0573983,1,94,3,1
2023HU0573986,1,199,3,1
2023HU0573986,2,199,3,1
2023HU0573986,3,199,3,1
2023HU0573986,4,199,3,1
2023HU0574031,1,319,2,1
2023HU0574031,2,319,2,1
2023HU0574115,1,400,1,1
2023HU0574115,2,400,1,1
2023HU0574322,1,501,2,1
2023HU0574322,2,501,2,1
2023HU0574554,1,167,3,1
2023HU0574554,2,167,3,1
2023HU0574554,3,167,3,1
2023HU0574554,4,167,3,1
2023HU0574664,1,176,3,1
2023HU0574790,1,0,3,1
2023HU0574790,2,0,3,1
2023HU0574951,1,48,3,1
2023HU0574951,2,48,3,1
2023HU0574951,3,48,3,1
2023HU0575489,1,471,1,1
2023HU0575489,2,471,1,1
2023HU0575489,3,471,1,1
2023HU0575489,4,471,1,1
2023HU0575489,5,471,1,1
2023HU0575489,6,471,1,1
2023HU0575489,7,471,1,1
2023HU0575489,8,471,1,1
2023HU0575489,9,471,1,1
2023HU0575489,10,471,1,1
2023HU0575489,11,471,1,1
2023HU0575489,12,471,1,1
2023HU0575489,13,471,1,1
2023HU0575575,1,501,3,1
2023HU0575575,2,501,3,1
2023HU0575820,1,132,2,1
2023HU0575921,1,129,2,1
2023HU0575921,2,129,2,1
2023HU0575921,3,129,2,1
2023HU0575921,4,129,2,1
2023HU0575921,5,129,2,1
2023HU0575921,6,129,2,1
2023HU0575921,7,129,2,1
2023HU0576454,1,501,3,1
2023HU0576454,2,501,3,1
2023HU0576476,1,269,3,1
2023HU0576594,1,501,2,1
2023HU0576594,2,501,2,1
2023HU0576594,3,501,2,1
2023HU0576775,1,501,1,1
2023HU0576775,2,501,1,1
2023HU0576775,3,501,1,1
2023HU0576820,1,159,2,1
2023HU0576820,2,159,2,1
2023HU0576820,3,159,2,1
2023HU0576820,4,159,2,1
2023HU0577262,1,132,2,1
2023HU0577262,2,132,2,1
2023HU0577262,3,132,2,1
2023HU0577311,1,501,1,1
2023HU0577311,2,501,1,1
2023HU0577415,1,501,1,1
2023HU0577415,2,501,1,1
2023HU0577678,1,251,2,1
2023HU0577678,2,251,2,1
2023HU0577678,3,251,2,1
2023HU0577943,1,438,2,1
2023HU0577943,2,438,2,1
2023HU0577943,3,438,2,1
2023HU0577943,4,438,2,1
2023HU0577943,5,438,2,1
2023HU0578088,1,290,1,1
2023HU0578311,1,151,3,1
2023HU0578311,2,151,3,1
2023HU0578358,1,196,1,1
2023HU0578358,2,196,1,1
2023HU0578358,3,196,1,1
2023HU0578360,1,501,3,1
2023HU0578403,1,57,3,1
2023HU0578403,2,319,3,1
2023HU0578403,3,57,3,1
2023HU0578403,4,57,3,1
2023HU0578403,5,57,3,1
2023HU0579441,1,501,2,1
2023HU0579441,2,501,2,1
2023HU0579714,1,501,3,1
2023HU0579828,1,501,3,1
2023HU0579873,1,47,3,1
2023HU0579873,2,47,3,1
2023HU0579873,3,47,3,1
2023HU0579913,1,244,3,1
2023HU0579913,2,244,3,1
2023HU0580384,1,276,2,1
2023HU0580384,2,276,2,1
2023HU0580384,3,276,2,1
2023HU0580384,4,276,2,1
2023HU0580500,1,474,1,1
2023HU0580500,2,474,1,1
2023HU0580702,1,54,2,1
2023HU0580702,2,54,2,1
2023HU0580767,1,256,2,1
2023HU0580931,1,438,1,1
2023HU0580931,2,438,1,1
2023HU0581312,1,501,3,1
2023HU0581312,2,501,3,1
2023HU0581312,3,501,3,1
2023HU0581364,1,111,3,1
2023HU0581364,2,111,3,1
2023HU0581364,3,111,3,1
2023HU0581386,1,477,1,1
2023HU0581817,1,158,3,1
2023HU0581817,2,158,3,1
2023HU0581917,1,331,3,1
2023HU0581917,2,331,3,1
2023HU0581917,3,331,3,1
2023HU0582078,1,501,1,1
2023HU0582078,2,501,1,1
2023HU0582078,3,501,1,1
2023HU0582078,4,501,1,1
2023HU0582161,1,54,3,1
2023HU0582182,1,501,1,1
2023HU0582182,2,501,1,1
2023HU0582352,1,133,3,1
2023HU0582352,2,133,3,1
2023HU0582352,3,133,3,1
2023HU0582352,4,133,3,1
2023HU0582512,1,501,1,1
2023HU0582512,2,501,1,1
2023HU0582512,3,501,1,1
2023HU0582512,4,501,1,1
2023HU0582573,1,35,3,1
2023HU0582573,2,35,3,1
2023HU0583081,1,124,3,1
2023HU0583081,2,124,3,1
2023HU0583314,1,501,1,1
2023HU0583314,2,501,1,1
2023HU0583314,3,501,1,1
2023HU0583348,1,501,1,1
2023HU0583868,1,501,1,1
2023HU0583868,2,501,1,1
2023HU0583868,3,501,1,1
2023HU0584371,1,155,3,1
2023HU0584716,1,75,3,1
2023HU0584785,1,112,3,1
2023HU0584785,2,112,3,1
2023HU0584785,3,112,3,1
2023HU0585006,1,195,1,1
2023HU0585006,2,195,1,1
2023HU0585006,3,195,1,1
2023HU0585006,4,195,1,1
2023HU0585121,1,250,1,1
2023HU0585121,2,250,1,1
2023HU0585121,3,250,1,1
2023HU0585121,4,250,1,1
2023HU0585121,5,250,1,1
2023HU0585229,1,501,1,1
2023HU0585229,2,501,1,1
2023HU0585233,1,195,3,1
2023HU0585451,1,112,3,1
2023HU0585451,2,144,3,1
2023HU0585451,3,112,3,1
2023HU0585451,4,112,3,1
2023HU0585451,5,112,3,1
2023HU0585487,1,248,2,1
2023HU0585487,2,248,2,1
2023HU0585758,1,217,1,1
2023HU0585758,2,217,1,1
2023HU0585761,1,126,3,1
2023HU0585761,2,126,3,1
2023HU0585761,3,126,3,1
2023HU0585761,4,126,3,1
2023HU0585971,1,157,1,1
2023HU0585971,2,157,1,1
2023HU0585971,3,157,1,1
2023HU0585971,4,157,1,1
2023HU0585971,5,157,1,1
2023HU0585971,6,157,1,1
2023HU0585971,7,157,1,1
2023HU0586102,1,298,1,1
2023HU0586102,2,298,1,1
2023HU0586419,1,134,1,1
2023HU0586419,2,134,1,1
2023HU0586420,1,441,3,1
2023HU0586420,2,441,3,1
2023HU0586420,3,441,3,1
2023HU0586461,1,49,3,1
2023HU0586461,2,49,3,1
2023HU0586756,1,350,3,1
2023HU0586756,2,446,3,1
2023HU0586912,1,501,1,1
2023HU0586912,2,501,1,1
2023HU0586912,3,501,1,1
2023HU0586912,4,0,1,1
2023HU0587009,1,439,1,1
2023HU0587009,2,439,1,1
2023HU0587009,3,439,1,1
2023HU0587009,4,439,1,1
2023HU0587198,1,501,1,1
2023HU0587198,2,501,1,1
2023HU0587222,1,240,1,1
2023HU0587222,2,240,1,1
2023HU0587466,1,96,3,1
2023HU0587466,2,182,3,1
2023HU0587600,1,320,3,1
2023HU0587600,2,320,3,1
2023HU0587600,3,320,3,1
2023HU0587600,4,320,3,1
2023HU0587600,5,320,3,1
2023HU0587600,6,320,3,1
2023HU0587724,1,32,1,1
2023HU0587887,1,501,2,1
2023HU0587887,2,501,2,1
2023HU0587887,3,501,2,1
2023HU0587887,4,501,2,1
2023HU0587887,5,501,2,1
2023HU0587887,6,501,2,1
2023HU0587974,1,368,1,1
2023HU0587974,2,368,1,1
2023HU0587974,3,120,1,1
2023HU0587974,4,501,1,1
2023HU0587975,1,191,3,1
2023HU0587975,2,191,3,1
2023HU0587975,3,191,3,1
2023HU0587975,4,191,3,1
2023HU0587975,5,191,3,1
2023HU0588040,1,197,1,1
2023HU0588040,2,197,1,1
2023HU0588040,3,197,1,1
2023HU0588197,1,361,3,1
2023HU0588197,2,361,3,1
2023HU0588197,3,361,3,1
2023HU0588750,1,231,3,1
2023HU0588810,1,501,2,1
2023HU0588810,2,501,2,1
2023HU0588810,3,501,2,1
2023HU0588810,4,501,2,1
2023HU0588810,5,501,2,1
2023HU0588810,6,501,2,1
2023HU0588835,1,381,3,1
2023HU0588835,2,381,3,1
2023HU0588835,3,381,3,1
2023HU0588835,4,381,3,1
2023HU0588835,5,381,3,1
2023HU0588835,6,381,3,1
2023HU0588949,1,113,2,1
2023HU0588949,2,113,2,1
2023HU0589048,1,330,3,1
2023HU0589048,2,330,3,1
2023HU0589220,1,444,3,1
2023HU0589303,1,294,2,1
2023HU0589303,2,294,2,1
2023HU0589303,3,294,2,1
2023HU0589432,1,77,2,1
2023HU0589565,1,86,2,1
2023HU0589565,2,86,2,1
2023HU0589604,1,501,1,1
2023HU0589604,2,501,1,1
2023HU0589604,3,501,1,1
2023HU0589604,4,501,1,1
2023HU0589604,5,501,1,1
2023HU0590019,1,469,3,1
2023HU0590019,2,469,3,1
2023HU0590019,3,469,3,1
2023HU0590178,1,374,3,1
2023HU0590178,2,374,3,1
2023HU0590178,3,374,3,1
2023HU0590570,1,501,1,1
2023HU0590570,2,501,1,1
2023HU0590570,3,501,1,1
2023HU0590570,4,501,1,1
2023HU0590786,1,484,1,1
2023HU0590786,2,484,1,1
2023HU0590786,3,484,1,1
2023HU0590806,1,247,3,1
2023HU0590806,2,247,3,1
2023HU0590806,3,247,3,1
2023HU0590806,4,247,3,1
2023HU0590806,5,247,3,1
2023HU0591000,1,501,2,1
2023HU0591000,2,501,2,1
2023HU0591246,1,501,1,1
2023HU0591246,2,501,1,1
2023HU0591346,1,264,3,1
2023HU0591399,1,46,4,1
2023HU0591500,1,177,2,1
2023HU0591500,2,177,2,1
2023HU0591572,1,144,2,1
2023HU0591572,2,144,2,1
2023HU0591631,1,501,1,1
2023HU0591879,1,501,3,1
2023HU0591879,2,501,3,1
2023HU0591879,3,501,3,1
2023HU0591880,1,501,2,1
2023HU0591880,2,501,2,1
2023HU0591936,1,501,3,1
2023HU0592010,1,172,2,1
2023HU0592262,1,392,3,1
2023HU0592452,1,336,2,1
2023HU0592452,2,336,2,1
2023HU0592617,1,295,3,1
2023HU0592620,1,358,1,1
2023HU0592620,2,358,1,1
2023HU0593110,1,501,1,1
2023HU0593110,2,421,1,1
2023HU0593205,1,253,2,1
2023HU0593205,2,253,2,1
2023HU0593249,1,481,3,1
2023HU0593282,1,122,1,1
2023HU0593282,2,122,1,1
2023HU0593525,1,501,1,1
2023HU0594256,1,452,1,1
2023HU0594256,2,452,1,1
2023HU0594256,3,127,1,1
2023HU0594274,1,184,2,1
2023HU0594274,2,184,2,1
2023HU0594306,1,482,3,1
2023HU0594306,2,289,3,1
2023HU0594373,1,85,2,1
2023HU0594823,1,123,3,1
2023HU0594823,2,123,3,1
2023HU0594823,3,123,3,1
2023HU0594931,1,347,2,1
2023HU0594931,2,347,2,1
2023HU0594931,3,347,2,1
2023HU0595373,1,365,2,1
2023HU0595373,2,365,2,1
2023HU0595373,3,286,2,1
2023HU0595441,1,501,3,1
2023HU0595441,2,501,3,1
2023HU0595441,3,501,3,1
2023HU0595622,1,474,1,1
2023HU0595622,2,474,1,1
2023HU0595622,3,474,1,1
2023HU0595622,4,474,1,1
2023HU0595622,5,474,1,1
2023HU0595669,1,270,3,1
2023HU0595669,2,270,3,1
2023HU0596827,1,433,1,1
2023HU0596827,2,433,1,1
2023HU0596827,3,433,1,1
2023HU0596827,4,433,1,1
2023HU0596827,5,433,1,1
2023HU0596840,1,445,1,1
2023HU0596840,2,445,1,1
2023HU0596840,3,445,1,1
2023HU0596840,4,445,1,1
2023HU0596840,5,445,1,1
2023HU0596869,1,501,3,1
2023HU0596869,2,501,3,1
2023HU0596929,1,501,1,1
2023HU0596929,2,501,1,1
2023HU0596953,1,10,1,1
2023HU0596977,1,390,3,1
2023HU0597290,1,66,2,1
2023HU0597290,2,66,2,1
2023HU0597290,3,11,2,1
2023HU0597290,4,0,2,1
2023HU0597290,5,2,2,1
2023HU0597351,1,0,3,1
2023HU0597351,2,0,3,1
2023HU0597351,3,0,3,1
2023HU0597351,4,0,3,1
2023HU0597351,5,0,3,1
2023HU0597447,1,63,2,1
2023HU0597447,2,63,2,1
2023HU0597562,1,501,1,1
2023HU0597562,2,501,1,1
2023HU0597562,3,501,1,1
2023HU0597579,1,501,1,1
2023HU0597579,2,501,1,1
2023HU0597579,3,501,1,1
2023HU0597579,4,501,1,1
2023HU0597638,1,426,1,1
2023HU0597638,2,426,1,1
2023HU0597652,1,501,3,1
2023HU0597723,1,174,3,1
2023HU0597723,2,18,3,1
2023HU0597732,1,481,2,1
2023HU0597732,2,481,2,1
2023HU0597732,3,481,2,1
2023HU0597732,4,481,2,1
2023HU0597805,1,501,1,1
2023HU0597805,2,501,1,1
2023HU0597805,3,501,1,1
2023HU0598329,1,501,2,1
2023HU0598329,2,501,2,1
2023HU0598428,1,501,3,1
2023HU0598428,2,0,3,1
2023HU0598428,3,23,3,1
2023HU0598428,4,16,3,1
2023HU0598454,1,156,2,1
2023HU0598512,1,501,3,1
2023HU0598512,2,501,3,1
2023HU0598512,3,501,3,1
2023HU0598579,1,92,3,1
2023HU0598579,2,92,3,1
2023HU0598579,3,92,3,1
2023HU0598579,4,92,3,1
2023HU0598579,5,92,3,1
2023HU0598598,1,231,3,1
2023HU0598598,2,231,3,1
2023HU0598598,3,231,3,1
2023HU0598707,1,249,1,1
2023HU0598707,2,249,1,1
2023HU0598768,1,353,3,1
2023HU0598768,2,0,3,1
2023HU0598798,1,312,2,1
2023HU0598798,2,312,2,1
2023HU0598798,3,312,2,1
2023HU0598798,4,312,2,1
2023HU0599343,1,501,1,1
2023HU0599343,2,501,1,1
2023HU0599850,1,169,3,1
2023HU0599850,2,169,3,1
2023HU0599916,1,76,3,1
2023HU0599953,1,267,1,1
2023HU0599953,2,267,1,1
2023HU0599953,3,267,1,1
2023HU0600079,1,501,1,1
2023HU0600079,2,501,1,1
2023HU0600079,3,501,1,1
2023HU0600336,1,501,1,1
2023HU0600336,2,501,1,1
2023HU0600336,3,501,1,1
2023HU0600336,4,501,1,1
2023HU0600365,1,289,2,1
2023HU0600365,2,321,2,1
2023HU0600395,1,60,3,1
2023HU0600395,2,60,3,1
2023HU0600500,1,58,1,1
2023HU0600500,2,58,1,1
2023HU0600501,1,367,2,1
2023HU0600501,2,367,2,1
2023HU0600501,3,367,2,1
2023HU0600501,4,367,2,1
2023HU0600731,1,501,2,1
2023HU0600731,2,501,2,1
2023HU0600731,3,501,2,1
2023HU0600787,1,211,3,1
2023HU0600787,2,211,3,1
2023HU0600787,3,8,3,1
2023HU0600898,1,298,3,1
2023HU0600898,2,298,3,1
2023HU0600905,1,501,3,1
2023HU0600905,2,501,3,1
2023HU0600909,1,501,1,1
2023HU0600909,2,501,1,1
2023HU0600909,3,501,1,1
2023HU0601151,1,232,1,1
2023HU0601151,2,232,1,1
2023HU0601151,3,232,1,1
2023HU0601295,1,329,3,1
2023HU0601295,2,240,3,1
2023HU0601378,1,317,3,1
2023HU0601378,2,317,3,1
2023HU0601378,3,317,3,1
2023HU0601378,4,317,3,1
2023HU0601447,1,115,3,1
2023HU0601447,2,319,3,1
2023HU0601800,1,447,3,1
2023HU0601800,2,447,3,1
2023HU0602043,1,93,3,1
2023HU0602542,1,484,2,1
2023HU0602542,2,484,2,1
2023HU0602542,3,484,2,1
2023HU0602542,4,484,2,1
2023HU0602542,5,484,2,1
2023HU0602708,1,165,3,1
2023HU0602708,2,165,3,1
2023HU0602708,3,165,3,1
2023HU0602747,1,70,2,1
2023HU0602747,2,70,2,1
2023HU0602751,1,501,2,1
2023HU0602751,2,501,2,1
2023HU0603144,1,501,1,1
2023HU0603144,2,501,1,1
2023HU0603463,1,501,3,1
2023HU0603463,2,501,3,1
2023HU0603512,1,423,2,1
2023HU0603639,1,501,1,1
2023HU0603639,2,501,1,1
2023HU0603836,1,501,1,1
2023HU0603836,2,501,1,1
2023HU0603897,1,258,3,1
2023HU0603897,2,258,3,1
2023HU0603906,1,243,3,1
2023HU0603906,2,243,3,1
2023HU0603906,3,243,3,1
2023HU0603924,1,10,3,1
2023HU0603924,2,160,3,1
2023HU0603924,3,10,3,1
2023HU0604118,1,501,2,1
2023HU0604118,2,501,2,1
2023HU0604118,3,501,2,1
2023HU0604118,4,501,2,1
2023HU0604554,1,93,1,1
2023HU0604554,2,93,1,1
2023HU0604554,3,93,1,1
2023HU0604761,1,501,2,1
2023HU0604761,2,501,2,1
2023HU0604761,3,501,2,1
2023HU0604986,1,248,1,1
2023HU0604986,2,248,1,1
2023HU0604986,3,248,1,1
2023HU0604986,4,248,1,1
2023HU0605005,1,433,1,1
2023HU0605005,2,433,1,1
2023HU0605005,3,433,1,1
2023HU0605005,4,433,1,1
2023HU0605005,5,433,1,1
2023HU0605005,6,433,1,1
2023HU0605012,1,456,1,1
2023HU0605012,2,456,1,1
2023HU0605012,3,456,1,1
2023HU0605096,1,343,3,1
2023HU0605096,2,501,3,1
2023HU0605136,1,319,3,1
2023HU0605172,1,439,1,1
2023HU0605172,2,439,1,1
2023HU0605172,3,439,1,1
2023HU0605172,4,439,1,1
2023HU0605172,5,439,1,1
2023HU0605172,6,439,1,1
2023HU0605287,1,76,1,1
2023HU0605307,1,168,2,1
2023HU0605490,1,162,2,1
2023HU0605490,2,162,2,1
2023HU0605533,1,17,2,1
2023HU0605559,1,303,2,1
2023HU0605559,2,501,2,1
2023HU0605671,1,314,1,1
2023HU0605671,2,314,1,1
2023HU0605671,3,314,1,1
2023HU0605671,4,314,1,1
2023HU0605788,1,164,3,1
2023HU0605788,2,212,3,1
2023HU0605790,1,38,3,1
2023HU0605790,2,38,3,1
2023HU0605790,3,38,3,1
2023HU0605810,1,501,3,1
2023HU0605810,2,501,3,1
2023HU0606059,1,433,3,1
2023HU0606059,2,433,3,1
2023HU0606104,1,501,2,1
2023HU0606104,2,501,2,1
2023HU0606104,3,501,2,1
2023HU0606104,4,501,2,1
2023HU0606104,5,501,2,1
2023HU0606106,1,77,3,1
2023HU0606230,1,161,1,1
2023HU0606514,1,501,2,1
2023HU0606514,2,501,2,1
2023HU0606658,1,501,2,1
2023HU0606658,2,501,2,1
2023HU0606987,1,6,2,1
2023HU0607009,1,124,3,1
2023HU0607009,2,124,3,1
2023HU0607009,3,124,3,1
2023HU0607009,4,124,3,1
2023HU0607321,1,213,3,1
2023HU0607321,2,213,3,1
2023HU0607321,3,213,3,1
2023HU0607457,1,240,2,1
2023HU0607457,2,240,2,1
2023HU0607479,1,263,1,1
2023HU0607479,2,263,1,1
2023HU0607479,3,263,1,1
2023HU0607479,4,263,1,1
2023HU0607479,5,263,1,1
2023HU0607566,1,341,1,1
2023HU0607566,2,341,1,1
2023HU0608126,1,14,3,1
2023HU0608126,2,117,3,1
2023HU0608395,1,161,3,1
2023HU0608395,2,161,3,1
2023HU0608395,3,161,3,1
2023HU0608395,4,161,3,1
2023HU0608973,1,152,2,1
2023HU0608973,2,152,2,1
2023HU0608973,3,152,2,1
2023HU0608973,4,152,2,1
2023HU0608973,5,152,2,1
2023HU0608973,6,152,2,1
2023HU0609156,1,501,1,1
2023HU0609156,2,501,1,1
2023HU0609156,3,501,1,1
2023HU0609156,4,501,1,1
2023HU0609156,5,501,1,1
2023HU0609156,6,501,1,1
2023HU0609249,1,107,2,1
2023HU0609249,2,107,2,1
2023HU0609262,1,249,2,1
2023HU0609262,2,249,2,1
2023HU0609438,1,501,2,1
2023HU0609438,2,501,2,1
2023HU0609445,1,210,3,1
2023HU0609723,1,501,3,1
2023HU0609723,2,501,3,1
2023HU0609723,3,501,3,1
2023HU0609723,4,501,3,1
2023HU0609723,5,501,3,1
2023HU0609825,1,501,1,1
2023HU0609958,1,460,2,1
2023HU0609963,1,374,2,1
2023HU0609963,2,374,2,1
2023HU0609963,3,374,2,1
2023HU0609963,4,374,2,1
2023HU0609963,5,374,2,1
2023HU0609963,6,374,2,1
2023HU0609963,7,374,2,1
2023HU0609963,8,374,2,1
2023HU0609963,9,394,2,1
2023HU0610140,1,175,1,1
2023HU0610140,2,385,1,1
2023HU0610140,3,175,1,1
2023HU0610140,4,175,1,1
2023HU0610140,5,175,1,1
2023HU0610140,6,175,1,1
2023HU0610291,1,179,1,1
2023HU0610291,2,179,1,1
2023HU0610318,1,144,3,1
2023HU0610318,2,144,3,1
2023HU0610369,1,107,3,1
2023HU0610392,1,76,3,1
2023HU0610585,1,291,3,1
2023HU0610638,1,501,3,1
2023HU0610868,1,175,2,1
2023HU0610955,1,69,3,1
2023HU0611354,1,92,2,1
2023HU0611389,1,501,3,1
2023HU0611389,2,501,3,1
2023HU0611470,1,247,2,1
2023HU0611618,1,120,2,1
2023HU0611618,2,120,2,1
2023HU0612118,1,501,1,1
2023HU0612118,2,501,1,1
2023HU0612118,3,501,1,1
2023HU0612118,4,501,1,1
2023HU0612323,1,501,1,1
2023HU0613410,1,501,1,1
2023HU0613410,2,501,1,1
2023HU0613410,3,501,1,1
2023HU0613497,1,123,2,1
2023HU0613497,2,123,2,1
2023HU0613511,1,247,2,1
2023HU0613537,1,501,2,1
2023HU0613537,2,501,2,1
2023HU0613537,3,501,2,1
2023HU0613919,1,501,3,1
2023HU0614020,1,501,1,1
2023HU0614020,2,501,1,1
2023HU0614020,3,501,1,1
2023HU0614087,1,501,2,1
2023HU0614087,2,501,2,1
2023HU0614154,1,501,2,1
2023HU0614154,2,501,2,1
2023HU0614154,3,501,2,1
2023HU0614154,4,501,2,1
2023HU0614154,5,501,2,1
2023HU0614154,6,501,2,1
2023HU0614154,7,501,2,1
2023HU0614154,8,501,2,1
2023HU0614154,9,501,2,1
2023HU0614645,1,501,1,1
2023HU0614645,2,501,1,1
2023HU0614645,3,501,1,1
2023HU0614645,4,501,1,1
2023HU0614645,5,501,1,1
2023HU0614731,1,501,1,1
2023HU0614731,2,501,1,1
2023HU0614870,1,242,3,1
2023HU0614870,2,194,3,1
2023HU0615028,1,89,3,1
2023HU0615403,1,283,1,1
2023HU0615403,2,283,1,1
2023HU0615451,1,199,3,1
2023HU0615650,1,489,3,1
2023HU0615650,2,489,3,1
2023HU0615827,1,501,2,1
2023HU0615827,2,501,2,1
2023HU0615940,1,501,4,1
2023HU0616034,1,501,1,1
2023HU0616034,2,501,1,1
2023HU0616034,3,501,1,1
2023HU0616034,4,501,1,1
2023HU0616086,1,377,2,1
2023HU0616215,1,320,3,1
2023HU0616248,1,145,1,1
2023HU0616248,2,145,1,1
2023HU0616248,3,28,1,1
2023HU0616311,1,0,3,1
2023HU0616311,2,0,3,1
2023HU0616448,1,501,2,1
2023HU0616448,2,501,2,1
2023HU0616459,1,501,1,1
2023HU0616459,2,501,1,1
2023HU0616459,3,501,1,1
2023HU0616459,4,501,1,1
2023HU0616475,1,264,2,1
2023HU0616475,2,29,2,1
2023HU0616513,1,419,3,1
2023HU0616513,2,419,3,1
2023HU0616622,1,303,3,1
2023HU0616622,2,303,3,1
2023HU0616686,1,67,2,1
2023HU0616709,1,115,3,1
2023HU0616709,2,115,3,1
2023HU0616709,3,115,3,1
2023HU0616709,4,115,3,1
2023HU0616784,1,433,2,1
2023HU0616784,2,433,2,1
2023HU0616784,3,433,2,1
2023HU0616784,4,433,2,1
2023HU0616874,1,501,1,1
2023HU0616874,2,501,1,1
2023HU0616874,3,501,1,1
2023HU0616920,1,361,3,1
2023HU0616968,1,501,3,1
2023HU0616968,2,501,3,1
2023HU0616968,3,501,3,1
2023HU0617125,1,193,3,1
2023HU0617302,1,501,2,1
2023HU0617302,2,501,2,1
2023HU0617370,1,501,2,1
2023HU0617370,2,501,2,1
2023HU0617453,1,501,2,1
2023HU0617453,2,501,2,1
2023HU0617453,3,501,2,1
2023HU0617910,1,501,1,1
2023HU0617910,2,501,1,1
2023HU0617910,3,501,1,1
2023HU0618561,1,361,3,1
2023HU0618561,2,14,3,1
2023HU0618725,1,501,3,1
2023HU0618930,1,440,2,1
2023HU0618930,2,440,2,1
2023HU0618930,3,440,2,1
2023HU0618930,4,440,2,1
2023HU0618944,1,501,2,1
2023HU0618944,2,118,2,1
2023HU0618944,3,501,2,1
2023HU0618944,4,501,2,1
2023HU0618963,1,138,1,1
2023HU0618963,2,138,1,1
2023HU0618963,3,138,1,1
2023HU0618963,4,138,1,1
2023HU0618963,5,138,1,1
2023HU0618963,6,138,1,1
2023HU0618963,7,138,1,1
2023HU0618963,8,138,1,1
2023HU0618963,9,138,1,1
2023HU0618963,10,388,1,1
2023HU0619125,1,288,1,1
2023HU0619145,1,501,2,1
2023HU0619145,2,501,2,1
2023HU0619145,3,501,2,1
2023HU0619215,1,501,1,1
2023HU0619215,2,501,1,1
2023HU0619215,3,501,1,1
2023HU0619215,4,501,1,1
2023HU0619281,1,501,1,1
2023HU0619281,2,501,1,1
2023HU0619426,1,456,3,1
2023HU0619551,1,70,3,1
2023HU0619551,2,70,3,1
2023HU0619551,3,70,3,1
2023HU0619833,1,205,2,1
2023HU0619833,2,501,2,1
2023HU0619833,3,205,2,1
2023HU0619833,4,205,2,1
2023HU0619854,1,501,2,1
2023HU0619854,2,501,2,1
2023HU0619872,1,501,2,1
2023HU0619872,2,501,2,1
2023HU0619872,3,501,2,1
2023HU0620365,1,354,2,1
2023HU0620365,2,354,2,1
2023HU0620464,1,501,2,1
2023HU0620464,2,501,2,1
2023HU0620464,3,501,2,1
2023HU0620470,1,269,2,1
2023HU0620470,2,25,2,1
2023HU0620955,1,113,2,1
2023HU0620955,2,113,2,1
2023HU0620969,1,363,2,1
2023HU0620969,2,363,2,1
2023HU0620969,3,363,2,1
2023HU0620969,4,363,2,1
2023HU0620969,5,363,2,1
2023HU0620969,6,363,2,1
2023HU0621077,1,319,2,1
2023HU0621077,2,319,2,1
2023HU0621128,1,447,1,1
2023HU0621128,2,447,1,1
2023HU0621128,3,447,1,1
2023HU0621128,4,447,1,1
2023HU0621128,5,447,1,1
2023HU0621201,1,144,3,1
2023HU0621201,2,144,3,1
2023HU0621201,3,144,3,1
2023HU0621201,4,144,3,1
2023HU0621365,1,501,1,1
2023HU0621614,1,501,2,1
2023HU0621614,2,501,2,1
2023HU0621626,1,501,2,1
2023HU0621626,2,501,2,1
2023HU0621674,1,206,3,1
2023HU0621674,2,206,3,1
2023HU0621674,3,206,3,1
2023HU0621686,1,501,3,1
2023HU0621686,2,501,3,1
2023HU0621686,3,501,3,1
2023HU0621686,4,501,3,1
2023HU0621722,1,139,3,1
2023HU0621722,2,139,3,1
2023HU0621722,3,139,3,1
2023HU0621774,1,118,3,1
2023HU0621774,2,118,3,1
2023HU0622192,1,382,1,1
2023HU0622269,1,345,3,1
2023HU0622319,1,123,1,1
2023HU0622353,1,299,2,1
2023HU0622353,2,299,2,1
2023HU0622390,1,501,1,1
2023HU0622390,2,501,1,1
2023HU0622390,3,501,1,1
2023HU0622404,1,325,2,1
2023HU0622404,2,325,2,1
2023HU0622404,3,325,2,1
2023HU0622413,1,351,2,1
2023HU0622413,2,351,2,1
2023HU0622413,3,351,2,1
2023HU0622424,1,339,1,1
2023HU0622424,2,339,1,1
2023HU0622449,1,295,3,1
2023HU0622508,1,443,1,1
2023HU0622508,2,443,1,1
2023HU0622508,3,443,1,1
2023HU0622508,4,443,1,1
2023HU0622534,1,253,3,1
2023HU0622534,2,253,3,1
2023HU0622927,1,501,1,1
2023HU0623236,1,191,3,1
2023HU0623236,2,191,3,1
2023HU0623236,3,191,3,1
2023HU0623236,4,191,3,1
2023HU0623242,1,51,1,1
2023HU0623242,2,51,1,1
2023HU0623258,1,70,3,1
2023HU0623437,1,501,2,1
2023HU0623437,2,501,2,1
2023HU0623437,3,501,2,1
2023HU0623455,1,287,3,1
2023HU0623455,2,24,3,1
2023HU0623455,3,287,3,1
2023HU0623455,4,287,3,1
2023HU0623471,1,118,1,1
2023HU0623471,2,118,1,1
2023HU0623471,3,118,1,1
2023HU0623572,1,199,1,1
2023HU0623572,2,199,1,1
2023HU0623572,3,199,1,1
2023HU0623572,4,199,1,1
2023HU0623697,1,114,3,1
2023HU0624281,1,392,2,1
2023HU0624281,2,392,2,1
2023HU0624699,1,259,1,1
2023HU0624772,1,395,2,1
2023HU0624772,2,395,2,1
2023HU0625166,1,501,2,1
2023HU0625166,2,501,2,1
2023HU0625230,1,351,2,1
2023HU0625230,2,351,2,1
2023HU0625233,1,41,3,1
2023HU0625233,2,41,3,1
2023HU0625239,1,76,3,1
2023HU0625239,2,76,3,1
2023HU0625239,3,76,3,1
2023HU0625239,4,466,3,1
2023HU0625551,1,501,2,1
2023HU0625551,2,501,2,1
2023HU0625954,1,288,2,1
2023HU0625954,2,288,2,1
2023HU0626018,1,501,3,1
2023HU0626018,2,501,3,1
2023HU0626018,3,501,3,1
2023HU0626018,4,501,3,1
2023HU0626018,5,501,3,1
2023HU0626101,1,501,1,1
2023HU0626441,1,393,1,1
2023HU0626441,2,393,1,1
2023HU0626441,3,393,1,1
2023HU0626441,4,393,1,1
2023HU0626441,5,393,1,1
2023HU0626441,6,393,1,1
2023HU0626441,7,393,1,1
2023HU0627137,1,0,2,1
2023HU0627150,1,155,3,1
2023HU0627150,2,155,3,1
2023HU0627150,3,155,3,1
2023HU0627150,4,155,3,1
2023HU0627340,1,501,2,1
2023HU0627340,2,501,2,1
2023HU0627506,1,459,2,1
2023HU0627506,2,0,2,1
2023HU0627570,1,301,3,1
2023HU0627724,1,138,2,1
2023HU0627724,2,138,2,1
2023HU0627865,1,225,1,1
2023HU0627865,2,225,1,1
2023HU0627865,3,225,1,1
2023HU0628213,1,501,4,1
2023HU0628497,1,390,3,1
2023HU0628497,2,390,3,1
2023HU0628497,3,390,3,1
2023HU0628497,4,390,3,1
2023HU0628523,1,115,1,1
2023HU0628523,2,115,1,1
2023HU0628546,1,501,1,1
2023HU0628546,2,501,1,1
2023HU0628572,1,501,3,1
2023HU0628572,2,501,3,1
2023HU0628634,1,298,1,1
2023HU0628634,2,298,1,1
2023HU0628634,3,298,1,1
2023HU0628634,4,298,1,1
2023HU0628784,1,195,4,1
2023HU0628874,1,390,1,1
2023HU0629008,1,169,3,1
2023HU0629008,2,153,3,1
2023HU0629008,3,213,3,1
2023HU0629974,1,69,1,1
2023HU0629974,2,69,1,1
2023HU0630273,1,390,3,1
2023HU0630294,1,501,3,1
2023HU0630294,2,501,3,1
2023HU0630294,3,501,3,1
2023HU0630342,1,274,1,1
2023HU0630490,1,318,1,1
2023HU0630533,1,501,2,1
2023HU0630533,2,501,2,1
2023HU0630555,1,297,3,1
2023HU0630555,2,297,3,1
2023HU0630602,1,501,1,1
2023HU0630602,2,328,1,1
2023HU0630602,3,501,1,1
2023HU0630602,4,501,1,1
2023HU0630707,1,501,1,1
2023HU0630707,2,501,1,1
2023HU0630721,1,501,2,1
2023HU0630721,2,501,2,1
2023HU0630761,1,361,2,1
2023HU0630761,2,361,2,1
2023HU0630761,3,361,2,1
2023HU0631080,1,323,1,1
2023HU0631080,2,323,1,1
2023HU0631080,3,323,1,1
2023HU0631080,4,323,1,1
2023HU0631330,1,501,3,1
2023HU0631330,2,501,3,1
2023HU0631472,1,190,2,1
2023HU0631472,2,501,2,1
2023HU0631715,1,319,3,1
2023HU0631715,2,319,3,1
2023HU0631715,3,319,3,1
2023HU0631715,4,319,3,1
2023HU0631715,5,319,3,1
2023HU0631715,6,319,3,1
2023HU0631715,7,319,3,1
2023HU0631715,8,319,3,1
2023HU0631715,9,319,3,1
2023HU0631715,10,319,3,1
2023HU0631715,11,319,3,1
2023HU0631715,12,319,3,1
2023HU0631943,1,214,2,1
2023HU0631943,2,214,2,1
2023HU0631943,3,214,2,1
2023HU0631943,4,214,2,1
2023HU0632013,1,291,3,1
2023HU0632013,2,291,3,1
2023HU0632179,1,501,1,1
2023HU0632179,2,501,1,1
2023HU0632179,3,501,1,1
2023HU0632384,1,370,1,1
2023HU0632384,2,287,1,1
2023HU0632510,1,286,3,1
2023HU0632510,2,286,3,1
2023HU0632510,3,286,3,1
2023HU0632510,4,286,3,1
2023HU0632597,1,231,3,1
2023HU0632597,2,231,3,1
2023HU0632597,3,231,3,1
2023HU0632653,1,368,1,1
2023HU0632653,2,368,1,1
2023HU0632653,3,368,1,1
2023HU0632653,4,368,1,1
2023HU0632653,5,368,1,1
2023HU0632777,1,86,3,1
2023HU0632777,2,86,3,1
2023HU0633041,1,11,2,1
2023HU0633055,1,501,2,1
2023HU0633055,2,501,2,1
2023HU0633195,1,287,3,1
2023HU0633387,1,256,3,1
2023HU0633387,2,256,3,1
2023HU0633387,3,256,3,1
2023HU0633781,1,296,1,1
2023HU0633781,2,296,1,1
2023HU0633810,1,231,3,1
2023HU0633810,2,231,3,1
2023HU0633810,3,194,3,1
2023HU0633919,1,274,2,1
2023HU0633919,2,274,2,1
2023HU0634042,1,340,3,1
2023HU0634170,1,452,3,1
2023HU0634170,2,452,3,1
2023HU0634170,3,452,3,1
2023HU0634245,1,474,1,1
2023HU0634340,1,320,3,1
2023HU0634343,1,123,1,1
2023HU0634343,2,123,1,1
2023HU0634496,1,136,2,1
2023HU0634497,1,501,1,1
2023HU0634497,2,501,1,1
2023HU0634497,3,501,1,1
2023HU0634542,1,408,2,1
2023HU0634781,1,122,1,1
2023HU0634781,2,189,1,1
2023HU0634781,3,122,1,1
2023HU0634901,1,240,2,1
2023HU0634901,2,240,2,1
2023HU0634901,3,240,2,1
2023HU0634901,4,240,2,1
2023HU0634967,1,501,2,1
2023HU0634967,2,501,2,1
2023HU0635049,1,501,2,1
2023HU0635049,2,501,2,1
2023HU0635049,3,501,2,1
2023HU0635068,1,501,1,1
2023HU0635068,2,501,1,1
2023HU0635068,3,501,1,1
2023HU0635313,1,501,2,1
2023HU0635618,1,501,2,1
2023HU0635618,2,501,2,1
2023HU0635884,1,439,1,1
2023HU0635884,2,78,1,1
2023HU0635884,3,439,1,1
2023HU0635884,4,439,1,1
2023HU0635894,1,501,3,1
2023HU0635894,2,501,3,1
2023HU0636313,1,491,2,1
2023HU0636374,1,117,3,1
2023HU0636374,2,117,3,1
2023HU0636374,3,117,3,1
2023HU0636374,4,117,3,1
2023HU0636450,1,328,3,1
2023HU0636450,2,328,3,1
2023HU0636450,3,328,3,1
2023HU0636574,1,205,3,1
2023HU0636574,2,205,3,1
2023HU0636616,1,266,2,1
2023HU0636726,1,125,2,1
2023HU0636726,2,125,2,1
2023HU0636837,1,501,3,1
2023HU0636837,2,501,3,1
2023HU0636837,3,501,3,1
2023HU0636837,4,501,3,1
2023HU0636837,5,501,3,1
2023HU0637309,1,255,3,1
2023HU0637316,1,76,2,1
2023HU0637316,2,76,2,1
2023HU0637330,1,501,3,1
2023HU0637330,2,501,3,1
2023HU0637613,1,143,1,1
2023HU0637613,2,143,1,1
2023HU0637897,1,370,3,1
2023HU0637897,2,370,3,1
2023HU0638157,1,227,3,1
2023HU0638157,2,227,3,1
2023HU0638533,1,433,1,1
2023HU0638533,2,433,1,1
2023HU0638567,1,289,1,1
2023HU0638567,2,289,1,1
2023HU0638567,3,289,1,1
2023HU0638567,4,289,1,1
2023HU0638608,1,501,2,1
2023HU0638608,2,501,2,1
2023HU0638897,1,166,2,1
2023HU0638929,1,169,1,1
2023HU0638929,2,169,1,1
2023HU0638929,3,169,1,1
2023HU0638948,1,263,2,1
2023HU0638948,2,263,2,1
2023HU0639044,1,501,2,1
2023HU0639044,2,501,2,1
2023HU0639160,1,349,2,1
2023HU0639160,2,349,2,1
2023HU0639160,3,349,2,1
2023HU0639282,1,281,3,1
2023HU0639282,2,281,3,1
2023HU0639378,1,157,4,1
2023HU0639542,1,501,3,1
2023HU0639542,2,501,3,1
2023HU0639640,1,318,1,1
2023HU0639640,2,318,1,1
2023HU0639640,3,318,1,1
2023HU0639640,4,318,1,1
2023HU0639640,5,318,1,1
2023HU0639640,6,318,1,1
2023HU0639667,1,81,3,1
2023HU0639667,2,83,3,1
2023HU0639691,1,41,1,1
2023HU0639702,1,175,2,1
2023HU0639702,2,175,2,1
2023HU0639702,3,175,2,1
2023HU0639702,4,175,2,1
2023HU0639702,5,175,2,1
2023HU0639702,6,175,2,1
2023HU0639702,7,175,2,1
2023HU0639711,1,275,1,1
2023HU0639711,2,275,1,1
2023HU0639711,3,275,1,1
2023HU0639726,1,186,3,1
2023HU0639726,2,501,3,1
2023HU0639742,1,501,1,1
2023HU0639742,2,501,1,1
2023HU0639742,3,501,1,1
2023HU0639864,1,501,2,1
2023HU0639864,2,501,2,1
2023HU0639864,3,501,2,1
2023HU0639936,1,501,3,1
2023HU0640394,1,366,1,1
2023HU0640394,2,366,1,1
2023HU0640438,1,501,2,1
2023HU0640438,2,501,2,1
2023HU0640510,1,501,1,1
2023HU0640516,1,501,1,1
2023HU0640516,2,501,1,1
2023HU0640516,3,501,1,1
2023HU0640516,4,501,1,1
2023HU0640516,5,501,1,1
2023HU0640554,1,501,1,1
2023HU0640930,1,157,3,1
2023HU0640930,2,157,3,1
2023HU0640930,3,157,3,1
2023HU0640930,4,157,3,1
2023HU0640971,1,501,1,1
2023HU0640971,2,501,1,1
2023HU0641105,1,220,3,1
2023HU0641105,2,220,3,1
2023HU0641105,3,220,3,1
2023HU0641105,4,220,3,1
2023HU0641105,5,220,3,1
2023HU0641155,1,501,2,1
2023HU0641155,2,501,2,1
2023HU0641218,1,501,3,1
2023HU0641218,2,501,3,1
2023HU0641254,1,140,3,1
2023HU0641254,2,140,3,1
2023HU0641254,3,140,3,1
2023HU0641254,4,140,3,1
2023HU0641254,5,275,3,1
2023HU0641254,6,0,3,1
2023HU0641263,1,501,1,1
2023HU0641263,2,501,1,1
2023HU0641417,1,49,3,1
2023HU0641482,1,172,1,1
2023HU0641482,2,172,1,1
2023HU0641482,3,172,1,1
2023HU0641482,4,172,1,1
2023HU0641482,5,172,1,1
2023HU0641482,6,172,1,1
2023HU0641482,7,172,1,1
2023HU0641482,8,172,1,1
2023HU0641654,1,185,1,1
2023HU0642341,1,0,2,1
2023HU0642492,1,9,3,1
2023HU0642492,2,5,3,1
2023HU0642515,1,154,1,1
2023HU0642515,2,154,1,1
2023HU0642603,1,348,3,1
2023HU0642603,2,348,3,1
2023HU0642603,3,348,3,1
2023HU0642603,4,348,3,1
2023HU0642866,1,485,3,1
2023HU0642929,1,133,1,1
2023HU0642929,2,133,1,1
2023HU0642929,3,133,1,1
2023HU0642929,4,133,1,1
2023HU0642929,5,133,1,1
2023HU0642929,6,133,1,1
2023HU0642929,7,133,1,1
2023HU0642929,8,133,1,1
2023HU0642929,9,133,1,1
2023HU0643130,1,501,1,1
2023HU0643130,2,501,1,1
2023HU0643130,3,501,1,1
2023HU0643145,1,63,2,1
2023HU0643145,2,63,2,1
2023HU0643145,3,2,2,1
2023HU0643145,4,2,2,1
2023HU0643396,1,226,1,1
2023HU0643396,2,226,1,1
2023HU0643751,1,411,1,1
2023HU0643751,2,411,1,1
2023HU0643751,3,411,1,1
2023HU0643751,4,411,1,1
2023HU0644039,1,340,2,1
2023HU0644039,2,340,2,1
2023HU0644039,3,340,2,1
2023HU0644039,4,340,2,1
2023HU0644039,5,340,2,1
2023HU0644116,1,273,2,1
2023HU0644349,1,83,2,1
2023HU0644431,1,289,3,1
2023HU0644431,2,289,3,1
2023HU0644445,1,501,1,1
2023HU0644445,2,501,1,1
2023HU0644445,3,501,1,1
2023HU0644722,1,87,3,1
2023HU0644722,2,87,3,1
2023HU0644744,1,501,2,1
2023HU0644744,2,501,2,1
2023HU0644810,1,90,2,1
2023HU0644887,1,501,3,1
2023HU0645034,1,284,3,1
2023HU0645034,2,284,3,1
2023HU0645034,3,284,3,1
2023HU0645568,1,75,3,1
2023HU0645568,2,75,3,1
2023HU0645568,3,75,3,1
2023HU0645568,4,75,3,1
2023HU0645568,5,75,3,1
2023HU0645607,1,501,2,1
2023HU0645607,2,501,2,1
2023HU0645790,1,501,3,1
2023HU0645790,2,501,3,1
2023HU0645790,3,501,3,1
2023HU0645836,1,1,3,1
2023HU0645836,2,1,3,1
2023HU0645845,1,501,1,1
2023HU0645845,2,501,1,1
2023HU0645845,3,501,1,1
2023HU0645845,4,501,1,1
2023HU0645864,1,501,1,1
2023HU0645864,2,501,1,1
2023HU0645864,3,501,1,1
2023HU0645873,1,132,3,1
2023HU0645873,2,132,3,1
2023HU0645942,1,327,3,1
2023HU0645942,2,327,3,1
2023HU0645942,3,327,3,1
2023HU0645942,4,166,3,1
2023HU0645942,5,179,3,1
2023HU0646077,1,501,2,1
2023HU0646077,2,501,2,1
2023HU0646077,3,501,2,1
2023HU0646077,4,501,2,1
2023HU0646119,1,501,2,1
2023HU0646394,1,470,1,1
2023HU0646394,2,470,1,1
2023HU0646394,3,470,1,1
2023HU0646394,4,470,1,1
2023HU0646424,1,501,2,1
2023HU0646424,2,501,2,1
2023HU0646424,3,501,2,1
2023HU0646507,1,0,2,1
2023HU0646886,1,501,1,1
2023HU0646886,2,501,1,1
2023HU0646886,3,501,1,1
2023HU0646886,4,501,1,1
2023HU0646944,1,26,3,1
2023HU0646944,2,0,3,1
2023HU0647100,1,501,2,1
2023HU0647100,2,501,2,1
2023HU0647167,1,91,3,1
2023HU0647167,2,190,3,1
2023HU0647167,3,91,3,1
2023HU0647167,4,91,3,1
2023HU0647167,5,91,3,1
2023HU0647204,1,501,3,1
2023HU0647204,2,501,3,1
2023HU0647466,1,276,1,1
2023HU0647466,2,276,1,1
2023HU0647466,3,276,1,1
2023HU0647487,1,501,1,1
2023HU0647603,1,81,1,1
2023HU0647603,2,81,1,1
2023HU0647610,1,501,1,1
2023HU0647634,1,501,3,1
2023HU0647634,2,501,3,1
2023HU0647780,1,501,2,1
2023HU0647780,2,501,2,1
2023HU0647780,3,501,2,1
2023HU0647780,4,501,2,1
2023HU0648040,1,501,1,1
2023HU0648040,2,501,1,1
2023HU0648040,3,501,1,1
2023HU0648040,4,501,1,1
2023HU0648040,5,501,1,1
2023HU0648040,6,501,1,1
2023HU0648046,1,495,1,1
2023HU0648255,1,501,1,1
2023HU0648255,2,501,1,1
2023HU0648255,3,501,1,1
2023HU0648255,4,501,1,1
2023HU0648396,1,100,3,1
2023HU0648396,2,100,3,1
2023HU0648396,3,100,3,1
2023HU0648396,4,100,3,1
2023HU0648396,5,0,3,1
2023HU0648396,6,0,3,1
2023HU0648474,1,501,1,1
2023HU0648474,2,387,1,1
2023HU0648703,1,68,1,1
2023HU0648703,2,68,1,1
2023HU0648703,3,68,1,1
2023HU0648703,4,68,1,1
2023HU0648722,1,127,2,1
2023HU0649178,1,501,2,1
2023HU0649178,2,501,2,1
2023HU0649180,1,113,3,1
2023HU0649180,2,113,3,1
2023HU0649180,3,113,3,1
2023HU0649180,4,113,3,1
2023HU0649180,5,113,3,1
2023HU0649278,1,318,1,1
2023HU0649571,1,327,2,1
2023HU0649571,2,327,2,1
2023HU0649609,1,501,1,1
2023HU0649609,2,501,1,1
2023HU0649648,1,221,2,1
2023HU0649648,2,221,2,1
2023HU0649648,3,221,2,1
2023HU0649681,1,78,3,1
2023HU0649995,1,79,2,1
2023HU0649995,2,79,2,1
2023HU0650211,1,88,3,1
2023HU0650211,2,88,3,1
2023HU0650253,1,175,3,1
2023HU0650253,2,175,3,1
2023HU0650253,3,175,3,1
2023HU0650253,4,175,3,1
2023HU0650332,1,501,1,1
2023HU0650332,2,501,1,1
2023HU0650332,3,501,1,1
2023HU0650365,1,63,3,1
2023HU0650443,1,334,2,1
2023HU0650443,2,334,2,1
2023HU0650443,3,334,2,1
2023HU0650443,4,334,2,1
2023HU0650666,1,241,3,1
2023HU0650666,2,241,3,1
2023HU0650666,3,241,3,1
2023HU0650666,4,241,3,1
2023HU0650666,5,241,3,1
2023HU0650728,1,458,3,1
2023HU0650728,2,458,3,1
2023HU0650785,1,257,2,1
2023HU0650897,1,172,3,1
2023HU0650897,2,172,3,1
2023HU0650897,3,172,3,1
2023HU0651085,1,222,3,1
2023HU0651085,2,164,3,1
2023HU0651085,3,222,3,1
2023HU0651085,4,222,3,1
2023HU0651085,5,222,3,1
2023HU0651085,6,0,3,1
2023HU0651085,7,275,3,1
2023HU0651085,8,0,3,1
2023HU0651085,9,,3,1
2023HU0651143,1,273,1,1
2023HU0651143,2,273,1,1
2023HU0651143,3,273,1,1
2023HU0651143,4,273,1,1
2023HU0651162,1,328,2,1
2023HU0651589,1,501,2,1
2023HU0651589,2,501,2,1
2023HU0651627,1,273,1,1
2023HU0651627,2,273,1,1
2023HU0651670,1,166,2,1
2023HU0651741,1,226,3,1
2023HU0651741,2,226,3,1
2023HU0652386,1,394,1,1
2023HU0652386,2,394,1,1
2023HU0652386,3,394,1,1
2023HU0652390,1,325,3,1
2023HU0652390,2,501,3,1
2023HU0652579,1,501,1,1
2023HU0652579,2,501,1,1
2023HU0652579,3,501,1,1
2023HU0652579,4,501,1,1
2023HU0652579,5,501,1,1
2023HU0652579,6,501,1,1
2023HU0652579,7,501,1,1
2023HU0653191,1,388,3,1
2023HU0653191,2,388,3,1
2023HU0653191,3,388,3,1
2023HU0653191,4,388,3,1
2023HU0653277,1,472,1,1
2023HU0653277,2,472,1,1
2023HU0653277,3,472,1,1
2023HU0653277,4,472,1,1
2023HU0653277,5,472,1,1
2023HU0653316,1,79,2,1
2023HU0653316,2,501,2,1
2023HU0653316,3,79,2,1
2023HU0653383,1,242,3,1
2023HU0653463,1,501,3,1
2023HU0653463,2,28,3,1
2023HU0653463,3,501,3,1
2023HU0653789,1,180,3,1
2023HU0653789,2,180,3,1
2023HU0653988,1,142,3,1
2023HU0653988,2,38,3,1
2023HU0653988,3,142,3,1
2023HU0653988,4,142,3,1
2023HU0653988,5,142,3,1
2023HU0654212,1,253,3,1
2023HU0654230,1,348,1,1
2023HU0654230,2,348,1,1
2023HU0654397,1,2,3,1
2023HU0654397,2,2,3,1
2023HU0654633,1,88,3,1
2023HU0654866,1,493,2,1
2023HU0654866,2,493,2,1
2023HU0654917,1,262,3,1
2023HU0654917,2,13,3,1
2023HU0655058,1,501,1,1
2023HU0655518,1,394,3,1
2023HU0655518,2,400,3,1
2023HU0655533,1,328,1,1
2023HU0655533,2,190,1,1
2023HU0655533,3,328,1,1
2023HU0655533,4,328,1,1
2023HU0655545,1,178,2,1
2023HU0655545,2,178,2,1
2023HU0655692,1,286,4,1
2023HU0655761,1,391,2,1
2023HU0655761,2,391,2,1
2023HU0655783,1,501,1,1
2023HU0655783,2,501,1,1
2023HU0655783,3,501,1,1
2023HU0655783,4,501,1,1
2023HU0655783,5,501,1,1
2023HU0655951,1,501,3,1
2023HU0655951,2,501,3,1
2023HU0655951,3,501,3,1
2023HU0655951,4,501,3,1
2023HU0656013,1,359,2,1
2023HU0656013,2,359,2,1
2023HU0656013,3,359,2,1
2023HU0656013,4,359,2,1
2023HU0656013,5,359,2,1
2023HU0656419,1,13,2,1
2023HU0656419,2,13,2,1
2023HU0656999,1,144,2,1
2023HU0657275,1,501,1,1
2023HU0657275,2,501,1,1
2023HU0657275,3,501,1,1
2023HU0657275,4,501,1,1
2023HU0657287,1,501,1,1
2023HU0657287,2,501,1,1
2023HU0657287,3,501,1,1
2023HU0657365,1,0,4,1
2023HU0657410,1,383,2,1
2023HU0657410,2,204,2,1
2023HU0657655,1,479,3,1
2023HU0657655,2,479,3,1
2023HU0657655,3,479,3,1
2023HU0657655,4,479,3,1
2023HU0657682,1,194,3,1
2023HU0657682,2,194,3,1
2023HU0657682,3,172,3,1
2023HU0657682,4,153,3,1
2023HU0657734,1,286,3,1
2023HU0657734,2,286,3,1
2023HU0657734,3,286,3,1
2023HU0657756,1,407,3,1
2023HU0657756,2,407,3,1
2023HU0657756,3,407,3,1
2023HU0658516,1,28,3,1
2023HU0658516,2,19,3,1
2023HU0658563,1,215,1,1
2023HU0658755,1,131,1,1
2023HU0658755,2,131,1,1
2023HU0658773,1,501,1,1
2023HU0658773,2,501,1,1
2023HU0658773,3,501,1,1
2023HU0658773,4,501,1,1
2023HU0658908,1,365,3,1
2023HU0659042,1,501,1,1
2023HU0659042,2,501,1,1
2023HU0659237,1,198,2,1
2023HU0659237,2,198,2,1
2023HU0659292,1,434,2,1
2023HU0659292,2,434,2,1
2023HU0659328,1,176,3,1
2023HU0659328,2,176,3,1
2023HU0659523,1,501,1,1
2023HU0659523,2,501,1,1
2023HU0659523,3,501,1,1
2023HU0659523,4,181,1,1
2023HU0659537,1,10,2,1
2023HU0659744,1,400,3,1
2023HU0659744,2,400,3,1
2023HU0659744,3,400,3,1
2023HU0659744,4,400,3,1
2023HU0659886,1,501,1,1
2023HU0659886,2,501,1,1
2023HU0659886,3,501,1,1
2023HU0660524,1,341,2,1
2023HU0660962,1,274,1,1
2023HU0660962,2,274,1,1
2023HU0660962,3,274,1,1
2023HU0660962,4,274,1,1
2023HU0660962,5,274,1,1
2023HU0660962,6,274,1,1
2023HU0660962,7,274,1,1
2023HU0661059,1,403,3,1
2023HU0661059,2,403,3,1
2023HU0661111,1,501,1,1
2023HU0661130,1,501,1,1
2023HU0661130,2,501,1,1
2023HU0661130,3,501,1,1
2023HU0661130,4,501,1,1
2023HU0661166,1,147,3,1
2023HU0661166,2,0,3,1
2023HU0661239,1,501,3,1
2023HU0661239,2,501,3,1
2023HU0661239,3,501,3,1
2023HU0661239,4,501,3,1
2023HU0661239,5,501,3,1
2023HU0661552,1,249,3,1
2023HU0661552,2,249,3,1
2023HU0661620,1,264,3,1
2023HU0661620,2,264,3,1
2023HU0662182,1,106,3,1
2023HU0662182,2,106,3,1
2023HU0662182,3,106,3,1
2023HU0662182,4,106,3,1
2023HU0662182,5,106,3,1
2023HU0662190,1,162,3,1
2023HU0662190,2,195,3,1
2023HU0662333,1,389,1,1
2023HU0662333,2,389,1,1
2023HU0662333,3,389,1,1
2023HU0662451,1,98,3,1
2023HU0662500,1,501,1,1
2023HU0662500,2,501,1,1
2023HU0662583,1,0,1,1
2023HU0662588,1,206,2,1
2023HU0662588,2,206,2,1
2023HU0662588,3,206,2,1
2023HU0662588,4,206,2,1
2023HU0662900,1,135,3,1
2023HU0662940,1,501,1,1
2023HU0662940,2,501,1,1
2023HU0662940,3,501,1,1
2023HU0662970,1,480,1,1
2023HU0662970,2,480,1,1
2023HU0662970,3,480,1,1
2023HU0662970,4,480,1,1
2023HU0662970,5,480,1,1
2023HU0663007,1,501,1,1
2023HU0663101,1,501,2,1
2023HU0663101,2,501,2,1
2023HU0663509,1,390,2,1
2023HU0663527,1,501,3,1
2023HU0663527,2,501,3,1
2023HU0663527,3,427,3,1
2023HU0663527,4,82,3,1
2023HU0663527,5,317,3,1
2023HU0663694,1,216,3,1
2023HU0663694,2,216,3,1
2023HU0663694,3,216,3,1
2023HU0663694,4,216,3,1
2023HU0663694,5,216,3,1
2023HU0663694,6,216,3,1
2023HU0663694,7,216,3,1
2023HU0663694,8,216,3,1
2023HU0663935,1,319,1,1
2023HU0664088,1,330,2,1
2023HU0664088,2,330,2,1
2023HU0664088,3,330,2,1
2023HU0664772,1,81,3,1
2023HU0664772,2,81,3,1
2023HU0664772,3,81,3,1
2023HU0664868,1,501,3,1
2023HU0664938,1,315,1,1
2023HU0664983,1,501,3,1
2023HU0665323,1,501,3,1
2023HU0665357,1,501,2,1
2023HU0665608,1,42,3,1
2023HU0665780,1,285,2,1
2023HU0665780,2,285,2,1
2023HU0665954,1,501,1,1
2023HU0665954,2,501,1,1
2023HU0665954,3,501,1,1
2023HU0665954,4,501,1,1
2023HU0666009,1,496,1,1
2023HU0666009,2,496,1,1
2023HU0666009,3,496,1,1
2023HU0666009,4,496,1,1
2023HU0666009,5,496,1,1
2023HU0666451,1,501,2,1
2023HU0666451,2,501,2,1
2023HU0666531,1,376,1,1
2023HU0666582,1,501,1,1
2023HU0666582,2,501,1,1
2023HU0666657,1,501,1,1
2023HU0666724,1,214,1,1
2023HU0666724,2,214,1,1
2023HU0666724,3,214,1,1
2023HU0666724,4,214,1,1
2023HU0667042,1,501,2,1
2023HU0667125,1,234,3,1
2023HU0667125,2,234,3,1
2023HU0667125,3,234,3,1
2023HU0667260,1,22,2,1
2023HU0667435,1,501,1,1
2023HU0667435,2,501,1,1
2023HU0667435,3,501,1,1
2023HU0667435,4,501,1,1
2023HU0667435,5,196,1,1
2023HU0667435,6,124,1,1
2023HU0667435,7,,1,1
2023HU0667691,1,0,3,1
2023HU0668375,1,166,3,1
2023HU0668375,2,166,3,1
2023HU0668375,3,166,3,1
2023HU0668665,1,501,1,1
2023HU0668665,2,501,1,1
2023HU0668673,1,17,3,1
2023HU0668673,2,17,3,1
2023HU0668673,3,17,3,1
2023HU0668730,1,225,3,1
2023HU0668730,2,225,3,1
2023HU0668730,3,225,3,1
2023HU0668730,4,225,3,1
2023HU0668871,1,80,3,1
2023HU0668871,2,80,3,1
2023HU0668871,3,80,3,1
2023HU0668871,4,80,3,1
2023HU0668871,5,80,3,1
2023HU0668871,6,80,3,1
2023HU0668871,7,80,3,1
2023HU0668871,8,80,3,1
2023HU0668967,1,486,1,1
2023HU0668967,2,486,1,1
2023HU0668967,3,486,1,1
2023HU0668967,4,486,1,1
2023HU0669091,1,402,1,1
2023HU0669091,2,402,1,1
2023HU0669170,1,101,2,1
2023HU0669170,2,59,2,1
2023HU0669308,1,404,1,1
2023HU0669308,2,404,1,1
2023HU0669536,1,501,2,1
2023HU0669536,2,501,2,1
2023HU0669783,1,54,2,1
2023HU0669783,2,54,2,1
2023HU0669783,3,54,2,1
2023HU0669783,4,54,2,1
2023HU0670196,1,143,2,1
2023HU0670196,2,143,2,1
2023HU0670320,1,21,3,1
2023HU0670320,2,21,3,1
2023HU0670320,3,21,3,1
2023HU0670389,1,398,1,1
2023HU0670389,2,398,1,1
2023HU0670504,1,501,3,1
2023HU0670504,2,501,3,1
2023HU0670504,3,501,3,1
2023HU0670645,1,0,2,1
2023HU0670645,2,0,2,1
2023HU0671083,1,247,3,1
2023HU0671083,2,247,3,1
2023HU0671244,1,501,2,1
2023HU0671244,2,501,2,1
2023HU0671244,3,501,2,1
2023HU0671262,1,0,1,1
2023HU0671262,2,0,1,1
2023HU0671333,1,142,2,1
2023HU0671333,2,142,2,1
2023HU0671427,1,464,1,1
2023HU0671427,2,419,1,1
2023HU0671468,1,82,2,1
2023HU0671468,2,82,2,1
2023HU0671491,1,64,3,1
2023HU0671765,1,185,3,1
2023HU0671772,1,379,1,1
2023HU0671772,2,379,1,1
2023HU0671772,3,379,1,1
2023HU0671877,1,62,2,1
2023HU0671877,2,62,2,1
2023HU0671877,3,205,2,1
2023HU0671877,4,200,2,1
2023HU0672009,1,293,1,1
2023HU0672009,2,293,1,1
2023HU0672009,3,293,1,1
2023HU0672009,4,293,1,1
2023HU0672261,1,10,3,1
2023HU0672261,2,10,3,1
2023HU0672261,3,10,3,1
2023HU0672261,4,10,3,1
2023HU0672261,5,10,3,1
2023HU0672261,6,10,3,1
2023HU0672481,1,212,1,1
2023HU0672481,2,158,1,1
2023HU0672481,3,212,1,1
2023HU0672481,4,212,1,1
2023HU0672481,5,212,1,1
2023HU0672481,6,212,1,1
2023HU0672603,1,98,3,1
2023HU0672603,2,254,3,1
2023HU0672603,3,98,3,1
2023HU0672762,1,501,1,1
2023HU0672762,2,501,1,1
2023HU0672762,3,501,1,1
2023HU0672796,1,436,3,1
2023HU0672796,2,436,3,1
2023HU0672796,3,321,3,1
2023HU0672969,1,315,2,1
2023HU0672969,2,315,2,1
2023HU0673050,1,501,1,1
2023HU0673282,1,177,3,1
2023HU0673282,2,177,3,1
2023HU0673282,3,177,3,1
2023HU0673282,4,177,3,1
2023HU0673346,1,359,2,1
2023HU0673346,2,359,2,1
2023HU0673806,1,501,1,1
2023HU0673806,2,501,1,1
2023HU0673806,3,501,1,1
2023HU0673806,4,501,1,1
2023HU0673806,5,501,1,1
2023HU0673806,6,153,1,1
2023HU0673864,1,254,1,1
2023HU0673864,2,254,1,1
2023HU0673864,3,254,1,1
2023HU0673896,1,501,2,1
2023HU0673896,2,501,2,1
2023HU0673896,3,501,2,1
2023HU0673989,1,209,2,1
2023HU0673989,2,209,2,1
2023HU0674135,1,460,3,1
2023HU0674135,2,460,3,1
2023HU0674277,1,415,2,1
2023HU0674277,2,415,2,1
2023HU0674684,1,0,3,1
2023HU0674684,2,417,3,1
2023HU0674684,3,295,3,1
2023HU0674684,4,93,3,1
2023HU0674995,1,501,2,1
2023HU0674995,2,501,2,1
2023HU0675108,1,501,3,1
2023HU0675108,2,501,3,1
2023HU0675245,1,501,1,1
2023HU0675245,2,501,1,1
2023HU0675488,1,216,2,1
2023HU0675488,2,216,2,1
2023HU0675488,3,216,2,1
2023HU0675488,4,216,2,1
2023HU0675796,1,143,2,1
2023HU0675834,1,501,1,1
2023HU0675834,2,501,1,1
2023HU0676130,1,377,2,1
2023HU0676515,1,411,2,1
2023HU0676787,1,394,1,1
2023HU0676787,2,394,1,1
2023HU0676787,3,394,1,1
2023HU0676787,4,394,1,1
2023HU0676801,1,493,2,1
2023HU0676801,2,493,2,1
2023HU0676801,3,493,2,1
2023HU0677035,1,212,1,1
2023HU0677035,2,212,1,1
2023HU0677035,3,212,1,1
2023HU0677035,4,212,1,1
2023HU0677275,1,403,1,1
2023HU0677275,2,403,1,1
2023HU0677466,1,501,1,1
2023HU0677466,2,501,1,1
2023HU0677466,3,501,1,1
2023HU0677466,4,501,1,1
2023HU0677902,1,270,2,1
2023HU0677902,2,270,2,1
2023HU0678028,1,323,1,1
2023HU0678028,2,323,1,1
2023HU0678028,3,323,1,1
2023HU0678037,1,169,2,1
2023HU0678037,2,169,2,1
2023HU0678123,1,501,2,1
2023HU0678123,2,83,2,1
2023HU0678219,1,384,1,1
2023HU0678219,2,384,1,1
2023HU0678219,3,384,1,1
2023HU0678219,4,384,1,1
2023HU0678219,5,384,1,1
2023HU0678219,6,384,1,1
2023HU0678252,1,350,3,1
2023HU0678252,2,350,3,1
2023HU0678252,3,350,3,1
2023HU0678252,4,350,3,1
2023HU0678306,1,501,2,1
2023HU0678605,1,501,2,1
2023HU0678630,1,501,1,1
2023HU0679212,1,501,1,1
2023HU0679212,2,501,1,1
2023HU0679242,1,62,3,1
2023HU0679242,2,113,3,1
2023HU0679242,3,62,3,1
2023HU0679336,1,501,3,1
2023HU0679348,1,501,3,1
2023HU0679348,2,501,3,1
2023HU0679348,3,501,3,1
2023HU0679348,4,501,3,1
2023HU0679600,1,83,1,1
2023HU0679600,2,83,1,1
2023HU0679600,3,83,1,1
2023HU0679600,4,83,1,1
2023HU0679600,5,83,1,1
2023HU0679626,1,52,2,1
2023HU0679759,1,501,2,1
2023HU0679759,2,501,2,1
2023HU0680313,1,173,1,1
2023HU0680313,2,173,1,1
2023HU0680313,3,173,1,1
2023HU0680945,1,501,2,1
2023HU0680945,2,501,2,1
2023HU0680961,1,474,2,1
2023HU0680961,2,481,2,1
2023HU0680961,3,474,2,1
2023HU0680961,4,474,2,1
2023HU0681130,1,95,3,1
2023HU0681217,1,501,2,1
2023HU0681217,2,501,2,1
2023HU0681217,3,501,2,1
2023HU0681262,1,501,1,1
2023HU0681262,2,501,1,1
2023HU0681262,3,501,1,1
2023HU0681262,4,501,1,1
2023HU0681342,1,501,2,1
2023HU0681449,1,325,1,1
2023HU0681449,2,325,1,1
2023HU0682276,1,284,2,1
2023HU0682276,2,379,2,1
2023HU0682331,1,501,1,1
2023HU0682331,2,501,1,1
2023HU0682549,1,103,3,1
2023HU0682549,2,103,3,1
2023HU0682549,3,103,3,1
2023HU0682613,1,501,2,1
2023HU0682613,2,85,2,1
2023HU0682646,1,501,1,1
2023HU0682646,2,501,1,1
2023HU0682646,3,501,1,1
2023HU0682995,1,113,3,1
2023HU0683070,1,501,1,1
2023HU0683070,2,501,1,1
2023HU0683070,3,501,1,1
2023HU0683070,4,501,1,1
2023HU0683120,1,154,3,1
2023HU0683478,1,197,2,1
2023HU0683624,1,117,3,1
2023HU0683624,2,117,3,1
2023HU0683624,3,117,3,1
2023HU0683624,4,117,3,1
2023HU0683624,5,117,3,1
2023HU0683624,6,117,3,1
2023HU0683890,1,501,2,1
2023HU0683918,1,501,2,1
2023HU0683918,2,501,2,1
2023HU0684122,1,187,3,1
2023HU0684122,2,187,3,1
2023HU0684374,1,278,2,1
2023HU0684374,2,278,2,1
2023HU0684374,3,278,2,1
2023HU0684419,1,501,1,1
2023HU0684419,2,501,1,1
2023HU0684563,1,179,3,1
2023HU0684563,2,159,3,1
2023HU0684563,3,127,3,1
2023HU0684686,1,501,2,1
2023HU0684686,2,501,2,1
2023HU0684712,1,299,1,1
2023HU0684712,2,299,1,1
2023HU0684712,3,299,1,1
2023HU0684751,1,0,1,1
2023HU0684751,2,0,1,1
2023HU0684792,1,389,2,1
2023HU0684792,2,389,2,1
2023HU0684792,3,389,2,1
2023HU0685106,1,501,2,1
2023HU0685106,2,501,2,1
2023HU0685106,3,501,2,1
2023HU0685137,1,115,2,1
2023HU0685299,1,288,2,1
2023HU0685299,2,288,2,1
2023HU0685396,1,501,2,1
2023HU0685396,2,501,2,1
2023HU0685396,3,501,2,1
2023HU0685929,1,285,1,1
2023HU0685929,2,285,1,1
2023HU0686092,1,501,3,1
2023HU0686154,1,296,2,1
2023HU0686154,2,296,2,1
2023HU0686238,1,501,1,1
2023HU0686246,1,172,2,1
2023HU0686280,1,501,2,1
2023HU0686280,2,501,2,1
2023HU0686427,1,202,2,1
2023HU0686625,1,106,3,1
2023HU0686647,1,469,3,1
2023HU0686647,2,469,3,1
2023HU0686647,3,469,3,1
2023HU0686747,1,472,2,1
2023HU0686747,2,472,2,1
2023HU0686847,1,71,3,1
2023HU0686987,1,64,3,1
2023HU0686987,2,64,3,1
2023HU0686987,3,64,3,1
2023HU0687138,1,154,1,1
2023HU0687138,2,154,1,1
2023HU0687138,3,154,1,1
2023HU0687138,4,154,1,1
2023HU0687138,5,154,1,1
2023HU0687344,1,199,2,1
2023HU0687344,2,199,2,1
2023HU0687368,1,153,1,1
2023HU0687368,2,501,1,1
2023HU0687648,1,436,1,1
2023HU0687648,2,436,1,1
2023HU0687648,3,436,1,1
2023HU0687648,4,436,1,1
2023HU0687667,1,501,1,1
2023HU0687667,2,501,1,1
2023HU0687667,3,501,1,1
2023HU0687667,4,501,1,1
2023HU0687667,5,501,1,1
2023HU0687798,1,263,1,1
2023HU0687798,2,263,1,1
2023HU0687928,1,501,1,1
2023HU0687928,2,501,1,1
2023HU0687928,3,501,1,1
2023HU0688159,1,224,2,1
2023HU0688159,2,224,2,1
2023HU0688293,1,171,3,1
2023HU0688293,2,171,3,1
2023HU0688536,1,501,1,1
2023HU0688536,2,501,1,1
2023HU0688610,1,501,1,1
2023HU0688610,2,501,1,1
2023HU0688610,3,501,1,1
2023HU0688610,4,501,1,1
2023HU0688674,1,394,3,1
2023HU0688868,1,16,2,1
2023HU0688868,2,16,2,1
2023HU0688868,3,16,2,1
2023HU0688868,4,16,2,1
2023HU0688961,1,468,2,1
2023HU0688961,2,468,2,1
2023HU0688961,3,468,2,1
2023HU0689060,1,323,1,1
2023HU0689060,2,323,1,1
2023HU0689060,3,323,1,1
2023HU0689060,4,323,1,1
2023HU0689200,1,421,3,1
2023HU0689285,1,38,3,1
2023HU0689285,2,38,3,1
2023HU0689383,1,235,1,1
2023HU0689383,2,235,1,1
2023HU0689383,3,235,1,1
2023HU0689383,4,235,1,1
2023HU0689459,1,216,1,1
2023HU0689459,2,216,1,1
2023HU0689459,3,216,1,1
2023HU0689543,1,289,2,1
2023HU0689543,2,289,2,1
2023HU0689714,1,501,3,1
2023HU0689730,1,458,1,1
2023HU0689730,2,458,1,1
2023HU0689730,3,458,1,1
2023HU0689760,1,501,1,1
2023HU0689760,2,501,1,1
2023HU0689760,3,501,1,1
2023HU0689760,4,501,1,1
2023HU0689952,1,193,1,1
2023HU0689952,2,193,1,1
2023HU0689952,3,193,1,1
2023HU0689952,4,193,1,1
2023HU0689952,5,193,1,1
2023HU0690049,1,461,1,1
2023HU0690049,2,461,1,1
2023HU0690049,3,461,1,1
2023HU0690049,4,461,1,1
2023HU0690049,5,461,1,1
2023HU0690198,1,171,3,1
2023HU0690198,2,162,3,1
2023HU0690198,3,171,3,1
2023HU0690316,1,57,4,1
2023HU0690846,1,433,2,1
2023HU0690851,1,468,2,1
2023HU0690851,2,468,2,1
2023HU0690851,3,468,2,1
2023HU0691114,1,116,3,1
2023HU0691114,2,116,3,1
2023HU0691173,1,392,3,1
2023HU0691173,2,65,3,1
2023HU0691623,1,333,1,1
2023HU0691623,2,333,1,1
2023HU0691749,1,286,2,1
2023HU0691749,2,286,2,1
2023HU0691749,3,286,2,1
2023HU0692265,1,343,1,1
2023HU0692265,2,343,1,1
2023HU0692265,3,343,1,1
2023HU0692607,1,0,3,1
2023HU0692924,1,154,1,1
2023HU0692983,1,501,2,1
2023HU0692983,2,0,2,1
2023HU0692983,3,501,2,1
2023HU0693029,1,235,2,1
2023HU0693029,2,235,2,1
2023HU0693029,3,235,2,1
2023HU0693029,4,235,2,1
2023HU0693057,1,459,1,1
2023HU0693057,2,501,1,1
2023HU0693057,3,459,1,1
2023HU0693192,1,167,1,1
2023HU0693192,2,258,1,1
2023HU0693192,3,129,1,1
2023HU0693748,1,125,3,1
2023HU0693748,2,125,3,1
2023HU0693772,1,382,3,1
2023HU0693989,1,77,3,1
2023HU0693989,2,77,3,1
2023HU0693989,3,77,3,1
2023HU0694069,1,372,2,1
2023HU0694069,2,372,2,1
2023HU0694069,3,372,2,1
2023HU0694179,1,501,1,1
2023HU0694266,1,240,3,1
2023HU0694266,2,240,3,1
2023HU0694266,3,240,3,1
2023HU0694266,4,240,3,1
2023HU0694329,1,286,3,1
2023HU0694329,2,273,3,1
2023HU0694414,1,290,1,1
2023HU0694414,2,290,1,1
2023HU0694432,1,445,1,1
2023HU0694503,1,501,2,1
2023HU0694503,2,501,2,1
2023HU0694503,3,501,2,1
2023HU0694503,4,501,2,1
2023HU0694512,1,464,1,1
2023HU0694512,2,464,1,1
2023HU0694512,3,464,1,1
2023HU0694626,1,501,1,1
2023HU0694626,2,501,1,1
2023HU0694626,3,501,1,1
2023HU0694826,1,501,2,1
2023HU0694826,2,501,2,1
2023HU0694862,1,322,1,1
2023HU0694862,2,322,1,1
2023HU0694862,3,322,1,1
2023HU0694862,4,322,1,1
2023HU0694862,5,322,1,1
2023HU0694862,6,322,1,1
2023HU0694965,1,213,3,1
2023HU0694965,2,213,3,1
2023HU0695063,1,39,2,1
2023HU0695239,1,0,4,1
2023HU0695239,2,0,4,1
2023HU0695239,3,0,4,1
2023HU0695267,1,282,2,1
2023HU0695267,2,282,2,1
2023HU0695394,1,501,2,1
2023HU0695575,1,371,3,1
2023HU0695575,2,371,3,1
2023HU0695575,3,371,3,1
2023HU0695694,1,28,4,1
2023HU0695897,1,165,3,1
2023HU0695897,2,165,3,1
2023HU0695897,3,165,3,1
2023HU0695945,1,276,1,1
2023HU0695945,2,139,1,1
2023HU0695945,3,276,1,1
2023HU0695945,4,276,1,1
2023HU0695991,1,501,2,1
2023HU0696152,1,409,1,1
2023HU0696601,1,501,1,1
2023HU0696601,2,501,1,1
2023HU0696601,3,501,1,1
2023HU0696671,1,501,1,1
2023HU0696671,2,501,1,1
2023HU0696727,1,75,3,1
2023HU0696737,1,176,3,1
2023HU0696737,2,176,3,1
2023HU0696752,1,166,1,1
2023HU0696752,2,166,1,1
2023HU0696752,3,166,1,1
2023HU0696980,1,501,1,1
2023HU0696980,2,501,1,1
2023HU0697314,1,495,1,1
2023HU0697314,2,495,1,1
2023HU0697314,3,495,1,1
2023HU0697841,1,272,3,1
2023HU0697841,2,272,3,1
2023HU0697841,3,272,3,1
2023HU0697841,4,272,3,1
2023HU0697841,5,272,3,1
2023HU0698139,1,444,2,1
2023HU0698139,2,444,2,1
2023HU0698432,1,501,1,1
2023HU0698432,2,501,1,1
2023HU0698432,3,501,1,1
2023HU0698432,4,501,1,1
2023HU0698432,5,501,1,1
2023HU0698432,6,501,1,1
2023HU0698467,1,270,2,1
2023HU0698467,2,0,2,1
2023HU0698467,3,99,2,1
2023HU0698503,1,124,2,1
2023HU0698503,2,124,2,1
2023HU0698515,1,421,3,1
2023HU0698515,2,136,3,1
2023HU0698515,3,421,3,1
2023HU0698732,1,501,1,1
2023HU0698732,2,501,1,1
2023HU0698782,1,171,2,1
2023HU0698782,2,171,2,1
2023HU0698782,3,171,2,1
2023HU0698822,1,501,3,1
2023HU0699030,1,501,2,1
2023HU0699030,2,501,2,1
2023HU0699030,3,501,2,1
2023HU0699077,1,388,1,1
2023HU0699077,2,388,1,1
2023HU0699110,1,0,3,1
2023HU0699131,1,501,1,1
2023HU0699131,2,501,1,1
2023HU0699164,1,220,3,1
2023HU0699164,2,220,3,1
2023HU0699181,1,501,2,1
2023HU0699181,2,501,2,1
2023HU0699217,1,501,2,1
2023HU0699217,2,501,2,1
2023HU0699217,3,501,2,1
2023HU0699217,4,501,2,1
2023HU0699217,5,501,2,1
2023HU0699363,1,501,2,1
2023HU0699363,2,65,2,1
2023HU0699481,1,501,1,1
2023HU0699487,1,325,3,1
2023HU0699487,2,325,3,1
2023HU0699489,1,88,3,1
2023HU0699489,2,88,3,1
2023HU0699489,3,88,3,1
2023HU0699489,4,88,3,1
2023HU0699489,5,88,3,1
2023HU0699505,1,116,2,1
2023HU0699505,2,116,2,1
2023HU0699616,1,37,2,1
2023HU0699616,2,37,2,1
2023HU0699777,1,281,2,1
2023HU0699777,2,281,2,1
2023HU0699777,3,281,2,1
2023HU0699836,1,249,3,1
2023HU0699836,2,249,3,1
2023HU0699885,1,340,1,1
2023HU0699885,2,340,1,1
2023HU0699885,3,340,1,1
2023HU0700041,1,93,1,1
2023HU0700041,2,93,1,1
2023HU0700041,3,93,1,1
2023HU0700041,4,93,1,1
2023HU0700143,1,305,3,1
2023HU0700143,2,305,3,1
2023HU0700143,3,305,3,1
2023HU0700525,1,501,1,1
2023HU0700525,2,501,1,1
2023HU0700525,3,501,1,1
2023HU0700684,1,122,3,1
2023HU0700684,2,122,3,1
2023HU0700750,1,236,2,1
2023HU0700750,2,236,2,1
2023HU0700750,3,236,2,1
2023HU0700866,1,501,1,1
2023HU0700866,2,261,1,1
2023HU0700866,3,501,1,1
2023HU0700866,4,501,1,1
2023HU0700960,1,223,3,1
2023HU0700960,2,223,3,1
2023HU0700960,3,223,3,1
2023HU0701111,1,439,2,1
2023HU0701111,2,439,2,1
2023HU0701111,3,439,2,1
2023HU0701204,1,393,3,1
2023HU0701204,2,393,3,1
2023HU0701205,1,501,1,1
2023HU0701205,2,501,1,1
2023HU0701353,1,174,3,1
2023HU0701723,1,501,3,1
2023HU0701723,2,501,3,1
2023HU0701727,1,501,1,1
2023HU0701727,2,501,1,1
2023HU0701727,3,501,1,1
2023HU0701727,4,501,1,1
2023HU0701741,1,179,3,1
2023HU0701741,2,179,3,1
2023HU0701980,1,501,1,1
2023HU0701980,2,145,1,1
2023HU0702159,1,501,1,1
2023HU0702159,2,501,1,1
2023HU0702159,3,501,1,1
2023HU0702348,1,501,1,1
2023HU0702348,2,501,1,1
2023HU0702348,3,501,1,1
2023HU0702348,4,501,1,1
2023HU0702393,1,73,3,1
2023HU0702435,1,0,3,1
2023HU0702435,2,0,3,1
2023HU0702435,3,0,3,1
2023HU0702435,4,0,3,1
2023HU0702642,1,264,2,1
2023HU0702642,2,264,2,1
2023HU0702642,3,264,2,1
2023HU0702642,4,264,2,1
2023HU0702642,5,264,2,1
2023HU0702710,1,492,3,1
2023HU0702710,2,492,3,1
2023HU0702780,1,501,3,1
2023HU0702780,2,0,3,1
2023HU0703288,1,463,2,1
2023HU0703288,2,463,2,1
2023HU0703288,3,463,2,1
2023HU0703697,1,35,3,1
2023HU0703829,1,501,2,1
2023HU0703829,2,501,2,1
2023HU0703886,1,220,3,1
2023HU0703886,2,220,3,1
2023HU0703886,3,220,3,1
2023HU0703912,1,422,2,1
2023HU0703912,2,422,2,1
2023HU0703912,3,422,2,1
2023HU0704099,1,501,2,1
2023HU0704099,2,501,2,1
2023HU0704150,1,354,2,1
2023HU0704150,2,354,2,1
2023HU0704478,1,501,2,1
2023HU0704478,2,501,2,1
2023HU0704478,3,501,2,1
2023HU0704478,4,501,2,1
2023HU0704478,5,501,2,1
2023HU0704756,1,159,2,1
2023HU0704756,2,159,2,1
2023HU0704756,3,159,2,1
2023HU0704756,4,127,2,1
2023HU0705115,1,501,1,1
2023HU0705221,1,501,3,1
2023HU0705221,2,501,3,1
2023HU0705221,3,501,3,1
2023HU0705286,1,0,1,1
2023HU0705290,1,363,2,1
2023HU0705290,2,363,2,1
2023HU0705486,1,294,2,1
2023HU0705486,2,501,2,1
2023HU0705486,3,294,2,1
2023HU0705725,1,501,2,1
2023HU0705725,2,501,2,1
2023HU0705725,3,501,2,1
2023HU0705789,1,227,1,1
2023HU0705789,2,227,1,1
2023HU0705789,3,227,1,1
2023HU0705789,4,227,1,1
2023HU0705813,1,501,3,1
2023HU0705932,1,501,1,1
2023HU0705932,2,501,1,1
2023HU0705932,3,501,1,1
2023HU0705932,4,501,1,1
2023HU0705941,1,196,2,1
2023HU0705941,2,196,2,1
2023HU0706034,1,501,2,1
2023HU0706034,2,501,2,1
2023HU0706034,3,501,2,1
2023HU0706034,4,501,2,1
2023HU0706034,5,501,2,1
2023HU0706218,1,64,3,1
2023HU0706218,2,64,3,1
2023HU0706218,3,64,3,1
2023HU0706218,4,64,3,1
2023HU0706218,5,64,3,1
2023HU0706218,6,64,3,1
2023HU0706429,1,501,1,1
2023HU0706600,1,95,1,1
2023HU0706688,1,501,2,1
2023HU0706688,2,501,2,1
2023HU0706737,1,501,2,1
2023HU0706737,2,501,2,1
2023HU0706737,3,501,2,1
2023HU0706737,4,501,2,1
2023HU0706737,5,501,2,1
2023HU0706737,6,501,2,1
2023HU0706737,7,501,2,1
2023HU0706756,1,44,3,1
2023HU0706756,2,44,3,1
2023HU0706756,3,44,3,1
2023HU0707176,1,501,3,1
2023HU0707265,1,501,1,1
2023HU0707265,2,501,1,1
2023HU0707265,3,501,1,1
2023HU0707265,4,501,1,1
2023HU0707356,1,120,2,1
2023HU0707356,2,120,2,1
2023HU0707403,1,498,1,1
2023HU0707403,2,498,1,1
2023HU0707403,3,498,1,1
2023HU0707432,1,501,2,1
2023HU0707432,2,501,2,1
2023HU0707476,1,152,2,1
2023HU0707476,2,152,2,1
2023HU0707476,3,152,2,1
2023HU0707476,4,152,2,1
2023HU0707580,1,27,2,1
2023HU0707580,2,27,2,1
2023HU0707679,1,499,3,1
2023HU0707691,1,483,3,1
2023HU0707691,2,483,3,1
2023HU0707738,1,490,1,1
2023HU0707738,2,490,1,1
2023HU0707738,3,490,1,1
2023HU0707738,4,490,1,1
2023HU0707738,5,490,1,1
2023HU0709001,1,501,3,1
2023HU0709001,2,501,3,1
2023HU0709238,1,338,2,1
2023HU0709238,2,338,2,1
2023HU0709238,3,319,2,1
2023HU0709480,1,501,1,1
2023HU0709480,2,501,1,1
2023HU0709480,3,501,1,1
2023HU0709576,1,239,1,1
2023HU0709576,2,239,1,1
2023HU0709576,3,292,1,1
2023HU0709605,1,212,3,1
2023HU0709605,2,212,3,1
2023HU0709807,1,70,3,1
2023HU0710053,1,501,3,1
2023HU0710053,2,501,3,1
2023HU0710258,1,501,1,1
2023HU0710258,2,501,1,1
2023HU0710258,3,501,1,1
2023HU0710308,1,501,3,1
2023HU0710308,2,501,3,1
2023HU0710323,1,339,3,1
2023HU0710323,2,339,3,1
2023HU0710323,3,339,3,1
2023HU0710460,1,124,2,1
2023HU0710460,2,124,2,1
2023HU0710694,1,501,2,1
2023HU0710694,2,501,2,1
2023HU0710991,1,501,1,1
2023HU0710991,2,501,1,1
2023HU0710991,3,501,1,1
2023HU0710991,4,501,1,1
2023HU0711178,1,137,3,1
2023HU0711178,2,272,3,1
2023HU0711179,1,452,2,1
2023HU0711179,2,452,2,1
2023HU0711179,3,452,2,1
2023HU0711179,4,452,2,1
2023HU0711179,5,452,2,1
2023HU0711380,1,240,3,1
2023HU0711380,2,240,3,1
2023HU0711380,3,240,3,1
2023HU0711380,4,240,3,1
2023HU0711380,5,240,3,1
2023HU0711486,1,75,3,1
2023HU0711580,1,15,3,1
2023HU0711580,2,319,3,1
2023HU0712288,1,157,2,1
2023HU0712676,1,215,1,1
2023HU0713031,1,501,1,1
2023HU0713031,2,501,1,1
2023HU0713361,1,63,3,1
2023HU0713361,2,242,3,1
2023HU0714244,1,501,1,1
2023HU0714244,2,501,1,1
2023HU0714338,1,165,1,1
2023HU0714338,2,165,1,1
2023HU0714338,3,165,1,1
2023HU0714338,4,165,1,1
2023HU0714408,1,501,2,1
2023HU0714408,2,501,2,1
2023HU0714472,1,396,1,1
2023HU0714514,1,375,3,1
2023HU0714514,2,375,3,1
2023HU0714514,3,375,3,1
2023HU0714654,1,407,2,1
2023HU0714654,2,0,2,1
2023HU0714823,1,254,2,1
2023HU0715229,1,339,3,1
2023HU0715229,2,339,3,1
2023HU0715229,3,339,3,1
2023HU0715229,4,339,3,1
2023HU0715266,1,501,1,1
2023HU0715383,1,275,1,1
2023HU0715383,2,275,1,1
2023HU0715386,1,501,1,1
2023HU0715386,2,501,1,1
2023HU0715386,3,501,1,1
2023HU0715386,4,501,1,1
2023HU0715386,5,501,1,1
2023HU0715386,6,501,1,1
2023HU0715424,1,501,2,1
2023HU0715424,2,501,2,1
2023HU0715625,1,97,3,1
2023HU0715737,1,501,1,1
2023HU0715737,2,81,1,1
2023HU0715893,1,501,2,1
2023HU0715893,2,501,2,1
2023HU0715923,1,27,1,1
2023HU0715923,2,27,1,1
2023HU0716143,1,501,1,1
2023HU0716143,2,289,1,1
2023HU0716241,1,501,1,1
2023HU0716241,2,501,1,1
2023HU0716241,3,501,1,1
2023HU0716241,4,501,1,1
2023HU0716241,5,501,1,1
2023HU0716450,1,501,3,1
2023HU0716488,1,385,1,1
2023HU0716603,1,437,3,1
2023HU0716603,2,437,3,1
2023HU0716603,3,437,3,1
2023HU0716603,4,437,3,1
2023HU0716700,1,425,3,1
2023HU0716938,1,72,3,1
2023HU0716938,2,0,3,1
2023HU0716938,3,72,3,1
2023HU0716940,1,125,2,1
2023HU0716940,2,125,2,1
2023HU0716940,3,125,2,1
2023HU0716966,1,136,3,1
2023HU0716966,2,136,3,1
2023HU0717030,1,501,2,1
2023HU0717030,2,501,2,1
2023HU0717261,1,501,1,1
2023HU0717261,2,501,1,1
2023HU0717322,1,77,2,1
2023HU0717362,1,501,2,1
2023HU0717393,1,13,3,1
2023HU0717540,1,223,1,1
2023HU0717540,2,223,1,1
2023HU0717540,3,0,1,1
2023HU0717570,1,315,2,1
2023HU0717570,2,315,2,1
2023HU0717645,1,245,2,1
2023HU0717645,2,245,2,1
2023HU0717786,1,501,1,1
2023HU0717791,1,165,3,1
2023HU0717791,2,165,3,1
2023HU0717791,3,165,3,1
2023HU0718091,1,246,2,1
2023HU0718091,2,246,2,1
2023HU0718125,1,17,3,1
2023HU0718235,1,501,3,1
2023HU0718421,1,501,1,1
2023HU0718421,2,19,1,1
2023HU0718465,1,278,1,1
2023HU0718465,2,278,1,1
2023HU0718465,3,278,1,1
2023HU0718513,1,7,3,1
2023HU0718946,1,501,1,1
2023HU0718946,2,501,1,1
2023HU0719028,1,110,3,1
2023HU0719028,2,110,3,1
2023HU0719117,1,115,1,1
2023HU0719117,2,115,1,1
2023HU0719117,3,115,1,1
2023HU0719117,4,115,1,1
2023HU0719301,1,501,2,1
2023HU0719301,2,501,2,1
2023HU0719531,1,475,2,1
2023HU0719531,2,475,2,1
2023HU0719531,3,475,2,1
2023HU0719531,4,475,2,1
2023HU0719531,5,475,2,1
2023HU0719531,6,44,2,1
2023HU0719612,1,6,2,1
2023HU0719612,2,6,2,1
2023HU0719633,1,72,3,1
2023HU0719633,2,124,3,1
2023HU0719845,1,491,2,1
2023HU0719845,2,491,2,1
2023HU0719845,3,491,2,1
2023HU0719856,1,109,3,1
2023HU0719856,2,191,3,1
2023HU0719856,3,109,3,1
2023HU0719945,1,501,3,1
2023HU0720292,1,119,2,1
2023HU0720572,1,320,1,1
2023HU0720572,2,320,1,1
2023HU0720572,3,320,1,1
2023HU0720572,4,320,1,1
2023HU0720572,5,320,1,1
2023HU0720572,6,320,1,1
2023HU0720572,7,320,1,1
2023HU0720592,1,364,1,1
2023HU0720592,2,364,1,1
2023HU0720592,3,364,1,1
2023HU0720592,4,364,1,1
2023HU0720625,1,394,1,1
2023HU0720752,1,0,3,1
2023HU0720752,2,0,3,1
2023HU0720752,3,0,3,1
2023HU0720752,4,0,3,1
2023HU0720773,1,252,3,1
2023HU0720773,2,252,3,1
2023HU0720791,1,38,3,1
2023HU0720816,1,501,2,1
2023HU0720816,2,501,2,1
2023HU0720880,1,501,2,1
2023HU0720880,2,501,2,1
2023HU0720880,3,501,2,1
2023HU0720883,1,16,2,1
2023HU0720883,2,16,2,1
2023HU0720883,3,16,2,1
2023HU0721091,1,501,1,1
2023HU0721091,2,501,1,1
2023HU0721247,1,501,2,1
2023HU0721258,1,501,1,1
2023HU0721258,2,501,1,1
2023HU0721258,3,501,1,1
2023HU0721258,4,501,1,1
2023HU0721270,1,475,2,1
2023HU0721519,1,325,2,1
2023HU0721519,2,325,2,1
2023HU0721519,3,325,2,1
2023HU0721539,1,243,3,1
2023HU0721539,2,243,3,1
2023HU0721543,1,55,2,1
2023HU0721543,2,55,2,1
2023HU0721543,3,55,2,1
2023HU0721549,1,501,1,1
2023HU0721549,2,501,1,1
2023HU0721593,1,186,3,1
2023HU0721593,2,186,3,1
2023HU0721615,1,185,1,1
2023HU0721615,2,80,1,1
2023HU0721615,3,0,1,1
2023HU0721615,4,63,1,1
2023HU0721615,5,73,1,1
2023HU0721615,6,200,1,1
2023HU0721615,7,28,1,1
2023HU0721615,8,140,1,1
2023HU0721615,9,80,1,1
2023HU0721615,10,71,1,1
2023HU0721615,11,204,1,1
2023HU0721628,1,0,3,1
2023HU0722205,1,501,1,1
2023HU0722306,1,501,2,1
2023HU0722306,2,501,2,1
2023HU0722306,3,501,2,1
2023HU0722306,4,501,2,1
2023HU0722306,5,501,2,1
2023HU0722742,1,474,3,1
2023HU0722742,2,474,3,1
2023HU0722742,3,474,3,1
2023HU0722803,1,153,2,1
2023HU0722803,2,153,2,1
2023HU0722873,1,50,2,1
2023HU0723005,1,501,1,1
2023HU0723005,2,501,1,1
2023HU0723005,3,501,1,1
2023HU0723005,4,501,1,1
2023HU0723038,1,279,3,1
2023HU0723038,2,279,3,1
2023HU0723750,1,302,2,1
2023HU0723750,2,302,2,1
2023HU0723809,1,174,3,1
2023HU0723809,2,130,3,1
2023HU0723809,3,174,3,1
2023HU0723809,4,174,3,1
2023HU0723809,5,174,3,1
2023HU0723809,6,174,3,1
2023HU0724129,1,76,3,1
2023HU0724505,1,225,3,1
2023HU0724505,2,225,3,1
2023HU0724586,1,379,1,1
2023HU0724586,2,379,1,1
2023HU0724738,1,501,1,1
2023HU0724738,2,501,1,1
2023HU0724738,3,501,1,1
2023HU0724738,4,501,1,1
2023HU0725038,1,450,3,1
2023HU0725085,1,134,2,1
2023HU0725085,2,134,2,1
2023HU0725189,1,0,3,1
2023HU0725189,2,0,3,1
2023HU0725189,3,0,3,1
2023HU0725189,4,6,3,1
2023HU0725558,1,501,1,1
2023HU0725558,2,501,1,1
2023HU0725558,3,501,1,1
2023HU0725558,4,501,1,1
2023HU0725558,5,501,1,1
2023HU0725776,1,289,2,1
2023HU0725776,2,289,2,1
2023HU0725776,3,289,2,1
2023HU0725776,4,289,2,1
2023HU0725893,1,178,2,1
2023HU0725893,2,178,2,1
2023HU0726015,1,212,3,1
2023HU0726015,2,212,3,1
2023HU0726015,3,212,3,1
2023HU0726015,4,212,3,1
2023HU0726120,1,501,2,1
2023HU0726120,2,501,2,1
2023HU0726120,3,501,2,1
2023HU0726189,1,501,3,1
2023HU0726439,1,495,2,1
2023HU0726863,1,107,3,1
2023HU0726863,2,107,3,1
2023HU0727029,1,501,2,1
2023HU0727029,2,501,2,1
2023HU0727093,1,501,1,1
2023HU0727093,2,501,1,1
2023HU0727093,3,501,1,1
2023HU0727164,1,198,3,1
2023HU0727164,2,198,3,1
2023HU0727549,1,48,1,1
2023HU0727562,1,501,1,1
2023HU0727562,2,501,1,1
2023HU0727562,3,501,1,1
2023HU0727562,4,501,1,1
2023HU0727683,1,501,3,1
2023HU0727683,2,501,3,1
2023HU0727683,3,501,3,1
2023HU0727683,4,501,3,1
2023HU0727728,1,327,1,1
2023HU0727728,2,327,1,1
2023HU0727728,3,327,1,1
2023HU0727755,1,51,3,1
2023HU0727935,1,260,2,1
2023HU0727935,2,260,2,1
2023HU0727935,3,260,2,1
2023HU0727960,1,44,3,1
2023HU0727960,2,44,3,1
2023HU0727970,1,501,2,1
2023HU0727970,2,501,2,1
2023HU0728499,1,501,2,1
2023HU0728499,2,501,2,1
2023HU0728743,1,31,2,1
2023HU0728769,1,160,3,1
2023HU0729343,1,356,3,1
2023HU0729397,1,310,2,1
2023HU0729397,2,310,2,1
2023HU0729397,3,310,2,1
2023HU0729523,1,1,2,1
2023HU0729635,1,501,3,1
2023HU0729775,1,440,1,1
2023HU0729927,1,177,4,1
2023HU0729964,1,501,1,1
2023HU0730080,1,267,2,1
2023HU0730080,2,501,2,1
2023HU0730333,1,433,2,1
2023HU0730333,2,433,2,1
2023HU0730333,3,433,2,1
2023HU0730347,1,328,3,1
2023HU0730347,2,328,3,1
2023HU0730347,3,328,3,1
2023HU0730347,4,328,3,1
2023HU0730347,5,328,3,1
2023HU0730596,1,0,3,1
2023HU0730778,1,496,3,1
2023HU0730778,2,496,3,1
2023HU0730778,3,496,3,1
2023HU0730893,1,501,3,1
2023HU0730980,1,350,3,1
2023HU0730980,2,350,3,1
2023HU0730980,3,350,3,1
2023HU0731101,1,478,2,1
2023HU0731101,2,478,2,1
2023HU0731101,3,478,2,1
2023HU0731101,4,478,2,1
2023HU0731101,5,478,2,1
2023HU0731101,6,478,2,1
2023HU0731663,1,501,2,1
2023HU0731663,2,501,2,1
2023HU0731663,3,501,2,1
2023HU0731665,1,200,3,1
2023HU0731831,1,6,3,1
2023HU0731831,2,6,3,1
2023HU0731831,3,6,3,1
2023HU0731833,1,501,3,1
2023HU0731833,2,20,3,1
2023HU0731839,1,471,2,1
2023HU0731839,2,471,2,1
2023HU0731839,3,471,2,1
2023HU0731925,1,129,3,1
2023HU0731925,2,129,3,1
2023HU0732043,1,322,3,1
2023HU0732043,2,0,3,1
2023HU0732043,3,322,3,1
2023HU0732101,1,0,4,1
2023HU0732101,2,0,4,1
2023HU0732101,3,0,4,1
2023HU0732129,1,501,2,1
2023HU0732129,2,501,2,1
2023HU0732182,1,501,2,1
2023HU0732182,2,501,2,1
2023HU0732584,1,501,1,1
2023HU0732584,2,501,1,1
2023HU0732584,3,501,1,1
2023HU0732584,4,501,1,1
2023HU0732638,1,501,3,1
2023HU0732638,2,501,3,1
2023HU0732789,1,165,2,1
2023HU0732789,2,165,2,1
2023HU0732789,3,165,2,1
2023HU0732891,1,501,3,1
2023HU0733056,1,499,3,1
2023HU0733394,1,66,3,1
2023HU0733394,2,66,3,1
2023HU0733965,1,229,3,1
2023HU0733965,2,280,3,1
2023HU0733965,3,229,3,1
2023HU0733965,4,229,3,1
2023HU0733965,5,229,3,1
2023HU0734207,1,501,4,1
2023HU0734207,2,501,4,1
2023HU0734316,1,174,2,1
2023HU0734316,2,174,2,1
2023HU0734316,3,174,2,1
2023HU0734316,4,174,2,1
2023HU0734424,1,305,1,1
2023HU0734424,2,305,1,1
2023HU0734424,3,305,1,1
2023HU0734424,4,305,1,1
2023HU0734478,1,397,1,1
2023HU0734478,2,397,1,1
2023HU0734478,3,397,1,1
2023HU0734478,4,397,1,1
2023HU0734596,1,501,3,1
2023HU0734616,1,308,3,1
2023HU0734616,2,308,3,1
2023HU0734616,3,415,3,1
2023HU0734872,1,203,2,1
2023HU0735138,1,501,2,1
2023HU0735139,1,196,3,1
2023HU0735228,1,24,2,1
2023HU0735265,1,349,1,1
2023HU0735265,2,349,1,1
2023HU0735586,1,501,1,1
2023HU0735732,1,116,2,1
2023HU0736094,1,244,3,1
2023HU0736325,1,51,2,1
2023HU0736497,1,70,3,1
2023HU0736497,2,70,3,1
2023HU0736603,1,501,2,1
2023HU0736603,2,501,2,1
2023HU0736611,1,116,3,1
2023HU0736611,2,116,3,1
2023HU0736611,3,116,3,1
2023HU0736681,1,501,1,1
2023HU0736681,2,501,1,1
2023HU0736681,3,501,1,1
2023HU0736681,4,501,1,1
2023HU0736712,1,419,3,1
2023HU0736712,2,419,3,1
2023HU0736926,1,379,2,1
2023HU0736926,2,379,2,1
2023HU0736926,3,379,2,1
2023HU0737017,1,145,1,1
2023HU0737017,2,145,1,1
2023HU0737017,3,145,1,1
2023HU0737017,4,145,1,1
2023HU0737017,5,145,1,1
2023HU0737017,6,145,1,1
2023HU0737055,1,61,1,1
2023HU0737055,2,61,1,1
2023HU0737061,1,501,1,1
2023HU0737061,2,501,1,1
2023HU0737061,3,501,1,1
2023HU0737061,4,501,1,1
2023HU0737094,1,270,3,1
2023HU0737094,2,270,3,1
2023HU0737094,3,270,3,1
2023HU0737257,1,318,1,1
2023HU0737317,1,55,3,1
2023HU0737317,2,55,3,1
2023HU0737551,1,501,2,1
2023HU0737551,2,501,2,1
2023HU0737551,3,501,2,1
2023HU0737649,1,257,3,1
2023HU0737755,1,90,3,1
2023HU0737755,2,90,3,1
2023HU0737755,3,90,3,1
2023HU0737930,1,501,1,1
2023HU0737930,2,501,1,1
2023HU0737930,3,501,1,1
2023HU0738046,1,270,3,1
2023HU0738242,1,72,3,1
2023HU0738242,2,72,3,1
2023HU0738313,1,487,1,1
2023HU0738313,2,487,1,1
2023HU0738313,3,487,1,1
2023HU0738313,4,487,1,1
2023HU0738313,5,487,1,1
2023HU0738356,1,143,3,1
2023HU0738359,1,270,3,1
2023HU0738513,1,501,1,1
2023HU0738513,2,501,1,1
2023HU0738662,1,315,3,1
2023HU0738662,2,171,3,1
2023HU0738662,3,315,3,1
2023HU0738662,4,315,3,1
2023HU0738662,5,315,3,1
2023HU0738743,1,501,3,1
2023HU0738780,1,268,2,1
2023HU0738780,2,501,2,1
2023HU0738937,1,118,3,1
2023HU0739020,1,244,1,1
2023HU0739020,2,244,1,1
2023HU0739020,3,244,1,1
2023HU0739055,1,388,2,1
2023HU0739055,2,388,2,1
2023HU0739055,3,388,2,1
2023HU0739055,4,388,2,1
2023HU0739055,5,388,2,1
2023HU0739273,1,436,2,1
2023HU0739273,2,436,2,1
2023HU0739273,3,436,2,1
2023HU0739273,4,436,2,1
2023HU0739277,1,319,3,1
2023HU0739309,1,441,3,1
2023HU0739309,2,441,3,1
2023HU0739346,1,388,1,1
2023HU0739346,2,388,1,1
2023HU0739346,3,388,1,1
2023HU0739367,1,259,3,1
2023HU0739367,2,63,3,1
2023HU0739433,1,433,2,1
2023HU0739603,1,284,3,1
2023HU0739665,1,238,1,1
2023HU0739665,2,238,1,1
2023HU0739665,3,238,1,1
2023HU0739665,4,238,1,1
2023HU0739665,5,238,1,1
2023HU0739665,6,238,1,1
2023HU0739665,7,238,1,1
2023HU0739706,1,193,3,1
2023HU0739706,2,255,3,1
2023HU0739826,1,140,1,1
2023HU0739826,2,140,1,1
2023HU0739934,1,170,3,1
2023HU0740055,1,311,1,1
2023HU0740055,2,311,1,1
2023HU0740070,1,70,3,1
2023HU0740131,1,41,3,1
2023HU0740194,1,0,1,1
2023HU0740251,1,501,2,1
2023HU0740251,2,501,2,1
2023HU0740885,1,501,2,1
2023HU0741065,1,410,3,1
2023HU0741065,2,410,3,1
2023HU0741065,3,410,3,1
2023HU0741281,1,412,1,1
2023HU0741281,2,412,1,1
2023HU0741281,3,412,1,1
2023HU0741281,4,412,1,1
2023HU0741640,1,501,3,1
2023HU0741640,2,501,3,1
2023HU0741640,3,361,3,1
2023HU0741866,1,130,3,1
2023HU0741866,2,130,3,1
2023HU0742032,1,398,2,1
2023HU0742159,1,294,3,1
2023HU0742159,2,294,3,1
2023HU0742216,1,326,1,1
2023HU0742921,1,94,3,1
2023HU0742921,2,94,3,1
2023HU0742921,3,0,3,1
2023HU0742960,1,143,3,1
2023HU0742960,2,143,3,1
2023HU0742960,3,143,3,1
2023HU0742960,4,143,3,1
2023HU0743064,1,416,1,1
2023HU0743064,2,416,1,1
2023HU0743064,3,416,1,1
2023HU0743288,1,40,3,1
2023HU0743288,2,40,3,1
2023HU0743288,3,40,3,1
2023HU0743615,1,16,2,1
2023HU0743684,1,501,1,1
2023HU0743684,2,501,1,1
2023HU0743684,3,501,1,1
2023HU0743740,1,501,2,1
2023HU0743740,2,501,2,1
2023HU0744115,1,90,1,1
2023HU0744115,2,90,1,1
2023HU0744204,1,151,3,1
2023HU0744204,2,151,3,1
2023HU0744204,3,151,3,1
2023HU0744204,4,151,3,1
2023HU0744503,1,270,2,1
2023HU0744575,1,169,1,1
2023HU0744575,2,169,1,1
2023HU0744575,3,169,1,1
2023HU0744581,1,501,1,1
2023HU0744634,1,261,3,1
2023HU0744634,2,153,3,1
2023HU0744634,3,261,3,1
2023HU0744715,1,378,1,1
2023HU0744715,2,378,1,1
2023HU0744715,3,378,1,1
2023HU0744715,4,378,1,1
2023HU0744946,1,491,1,1
2023HU0744946,2,491,1,1
2023HU0745093,1,130,2,1
2023HU0745112,1,222,1,1
2023HU0745112,2,222,1,1
2023HU0745112,3,222,1,1
2023HU0745112,4,222,1,1
2023HU0745150,1,47,1,1
2023HU0745150,2,50,1,1
2023HU0745315,1,0,2,1
2023HU0746057,1,501,1,1
2023HU0746057,2,501,1,1
2023HU0746057,3,501,1,1
2023HU0746081,1,215,2,1
2023HU0746081,2,215,2,1
2023HU0746081,3,215,2,1
2023HU0746081,4,215,2,1
2023HU0746118,1,501,2,1
2023HU0746315,1,153,3,1
2023HU0746315,2,203,3,1
2023HU0746315,3,153,3,1
2023HU0746333,1,330,3,1
2023HU0746333,2,330,3,1
2023HU0746333,3,330,3,1
2023HU0746333,4,330,3,1
2023HU0746353,1,286,2,1
2023HU0746432,1,77,1,1
2023HU0746438,1,457,1,1
2023HU0746438,2,457,1,1
2023HU0746478,1,10,4,1
2023HU0746542,1,223,2,1
2023HU0746801,1,501,2,1
2023HU0747075,1,101,3,1
2023HU0747110,1,219,2,1
2023HU0747116,1,15,3,1
2023HU0747587,1,279,3,1
2023HU0747993,1,220,2,1
2023HU0748015,1,159,3,1
2023HU0748032,1,501,1,1
2023HU0748032,2,501,1,1
2023HU0748032,3,501,1,1
2023HU0748032,4,501,1,1
2023HU0748075,1,501,3,1
2023HU0748075,2,501,3,1
2023HU0748075,3,501,3,1
2023HU0748171,1,272,3,1
2023HU0748471,1,501,4,1
2023HU0748471,2,501,4,1
2023HU0748471,3,501,4,1
2023HU0748515,1,275,2,1
2023HU0748515,2,275,2,1
2023HU0748515,3,275,2,1
2023HU0748515,4,275,2,1
2023HU0748515,5,216,2,1
2023HU0748569,1,90,2,1
2023HU0748597,1,108,1,1
2023HU0748872,1,342,2,1
2023HU0748872,2,342,2,1
2023HU0748872,3,342,2,1
2023HU0748872,4,342,2,1
2023HU0749002,1,501,3,1
2023HU0749002,2,501,3,1
2023HU0749114,1,68,3,1
2023HU0749114,2,68,3,1
2023HU0749114,3,68,3,1
2023HU0749114,4,68,3,1
2023HU0749114,5,68,3,1
2023HU0749317,1,221,1,1
2023HU0749317,2,221,1,1
2023HU0749317,3,221,1,1
2023HU0749426,1,192,1,1
2023HU0749426,2,192,1,1
2023HU0749426,3,192,1,1
2023HU0749426,4,192,1,1
2023HU0749430,1,501,2,1
2023HU0749430,2,501,2,1
2023HU0749447,1,501,3,1
2023HU0749447,2,501,3,1
2023HU0749447,3,501,3,1
2023HU0749562,1,420,1,1
2023HU0749592,1,55,1,1
2023HU0749592,2,59,1,1
2023HU0749595,1,501,3,1
2023HU0749835,1,306,3,1
2023HU0749896,1,163,3,1
2023HU0749896,2,253,3,1
2023HU0749896,3,163,3,1
2023HU0749896,4,163,3,1
2023HU0749999,1,501,1,1
2023HU0750075,1,295,3,1
2023HU0750075,2,124,3,1
2023HU0750189,1,127,3,1
2023HU0750189,2,127,3,1
2023HU0750189,3,127,3,1
2023HU0750189,4,127,3,1
2023HU0750189,5,127,3,1
2023HU0750242,1,501,3,1
2023HU0750242,2,501,3,1
2023HU0750405,1,242,2,1
2023HU0750405,2,242,2,1
2023HU0750405,3,242,2,1
2023HU0750445,1,198,3,1
2023HU0750445,2,198,3,1
2023HU0750459,1,501,2,1
2023HU0750504,1,295,1,1
2023HU0750504,2,295,1,1
2023HU0750619,1,426,1,1
2023HU0750619,2,426,1,1
2023HU0750619,3,426,1,1
2023HU0750619,4,426,1,1
2023HU0750897,1,211,2,1
2023HU0750897,2,211,2,1
2023HU0750933,1,234,3,1
2023HU0750933,2,234,3,1
2023HU0751004,1,219,2,1
2023HU0751004,2,219,2,1
2023HU0751105,1,501,1,1
2023HU0751105,2,501,1,1
2023HU0751412,1,501,4,1
2023HU0751707,1,71,2,1
2023HU0751707,2,71,2,1
2023HU0751707,3,71,2,1
2023HU0751707,4,71,2,1
2023HU0751762,1,213,3,1
2023HU0751762,2,213,3,1
2023HU0751762,3,213,3,1
2023HU0751762,4,213,3,1
2023HU0751762,5,213,3,1
2023HU0751762,6,213,3,1
2023HU0751786,1,477,3,1
2023HU0751942,1,288,2,1
2023HU0751942,2,127,2,1
2023HU0751942,3,288,2,1
2023HU0752149,1,501,3,1
2023HU0752149,2,501,3,1
2023HU0752149,3,501,3,1
2023HU0752149,4,501,3,1
2023HU0752149,5,0,3,1
2023HU0752324,1,100,3,1
2023HU0752397,1,293,1,1
2023HU0752397,2,293,1,1
2023HU0752397,3,293,1,1
2023HU0752397,4,293,1,1
2023HU0752397,5,293,1,1
2023HU0752397,6,293,1,1
2023HU0752720,1,501,3,1
2023HU0752720,2,501,3,1
2023HU0752720,3,259,3,1
2023HU0752867,1,501,1,1
2023HU0753162,1,401,3,1
2023HU0753162,2,141,3,1
2023HU0753162,3,401,3,1
2023HU0753188,1,302,3,1
2023HU0753188,2,302,3,1
2023HU0753188,3,302,3,1
2023HU0753252,1,501,2,1
2023HU0753252,2,501,2,1
2023HU0753415,1,71,2,1
2023HU0753554,1,354,1,1
2023HU0753554,2,354,1,1
2023HU0753711,1,308,1,1
2023HU0753711,2,308,1,1
2023HU0753711,3,308,1,1
2023HU0753711,4,308,1,1
2023HU0754174,1,58,3,1
2023HU0754553,1,119,3,1
2023HU0754638,1,244,1,1
2023HU0754638,2,244,1,1
2023HU0754638,3,244,1,1
2023HU0754638,4,244,1,1
2023HU0754638,5,244,1,1
2023HU0754705,1,214,4,1
2023HU0754705,2,214,4,1
2023HU0754705,3,214,4,1
2023HU0754705,4,214,4,1
2023HU0754705,5,214,4,1
2023HU0754894,1,501,1,1
2023HU0754894,2,501,1,1
2023HU0754894,3,501,1,1
2023HU0754935,1,501,3,1
2023HU0754935,2,501,3,1
2023HU0754935,3,501,3,1
2023HU0754935,4,501,3,1
2023HU0754935,5,501,3,1
2023HU0754935,6,501,3,1
2023HU0754972,1,501,3,1
2023HU0755105,1,501,1,1
2023HU0755361,1,156,1,1
2023HU0755361,2,156,1,1
2023HU0755361,3,156,1,1
2023HU0755361,4,156,1,1
2023HU0755394,1,290,2,1
2023HU0755394,2,290,2,1
2023HU0755806,1,255,2,1
2023HU0755806,2,414,2,1
2023HU0755806,3,501,2,1
2023HU0755806,4,255,2,1
2023HU0755842,1,501,3,1
2023HU0755842,2,501,3,1
2023HU0755842,3,501,3,1
2023HU0755947,1,292,1,1
2023HU0755947,2,292,1,1
2023HU0755947,3,292,1,1
2023HU0755947,4,292,1,1
2023HU0755947,5,292,1,1
2023HU0755982,1,501,3,1
2023HU0755982,2,501,3,1
2023HU0756117,1,501,3,1
2023HU0756117,2,501,3,1
2023HU0756170,1,501,1,1
2023HU0756170,2,501,1,1
2023HU0756170,3,501,1,1
2023HU0756170,4,501,1,1
2023HU0756356,1,438,3,1
2023HU0756356,2,438,3,1
2023HU0756396,1,126,3,1
2023HU0756396,2,126,3,1
2023HU0756502,1,501,1,1
2023HU0756502,2,501,1,1
2023HU0756655,1,188,1,1
2023HU0756655,2,188,1,1
2023HU0756689,1,501,3,1
2023HU0756853,1,159,4,1
2023HU0756976,1,211,2,1
2023HU0757134,1,251,2,1
2023HU0757134,2,251,2,1
2023HU0757134,3,251,2,1
2023HU0757134,4,251,2,1
2023HU0757134,5,251,2,1
2023HU0757134,6,251,2,1
2023HU0757342,1,331,1,1
2023HU0757342,2,331,1,1
2023HU0757342,3,331,1,1
2023HU0757342,4,331,1,1
2023HU0757342,5,331,1,1
2023HU0757385,1,394,2,1
2023HU0757385,2,394,2,1
2023HU0757412,1,354,1,1
2023HU0757412,2,354,1,1
2023HU0757479,1,212,1,1
2023HU0757479,2,212,1,1
2023HU0757479,3,212,1,1
2023HU0757511,1,148,3,1
2023HU0757511,2,0,3,1
2023HU0757511,3,148,3,1
2023HU0757622,1,261,3,1
2023HU0757622,2,261,3,1
2023HU0757622,3,261,3,1
2023HU0757622,4,261,3,1
2023HU0757780,1,147,2,1
2023HU0757780,2,147,2,1
2023HU0757828,1,173,1,1
2023HU0757828,2,173,1,1
2023HU0757828,3,173,1,1
2023HU0757828,4,115,1,1
2023HU0758010,1,126,3,1
2023HU0758010,2,126,3,1
2023HU0758010,3,126,3,1
2023HU0758071,1,276,1,1
2023HU0758071,2,276,1,1
2023HU0758071,3,276,1,1
2023HU0758206,1,138,3,1
2023HU0758206,2,138,3,1
2023HU0758708,1,501,1,1
2023HU0758708,2,501,1,1
2023HU0758799,1,336,2,1
2023HU0758799,2,336,2,1
2023HU0758806,1,84,1,1
2023HU0758823,1,172,2,1
2023HU0758823,2,172,2,1
2023HU0759047,1,393,2,1
2023HU0759047,2,393,2,1
2023HU0759047,3,393,2,1
2023HU0759264,1,238,1,1
2023HU0759264,2,238,1,1
2023HU0759264,3,238,1,1
2023HU0759264,4,238,1,1
2023HU0759409,1,264,3,1
2023HU0759409,2,191,3,1
2023HU0759409,3,264,3,1
2023HU0759573,1,501,2,1
2023HU0759804,1,501,3,1
2023HU0760247,1,66,3,1
2023HU0760324,1,501,3,1
2023HU0760324,2,501,3,1
2023HU0760357,1,243,3,1
2023HU0760357,2,243,3,1
2023HU0760357,3,243,3,1
2023HU0760357,4,243,3,1
2023HU0760357,5,243,3,1
2023HU0760357,6,243,3,1
2023HU0760357,7,243,3,1
2023HU0760364,1,154,3,1
2023HU0760406,1,179,2,1
2023HU0760414,1,399,1,1
2023HU0760414,2,399,1,1
2023HU0760414,3,399,1,1
2023HU0760414,4,399,1,1
2023HU0760414,5,399,1,1
2023HU0760626,1,501,1,1
2023HU0760626,2,501,1,1
2023HU0760626,3,501,1,1
2023HU0760626,4,501,1,1
2023HU0760693,1,425,3,1
2023HU0760693,2,425,3,1
2023HU0760693,3,425,3,1
2023HU0760750,1,414,3,1
2023HU0760750,2,414,3,1
2023HU0760751,1,360,1,1
2023HU0760751,2,360,1,1
2023HU0760751,3,360,1,1
2023HU0760751,4,360,1,1
2023HU0760751,5,360,1,1
2023HU0760751,6,360,1,1
2023HU0760751,7,360,1,1
2023HU0760990,1,474,1,1
2023HU0760990,2,474,1,1
2023HU0760990,3,474,1,1
2023HU0761118,1,272,3,1
2023HU0761118,2,272,3,1
2023HU0761206,1,99,1,1
2023HU0761392,1,109,1,1
2023HU0761392,2,100,1,1
2023HU0761463,1,29,3,1
2023HU0761463,2,29,3,1
2023HU0761648,1,501,2,1
2023HU0761648,2,501,2,1
2023HU0761648,3,501,2,1
2023HU0761648,4,501,2,1
2023HU0761648,5,501,2,1
2023HU0761648,6,501,2,1
2023HU0761648,7,501,2,1
2023HU0761648,8,95,2,1
2023HU0761791,1,501,3,1
2023HU0761791,2,501,3,1
2023HU0761791,3,501,3,1
2023HU0761791,4,501,3,1
2023HU0761791,5,501,3,1
2023HU0762087,1,501,1,1
2023HU0762087,2,501,1,1
2023HU0762087,3,501,1,1
2023HU0762087,4,501,1,1
2023HU0762176,1,104,3,1
2023HU0762176,2,104,3,1
2023HU0762225,1,501,1,1
2023HU0762225,2,234,1,1
2023HU0762225,3,501,1,1
2023HU0762225,4,501,1,1
2023HU0762322,1,501,1,1
2023HU0762322,2,501,1,1
2023HU0762731,1,141,3,1
2023HU0762731,2,141,3,1
2023HU0762731,3,141,3,1
2023HU0763153,1,216,1,1
2023HU0763153,2,216,1,1
2023HU0763153,3,216,1,1
2023HU0763153,4,216,1,1
2023HU0763157,1,294,3,1
2023HU0763157,2,294,3,1
2023HU0763157,3,294,3,1
2023HU0763157,4,294,3,1
2023HU0763157,5,294,3,1
2023HU0763157,6,294,3,1
2023HU0763157,7,294,3,1
2023HU0763157,8,294,3,1
2023HU0763157,9,294,3,1
2023HU0763157,10,294,3,1
2023HU0763531,1,362,1,1
2023HU0763531,2,362,1,1
2023HU0763531,3,362,1,1
2023HU0763531,4,362,1,1
2023HU0763791,1,157,1,1
2023HU0763791,2,157,1,1
2023HU0763791,3,157,1,1
2023HU0764065,1,501,1,1
2023HU0764065,2,501,1,1
2023HU0764065,3,501,1,1
2023HU0764180,1,501,1,1
2023HU0764180,2,292,1,1
2023HU0764180,3,501,1,1
2023HU0764180,4,501,1,1
2023HU0764180,5,227,1,1
2023HU0764321,1,501,2,1
2023HU0764321,2,501,2,1
2023HU0764321,3,501,2,1
2023HU0764321,4,501,2,1
2023HU0764390,1,501,3,1
2023HU0764390,2,501,3,1
2023HU0764390,3,501,3,1
2023HU0764390,4,501,3,1
2023HU0764525,1,105,2,1
2023HU0764729,1,501,1,1
2023HU0764729,2,501,1,1
2023HU0764925,1,127,3,1
2023HU0765253,1,272,1,1
2023HU0765555,1,501,1,1
2023HU0765555,2,501,1,1
2023HU0765660,1,76,1,1
2023HU0765660,2,223,1,1
2023HU0765958,1,375,1,1
2023HU0765965,1,501,1,1
2023HU0766213,1,350,1,1
2023HU0766213,2,350,1,1
2023HU0766213,3,350,1,1
2023HU0766213,4,350,1,1
2023HU0766315,1,228,3,1
2023HU0766315,2,359,3,1
2023HU0766407,1,501,2,1
2023HU0766407,2,501,2,1
2023HU0766407,3,501,2,1
2023HU0766407,4,501,2,1
2023HU0766407,5,501,2,1
2023HU0766981,1,133,2,1
2023HU0766986,1,501,3,1
2023HU0766986,2,501,3,1
2023HU0766986,3,501,3,1
2023HU0766986,4,501,3,1
2023HU0767010,1,318,2,1
2023HU0767010,2,318,2,1
2023HU0767010,3,318,2,1
2023HU0767010,4,318,2,1
2023HU0767197,1,501,1,1
2023HU0767197,2,501,1,1
2023HU0767317,1,199,1,1
2023HU0767317,2,199,1,1
2023HU0767317,3,199,1,1
2023HU0767317,4,199,1,1
2023HU0767317,5,199,1,1
2023HU0767455,1,501,2,1
2023HU0767455,2,501,2,1
2023HU0767540,1,309,2,1
2023HU0767540,2,309,2,1
2023HU0767540,3,309,2,1
2023HU0767540,4,309,2,1
2023HU0767658,1,501,2,1
2023HU0767658,2,501,2,1
2023HU0767749,1,501,1,1
2023HU0767749,2,501,1,1
2023HU0768142,1,501,2,1
2023HU0768142,2,501,2,1
2023HU0768142,3,501,2,1
2023HU0768142,4,501,2,1
2023HU0768317,1,441,1,1
2023HU0768317,2,441,1,1
2023HU0768317,3,441,1,1
2023HU0768384,1,501,3,1
2023HU0768384,2,501,3,1
2023HU0768476,1,410,2,1
2023HU0768489,1,302,2,1
2023HU0768489,2,302,2,1
2023HU0768785,1,251,2,1
2023HU0768785,2,251,2,1
2023HU0768802,1,63,3,1
2023HU0768851,1,501,3,1
2023HU0768851,2,501,3,1
2023HU0768851,3,501,3,1
2023HU0768984,1,155,1,1
2023HU0768984,2,155,1,1
2023HU0768984,3,155,1,1
2023HU0769112,1,176,1,1
2023HU0769112,2,176,1,1
2023HU0769112,3,176,1,1
2023HU0769112,4,176,1,1
2023HU0769219,1,209,2,1
2023HU0769219,2,209,2,1
2023HU0769454,1,501,2,1
2023HU0769454,2,501,2,1
2023HU0769454,3,501,2,1
2023HU0769454,4,501,2,1
2023HU0769565,1,188,3,1
2023HU0769565,2,188,3,1
2023HU0769565,3,188,3,1
2023HU0769582,1,291,3,1
2023HU0769582,2,291,3,1
2023HU0769654,1,66,2,1
2023HU0769822,1,0,3,1
2023HU0770061,1,224,3,1
2023HU0770061,2,224,3,1
2023HU0770061,3,224,3,1
2023HU0770061,4,224,3,1
2023HU0770061,5,315,3,1
2023HU0770156,1,501,2,1
2023HU0770156,2,501,2,1
2023HU0770156,3,501,2,1
2023HU0770156,4,501,2,1
2023HU0770156,5,158,2,1
2023HU0770175,1,0,3,1
2023HU0770175,2,0,3,1
2023HU0770633,1,170,1,1
2023HU0770633,2,170,1,1
2023HU0770633,3,170,1,1
2023HU0770633,4,170,1,1
2023HU0771006,1,447,1,1
2023HU0771006,2,447,1,1
2023HU0771012,1,62,2,1
2023HU0771012,2,62,2,1
2023HU0771012,3,62,2,1
2023HU0771038,1,501,1,1
2023HU0771038,2,501,1,1
2023HU0771038,3,501,1,1
2023HU0771157,1,223,3,1
2023HU0771157,2,0,3,1
2023HU0771158,1,501,1,1
2023HU0771158,2,12,1,1
2023HU0771158,3,501,1,1
2023HU0771366,1,393,2,1
2023HU0771366,2,393,2,1
2023HU0771366,3,393,2,1
2023HU0771452,1,501,1,1
2023HU0771452,2,501,1,1
2023HU0771530,1,153,2,1
2023HU0771530,2,153,2,1
2023HU0771575,1,211,1,1
2023HU0771575,2,211,1,1
2023HU0771575,3,211,1,1
2023HU0771575,4,211,1,1
2023HU0771575,5,211,1,1
2023HU0771648,1,217,1,1
2023HU0771648,2,217,1,1
2023HU0771809,1,14,1,1
2023HU0771841,1,501,1,1
2023HU0771841,2,31,1,1
2023HU0772435,1,126,3,1
2023HU0772562,1,152,1,1
2023HU0772562,2,152,1,1
2023HU0772562,3,152,1,1
2023HU0772562,4,152,1,1
2023HU0772562,5,152,1,1
2023HU0772562,6,152,1,1
2023HU0772562,7,152,1,1
2023HU0772680,1,349,3,1
2023HU0772680,2,349,3,1
2023HU0772680,3,349,3,1
2023HU0772815,1,156,1,1
2023HU0772815,2,156,1,1
2023HU0773089,1,172,3,1
2023HU0773109,1,501,1,1
2023HU0773109,2,501,1,1
2023HU0773126,1,288,2,1
2023HU0773126,2,288,2,1
2023HU0773126,3,288,2,1
2023HU0773126,4,288,2,1
2023HU0773213,1,265,3,1
2023HU0773213,2,265,3,1
2023HU0773213,3,265,3,1
2023HU0773213,4,265,3,1
2023HU0773520,1,133,3,1
2023HU0773696,1,407,3,1
2023HU0773696,2,407,3,1
2023HU0773696,3,407,3,1
2023HU0773765,1,218,2,1
2023HU0773810,1,74,1,1
2023HU0773810,2,74,1,1
2023HU0773873,1,213,3,1
2023HU0773873,2,213,3,1
2023HU0773873,3,213,3,1
2023HU0773908,1,477,3,1
2023HU0773908,2,477,3,1
2023HU0773908,3,477,3,1
2023HU0774005,1,447,2,1
2023HU0774005,2,447,2,1
2023HU0774118,1,501,1,1
2023HU0774118,2,501,1,1
2023HU0774118,3,501,1,1
2023HU0774395,1,268,3,1
2023HU0774395,2,268,3,1
2023HU0774395,3,268,3,1
2023HU0774395,4,268,3,1
2023HU0774395,5,268,3,1
2023HU0774395,6,268,3,1
2023HU0774395,7,268,3,1
2023HU0774395,8,268,3,1
2023HU0774405,1,367,2,1
2023HU0774501,1,501,2,1
2023HU0774501,2,501,2,1
2023HU0774501,3,501,2,1
2023HU0774501,4,501,2,1
2023HU0774501,5,501,2,1
2023HU0774587,1,444,1,1
2023HU0774587,2,444,1,1
2023HU0774587,3,444,1,1
2023HU0774587,4,444,1,1
2023HU0774807,1,501,2,1
2023HU0775133,1,164,3,1
2023HU0775133,2,164,3,1
2023HU0775133,3,164,3,1
2023HU0775147,1,37,3,1
2023HU0775147,2,37,3,1
2023HU0775147,3,37,3,1
2023HU0775147,4,37,3,1
2023HU0775173,1,133,3,1
2023HU0775303,1,501,2,1
2023HU0775303,2,501,2,1
2023HU0775303,3,68,2,1
2023HU0775303,4,295,2,1
2023HU0775333,1,215,3,1
2023HU0775333,2,253,3,1
2023HU0775382,1,60,3,1
2023HU0775382,2,60,3,1
2023HU0775382,3,60,3,1
2023HU0775582,1,501,1,1
2023HU0775582,2,501,1,1
2023HU0775582,3,501,1,1
2023HU0775582,4,501,1,1
2023HU0775662,1,501,3,1
2023HU0775876,1,278,3,1
2023HU0775876,2,278,3,1
2023HU0775876,3,278,3,1
2023HU0775876,4,278,3,1
2023HU0775981,1,347,3,1
2023HU0775981,2,347,3,1
2023HU0775993,1,481,3,1
2023HU0775993,2,481,3,1
2023HU0775993,3,481,3,1
2023HU0775993,4,481,3,1
2023HU0775993,5,481,3,1
2023HU0776016,1,138,2,1
2023HU0776272,1,173,3,1
2023HU0776272,2,173,3,1
2023HU0776272,3,173,3,1
2023HU0776351,1,501,1,1
2023HU0776351,2,501,1,1
2023HU0776399,1,236,3,1
2023HU0776399,2,262,3,1
2023HU0776479,1,501,1,1
2023HU0776479,2,501,1,1
2023HU0776479,3,501,1,1
2023HU0776675,1,173,2,1
2023HU0776675,2,173,2,1
2023HU0776675,3,158,2,1
2023HU0776675,4,253,2,1
2023HU0776675,5,208,2,1
2023HU0776750,1,32,3,1
2023HU0776750,2,457,3,1
2023HU0776899,1,501,1,1
2023HU0776899,2,501,1,1
2023HU0776899,3,501,1,1
2023HU0776899,4,501,1,1
2023HU0776981,1,323,3,1
2023HU0777272,1,325,3,1
2023HU0777272,2,325,3,1
2023HU0777406,1,348,4,1
2023HU0777678,1,379,3,1
2023HU0777678,2,379,3,1
2023HU0777816,1,283,2,1
2023HU0777821,1,63,3,1
2023HU0777919,1,501,2,1
2023HU0777919,2,501,2,1
2023HU0778183,1,463,1,1
2023HU0778183,2,463,1,1
2023HU0778183,3,463,1,1
2023HU0778183,4,463,1,1
2023HU0778356,1,501,2,1
2023HU0778356,2,501,2,1
2023HU0778356,3,501,2,1
2023HU0778389,1,501,2,1
2023HU0778389,2,501,2,1
2023HU0778389,3,501,2,1
2023HU0778389,4,501,2,1
2023HU0778389,5,501,2,1
2023HU0778389,6,0,2,1
2023HU0778812,1,501,3,1
2023HU0778812,2,501,3,1
2023HU0779444,1,501,3,1
2023HU0779564,1,168,3,1
2023HU0779564,2,168,3,1
2023HU0779564,3,168,3,1
2023HU0779630,1,501,3,1
2023HU0779630,2,501,3,1
2023HU0780195,1,501,1,1
2023HU0780195,2,501,1,1
2023HU0780287,1,131,1,1
2023HU0780287,2,131,1,1
2023HU0780311,1,200,3,1
2023HU0780426,1,317,3,1
2023HU0780426,2,317,3,1
2023HU0780426,3,317,3,1
2023HU0780583,1,184,3,1
2023HU0780583,2,286,3,1
2023HU0780653,1,160,2,1
2023HU0780653,2,57,2,1
2023HU0780653,3,160,2,1
2023HU0780653,4,160,2,1
2023HU0780758,1,501,1,1
2023HU0780758,2,501,1,1
2023HU0780758,3,501,1,1
2023HU0780758,4,501,1,1
2023HU0781096,1,181,3,1
2023HU0781099,1,501,2,1
2023HU0781099,2,501,2,1
2023HU0781139,1,170,1,1
2023HU0781139,2,170,1,1
2023HU0781139,3,170,1,1
2023HU0781252,1,501,1,1
2023HU0781252,2,501,1,1
2023HU0781309,1,324,3,1
2023HU0781309,2,324,3,1
2023HU0781367,1,110,1,1
2023HU0781367,2,110,1,1
2023HU0781367,3,110,1,1
2023HU0781367,4,0,1,1
2023HU0781367,5,76,1,1
2023HU0781474,1,116,3,1
2023HU0781622,1,279,1,1
2023HU0781622,2,279,1,1
2023HU0781622,3,279,1,1
2023HU0781622,4,279,1,1
2023HU0781622,5,279,1,1
2023HU0782075,1,18,3,1
2023HU0782162,1,79,1,1
2023HU0782162,2,79,1,1
2023HU0782545,1,392,1,1
2023HU0782546,1,437,1,1
2023HU0782546,2,437,1,1
2023HU0782546,3,437,1,1
2023HU0782587,1,173,3,1
2023HU0782587,2,173,3,1
2023HU0782601,1,421,2,1
2023HU0782601,2,421,2,1
2023HU0782601,3,421,2,1
2023HU0782601,4,421,2,1
2023HU0782704,1,499,2,1
2023HU0782704,2,499,2,1
2023HU0782727,1,0,4,1
2023HU0782865,1,322,3,1
2023HU0782865,2,322,3,1
2023HU0782865,3,322,3,1
2023HU0782865,4,322,3,1
2023HU0782962,1,501,2,1
2023HU0782962,2,501,2,1
2023HU0783131,1,286,3,1
2023HU0783131,2,286,3,1
2023HU0783178,1,164,2,1
2023HU0783178,2,164,2,1
2023HU0783178,3,164,2,1
2023HU0783178,4,164,2,1
2023HU0783212,1,405,1,1
2023HU0783212,2,405,1,1
2023HU0783252,1,498,2,1
2023HU0783252,2,498,2,1
2023HU0783552,1,456,1,1
2023HU0783552,2,456,1,1
2023HU0783552,3,456,1,1
2023HU0783552,4,456,1,1
2023HU0783646,1,137,2,1
2023HU0783672,1,501,2,1
2023HU0783672,2,501,2,1
2023HU0783751,1,214,2,1
2023HU0783851,1,0,3,1
2023HU0783851,2,0,3,1
2023HU0783879,1,501,2,1
2023HU0784122,1,501,2,1
2023HU0784122,2,501,2,1
2023HU0784477,1,501,2,1
2023HU0784477,2,501,2,1
2023HU0784477,3,501,2,1
2023HU0784537,1,214,3,1
2023HU0784702,1,501,2,1
2023HU0785149,1,501,1,1
2023HU0785149,2,501,1,1
2023HU0785149,3,501,1,1
2023HU0785149,4,501,1,1
2023HU0785376,1,94,1,1
2023HU0785477,1,163,2,1
2023HU0785714,1,121,3,1
2023HU0785714,2,64,3,1
2023HU0785714,3,121,3,1
2023HU0785753,1,501,1,1
2023HU0785753,2,501,1,1
2023HU0785753,3,501,1,1
2023HU0785772,1,501,1,1
2023HU0785808,1,72,3,1
2023HU0785972,1,154,3,1
2023HU0785972,2,154,3,1
2023HU0786080,1,501,3,1
2023HU0786080,2,501,3,1
2023HU0786323,1,501,2,1
2023HU0786323,2,501,2,1
2023HU0786388,1,214,3,1
2023HU0786388,2,214,3,1
2023HU0786458,1,231,2,1
2023HU0786458,2,231,2,1
2023HU0786531,1,150,3,1
2023HU0786531,2,150,3,1
2023HU0786540,1,206,2,1
2023HU0786540,2,206,2,1
2023HU0786540,3,206,2,1
2023HU0786540,4,206,2,1
2023HU0786574,1,36,2,1
2023HU0786584,1,70,3,1
2023HU0786731,1,129,3,1
2023HU0786816,1,120,1,1
2023HU0786816,2,120,1,1
2023HU0786816,3,120,1,1
2023HU0786816,4,120,1,1
2023HU0786816,5,120,1,1
2023HU0786820,1,501,2,1
2023HU0786853,1,501,3,1
2023HU0786853,2,501,3,1
2023HU0786853,3,501,3,1
2023HU0786853,4,501,3,1
2023HU0786854,1,0,2,1
2023HU0786854,2,0,2,1
2023HU0786879,1,230,3,1
2023HU0786879,2,230,3,1
2023HU0786879,3,230,3,1
2023HU0786894,1,192,3,1
2023HU0786894,2,450,3,1
2023HU0787032,1,475,2,1
2023HU0787032,2,475,2,1
2023HU0787059,1,501,3,1
2023HU0787059,2,501,3,1
2023HU0787059,3,501,3,1
2023HU0787207,1,501,1,1
2023HU0787207,2,501,1,1
2023HU0787207,3,501,1,1
2023HU0787408,1,478,1,1
2023HU0787408,2,478,1,1
2023HU0787408,3,478,1,1
2023HU0787492,1,501,2,1
2023HU0787492,2,501,2,1
2023HU0787492,3,501,2,1
2023HU0787835,1,223,1,1
2023HU0787835,2,223,1,1
2023HU0787835,3,223,1,1
2023HU0787835,4,223,1,1
2023HU0787850,1,270,2,1
2023HU0787850,2,270,2,1
2023HU0787850,3,270,2,1
2023HU0787918,1,218,3,1
2023HU0787918,2,218,3,1
2023HU0787918,3,218,3,1
2023HU0787935,1,0,3,1
2023HU0788397,1,501,3,1
2023HU0788554,1,240,1,1
2023HU0788554,2,240,1,1
2023HU0788554,3,240,1,1
2023HU0788554,4,240,1,1
2023HU0788554,5,240,1,1
2023HU0788554,6,240,1,1
2023HU0788642,1,380,1,1
2023HU0788642,2,380,1,1
2023HU0788642,3,380,1,1
2023HU0788763,1,160,1,1
2023HU0788765,1,501,2,1
2023HU0788765,2,501,2,1
2023HU0788765,3,501,2,1
2023HU0789156,1,501,3,1
2023HU0789156,2,501,3,1
2023HU0789467,1,230,3,1
2023HU0789467,2,230,3,1
2023HU0789467,3,230,3,1
2023HU0789663,1,348,2,1
2023HU0789663,2,348,2,1
2023HU0790033,1,288,3,1
2023HU0790061,1,67,1,1
2023HU0790560,1,382,1,1
2023HU0790560,2,382,1,1
2023HU0790560,3,382,1,1
2023HU0790963,1,501,2,1
2023HU0790963,2,501,2,1
2023HU0791041,1,501,1,1
2023HU0791041,2,501,1,1
2023HU0791162,1,306,1,1
2023HU0791162,2,306,1,1
2023HU0791162,3,306,1,1
2023HU0791162,4,306,1,1
2023HU0791162,5,306,1,1
2023HU0791226,1,356,3,1
2023HU0791226,2,356,3,1
2023HU0791226,3,356,3,1
2023HU0791226,4,356,3,1
2023HU0791238,1,501,2,1
2023HU0791238,2,501,2,1
2023HU0791238,3,501,2,1
2023HU0791331,1,129,3,1
2023HU0791627,1,260,3,1
2023HU0791627,2,260,3,1
2023HU0791627,3,260,3,1
2023HU0791627,4,260,3,1
2023HU0791627,5,260,3,1
2023HU0791627,6,260,3,1
2023HU0791814,1,27,2,1
2023HU0791814,2,27,2,1
2023HU0791840,1,352,2,1
2023HU0791840,2,352,2,1
2023HU0791840,3,352,2,1
2023HU0792158,1,115,3,1
2023HU0792158,2,115,3,1
2023HU0792277,1,186,2,1
2023HU0792277,2,186,2,1
2023HU0792344,1,277,2,1
2023HU0792344,2,0,2,1
2023HU0792344,3,277,2,1
2023HU0792434,1,501,1,1
2023HU0792434,2,501,1,1
2023HU0792434,3,501,1,1
2023HU0792434,4,501,1,1
2023HU0792772,1,501,1,1
2023HU0792772,2,501,1,1
2023HU0792772,3,501,1,1
2023HU0792772,4,501,1,1
2023HU0792783,1,184,3,1
2023HU0792783,2,184,3,1
2023HU0792783,3,184,3,1
2023HU0793272,1,501,2,1
2023HU0793272,2,501,2,1
2023HU0793541,1,501,2,1
2023HU0793541,2,501,2,1
2023HU0793799,1,501,1,1
2023HU0793799,2,501,1,1
2023HU0793949,1,501,1,1
2023HU0793949,2,501,1,1
2023HU0794137,1,501,2,1
2023HU0794137,2,501,2,1
2023HU0794144,1,497,2,1
2023HU0794144,2,497,2,1
2023HU0794144,3,497,2,1
2023HU0794144,4,497,2,1
2023HU0794144,5,497,2,1
2023HU0794296,1,436,1,1
2023HU0794296,2,436,1,1
2023HU0794297,1,48,3,1
2023HU0794297,2,123,3,1
2023HU0794297,3,48,3,1
2023HU0794297,4,48,3,1
2023HU0794297,5,48,3,1
2023HU0794297,6,48,3,1
2023HU0794297,7,48,3,1
2023HU0794601,1,121,2,1
2023HU0795040,1,339,3,1
2023HU0795142,1,262,3,1
2023HU0795142,2,262,3,1
2023HU0795142,3,262,3,1
2023HU0795142,4,262,3,1
2023HU0795148,1,225,3,1
2023HU0795148,2,77,3,1
2023HU0795183,1,329,1,1
2023HU0795183,2,329,1,1
2023HU0795183,3,329,1,1
2023HU0795183,4,329,1,1
2023HU0795205,1,387,3,1
2023HU0795212,1,501,2,1
2023HU0795212,2,501,2,1
2023HU0795212,3,501,2,1
2023HU0795212,4,501,2,1
2023HU0795212,5,501,2,1
2023HU0795212,6,501,2,1
2023HU0795446,1,31,4,1
2023HU0795446,2,31,4,1
2023HU0795446,3,31,4,1
2023HU0795446,4,31,4,1
2023HU0795446,5,31,4,1
2023HU0795559,1,443,1,1
2023HU0795559,2,443,1,1
2023HU0795559,3,443,1,1
2023HU0795559,4,443,1,1
2023HU0795661,1,348,2,1
2023HU0795661,2,67,2,1
2023HU0795806,1,369,1,1
2023HU0795806,2,369,1,1
2023HU0796189,1,261,2,1
2023HU0796189,2,261,2,1
2023HU0796189,3,261,2,1
2023HU0796316,1,501,2,1
2023HU0796316,2,501,2,1
2023HU0796658,1,285,2,1
2023HU0796658,2,285,2,1
2023HU0796801,1,166,3,1
2023HU0796849,1,308,3,1
2023HU0796849,2,308,3,1
2023HU0797060,1,320,2,1
2023HU0797134,1,501,2,1
2023HU0797134,2,501,2,1
2023HU0797134,3,501,2,1
2023HU0797134,4,501,2,1
2023HU0797134,5,501,2,1
2023HU0797134,6,501,2,1
2023HU0797134,7,501,2,1
2023HU0797220,1,20,1,1
2023HU0797341,1,324,1,1
2023HU0797358,1,83,2,1
2023HU0797413,1,322,3,1
2023HU0797413,2,129,3,1
2023HU0797413,3,129,3,1
2023HU0797539,1,68,3,1
2023HU0797539,2,68,3,1
2023HU0797539,3,68,3,1
2023HU0797539,4,68,3,1
2023HU0797539,5,68,3,1
2023HU0797570,1,501,2,1
2023HU0797715,1,165,2,1
2023HU0797715,2,165,2,1
2023HU0797717,1,165,2,1
2023HU0797733,1,216,1,1
2023HU0797733,2,216,1,1
2023HU0797810,1,359,2,1
2023HU0797810,2,359,2,1
2023HU0798034,1,501,1,1
2023HU0798034,2,501,1,1
2023HU0798053,1,331,1,1
2023HU0798053,2,331,1,1
2023HU0798229,1,501,2,1
2023HU0798229,2,501,2,1
2023HU0798232,1,501,1,1
2023HU0798232,2,501,1,1
2023HU0798232,3,501,1,1
2023HU0798232,4,501,1,1
2023HU0798275,1,501,2,1
2023HU0798275,2,501,2,1
2023HU0798275,3,501,2,1
2023HU0798275,4,501,2,1
2023HU0798275,5,501,2,1
2023HU0798342,1,227,4,1
2023HU0798342,2,227,4,1
2023HU0798342,3,227,4,1
2023HU0798342,4,227,4,1
2023HU0798342,5,227,4,1
2023HU0798342,6,227,4,1
2023HU0798400,1,367,1,1
2023HU0798400,2,367,1,1
2023HU0798400,3,367,1,1
2023HU0798400,4,367,1,1
2023HU0798441,1,501,1,1
2023HU0798441,2,501,1,1
2023HU0798629,1,501,2,1
2023HU0798629,2,501,2,1
2023HU0798629,3,501,2,1
2023HU0798629,4,501,2,1
2023HU0798629,5,501,2,1
2023HU0798635,1,336,1,1
2023HU0798635,2,336,1,1
2023HU0798661,1,395,3,1
2023HU0798926,1,308,2,1
2023HU0798926,2,308,2,1
2023HU0798926,3,308,2,1
2023HU0798983,1,293,2,1
2023HU0798983,2,209,2,1
2023HU0799486,1,294,1,1
2023HU0799486,2,253,1,1
2023HU0799486,3,294,1,1
2023HU0799599,1,0,2,1
2023HU0799599,2,0,2,1
2023HU0799599,3,0,2,1
2023HU0799649,1,170,2,1
2023HU0799649,2,170,2,1
2023HU0799695,1,106,1,1
2023HU0799695,2,106,1,1
2023HU0799695,3,106,1,1
2023HU0799751,1,501,1,1
2023HU0799751,2,501,1,1
2023HU0799751,3,501,1,1
2023HU0799751,4,501,1,1
2023HU0799768,1,243,1,1
2023HU0799768,2,243,1,1
2023HU0799768,3,243,1,1
2023HU0799821,1,501,1,1
2023HU0799821,2,501,1,1
2023HU0799821,3,501,1,1
2023HU0799972,1,8,3,1
2023HU0799972,2,8,3,1
2023HU0800031,1,188,3,1
2023HU0800031,2,188,3,1
2023HU0800138,1,103,3,1
2023HU0800138,2,103,3,1
2023HU0800138,3,103,3,1
2023HU0800163,1,456,3,1
2023HU0800163,2,456,3,1
2023HU0800404,1,51,3,1
2023HU0800412,1,299,2,1
2023HU0800412,2,299,2,1
2023HU0800412,3,299,2,1
2023HU0800412,4,299,2,1
2023HU0800424,1,501,2,1
2023HU0800711,1,234,1,1
2023HU0800711,2,234,1,1
2023HU0800711,3,234,1,1
2023HU0800721,1,501,1,1
2023HU0800721,2,501,1,1
2023HU0800721,3,501,1,1
2023HU0800807,1,57,3,1
2023HU0800908,1,97,3,1
2023HU0801144,1,355,1,1
2023HU0801144,2,355,1,1
2023HU0801234,1,501,3,1
2023HU0801252,1,109,3,1
2023HU0801252,2,109,3,1
2023HU0801252,3,109,3,1
2023HU0801252,4,109,3,1
2023HU0801252,5,109,3,1
2023HU0801252,6,109,3,1
2023HU0801323,1,243,3,1
2023HU0801350,1,194,3,1
2023HU0801350,2,194,3,1
2023HU0801479,1,433,3,1
2023HU0801479,2,433,3,1
2023HU0801988,1,501,1,1
2023HU0802006,1,501,1,1
2023HU0802006,2,501,1,1
2023HU0802006,3,501,1,1
2023HU0802205,1,460,2,1
2023HU0802205,2,460,2,1
2023HU0802205,3,460,2,1
2023HU0802323,1,357,3,1
2023HU0802597,1,501,2,1
2023HU0802597,2,501,2,1
2023HU0802601,1,501,2,1
2023HU0802601,2,501,2,1
2023HU0802698,1,408,1,1
2023HU0802698,2,408,1,1
2023HU0803131,1,352,2,1
2023HU0803131,2,352,2,1
2023HU0803131,3,352,2,1
2023HU0803131,4,352,2,1
2023HU0803276,1,351,2,1
2023HU0803276,2,351,2,1
2023HU0803294,1,59,1,1
2023HU0803294,2,256,1,1
2023HU0803294,3,59,1,1
2023HU0803294,4,59,1,1
2023HU0803294,5,59,1,1
2023HU0803405,1,275,2,1
2023HU0803405,2,275,2,1
2023HU0803562,1,501,1,1
2023HU0803562,2,501,1,1
2023HU0803562,3,501,1,1
2023HU0803562,4,501,1,1
2023HU0803562,5,501,1,1
2023HU0803562,6,501,1,1
2023HU0803562,7,501,1,1
2023HU0803655,1,249,2,1
2023HU0803655,2,249,2,1
2023HU0804041,1,212,2,1
2023HU0804041,2,212,2,1
2023HU0804043,1,165,2,1
2023HU0804150,1,326,1,1
2023HU0804150,2,326,1,1
2023HU0804150,3,326,1,1
2023HU0804150,4,326,1,1
2023HU0804150,5,326,1,1
2023HU0804249,1,487,3,1
2023HU0804249,2,487,3,1
2023HU0804249,3,487,3,1
2023HU0804249,4,487,3,1
2023HU0804249,5,487,3,1
2023HU0804249,6,487,3,1
2023HU0804445,1,232,2,1
2023HU0804445,2,0,2,1
2023HU0804514,1,159,3,1
2023HU0804514,2,159,3,1
2023HU0804514,3,159,3,1
2023HU0804514,4,159,3,1
2023HU0804769,1,501,1,1
2023HU0804769,2,501,1,1
2023HU0804769,3,501,1,1
2023HU0804769,4,501,1,1
2023HU0804874,1,352,2,1
2023HU0804874,2,352,2,1
2023HU0804877,1,131,1,1
2023HU0804877,2,0,1,1
2023HU0804877,3,0,1,1
2023HU0804896,1,501,3,1
2023HU0804949,1,83,2,1
2023HU0804949,2,501,2,1
2023HU0804949,3,204,2,1
2023HU0805136,1,501,1,1
2023HU0805136,2,501,1,1
2023HU0805605,1,501,1,1
2023HU0805605,2,501,1,1
2023HU0805605,3,501,1,1
2023HU0805667,1,194,3,1
2023HU0805667,2,194,3,1
2023HU0805681,1,335,1,1
2023HU0805681,2,335,1,1
2023HU0805681,3,335,1,1
2023HU0805681,4,335,1,1
2023HU0805906,1,394,3,1
2023HU0805906,2,394,3,1
2023HU0805986,1,501,2,1
2023HU0805986,2,501,2,1
2023HU0805986,3,501,2,1
2023HU0805986,4,501,2,1
2023HU0806453,1,365,2,1
2023HU0806627,1,51,1,1
2023HU0806627,2,78,1,1
2023HU0806654,1,457,2,1
2023HU0806654,2,457,2,1
2023HU0806654,3,457,2,1
2023HU0806654,4,457,2,1
2023HU0806654,5,457,2,1
2023HU0806654,6,457,2,1
2023HU0806661,1,325,3,1
2023HU0806661,2,325,3,1
2023HU0806661,3,325,3,1
2023HU0806661,4,325,3,1
2023HU0806935,1,501,3,1
2023HU0807027,1,340,3,1
2023HU0807027,2,340,3,1
2023HU0807027,3,340,3,1
2023HU0807027,4,152,3,1
2023HU0807163,1,75,2,1
2023HU0807194,1,251,3,1
2023HU0807194,2,251,3,1
2023HU0807269,1,270,1,1
2023HU0807269,2,270,1,1
2023HU0807269,3,270,1,1
2023HU0807375,1,262,1,1
2023HU0807375,2,262,1,1
2023HU0807375,3,262,1,1
2023HU0807393,1,308,2,1
2023HU0807393,2,308,2,1
2023HU0807400,1,501,2,1
2023HU0807400,2,501,2,1
2023HU0807698,1,273,3,1
2023HU0807698,2,273,3,1
2023HU0807698,3,273,3,1
2023HU0807745,1,501,1,1
2023HU0807745,2,501,1,1
2023HU0807745,3,501,1,1
2023HU0807745,4,501,1,1
2023HU0807864,1,148,2,1
2023HU0807864,2,148,2,1
2023HU0807972,1,78,2,1
2023HU0808075,1,141,3,1
2023HU0808075,2,141,3,1
2023HU0808075,3,141,3,1
2023HU0808146,1,329,3,1
2023HU0808146,2,329,3,1
2023HU0808146,3,329,3,1
2023HU0808164,1,269,3,1
2023HU0808467,1,501,3,1
2023HU0808670,1,501,1,1
2023HU0808670,2,501,1,1
2023HU0808670,3,501,1,1
2023HU0808670,4,501,1,1
2023HU0808670,5,501,1,1
2023HU0808672,1,256,3,1
2023HU0808672,2,256,3,1
2023HU0808672,3,256,3,1
2023HU0808672,4,256,3,1
2023HU0808672,5,256,3,1
2023HU0808796,1,501,3,1
2023HU0808796,2,501,3,1
2023HU0809147,1,501,1,1
2023HU0809147,2,501,1,1
2023HU0809147,3,501,1,1
2023HU0809147,4,501,1,1
2023HU0809147,5,501,1,1
2023HU0809147,6,501,1,1
2023HU0809187,1,142,3,1
2023HU0809187,2,142,3,1
2023HU0809187,3,142,3,1
2023HU0809187,4,142,3,1
2023HU0809202,1,150,1,1
2023HU0809202,2,150,1,1
2023HU0809202,3,150,1,1
2023HU0809202,4,150,1,1
2023HU0809202,5,150,1,1
2023HU0809325,1,219,3,1
2023HU0809325,2,219,3,1
2023HU0809325,3,219,3,1
2023HU0809325,4,219,3,1
2023HU0809325,5,219,3,1
2023HU0809365,1,501,1,1
2023HU0809365,2,110,1,1
2023HU0809365,3,501,1,1
2023HU0809365,4,501,1,1
2023HU0809371,1,501,2,1
2023HU0809371,2,501,2,1
2023HU0809888,1,76,3,1
2023HU0810188,1,127,2,1
2023HU0810237,1,411,1,1
2023HU0810237,2,411,1,1
2023HU0810237,3,317,1,1
2023HU0810525,1,501,1,1
2023HU0810525,2,501,1,1
2023HU0810525,3,501,1,1
2023HU0810609,1,0,3,1
2023HU0810609,2,0,3,1
2023HU0810834,1,190,2,1
2023HU0810834,2,190,2,1
2023HU0810903,1,62,3,1
2023HU0810903,2,62,3,1
2023HU0811036,1,459,3,1
2023HU0811036,2,361,3,1
2023HU0811127,1,78,2,1
2023HU0811243,1,356,3,1
2023HU0811243,2,356,3,1
2023HU0811309,1,397,2,1
2023HU0811309,2,397,2,1
2023HU0811309,3,397,2,1
2023HU0811445,1,273,3,1
2023HU0811445,2,273,3,1
2023HU0811681,1,501,1,1
2023HU0811681,2,501,1,1
2023HU0811681,3,501,1,1
2023HU0811681,4,501,1,1
2023HU0811712,1,194,2,1
2023HU0811712,2,194,2,1
2023HU0811712,3,194,2,1
2023HU0811712,4,194,2,1
2023HU0811782,1,163,3,1
2023HU0811854,1,88,2,1
2023HU0811854,2,88,2,1
2023HU0811954,1,501,1,1
2023HU0811954,2,501,1,1
2023HU0812017,1,501,2,1
2023HU0812017,2,501,2,1
2023HU0812072,1,501,3,1
2023HU0812303,1,501,1,1
2023HU0812303,2,501,1,1
2023HU0812303,3,501,1,1
2023HU0812303,4,501,1,1
2023HU0812303,5,501,1,1
2023HU0812351,1,338,1,1
2023HU0812351,2,37,1,1
2023HU0812351,3,338,1,1
2023HU0812351,4,338,1,1
2023HU0812351,5,338,1,1
2023HU0812425,1,501,2,1
2023HU0812425,2,501,2,1
2023HU0812524,1,318,1,1
2023HU0812524,2,318,1,1
2023HU0812524,3,318,1,1
2023HU0812524,4,318,1,1
2023HU0812524,5,318,1,1
2023HU0812524,6,318,1,1
2023HU0812666,1,195,1,1
2023HU0812666,2,195,1,1
2023HU0812666,3,195,1,1
2023HU0812811,1,501,3,1
2023HU0812811,2,501,3,1
2023HU0812986,1,303,2,1
2023HU0812994,1,246,2,1
2023HU0812994,2,246,2,1
2023HU0813017,1,169,3,1
2023HU0813017,2,169,3,1
2023HU0813017,3,169,3,1
2023HU0813017,4,169,3,1
2023HU0813017,5,169,3,1
2023HU0813017,6,169,3,1
2023HU0813147,1,0,2,1
2023HU0813147,2,0,2,1
2023HU0813147,3,0,2,1
2023HU0813147,4,190,2,1
2023HU0813147,5,0,2,1
2023HU0813147,6,,2,1
2023HU0813451,1,316,2,1
2023HU0813693,1,352,2,1
2023HU0813693,2,352,2,1
2023HU0813693,3,352,2,1
2023HU0813693,4,352,2,1
2023HU0813693,5,352,2,1
2023HU0814044,1,186,2,1
2023HU0814113,1,294,3,1
2023HU0814113,2,490,3,1
2023HU0814342,1,501,1,1
2023HU0814367,1,28,3,1
2023HU0814367,2,28,3,1
2023HU0814451,1,0,2,1
2023HU0814929,1,501,1,1
2023HU0815350,1,430,2,1
2023HU0815350,2,430,2,1
2023HU0815498,1,190,3,1
2023HU0815824,1,501,2,1
2023HU0815824,2,501,2,1
2023HU0815824,3,501,2,1
2023HU0815824,4,501,2,1
2023HU0815824,5,501,2,1
2023HU0815824,6,501,2,1
2023HU0815930,1,209,2,1
2023HU0815930,2,209,2,1
2023HU0815930,3,209,2,1
2023HU0816501,1,274,1,1
2023HU0816501,2,274,1,1
2023HU0816501,3,274,1,1
2023HU0816501,4,274,1,1
2023HU0816501,5,274,1,1
2023HU0816501,6,274,1,1
2023HU0816501,7,274,1,1
2023HU0816501,8,274,1,1
2023HU0816501,9,274,1,1
2023HU0816501,10,274,1,1
2023HU0816501,11,89,1,1
2023HU0816663,1,88,2,1
2023HU0816663,2,88,2,1
2023HU0816785,1,501,3,1
2023HU0816885,1,427,3,1
2023HU0816885,2,427,3,1
2023HU0817219,1,147,3,1
2023HU0817219,2,98,3,1
2023HU0817356,1,180,2,1
2023HU0817356,2,180,2,1
2023HU0817356,3,180,2,1
2023HU0817356,4,180,2,1
2023HU0817356,5,180,2,1
2023HU0817512,1,177,3,1
2023HU0817657,1,501,1,1
2023HU0817657,2,501,1,1
2023HU0817657,3,501,1,1
2023HU0817657,4,501,1,1
2023HU0817657,5,501,1,1
2023HU0817663,1,380,3,1
2023HU0817663,2,380,3,1
2023HU0817663,3,380,3,1
2023HU0817711,1,501,2,1
2023HU0817711,2,501,2,1
2023HU0817711,3,501,2,1
2023HU0818311,1,477,3,1
2023HU0818311,2,477,3,1
2023HU0818367,1,501,1,1
2023HU0818485,1,501,1,1
2023HU0818485,2,501,1,1
2023HU0818485,3,501,1,1
2023HU0818485,4,501,1,1
2023HU0818485,5,501,1,1
2023HU0818600,1,158,3,1
2023HU0818600,2,153,3,1
2023HU0818600,3,158,3,1
2023HU0818686,1,140,4,1
2023HU0818686,2,140,4,1
2023HU0818686,3,140,4,1
2023HU0818686,4,181,4,1
2023HU0818715,1,501,1,1
2023HU0818715,2,312,1,1
2023HU0818733,1,450,1,1
2023HU0818733,2,450,1,1
2023HU0818851,1,332,1,1
2023HU0818851,2,332,1,1
2023HU0818851,3,332,1,1
2023HU0818851,4,332,1,1
2023HU0819375,1,375,1,1
2023HU0819375,2,375,1,1
2023HU0819375,3,375,1,1
2023HU0819375,4,375,1,1
2023HU0819658,1,501,1,1
2023HU0819658,2,501,1,1
2023HU0819658,3,501,1,1
2023HU0819705,1,177,2,1
2023HU0819705,2,138,2,1
2023HU0819705,3,177,2,1
2023HU0819705,4,177,2,1
2023HU0819709,1,501,1,1
2023HU0819709,2,501,1,1
2023HU0819711,1,501,1,1
2023HU0819711,2,501,1,1
2023HU0819711,3,501,1,1
2023HU0819816,1,501,2,1
2023HU0819816,2,501,2,1
2023HU0820088,1,417,1,1
2023HU0820088,2,417,1,1
2023HU0820088,3,417,1,1
2023HU0820088,4,417,1,1
2023HU0820088,5,417,1,1
2023HU0820179,1,501,2,1
2023HU0820179,2,501,2,1
2023HU0820436,1,501,1,1
2023HU0820589,1,264,3,1
2023HU0820589,2,264,3,1
2023HU0820589,3,264,3,1
2023HU0820646,1,385,1,1
2023HU0820646,2,385,1,1
2023HU0820646,3,385,1,1
2023HU0820683,1,346,2,1
2023HU0820683,2,346,2,1
2023HU0820683,3,346,2,1
2023HU0820699,1,119,2,1
2023HU0820699,2,119,2,1
2023HU0820704,1,384,1,1
2023HU0820783,1,201,3,1
2023HU0820783,2,201,3,1
2023HU0820783,3,201,3,1
2023HU0820855,1,280,2,1
2023HU0821255,1,460,1,1
2023HU0821255,2,460,1,1
2023HU0821255,3,460,1,1
2023HU0821331,1,95,3,1
2023HU0821464,1,422,3,1
2023HU0821464,2,442,3,1
2023HU0821968,1,111,1,1
2023HU0821968,2,111,1,1
2023HU0821968,3,111,1,1
2023HU0821992,1,253,3,1
2023HU0821992,2,253,3,1
2023HU0821992,3,253,3,1
2023HU0821992,4,253,3,1
2023HU0821992,5,253,3,1
2023HU0822000,1,501,1,1
2023HU0822008,1,180,3,1
2023HU0822037,1,0,3,1
2023HU0822037,2,0,3,1
2023HU0822037,3,0,3,1
2023HU0822037,4,0,3,1
2023HU0822161,1,501,2,1
2023HU0822161,2,501,2,1
2023HU0822184,1,176,3,1
2023HU0822355,1,137,2,1
2023HU0822397,1,501,3,1
2023HU0822397,2,501,3,1
2023HU0822402,1,457,2,1
2023HU0822402,2,457,2,1
2023HU0822402,3,457,2,1
2023HU0822402,4,457,2,1
2023HU0822402,5,457,2,1
2023HU0822402,6,457,2,1
2023HU0822402,7,457,2,1
2023HU0822402,8,457,2,1
2023HU0822402,9,457,2,1
2023HU0822402,10,457,2,1
2023HU0822402,11,457,2,1
2023HU0822402,12,457,2,1
2023HU0822402,13,318,2,1
2023HU0822402,14,50,2,1
2023HU0822615,1,501,2,1
2023HU0822615,2,501,2,1
2023HU0822615,3,501,2,1
2023HU0822615,4,308,2,1
2023HU0822766,1,160,1,1
2023HU0822766,2,160,1,1
2023HU0822770,1,113,2,1
2023HU0822770,2,113,2,1
2023HU0822923,1,161,1,1
2023HU0822923,2,161,1,1
2023HU0822923,3,161,1,1
2023HU0822923,4,161,1,1
2023HU0823007,1,160,3,1
2023HU0823007,2,187,3,1
2023HU0823007,3,160,3,1
2023HU0823007,4,160,3,1
2023HU0823171,1,90,3,1
2023HU0823195,1,273,2,1
2023HU0823195,2,273,2,1
2023HU0823195,3,273,2,1
2023HU0823195,4,273,2,1
2023HU0823679,1,436,3,1
2023HU0823679,2,436,3,1
2023HU0823763,1,501,2,1
2023HU0823763,2,501,2,1
2023HU0823763,3,501,2,1
2023HU0823823,1,307,3,1
2023HU0823951,1,501,1,1
2023HU0823951,2,194,1,1
2023HU0823951,3,501,1,1
2023HU0824387,1,501,2,1
2023HU0824387,2,501,2,1
2023HU0824556,1,412,3,1
2023HU0824556,2,412,3,1
2023HU0824556,3,412,3,1
2023HU0824556,4,0,3,1
2023HU0824623,1,501,2,1
2023HU0824623,2,501,2,1
2023HU0824623,3,501,2,1
2023HU0824623,4,501,2,1
2023HU0824636,1,346,2,1
2023HU0824636,2,87,2,1
2023HU0824650,1,88,3,1
2023HU0824650,2,88,3,1
2023HU0824805,1,382,3,1
2023HU0824805,2,382,3,1
2023HU0824805,3,382,3,1
2023HU0824912,1,501,2,1
2023HU0824912,2,501,2,1
2023HU0825688,1,140,1,1
2023HU0825688,2,140,1,1
2023HU0825688,3,140,1,1
2023HU0825733,1,501,1,1
2023HU0825782,1,195,3,1
2023HU0825853,1,501,2,1
2023HU0825853,2,501,2,1
2023HU0825913,1,501,3,1
2023HU0825913,2,501,3,1
2023HU0826013,1,501,2,1
2023HU0826045,1,372,1,1
2023HU0826045,2,372,1,1
2023HU0826371,1,375,2,1
2023HU0826413,1,0,3,1
2023HU0826417,1,311,2,1
2023HU0826417,2,311,2,1
2023HU0826417,3,311,2,1
2023HU0826563,1,220,1,1
2023HU0826563,2,220,1,1
2023HU0826563,3,220,1,1
2023HU0826563,4,220,1,1
2023HU0827207,1,501,2,1
2023HU0827207,2,501,2,1
2023HU0827241,1,371,3,1
2023HU0827241,2,371,3,1
2023HU0827440,1,66,3,1
2023HU0827440,2,66,3,1
2023HU0827440,3,66,3,1
2023HU0827440,4,66,3,1
2023HU0827543,1,40,3,1
2023HU0827543,2,172,3,1
2023HU0827543,3,40,3,1
2023HU0827566,1,501,2,1
2023HU0827566,2,501,2,1
2023HU0827770,1,501,3,1
2023HU0827996,1,322,3,1
2023HU0827996,2,322,3,1
2023HU0827996,3,322,3,1
2023HU0827996,4,322,3,1
2023HU0828103,1,501,1,1
2023HU0828103,2,501,1,1
2023HU0828209,1,501,2,1
2023HU0828209,2,501,2,1
2023HU0828220,1,54,2,1
2023HU0828220,2,54,2,1
2023HU0828220,3,126,2,1
2023HU0828970,1,246,2,1
2023HU0828991,1,501,1,1
2023HU0828991,2,501,1,1
2023HU0828991,3,501,1,1
2023HU0828991,4,501,1,1
2023HU0828997,1,90,2,1
2023HU0829103,1,501,1,1
2023HU0829103,2,501,1,1
2023HU0829216,1,476,1,1
2023HU0829216,2,476,1,1
2023HU0829216,3,476,1,1
2023HU0829216,4,476,1,1
2023HU0829392,1,251,3,1
2023HU0829392,2,251,3,1
2023HU0829392,3,251,3,1
2023HU0829392,4,251,3,1
2023HU0829392,5,251,3,1
2023HU0829492,1,501,3,1
2023HU0829492,2,501,3,1
2023HU0829492,3,501,3,1
2023HU0829492,4,501,3,1
2023HU0829652,1,501,1,1
2023HU0829652,2,501,1,1
2023HU0829652,3,501,1,1
2023HU0829783,1,501,2,1
2023HU0829783,2,501,2,1
2023HU0829892,1,75,3,1
2023HU0829892,2,75,3,1
2023HU0829892,3,75,3,1
2023HU0829990,1,113,1,1
2023HU0829990,2,113,1,1
2023HU0830232,1,352,1,1
2023HU0830232,2,352,1,1
2023HU0830232,3,352,1,1
2023HU0830232,4,352,1,1
2023HU0830347,1,102,3,1
2023HU0830442,1,501,3,1
2023HU0830557,1,135,3,1
2023HU0830557,2,135,3,1
2023HU0830557,3,135,3,1
2023HU0830557,4,135,3,1
2023HU0830800,1,501,1,1
2023HU0830800,2,501,1,1
2023HU0830800,3,501,1,1
2023HU0830800,4,501,1,1
2023HU0830814,1,217,3,1
2023HU0830814,2,217,3,1
2023HU0830814,3,217,3,1
2023HU0830814,4,217,3,1
2023HU0830814,5,217,3,1
2023HU0830814,6,217,3,1
2023HU0830956,1,501,1,1
2023HU0830956,2,501,1,1
2023HU0830956,3,501,1,1
2023HU0830956,4,501,1,1
2023HU0830956,5,501,1,1
2023HU0830956,6,253,1,1
2023HU0831097,1,501,3,1
2023HU0831098,1,501,2,1
2023HU0831098,2,501,2,1
2023HU0831098,3,501,2,1
2023HU0831245,1,197,1,1
2023HU0831245,2,197,1,1
2023HU0831430,1,157,3,1
2023HU0831430,2,157,3,1
2023HU0831892,1,46,4,1
2023HU0831892,2,46,4,1
2023HU0831892,3,46,4,1
2023HU0831988,1,371,3,1
2023HU0832059,1,345,2,1
2023HU0832059,2,345,2,1
2023HU0832059,3,345,2,1
2023HU0832059,4,345,2,1
2023HU0832059,5,345,2,1
2023HU0832059,6,345,2,1
2023HU0832059,7,345,2,1
2023HU0832059,8,345,2,1
2023HU0832059,9,345,2,1
2023HU0832059,10,345,2,1
2023HU0832059,11,345,2,1
2023HU0832059,12,345,2,1
2023HU0832059,13,345,2,1
2023HU0832059,14,345,2,1
2023HU0832059,15,345,2,1
2023HU0832096,1,501,2,1
2023HU0832096,2,501,2,1
2023HU0832096,3,501,2,1
2023HU0832305,1,501,1,1
2023HU0832478,1,446,2,1
2023HU0832478,2,446,2,1
2023HU0832594,1,174,3,1
2023HU0832594,2,174,3,1
2023HU0832668,1,501,1,1
2023HU0832668,2,237,1,1
2023HU0832800,1,137,1,1
2023HU0832800,2,137,1,1
2023HU0832904,1,501,2,1
2023HU0832904,2,501,2,1
2023HU0832904,3,501,2,1
2023HU0832938,1,301,2,1
2023HU0832938,2,301,2,1
2023HU0832946,1,501,1,1
2023HU0832946,2,501,1,1
2023HU0832946,3,501,1,1
2023HU0833078,1,501,3,1
2023HU0833078,2,501,3,1
2023HU0833078,3,501,3,1
2023HU0833152,1,168,3,1
2023HU0833152,2,168,3,1
2023HU0833212,1,154,3,1
2023HU0833378,1,229,3,1
2023HU0833378,2,328,3,1
2023HU0833595,1,327,1,1
2023HU0833652,1,236,2,1
2023HU0833652,2,236,2,1
2023HU0833652,3,236,2,1
2023HU0833652,4,236,2,1
2023HU0833701,1,501,2,1
2023HU0833701,2,501,2,1
2023HU0833701,3,501,2,1
2023HU0833701,4,501,2,1
2023HU0833703,1,501,1,1
2023HU0833807,1,21,4,1
2023HU0833883,1,195,2,1
2023HU0833883,2,195,2,1
2023HU0833945,1,145,3,1
2023HU0833945,2,145,3,1
2023HU0833945,3,145,3,1
2023HU0834070,1,501,3,1
2023HU0834070,2,501,3,1
2023HU0834070,3,501,3,1
2023HU0834300,1,227,3,1
2023HU0834300,2,58,3,1
2023HU0834300,3,227,3,1
2023HU0834300,4,227,3,1
2023HU0834436,1,27,2,1
2023HU0834517,1,0,3,1
2023HU0834517,2,0,3,1
2023HU0834517,3,0,3,1
2023HU0834533,1,96,1,1
2023HU0834533,2,96,1,1
2023HU0834533,3,96,1,1
2023HU0834727,1,501,1,1
2023HU0834727,2,501,1,1
2023HU0834956,1,501,2,1
2023HU0835207,1,253,1,1
2023HU0835371,1,468,3,1
2023HU0835371,2,221,3,1
2023HU0835371,3,94,3,1
2023HU0835466,1,114,1,1
2023HU0835519,1,54,3,1
2023HU0835519,2,0,3,1
2023HU0835519,3,54,3,1
2023HU0835635,1,91,3,1
2023HU0835820,1,67,2,1
2023HU0835853,1,76,3,1
2023HU0835984,1,381,3,1
2023HU0835984,2,374,3,1
2023HU0835984,3,381,3,1
2023HU0836324,1,484,1,1
2023HU0836324,2,484,1,1
2023HU0836461,1,501,1,1
2023HU0836461,2,501,1,1
2023HU0836538,1,332,3,1
2023HU0837107,1,395,2,1
2023HU0837107,2,395,2,1
2023HU0837107,3,395,2,1
2023HU0837107,4,395,2,1
2023HU0837107,5,395,2,1
2023HU0837107,6,395,2,1
2023HU0837107,7,395,2,1
2023HU0837271,1,335,2,1
2023HU0837271,2,335,2,1
2023HU0837271,3,335,2,1
2023HU0837271,4,335,2,1
2023HU0837399,1,501,1,1
2023HU0837399,2,501,1,1
2023HU0837450,1,148,3,1
2023HU0837458,1,275,2,1
2023HU0837458,2,275,2,1
2023HU0837458,3,275,2,1
2023HU0837458,4,275,2,1
2023HU0837526,1,0,1,1
2023HU0837710,1,274,3,1
2023HU0837710,2,0,3,1
2023HU0837710,3,274,3,1
2023HU0837710,4,274,3,1
2023HU0837753,1,148,3,1
2023HU0837753,2,148,3,1
2023HU0837805,1,501,1,1
2023HU0837805,2,501,1,1
2023HU0837805,3,501,1,1
2023HU0837882,1,209,2,1
2023HU0837882,2,209,2,1
2023HU0837882,3,209,2,1
2023HU0837882,4,209,2,1
2023HU0837954,1,251,1,1
2023HU0837954,2,251,1,1
2023HU0837998,1,127,2,1
2023HU0838088,1,501,3,1
2023HU0838088,2,501,3,1
2023HU0838088,3,501,3,1
2023HU0838096,1,224,3,1
2023HU0838096,2,224,3,1
2023HU0838138,1,429,3,1
2023HU0838138,2,429,3,1
2023HU0838275,1,501,1,1
2023HU0838275,2,501,1,1
2023HU0838321,1,501,1,1
2023HU0838321,2,501,1,1
2023HU0838418,1,293,3,1
2023HU0838418,2,293,3,1
2023HU0838483,1,501,1,1
2023HU0838483,2,501,1,1
2023HU0838483,3,501,1,1
2023HU0838483,4,501,1,1
2023HU0838515,1,501,3,1
2023HU0838515,2,0,3,1
2023HU0838515,3,501,3,1
2023HU0838840,1,501,1,1
2023HU0838840,2,501,1,1
2023HU0838840,3,501,1,1
2023HU0838840,4,501,1,1
2023HU0838859,1,138,2,1
2023HU0838859,2,138,2,1
2023HU0838891,1,227,3,1
2023HU0838891,2,227,3,1
2023HU0838891,3,227,3,1
2023HU0839236,1,112,2,1
2023HU0839236,2,112,2,1
2023HU0839287,1,501,2,1
2023HU0839508,1,501,2,1
2023HU0839508,2,501,2,1
2023HU0839591,1,41,1,1
2023HU0839655,1,158,3,1
2023HU0839655,2,501,3,1
2023HU0839655,3,158,3,1
2023HU0839655,4,158,3,1
2023HU0839655,5,158,3,1
2023HU0839655,6,158,3,1
2023HU0840338,1,292,3,1
2023HU0840444,1,501,1,1
2023HU0840444,2,501,1,1
2023HU0840510,1,501,2,1
2023HU0840510,2,501,2,1
2023HU0840550,1,210,1,1
2023HU0840550,2,210,1,1
2023HU0840675,1,501,1,1
2023HU0840675,2,501,1,1
2023HU0840675,3,,1,1
2023HU0840835,1,172,2,1
2023HU0840872,1,273,1,1
2023HU0840872,2,273,1,1
2023HU0840872,3,273,1,1
2023HU0840875,1,501,3,1
2023HU0840875,2,501,3,1
2023HU0841082,1,370,3,1
2023HU0841082,2,370,3,1
2023HU0841082,3,370,3,1
2023HU0841269,1,101,2,1
2023HU0841269,2,101,2,1
2023HU0841269,3,0,2,1
2023HU0841292,1,501,3,1
2023HU0841292,2,501,3,1
2023HU0841327,1,501,2,1
2023HU0841327,2,501,2,1
2023HU0841327,3,501,2,1
2023HU0841390,1,417,3,1
2023HU0841390,2,417,3,1
2023HU0841390,3,417,3,1
2023HU0841390,4,417,3,1
2023HU0841574,1,501,1,1
2023HU0841574,2,501,1,1
2023HU0841574,3,501,1,1
2023HU0841677,1,501,2,1
2023HU0841677,2,0,2,1
2023HU0841716,1,459,2,1
2023HU0841716,2,459,2,1
2023HU0841873,1,101,3,1
2023HU0841873,2,101,3,1
2023HU0841889,1,329,1,1
2023HU0841889,2,329,1,1
2023HU0841933,1,501,1,1
2023HU0841933,2,501,1,1
2023HU0842066,1,501,1,1
2023HU0842066,2,501,1,1
2023HU0842066,3,501,1,1
2023HU0842066,4,501,1,1
2023HU0842066,5,501,1,1
2023HU0842124,1,126,3,1
2023HU0842242,1,99,3,1
2023HU0842242,2,99,3,1
2023HU0842561,1,501,3,1
2023HU0842561,2,501,3,1
2023HU0842581,1,501,2,1
2023HU0842581,2,501,2,1
2023HU0842581,3,501,2,1
2023HU0842815,1,129,2,1
2023HU0842815,2,129,2,1
2023HU0842961,1,501,3,1
2023HU0842961,2,501,3,1
2023HU0842961,3,501,3,1
2023HU0843402,1,189,3,1
2023HU0843402,2,189,3,1
2023HU0843542,1,155,4,1
2023HU0843542,2,155,4,1
2023HU0843557,1,68,1,1
2023HU0843865,1,491,2,1
2023HU0844011,1,501,2,1
2023HU0844408,1,357,1,1
2023HU0844408,2,357,1,1
2023HU0844408,3,357,1,1
2023HU0844408,4,357,1,1
2023HU0844408,5,357,1,1
2023HU0844599,1,185,1,1
2023HU0844599,2,185,1,1
2023HU0844599,3,185,1,1
2023HU0844599,4,185,1,1
2023HU0844599,5,11,1,1
2023HU0844705,1,501,1,1
2023HU0844705,2,501,1,1
2023HU0844705,3,501,1,1
2023HU0844705,4,501,1,1
2023HU0844705,5,501,1,1
2023HU0844705,6,501,1,1
2023HU0844705,7,501,1,1
2023HU0844705,8,501,1,1
2023HU0844973,1,148,3,1
2023HU0844973,2,148,3,1
2023HU0844973,3,148,3,1
2023HU0844973,4,148,3,1
2023HU0845401,1,428,3,1
2023HU0845401,2,428,3,1
2023HU0845401,3,428,3,1
2023HU0845401,4,428,3,1
2023HU0845411,1,34,1,1
2023HU0845467,1,290,2,1
2023HU0845467,2,290,2,1
2023HU0845478,1,133,4,1
2023HU0845478,2,133,4,1
2023HU0845478,3,133,4,1
2023HU0845478,4,133,4,1
2023HU0845542,1,436,2,1
2023HU0845542,2,436,2,1
2023HU0845674,1,75,2,1
2023HU0845841,1,282,3,1
2023HU0845841,2,186,3,1
2023HU0845841,3,282,3,1
2023HU0845841,4,282,3,1
2023HU0845841,5,282,3,1
2023HU0845841,6,16,3,1
2023HU0845841,7,87,3,1
2023HU0845942,1,124,1,1
2023HU0845942,2,1,1,1
2023HU0845942,3,124,1,1
2023HU0845942,4,124,1,1
2023HU0845998,1,498,3,1
2023HU0845998,2,498,3,1
2023HU0846081,1,355,1,1
2023HU0846081,2,355,1,1
2023HU0846081,3,355,1,1
2023HU0846081,4,355,1,1
2023HU0846476,1,107,2,1
2023HU0846476,2,107,2,1
2023HU0846536,1,354,1,1
2023HU0846536,2,354,1,1
2023HU0846536,3,354,1,1
2023HU0846542,1,325,1,1
2023HU0846542,2,325,1,1
2023HU0846571,1,501,1,1
2023HU0846779,1,490,4,1
2023HU0846779,2,490,4,1
2023HU0846779,3,490,4,1
2023HU0846779,4,490,4,1
2023HU0847000,1,60,1,1
2023HU0847000,2,60,1,1
2023HU0847158,1,86,3,1
2023HU0847158,2,194,3,1
2023HU0847158,3,86,3,1
2023HU0847158,4,86,3,1
2023HU0847158,5,86,3,1
2023HU0847158,6,86,3,1
2023HU0847319,1,160,2,1
2023HU0847319,2,160,2,1
2023HU0847319,3,160,2,1
2023HU0847319,4,160,2,1
2023HU0847398,1,429,1,1
2023HU0847398,2,429,1,1
2023HU0847398,3,429,1,1
2023HU0847398,4,447,1,1
2023HU0847479,1,501,3,1
2023HU0848018,1,225,1,1
2023HU0848018,2,225,1,1
2023HU0848018,3,225,1,1
2023HU0848018,4,501,1,1
2023HU0848127,1,288,3,1
2023HU0848127,2,288,3,1
2023HU0848127,3,288,3,1
2023HU0848272,1,450,1,1
2023HU0848272,2,450,1,1
2023HU0848367,1,215,2,1
2023HU0848367,2,215,2,1
2023HU0848367,3,215,2,1
2023HU0848513,1,212,3,1
2023HU0848513,2,212,3,1
2023HU0848513,3,212,3,1
2023HU0848513,4,212,3,1
2023HU0848723,1,293,3,1
2023HU0848723,2,293,3,1
2023HU0848723,3,293,3,1
2023HU0848884,1,501,2,1
2023HU0848884,2,501,2,1
2023HU0848884,3,501,2,1
2023HU0849333,1,189,2,1
2023HU0849333,2,189,2,1
2023HU0849442,1,351,2,1
2023HU0849442,2,351,2,1
2023HU0849442,3,351,2,1
2023HU0850231,1,501,1,1
2023HU0850231,2,501,1,1
2023HU0850231,3,501,1,1
2023HU0850423,1,501,1,1
2023HU0850423,2,501,1,1
2023HU0850446,1,440,1,1
2023HU0850523,1,392,2,1
2023HU0850523,2,224,2,1
2023HU0850523,3,392,2,1
2023HU0850523,4,392,2,1
2023HU0850537,1,501,1,1
2023HU0850537,2,501,1,1
2023HU0850560,1,94,2,1
2023HU0850560,2,94,2,1
2023HU0850593,1,228,3,1
2023HU0850593,2,228,3,1
2023HU0850593,3,228,3,1
2023HU0850617,1,153,3,1
2023HU0850617,2,153,3,1
2023HU0850617,3,153,3,1
2023HU0850617,4,153,3,1
2023HU0850617,5,153,3,1
2023HU0850617,6,153,3,1
2023HU0850634,1,501,1,1
2023HU0850634,2,501,1,1
2023HU0850634,3,501,1,1
2023HU0851127,1,79,1,1
2023HU0851127,2,79,1,1
2023HU0851247,1,501,1,1
2023HU0851247,2,268,1,1
2023HU0851247,3,83,1,1
2023HU0851388,1,262,3,1
2023HU0851884,1,501,2,1
2023HU0851884,2,501,2,1
2023HU0851884,3,501,2,1
2023HU0851884,4,501,2,1
2023HU0851884,5,501,2,1
2023HU0851884,6,501,2,1
2023HU0852208,1,270,3,1
2023HU0852208,2,270,3,1
2023HU0852208,3,270,3,1
2023HU0852841,1,501,1,1
2023HU0852841,2,501,1,1
2023HU0853121,1,501,2,1
2023HU0853121,2,501,2,1
2023HU0853121,3,501,2,1
2023HU0853147,1,501,2,1
2023HU0853147,2,501,2,1
2023HU0853176,1,95,1,1
2023HU0853176,2,95,1,1
2023HU0853176,3,95,1,1
2023HU0853176,4,95,1,1
2023HU0853176,5,95,1,1
2023HU0853176,6,95,1,1
2023HU0853210,1,501,1,1
2023HU0853210,2,501,1,1
2023HU0853210,3,501,1,1
2023HU0853229,1,152,2,1
2023HU0853229,2,152,2,1
2023HU0853229,3,152,2,1
2023HU0853263,1,255,3,1
2023HU0853263,2,422,3,1
2023HU0853380,1,262,1,1
2023HU0853380,2,262,1,1
2023HU0853398,1,501,3,1
2023HU0853514,1,351,1,1
2023HU0853514,2,351,1,1
2023HU0853516,1,80,3,1
2023HU0853516,2,198,3,1
2023HU0853516,3,80,3,1
2023HU0853686,1,372,1,1
2023HU0853686,2,372,1,1
2023HU0853686,3,372,1,1
2023HU0854047,1,224,2,1
2023HU0854328,1,414,1,1
2023HU0854328,2,414,1,1
2023HU0854328,3,414,1,1
2023HU0854328,4,414,1,1
2023HU0854469,1,154,2,1
2023HU0854469,2,154,2,1
2023HU0854469,3,154,2,1
2023HU0854499,1,501,1,1
2023HU0854735,1,501,1,1
2023HU0854764,1,501,1,1
2023HU0854764,2,501,1,1
2023HU0855039,1,501,2,1
2023HU0855039,2,487,2,1
2023HU0855216,1,345,3,1
2023HU0855216,2,345,3,1
2023HU0855216,3,345,3,1
2023HU0855216,4,345,3,1
2023HU0855216,5,345,3,1
2023HU0855216,6,401,3,1
2023HU0855546,1,149,3,1
2023HU0856186,1,259,1,1
2023HU0856186,2,259,1,1
2023HU0856186,3,259,1,1
2023HU0856186,4,259,1,1
2023HU0856186,5,259,1,1
2023HU0856228,1,208,2,1
2023HU0856228,2,208,2,1
2023HU0856228,3,208,2,1
2023HU0856228,4,208,2,1
2023HU0856228,5,208,2,1
2023HU0856228,6,208,2,1
2023HU0856437,1,261,3,1
2023HU0856533,1,274,3,1
2023HU0856533,2,274,3,1
2023HU0856533,3,274,3,1
2023HU0856533,4,274,3,1
2023HU0856533,5,274,3,1
2023HU0856533,6,274,3,1
2023HU0856626,1,394,3,1
2023HU0856626,2,261,3,1
2023HU0856626,3,394,3,1
2023HU0856658,1,501,2,1
2023HU0856658,2,501,2,1
2023HU0856869,1,130,3,1
2023HU0856869,2,0,3,1
2023HU0856953,1,501,2,1
2023HU0856953,2,501,2,1
2023HU0856953,3,501,2,1
2023HU0856992,1,501,1,1
2023HU0856992,2,501,1,1
2023HU0857336,1,489,2,1
2023HU0857336,2,489,2,1
2023HU0857336,3,489,2,1
2023HU0857336,4,489,2,1
2023HU0857336,5,489,2,1
2023HU0857336,6,489,2,1
2023HU0857613,1,501,1,1
2023HU0857613,2,501,1,1
2023HU0857613,3,501,1,1
2023HU0857881,1,375,3,1
2023HU0858074,1,418,3,1
2023HU0858259,1,144,3,1
2023HU0858336,1,351,3,1
2023HU0858370,1,0,3,1
2023HU0858370,2,0,3,1
2023HU0858370,3,0,3,1
2023HU0858739,1,372,1,1
2023HU0858739,2,372,1,1
2023HU0858739,3,372,1,1
2023HU0858739,4,372,1,1
2023HU0858739,5,372,1,1
2023HU0858739,6,372,1,1
2023HU0858941,1,96,3,1
2023HU0858941,2,96,3,1
2023HU0858941,3,124,3,1
2023HU0859085,1,183,2,1
2023HU0859085,2,183,2,1
2023HU0859436,1,98,1,1
2023HU0859436,2,98,1,1
2023HU0859763,1,352,1,1
2023HU0859763,2,352,1,1
2023HU0859763,3,352,1,1
2023HU0859763,4,352,1,1
2023HU0859763,5,352,1,1
2023HU0859818,1,501,3,1
2023HU0859818,2,501,3,1
2023HU0859971,1,327,2,1
2023HU0859971,2,327,2,1
2023HU0859983,1,284,2,1
2023HU0859983,2,284,2,1
2023HU0860060,1,392,2,1
2023HU0860862,1,90,2,1
2023HU0861162,1,433,2,1
2023HU0861162,2,433,2,1
2023HU0861162,3,433,2,1
2023HU0861401,1,501,2,1
2023HU0861638,1,501,2,1
2023HU0861638,2,501,2,1
2023HU0861638,3,501,2,1
2023HU0861638,4,501,2,1
2023HU0861773,1,445,2,1
2023HU0861773,2,445,2,1
2023HU0861995,1,94,3,1
2023HU0861995,2,94,3,1
2023HU0862093,1,361,1,1
2023HU0862093,2,361,1,1
2023HU0862093,3,361,1,1
2023HU0862123,1,501,2,1
2023HU0862415,1,429,2,1
2023HU0862415,2,429,2,1
2023HU0862415,3,429,2,1
2023HU0862415,4,429,2,1
2023HU0862510,1,276,2,1
2023HU0862510,2,415,2,1
2023HU0863032,1,192,3,1
2023HU0863032,2,192,3,1
2023HU0863032,3,192,3,1
2023HU0863032,4,192,3,1
2023HU0863032,5,192,3,1
2023HU0863032,6,192,3,1
2023HU0863147,1,323,3,1
2023HU0863147,2,323,3,1
2023HU0863147,3,323,3,1
2023HU0863147,4,323,3,1
2023HU0863147,5,323,3,1
2023HU0863161,1,501,1,1
2023HU0863161,2,501,1,1
2023HU0863194,1,501,3,1
2023HU0863294,1,141,3,1
2023HU0863819,1,217,3,1
2023HU0863819,2,217,3,1
2023HU0863819,3,217,3,1
2023HU0863893,1,204,3,1
2023HU0863893,2,204,3,1
2023HU0863893,3,204,3,1
2023HU0863983,1,397,1,1
2023HU0863983,2,397,1,1
2023HU0864009,1,328,3,1
2023HU0864009,2,328,3,1
2023HU0864482,1,329,3,1
2023HU0864482,2,329,3,1
2023HU0864482,3,329,3,1
2023HU0864495,1,501,3,1
2023HU0864495,2,501,3,1
2023HU0864495,3,501,3,1
2023HU0864495,4,501,3,1
2023HU0864518,1,203,3,1
2023HU0864518,2,203,3,1
2023HU0864518,3,203,3,1
2023HU0864518,4,203,3,1
2023HU0864518,5,203,3,1
2023HU0864518,6,203,3,1
2023HU0864518,7,203,3,1
2023HU0864518,8,203,3,1
2023HU0864518,9,203,3,1
2023HU0864689,1,501,2,1
2023HU0864689,2,501,2,1
2023HU0864689,3,501,2,1
2023HU0864945,1,53,4,1
2023HU0864945,2,53,4,1
2023HU0864972,1,61,3,1
2023HU0864972,2,61,3,1
2023HU0864972,3,12,3,1
2023HU0865203,1,501,2,1
2023HU0865203,2,501,2,1
2023HU0865211,1,501,1,1
2023HU0865211,2,501,1,1
2023HU0865211,3,501,1,1
2023HU0865293,1,501,1,1
2023HU0865527,1,76,3,1
2023HU0865725,1,247,3,1
2023HU0865725,2,247,3,1
2023HU0865983,1,135,3,1
2023HU0865983,2,135,3,1
2023HU0865983,3,135,3,1
2023HU0865983,4,135,3,1
2023HU0865983,5,135,3,1
2023HU0865983,6,135,3,1
2023HU0866081,1,203,3,1
2023HU0866081,2,203,3,1
2023HU0866081,3,203,3,1
2023HU0866081,4,203,3,1
2023HU0866176,1,264,3,1
2023HU0866342,1,296,1,1
2023HU0866392,1,501,3,1
2023HU0866392,2,501,3,1
2023HU0866399,1,59,1,1
2023HU0866399,2,59,1,1
2023HU0866443,1,108,3,1
2023HU0866443,2,108,3,1
2023HU0866443,3,108,3,1
2023HU0866443,4,170,3,1
2023HU0866445,1,160,2,1
2023HU0866445,2,160,2,1
2023HU0866445,3,160,2,1
2023HU0866445,4,160,2,1
2023HU0866491,1,63,4,1
2023HU0866491,2,63,4,1
2023HU0866614,1,501,2,1
2023HU0866614,2,501,2,1
2023HU0866614,3,501,2,1
2023HU0866768,1,501,2,1
2023HU0866768,2,501,2,1
2023HU0866805,1,501,1,1
2023HU0866805,2,501,1,1
2023HU0867161,1,186,3,1
2023HU0867161,2,186,3,1
2023HU0867221,1,269,3,1
2023HU0867224,1,172,2,1
2023HU0867224,2,172,2,1
2023HU0867675,1,501,1,1
2023HU0867705,1,259,1,1
2023HU0867705,2,259,1,1
2023HU0867728,1,193,1,1
2023HU0867728,2,332,1,1
2023HU0867728,3,193,1,1
2023HU0867847,1,212,2,1
2023HU0867847,2,212,2,1
2023HU0867851,1,132,1,1
2023HU0867851,2,132,1,1
2023HU0867851,3,132,1,1
2023HU0867851,4,132,1,1
2023HU0867893,1,418,1,1
2023HU0867893,2,418,1,1
2023HU0867893,3,418,1,1
2023HU0867893,4,418,1,1
2023HU0867893,5,418,1,1
2023HU0867950,1,356,3,1
2023HU0868868,1,194,1,1
2023HU0868868,2,226,1,1
2023HU0868985,1,112,4,1
2023HU0868985,2,112,4,1
2023HU0869157,1,501,1,1
2023HU0869157,2,501,1,1
2023HU0869157,3,501,1,1
2023HU0869157,4,501,1,1
2023HU0869182,1,276,4,1
2023HU0869699,1,127,2,1
2023HU0869833,1,275,2,1
2023HU0869985,1,103,2,1
2023HU0869985,2,0,2,1
2023HU0870037,1,260,3,1
2023HU0870196,1,391,1,1
2023HU0870196,2,391,1,1
2023HU0870196,3,391,1,1
2023HU0870196,4,391,1,1
2023HU0870447,1,142,1,1
2023HU0870447,2,142,1,1
2023HU0870580,1,501,1,1
2023HU0870580,2,501,1,1
2023HU0870738,1,501,3,1
2023HU0870814,1,501,3,1
2023HU0870814,2,153,3,1
2023HU0870938,1,419,2,1
2023HU0870938,2,0,2,1
2023HU0871080,1,501,2,1
2023HU0871080,2,501,2,1
2023HU0871356,1,358,2,1
2023HU0871356,2,358,2,1
2023HU0871430,1,501,1,1
2023HU0871430,2,501,1,1
2023HU0871650,1,501,3,1
2023HU0871650,2,501,3,1
2023HU0871660,1,493,3,1
2023HU0871944,1,375,2,1
2023HU0871944,2,375,2,1
2023HU0872483,1,330,2,1
2023HU0872551,1,501,1,1
2023HU0872551,2,501,1,1
2023HU0872551,3,501,1,1
2023HU0872551,4,501,1,1
2023HU0872662,1,501,1,1
2023HU0872662,2,501,1,1
2023HU0872662,3,501,1,1
2023HU0872662,4,501,1,1
2023HU0872662,5,501,1,1
2023HU0872733,1,148,3,1
2023HU0872733,2,148,3,1
2023HU0872827,1,241,3,1
2023HU0872935,1,155,3,1
2023HU0872935,2,155,3,1
2023HU0872935,3,155,3,1
2023HU0872948,1,65,2,1
2023HU0872948,2,65,2,1
2023HU0873205,1,227,3,1
2023HU0873205,2,227,3,1
2023HU0873205,3,227,3,1
2023HU0873529,1,501,1,1
2023HU0873529,2,501,1,1
2023HU0873529,3,501,1,1
2023HU0873529,4,501,1,1
2023HU0873589,1,221,2,1
2023HU0873589,2,221,2,1
2023HU0873589,3,221,2,1
2023HU0873589,4,221,2,1
2023HU0873719,1,501,1,1
2023HU0873719,2,501,1,1
2023HU0873719,3,501,1,1
2023HU0873719,4,501,1,1
2023HU0873724,1,233,3,1
2023HU0873922,1,501,3,1
2023HU0873922,2,501,3,1
2023HU0873925,1,74,2,1
2023HU0873976,1,501,1,1
2023HU0873976,2,501,1,1
2023HU0873976,3,501,1,1
2023HU0873976,4,501,1,1
2023HU0873980,1,501,3,1
2023HU0873980,2,501,3,1
2023HU0873980,3,501,3,1
2023HU0874160,1,281,3,1
2023HU0874160,2,281,3,1
2023HU0874160,3,281,3,1
2023HU0874160,4,281,3,1
2023HU0874198,1,204,3,1
2023HU0874454,1,343,1,1
2023HU0874454,2,343,1,1
2023HU0874454,3,343,1,1
2023HU0874454,4,343,1,1
2023HU0874454,5,343,1,1
2023HU0874636,1,39,3,1
2023HU0874636,2,39,3,1
2023HU0874659,1,466,1,1
2023HU0874659,2,466,1,1
2023HU0874665,1,110,2,1
2023HU0874665,2,110,2,1
2023HU0874866,1,501,1,1
2023HU0875181,1,124,1,1
2023HU0875202,1,355,1,1
2023HU0875202,2,355,1,1
2023HU0875202,3,355,1,1
2023HU0875440,1,64,3,1
2023HU0875673,1,493,3,1
2023HU0875673,2,0,3,1
2023HU0875673,3,493,3,1
2023HU0875673,4,493,3,1
2023HU0875673,5,493,3,1
2023HU0875780,1,501,2,1
2023HU0875780,2,501,2,1
2023HU0875780,3,501,2,1
2023HU0875883,1,501,1,1
2023HU0875984,1,234,1,1
2023HU0875984,2,234,1,1
2023HU0876041,1,381,2,1
2023HU0876050,1,130,1,1
2023HU0876050,2,216,1,1
2023HU0876165,1,501,3,1
2023HU0876428,1,501,3,1
2023HU0876428,2,501,3,1
2023HU0876428,3,501,3,1
2023HU0876428,4,501,3,1
2023HU0876449,1,251,1,1
2023HU0876449,2,251,1,1
2023HU0876449,3,251,1,1
2023HU0876449,4,251,1,1
2023HU0876530,1,280,2,1
2023HU0876530,2,280,2,1
2023HU0876558,1,191,1,1
2023HU0876590,1,501,2,1
2023HU0876590,2,501,2,1
2023HU0876687,1,501,1,1
2023HU0876721,1,282,2,1
2023HU0876721,2,282,2,1
2023HU0876721,3,282,2,1
2023HU0876761,1,501,2,1
2023HU0876824,1,151,1,1
2023HU0876824,2,151,1,1
2023HU0876824,3,151,1,1
2023HU0876824,4,151,1,1
2023HU0877001,1,501,2,1
2023HU0877001,2,501,2,1
2023HU0877001,3,228,2,1
2023HU0877530,1,372,1,1
2023HU0877530,2,372,1,1
2023HU0877530,3,372,1,1
2023HU0877550,1,232,3,1
2023HU0877550,2,232,3,1
2023HU0877550,3,232,3,1
2023HU0877550,4,232,3,1
2023HU0877704,1,148,1,1
2023HU0877704,2,148,1,1
2023HU0877704,3,148,1,1
2023HU0878053,1,385,3,1
2023HU0878053,2,385,3,1
2023HU0878053,3,385,3,1
2023HU0878333,1,64,3,1
2023HU0878368,1,280,3,1
2023HU0878368,2,280,3,1
2023HU0878714,1,171,3,1
2023HU0878969,1,119,2,1
2023HU0878969,2,119,2,1
2023HU0879438,1,501,1,1
2023HU0879438,2,501,1,1
2023HU0879438,3,501,1,1
2023HU0879461,1,302,2,1
2023HU0879461,2,302,2,1
2023HU0879461,3,302,2,1
2023HU0879697,1,46,1,1
2023HU0879697,2,356,1,1
2023HU0879697,3,46,1,1
2023HU0879697,4,46,1,1
2023HU0879697,5,46,1,1
2023HU0879697,6,46,1,1
2023HU0879697,7,46,1,1
2023HU0879731,1,322,3,1
2023HU0879981,1,146,3,1
2023HU0879981,2,146,3,1
2023HU0880250,1,501,1,1
2023HU0880250,2,501,1,1
2023HU0880250,3,501,1,1
2023HU0880295,1,171,2,1
2023HU0880295,2,67,2,1
2023HU0880373,1,501,1,1
2023HU0880373,2,501,1,1
2023HU0880373,3,501,1,1
2023HU0880404,1,260,1,1
2023HU0880404,2,260,1,1
2023HU0880404,3,260,1,1
2023HU0880404,4,260,1,1
2023HU0880466,1,357,3,1
2023HU0880466,2,357,3,1
2023HU0880466,3,357,3,1
2023HU0880771,1,57,1,1
2023HU0880771,2,57,1,1
2023HU0880845,1,367,1,1
2023HU0880845,2,367,1,1
2023HU0880845,3,367,1,1
2023HU0880845,4,367,1,1
2023HU0880845,5,367,1,1
2023HU0880845,6,367,1,1
2023HU0880845,7,367,1,1
2023HU0881064,1,501,3,1
2023HU0881064,2,501,3,1
2023HU0881064,3,501,3,1
2023HU0881211,1,159,3,1
2023HU0881224,1,374,3,1
2023HU0881224,2,374,3,1
2023HU0881224,3,374,3,1
2023HU0881624,1,501,2,1
2023HU0881624,2,501,2,1
2023HU0881894,1,199,3,1
2023HU0881894,2,199,3,1
2023HU0881894,3,138,3,1
2023HU0881894,4,352,3,1
2023HU0882003,1,363,2,1
2023HU0882003,2,363,2,1
2023HU0882071,1,431,3,1
2023HU0882071,2,431,3,1
2023HU0882214,1,501,1,1
2023HU0882214,2,501,1,1
2023HU0882519,1,257,3,1
2023HU0882519,2,77,3,1
2023HU0882519,3,61,3,1
2023HU0882857,1,212,3,1
2023HU0883020,1,413,3,1
2023HU0883020,2,413,3,1
2023HU0883020,3,413,3,1
2023HU0883043,1,501,1,1
2023HU0883043,2,501,1,1
2023HU0883043,3,501,1,1
2023HU0883043,4,501,1,1
2023HU0883528,1,501,1,1
2023HU0883528,2,501,1,1
2023HU0883606,1,501,1,1
2023HU0883760,1,419,3,1
2023HU0883760,2,419,3,1
2023HU0883760,3,419,3,1
2023HU0883901,1,501,2,1
2023HU0883901,2,501,2,1
2023HU0883948,1,147,3,1
2023HU0883948,2,147,3,1
2023HU0883948,3,147,3,1
2023HU0883948,4,147,3,1
2023HU0884063,1,313,1,1
2023HU0884063,2,313,1,1
2023HU0884063,3,313,1,1
2023HU0884063,4,313,1,1
2023HU0884063,5,313,1,1
2023HU0884163,1,501,2,1
2023HU0884163,2,501,2,1
2023HU0884236,1,144,3,1
2023HU0884293,1,136,2,1
2023HU0884293,2,136,2,1
2023HU0884293,3,136,2,1
2023HU0884293,4,136,2,1
2023HU0884293,5,136,2,1
2023HU0884293,6,136,2,1
2023HU0884333,1,189,1,1
2023HU0884333,2,189,1,1
2023HU0884333,3,189,1,1
2023HU0884480,1,217,1,1
2023HU0884480,2,217,1,1
2023HU0884480,3,217,1,1
2023HU0884480,4,217,1,1
2023HU0884480,5,217,1,1
2023HU0884490,1,413,1,1
2023HU0884513,1,501,1,1
2023HU0884530,1,74,2,1
2023HU0884530,2,266,2,1
2023HU0884643,1,417,1,1
2023HU0884643,2,417,1,1
2023HU0884716,1,501,2,1
2023HU0884716,2,501,2,1
2023HU0884776,1,501,3,1
2023HU0884776,2,501,3,1
2023HU0884997,1,501,2,1
2023HU0884997,2,238,2,1
2023HU0884997,3,501,2,1
2023HU0885198,1,501,1,1
2023HU0885198,2,501,1,1
2023HU0885324,1,92,3,1
2023HU0885324,2,92,3,1
2023HU0885324,3,92,3,1
2023HU0885324,4,92,3,1
2023HU0885324,5,92,3,1
2023HU0885324,6,92,3,1
2023HU0885324,7,92,3,1
2023HU0885324,8,92,3,1
2023HU0885730,1,64,3,1
2023HU0885730,2,224,3,1
2023HU0885733,1,501,2,1
2023HU0885733,2,501,2,1
2023HU0885951,1,141,3,1
2023HU0885951,2,141,3,1
2023HU0886023,1,82,1,1
2023HU0886023,2,82,1,1
2023HU0886023,3,82,1,1
2023HU0886034,1,501,3,1
2023HU0886034,2,501,3,1
2023HU0886317,1,501,3,1
2023HU0886317,2,501,3,1
2023HU0886317,3,501,3,1
2023HU0886317,4,501,3,1
2023HU0886507,1,110,2,1
2023HU0886645,1,341,1,1
2023HU0886645,2,341,1,1
2023HU0886645,3,341,1,1
2023HU0886645,4,341,1,1
2023HU0886645,5,341,1,1
2023HU0886970,1,501,1,1
2023HU0886970,2,501,1,1
2023HU0887209,1,501,2,1
2023HU0887209,2,501,2,1
2023HU0887209,3,501,2,1
2023HU0887297,1,92,3,1
2023HU0887297,2,227,3,1
2023HU0887515,1,198,1,1
2023HU0887515,2,0,1,1
2023HU0887515,3,198,1,1
2023HU0887515,4,198,1,1
2023HU0887572,1,407,2,1
2023HU0887572,2,407,2,1
2023HU0887785,1,274,3,1
2023HU0887785,2,274,3,1
2023HU0887992,1,501,2,1
2023HU0888059,1,0,3,1
2023HU0888059,2,0,3,1
2023HU0888059,3,0,3,1
2023HU0888059,4,0,3,1
2023HU0888116,1,181,1,1
2023HU0888174,1,175,1,1
2023HU0888174,2,175,1,1
2023HU0888401,1,501,2,1
2023HU0888401,2,501,2,1
2023HU0888580,1,501,1,1
2023HU0888580,2,501,1,1
2023HU0888580,3,501,1,1
2023HU0888580,4,501,1,1
2023HU0888740,1,501,1,1
2023HU0888740,2,501,1,1
2023HU0889045,1,501,1,1
2023HU0889119,1,318,2,1
2023HU0889119,2,318,2,1
2023HU0889119,3,318,2,1
2023HU0889119,4,318,2,1
2023HU0889119,5,318,2,1
2023HU0889119,6,318,2,1
2023HU0889119,7,318,2,1
2023HU0889219,1,451,2,1
2023HU0889219,2,451,2,1
2023HU0889443,1,55,2,1
2023HU0889443,2,55,2,1
2023HU0889443,3,55,2,1
2023HU0889443,4,55,2,1
2023HU0889989,1,142,2,1
2023HU0889989,2,142,2,1
2023HU0890143,1,0,2,1
2023HU0890143,2,0,2,1
2023HU0890389,1,0,3,1
2023HU0890389,2,19,3,1
2023HU0890580,1,144,1,1
2023HU0890600,1,501,1,1
2023HU0890885,1,501,2,1
2023HU0890885,2,501,2,1
2023HU0890885,3,501,2,1
2023HU0890885,4,501,2,1
2023HU0890885,5,501,2,1
2023HU0890885,6,501,2,1
2023HU0890932,1,189,2,1
2023HU0890932,2,189,2,1
2023HU0890976,1,297,1,1
2023HU0890976,2,297,1,1
2023HU0891469,1,316,3,1
2023HU0891469,2,10,3,1
2023HU0891522,1,122,2,1
2023HU0891689,1,501,2,1
2023HU0891689,2,501,2,1
2023HU0891689,3,501,2,1
2023HU0891689,4,54,2,1
2023HU0891941,1,385,2,1
2023HU0891941,2,385,2,1
2023HU0891991,1,388,1,1
2023HU0891991,2,388,1,1
2023HU0892130,1,391,2,1
2023HU0892130,2,391,2,1
2023HU0892130,3,391,2,1
2023HU0892130,4,391,2,1
2023HU0892130,5,391,2,1
2023HU0892260,1,501,1,1
2023HU0892348,1,501,1,1
2023HU0892523,1,194,2,1
2023HU0892523,2,194,2,1
2023HU0892566,1,212,3,1
2023HU0892566,2,212,3,1
2023HU0892566,3,212,3,1
2023HU0892566,4,212,3,1
2023HU0892566,5,212,3,1
2023HU0892566,6,212,3,1
2023HU0892737,1,501,2,1
2023HU0892737,2,501,2,1
2023HU0892834,1,441,1,1
2023HU0892834,2,441,1,1
2023HU0892972,1,122,3,1
2023HU0892972,2,122,3,1
2023HU0892972,3,222,3,1
2023HU0892998,1,142,2,1
2023HU0893081,1,445,1,1
2023HU0893081,2,442,1,1
2023HU0893081,3,445,1,1
2023HU0893081,4,445,1,1
2023HU0893107,1,72,3,1
2023HU0893107,2,72,3,1
2023HU0893107,3,72,3,1
2023HU0893107,4,72,3,1
2023HU0893107,5,72,3,1
2023HU0893107,6,72,3,1
2023HU0893248,1,192,3,1
2023HU0893248,2,192,3,1
2023HU0893248,3,192,3,1
2023HU0893248,4,192,3,1
2023HU0893602,1,116,1,1
2023HU0893602,2,116,1,1
2023HU0893602,3,116,1,1
2023HU0893602,4,116,1,1
2023HU0893602,5,116,1,1
2023HU0893602,6,116,1,1
2023HU0893609,1,259,2,1
2023HU0893609,2,319,2,1
2023HU0893626,1,501,1,1
2023HU0893626,2,333,1,1
2023HU0893700,1,297,2,1
2023HU0893700,2,297,2,1
2023HU0893860,1,278,2,1
2023HU0893860,2,278,2,1
2023HU0893860,3,278,2,1
2023HU0893860,4,278,2,1
2023HU0893860,5,134,2,1
2023HU0894028,1,172,3,1
2023HU0894028,2,172,3,1
2023HU0894028,3,172,3,1
2023HU0894028,4,172,3,1
2023HU0894028,5,172,3,1
2023HU0894052,1,437,1,1
2023HU0894285,1,99,2,1
2023HU0894285,2,99,2,1
2023HU0894407,1,227,2,1
2023HU0894407,2,227,2,1
2023HU0894945,1,360,3,1
2023HU0894945,2,360,3,1
2023HU0894945,3,360,3,1
2023HU0894945,4,360,3,1
2023HU0894945,5,360,3,1
2023HU0894945,6,360,3,1
2023HU0894967,1,432,3,1
2023HU0894967,2,432,3,1
2023HU0894967,3,432,3,1
2023HU0895046,1,285,3,1
2023HU0895046,2,285,3,1
2023HU0895046,3,285,3,1
2023HU0895046,4,285,3,1
2023HU0895105,1,322,3,1
2023HU0895105,2,258,3,1
2023HU0895118,1,402,2,1
2023HU0895118,2,402,2,1
2023HU0895118,3,402,2,1
2023HU0895468,1,137,2,1
2023HU0895501,1,301,2,1
2023HU0895501,2,301,2,1
2023HU0895501,3,301,2,1
2023HU0895501,4,301,2,1
2023HU0895526,1,246,2,1
2023HU0895526,2,246,2,1
2023HU0895954,1,117,3,1
2023HU0895954,2,117,3,1
2023HU0896172,1,145,2,1
2023HU0896172,2,145,2,1
2023HU0896401,1,107,1,1
2023HU0896615,1,501,3,1
2023HU0896615,2,501,3,1
2023HU0896818,1,257,3,1
2023HU0896878,1,308,3,1
2023HU0896878,2,308,3,1
2023HU0896999,1,142,2,1
2023HU0896999,2,142,2,1
2023HU0897139,1,161,2,1
2023HU0897268,1,501,3,1
2023HU0897410,1,501,1,1
2023HU0897410,2,501,1,1
2023HU0897410,3,501,1,1
2023HU0897410,4,501,1,1
2023HU0897410,5,501,1,1
2023HU0897418,1,154,1,1
2023HU0897418,2,154,1,1
2023HU0897440,1,325,3,1
2023HU0897440,2,325,3,1
2023HU0897440,3,325,3,1
2023HU0897440,4,325,3,1
2023HU0897440,5,325,3,1
2023HU0897440,6,325,3,1
2023HU0897440,7,325,3,1
2023HU0897766,1,501,2,1
2023HU0897766,2,501,2,1
2023HU0897766,3,501,2,1
2023HU0897997,1,302,1,1
2023HU0897997,2,302,1,1
2023HU0898311,1,0,3,1
2023HU0898528,1,501,3,1
2023HU0898528,2,254,3,1
2023HU0898995,1,501,2,1
2023HU0899040,1,156,3,1
2023HU0899040,2,6,3,1
2023HU0899085,1,501,1,1
2023HU0899085,2,501,1,1
2023HU0899085,3,501,1,1
2023HU0899085,4,501,1,1
2023HU0899222,1,378,3,1
2023HU0899222,2,378,3,1
2023HU0899222,3,378,3,1
2023HU0899222,4,378,3,1
2023HU0899526,1,336,2,1
2023HU0899531,1,239,3,1
2023HU0899684,1,288,2,1
2023HU0899684,2,288,2,1
2023HU0899684,3,288,2,1
2023HU0900041,1,162,2,1
2023HU0900165,1,241,3,1
2023HU0900165,2,241,3,1
2023HU0900165,3,241,3,1
2023HU0900476,1,501,2,1
2023HU0900476,2,501,2,1
2023HU0900882,1,501,3,1
2023HU0900882,2,501,3,1
2023HU0900882,3,255,3,1
2023HU0900892,1,501,1,1
2023HU0900892,2,501,1,1
2023HU0900892,3,501,1,1
2023HU0900934,1,345,3,1
2023HU0900934,2,345,3,1
2023HU0900948,1,85,3,1
2023HU0901019,1,331,3,1
2023HU0901019,2,331,3,1
2023HU0901019,3,331,3,1
2023HU0901173,1,69,3,1
2023HU0901173,2,200,3,1
2023HU0901225,1,114,3,1
2023HU0901286,1,501,1,1
2023HU0901286,2,501,1,1
2023HU0901286,3,501,1,1
2023HU0901286,4,501,1,1
2023HU0901435,1,302,3,1
2023HU0901435,2,302,3,1
2023HU0901435,3,302,3,1
2023HU0901458,1,501,3,1
2023HU0901458,2,501,3,1
2023HU0901458,3,501,3,1
2023HU0901458,4,501,3,1
2023HU0901526,1,406,2,1
2023HU0901526,2,406,2,1
2023HU0901526,3,406,2,1
2023HU0901526,4,406,2,1
2023HU0901526,5,406,2,1
2023HU0901825,1,184,3,1
2023HU0901825,2,184,3,1
2023HU0901825,3,184,3,1
2023HU0901825,4,184,3,1
2023HU0901825,5,184,3,1
2023HU0901825,6,184,3,1
2023HU0901825,7,184,3,1
2023HU0902017,1,165,2,1
2023HU0902017,2,165,2,1
2023HU0902017,3,165,2,1
2023HU0902017,4,165,2,1
2023HU0902017,5,165,2,1
2023HU0902099,1,249,3,1
2023HU0902405,1,334,1,1
2023HU0902405,2,334,1,1
2023HU0902601,1,233,3,1
2023HU0902601,2,233,3,1
2023HU0903628,1,6,3,1
2023HU0903661,1,501,1,1
2023HU0903661,2,501,1,1
2023HU0903661,3,501,1,1
2023HU0903687,1,215,3,1
2023HU0903701,1,0,3,1
2023HU0903701,2,0,3,1
2023HU0903877,1,325,3,1
2023HU0903881,1,169,3,1
2023HU0903881,2,41,3,1
2023HU0903881,3,169,3,1
2023HU0904011,1,501,3,1
2023HU0904011,2,501,3,1
2023HU0904011,3,501,3,1
2023HU0904065,1,501,3,1
2023HU0904065,2,414,3,1
2023HU0904101,1,266,3,1
2023HU0904101,2,266,3,1
2023HU0904101,3,266,3,1
2023HU0904148,1,469,1,1
2023HU0904148,2,469,1,1
2023HU0904148,3,469,1,1
2023HU0904148,4,469,1,1
2023HU0904732,1,501,3,1
2023HU0904732,2,501,3,1
2023HU0904735,1,144,1,1
2023HU0905062,1,501,2,1
2023HU0905062,2,501,2,1
2023HU0905456,1,439,4,1
2023HU0905456,2,439,4,1
2023HU0905456,3,439,4,1
2023HU0905456,4,439,4,1
2023HU0905630,1,501,1,1
2023HU0905630,2,501,1,1
2023HU0905772,1,57,2,1
2023HU0906054,1,316,1,1
2023HU0906054,2,316,1,1
2023HU0906054,3,316,1,1
2023HU0906184,1,276,2,1
2023HU0906184,2,276,2,1
2023HU0906444,1,501,2,1
2023HU0906444,2,501,2,1
2023HU0906635,1,501,1,1
2023HU0906635,2,501,1,1
2023HU0906635,3,501,1,1
2023HU0906635,4,501,1,1
2023HU0906697,1,501,1,1
2023HU0906697,2,501,1,1
2023HU0906697,3,501,1,1
2023HU0906697,4,501,1,1
2023HU0906951,1,320,3,1
2023HU0906951,2,0,3,1
2023HU0907014,1,326,2,1
2023HU0907014,2,326,2,1
2023HU0907014,3,326,2,1
2023HU0907014,4,326,2,1
2023HU0907107,1,501,3,1
2023HU0907107,2,501,3,1
2023HU0907107,3,501,3,1
2023HU0907107,4,501,3,1
2023HU0907107,5,501,3,1
2023HU0907247,1,283,1,1
2023HU0907247,2,283,1,1
2023HU0907247,3,283,1,1
2023HU0907247,4,283,1,1
2023HU0907408,1,501,1,1
2023HU0907408,2,501,1,1
2023HU0907425,1,501,2,1
2023HU0907425,2,501,2,1
2023HU0907425,3,501,2,1
2023HU0907498,1,168,2,1
2023HU0907498,2,168,2,1
2023HU0907498,3,168,2,1
2023HU0907498,4,168,2,1
2023HU0907598,1,501,1,1
2023HU0907598,2,501,1,1
2023HU0907598,3,501,1,1
2023HU0907598,4,501,1,1
2023HU0907730,1,501,4,1
2023HU0907730,2,501,4,1
2023HU0907730,3,501,4,1
2023HU0908078,1,24,3,1
2023HU0908078,2,191,3,1
2023HU0908078,3,24,3,1
2023HU0908252,1,285,3,1
2023HU0908252,2,285,3,1
2023HU0908252,3,285,3,1
2023HU0908252,4,285,3,1
2023HU0908252,5,285,3,1
2023HU0908252,6,285,3,1
2023HU0908252,7,285,3,1
2023HU0908252,8,285,3,1
2023HU0908306,1,501,2,1
2023HU0908306,2,501,2,1
2023HU0908306,3,501,2,1
2023HU0908500,1,501,1,1
2023HU0908500,2,501,1,1
2023HU0908653,1,213,1,1
2023HU0908653,2,213,1,1
2023HU0908653,3,213,1,1
2023HU0908653,4,213,1,1
2023HU0908653,5,213,1,1
2023HU0909041,1,142,1,1
2023HU0909089,1,501,2,1
2023HU0909089,2,501,2,1
2023HU0909089,3,501,2,1
2023HU0909402,1,501,1,1
2023HU0909402,2,501,1,1
2023HU0909402,3,501,1,1
2023HU0909542,1,313,3,1
2023HU0909542,2,159,3,1
2023HU0909777,1,501,2,1
2023HU0909777,2,501,2,1
2023HU0909777,3,501,2,1
2023HU0909777,4,501,2,1
2023HU0909777,5,501,2,1
2023HU0909991,1,501,3,1
2023HU0910006,1,501,1,1
2023HU0910008,1,501,3,1
2023HU0910200,1,501,3,1
2023HU0910205,1,77,2,1
2023HU0910299,1,445,3,1
2023HU0910299,2,445,3,1
2023HU0910299,3,445,3,1
2023HU0910514,1,501,2,1
2023HU0910514,2,501,2,1
2023HU0910772,1,501,3,1
2023HU0910772,2,501,3,1
2023HU0911014,1,36,3,1
2023HU0911014,2,36,3,1
2023HU0911014,3,36,3,1
2023HU0911014,4,36,3,1
2023HU0911014,5,36,3,1
2023HU0911014,6,36,3,1
2023HU0911055,1,501,2,1
2023HU0911055,2,501,2,1
2023HU0911092,1,256,1,1
2023HU0911092,2,256,1,1
2023HU0911092,3,256,1,1
2023HU0911147,1,501,3,1
2023HU0911147,2,501,3,1
2023HU0911358,1,284,3,1
2023HU0911358,2,284,3,1
2023HU0911358,3,128,3,1
2023HU0911447,1,241,3,1
2023HU0911447,2,241,3,1
2023HU0911453,1,241,3,1
2023HU0911453,2,241,3,1
2023HU0911453,3,241,3,1
2023HU0911453,4,241,3,1
2023HU0911453,5,241,3,1
2023HU0911453,6,241,3,1
2023HU0911736,1,501,1,1
2023HU0911736,2,316,1,1
2023HU0911928,1,132,1,1
2023HU0911928,2,0,1,1
2023HU0911928,3,132,1,1
2023HU0911928,4,132,1,1
2023HU0911928,5,132,1,1
2023HU0911943,1,101,3,1
2023HU0911943,2,253,3,1
2023HU0912067,1,328,4,1
2023HU0912067,2,328,4,1
2023HU0912067,3,48,4,1
2023HU0912067,4,0,4,1
2023HU0912067,5,31,4,1
2023HU0912067,6,0,4,1
2023HU0912381,1,46,3,1
2023HU0912381,2,46,3,1
2023HU0912381,3,46,3,1
2023HU0912411,1,262,3,1
2023HU0912411,2,262,3,1
2023HU0912411,3,262,3,1
2023HU0912411,4,262,3,1
2023HU0912411,5,262,3,1
2023HU0912411,6,262,3,1
2023HU0912441,1,501,2,1
2023HU0912441,2,501,2,1
2023HU0912489,1,416,1,1
2023HU0912489,2,461,1,1
2023HU0912594,1,481,1,1
2023HU0912702,1,501,2,1
2023HU0912702,2,501,2,1
2023HU0912787,1,501,1,1
2023HU0912787,2,253,1,1
2023HU0912787,3,501,1,1
2023HU0912809,1,0,2,1
2023HU0912809,2,0,2,1
2023HU0912809,3,0,2,1
2023HU0912861,1,142,3,1
2023HU0912861,2,234,3,1
2023HU0912861,3,142,3,1
2023HU0912861,4,142,3,1
2023HU0912861,5,142,3,1
2023HU0913074,1,64,3,1
2023HU0913448,1,501,2,1
2023HU0913448,2,501,2,1
2023HU0913977,1,118,3,1
2023HU0913977,2,118,3,1
2023HU0914070,1,501,2,1
2023HU0914408,1,501,1,1
2023HU0914720,1,501,2,1
2023HU0914720,2,501,2,1
2023HU0915003,1,501,2,1
2023HU0915163,1,501,3,1
2023HU0915163,2,501,3,1
2023HU0915205,1,501,1,1
2023HU0915205,2,501,1,1
2023HU0915205,3,501,1,1
2023HU0915317,1,194,2,1
2023HU0915317,2,194,2,1
2023HU0915333,1,346,3,1
2023HU0915333,2,346,3,1
2023HU0915650,1,205,2,1
2023HU0915650,2,205,2,1
2023HU0915689,1,249,2,1
2023HU0915689,2,249,2,1
2023HU0915746,1,313,2,1
2023HU0915746,2,0,2,1
2023HU0915746,3,313,2,1
2023HU0915746,4,313,2,1
2023HU0915746,5,313,2,1
2023HU0915771,1,282,1,1
2023HU0915771,2,282,1,1
2023HU0915771,3,282,1,1
2023HU0915778,1,237,2,1
2023HU0915778,2,237,2,1
2023HU0915778,3,237,2,1
2023HU0915993,1,387,1,1
2023HU0915993,2,387,1,1
2023HU0915993,3,387,1,1
2023HU0916135,1,262,2,1
2023HU0916140,1,384,3,1
2023HU0916140,2,384,3,1
2023HU0916140,3,384,3,1
2023HU0916140,4,384,3,1
2023HU0916154,1,501,1,1
2023HU0916154,2,501,1,1
2023HU0916154,3,501,1,1
2023HU0916639,1,109,3,1
2023HU0916718,1,49,1,1
2023HU0916843,1,501,1,1
2023HU0916843,2,225,1,1
2023HU0916929,1,501,1,1
2023HU0916929,2,501,1,1
2023HU0917193,1,261,2,1
2023HU0917193,2,261,2,1
2023HU0917407,1,278,3,1
2023HU0917407,2,278,3,1
2023HU0917424,1,501,3,1
2023HU0917424,2,501,3,1
2023HU0917474,1,152,1,1
2023HU0917474,2,152,1,1
2023HU0917474,3,152,1,1
2023HU0917474,4,,1,1
2023HU0917474,5,,1,1
2023HU0917763,1,501,1,1
2023HU0917763,2,501,1,1
2023HU0917868,1,202,3,1
2023HU0917940,1,339,3,1
2023HU0917940,2,339,3,1
2023HU0917976,1,237,3,1
2023HU0917976,2,237,3,1
2023HU0917985,1,80,1,1
2023HU0917985,2,80,1,1
2023HU0917985,3,80,1,1
2023HU0917985,4,220,1,1
2023HU0918179,1,501,2,1
2023HU0918179,2,501,2,1
2023HU0918240,1,191,2,1
2023HU0918240,2,195,2,1
2023HU0918649,1,210,1,1
2023HU0918649,2,210,1,1
2023HU0918649,3,210,1,1
2023HU0918777,1,77,3,1
2023HU0918817,1,308,2,1
2023HU0918817,2,308,2,1
2023HU0918817,3,308,2,1
2023HU0918898,1,92,3,1
2023HU0918898,2,92,3,1
2023HU0918898,3,92,3,1
2023HU0918905,1,501,2,1
2023HU0918905,2,501,2,1
2023HU0919016,1,92,1,1
2023HU0919016,2,92,1,1
2023HU0919016,3,92,1,1
2023HU0919016,4,92,1,1
2023HU0919041,1,322,1,1
2023HU0919061,1,501,3,1
2023HU0919061,2,501,3,1
2023HU0919061,3,501,3,1
2023HU0919115,1,253,3,1
2023HU0919367,1,501,1,1
2023HU0919367,2,501,1,1
2023HU0919367,3,501,1,1
2023HU0919542,1,360,1,1
2023HU0919542,2,360,1,1
2023HU0919733,1,175,3,1
2023HU0919733,2,175,3,1
2023HU0919733,3,116,3,1
2023HU0919741,1,501,1,1
2023HU0919741,2,501,1,1
2023HU0919741,3,501,1,1
2023HU0919968,1,501,2,1
2023HU0919968,2,501,2,1
2023HU0919968,3,501,2,1
2023HU0919968,4,501,2,1
2023HU0919984,1,455,1,1
2023HU0919984,2,455,1,1
2023HU0919984,3,455,1,1
2023HU0919984,4,455,1,1
2023HU0919984,5,455,1,1
2023HU0919984,6,11,1,1
2023HU0919984,7,5,1,1
2023HU0919988,1,188,4,1
2023HU0919988,2,188,4,1
2023HU0919988,3,188,4,1
2023HU0919988,4,188,4,1
2023HU0919988,5,188,4,1
2023HU0919988,6,188,4,1
2023HU0920061,1,74,2,1
2023HU0920231,1,429,1,1
2023HU0920231,2,429,1,1
2023HU0920231,3,429,1,1
2023HU0920231,4,429,1,1
2023HU0920261,1,0,3,1
2023HU0920261,2,0,3,1
2023HU0920345,1,501,1,1
2023HU0920370,1,300,1,1
2023HU0920370,2,300,1,1
2023HU0920483,1,501,1,1
2023HU0920483,2,501,1,1
2023HU0920483,3,501,1,1
2023HU0920557,1,78,3,1
2023HU0920615,1,289,1,1
2023HU0920615,2,289,1,1
2023HU0920818,1,418,3,1
2023HU0921079,1,501,3,1
2023HU0921187,1,420,1,1
2023HU0921187,2,420,1,1
2023HU0921187,3,420,1,1
2023HU0921222,1,295,1,1
2023HU0921222,2,295,1,1
2023HU0921222,3,295,1,1
2023HU0921222,4,295,1,1
2023HU0921310,1,137,1,1
2023HU0921310,2,137,1,1
2023HU0921310,3,137,1,1
2023HU0921310,4,137,1,1
2023HU0921476,1,501,1,1
2023HU0921476,2,501,1,1
2023HU0921476,3,501,1,1
2023HU0921653,1,501,1,1
2023HU0921653,2,501,1,1
2023HU0921653,3,501,1,1
2023HU0922031,1,352,3,1
2023HU0922031,2,352,3,1
2023HU0922543,1,151,3,1
2023HU0922543,2,254,3,1
2023HU0922543,3,151,3,1
2023HU0922543,4,151,3,1
2023HU0922543,5,151,3,1
2023HU0922932,1,103,3,1
2023HU0922932,2,103,3,1
2023HU0922932,3,103,3,1
2023HU0922932,4,103,3,1
2023HU0922932,5,103,3,1
2023HU0923215,1,57,2,1
2023HU0923215,2,57,2,1
2023HU0923215,3,57,2,1
2023HU0923267,1,501,2,1
2023HU0923267,2,501,2,1
2023HU0923293,1,501,3,1
2023HU0923293,2,501,3,1
2023HU0923293,3,501,3,1
2023HU0923332,1,401,2,1
2023HU0923332,2,401,2,1
2023HU0923333,1,501,3,1
2023HU0923333,2,501,3,1
2023HU0923529,1,245,2,1
2023HU0923529,2,245,2,1
2023HU0923718,1,279,2,1
2023HU0923718,2,279,2,1
2023HU0923718,3,279,2,1
2023HU0923718,4,279,2,1
2023HU0923768,1,501,1,1
2023HU0923854,1,378,4,1
2023HU0923854,2,378,4,1
2023HU0923915,1,501,2,1
2023HU0923915,2,501,2,1
2023HU0923998,1,11,2,1
2023HU0924065,1,202,3,1
2023HU0924065,2,202,3,1
2023HU0924065,3,202,3,1
2023HU0924173,1,499,1,1
2023HU0924173,2,499,1,1
2023HU0924173,3,499,1,1
2023HU0924173,4,499,1,1
2023HU0924398,1,271,3,1
2023HU0924398,2,385,3,1
2023HU0924398,3,271,3,1
2023HU0924424,1,160,3,1
2023HU0924424,2,12,3,1
2023HU0924424,3,160,3,1
2023HU0924479,1,253,3,1
2023HU0924575,1,419,3,1
2023HU0924575,2,419,3,1
2023HU0924628,1,71,3,1
2023HU0924628,2,71,3,1
2023HU0924628,3,71,3,1
2023HU0924849,1,266,2,1
2023HU0924849,2,266,2,1
2023HU0925081,1,33,1,1
2023HU0925081,2,33,1,1
2023HU0925123,1,501,3,1
2023HU0925229,1,114,2,1
2023HU0925229,2,114,2,1
2023HU0925686,1,54,3,1
2023HU0925789,1,501,1,1
2023HU0925789,2,501,1,1
2023HU0925789,3,501,1,1
2023HU0925789,4,501,1,1
2023HU0925789,5,501,1,1
2023HU0925789,6,501,1,1
2023HU0925823,1,261,3,1
2023HU0925823,2,261,3,1
2023HU0925823,3,261,3,1
2023HU0925853,1,221,2,1
2023HU0925853,2,221,2,1
2023HU0926024,1,501,2,1
2023HU0926338,1,290,2,1
2023HU0926338,2,186,2,1
2023HU0926459,1,254,2,1
2023HU0926459,2,254,2,1
2023HU0926459,3,254,2,1
2023HU0926459,4,254,2,1
2023HU0926459,5,254,2,1
2023HU0926465,1,348,2,1
2023HU0926465,2,348,2,1
2023HU0926465,3,348,2,1
2023HU0926465,4,0,2,1
2023HU0926465,5,170,2,1
2023HU0926636,1,323,3,1
2023HU0926731,1,376,1,1
2023HU0926731,2,376,1,1
2023HU0926731,3,376,1,1
2023HU0926731,4,168,1,1
2023HU0926875,1,501,3,1
2023HU0926964,1,210,1,1
2023HU0926964,2,210,1,1
2023HU0926989,1,12,2,1
2023HU0927090,1,501,3,1
2023HU0927090,2,501,3,1
2023HU0927411,1,340,3,1
2023HU0927441,1,501,1,1
2023HU0927468,1,26,1,1
2023HU0927468,2,26,1,1
2023HU0927500,1,0,3,1
2023HU0927852,1,501,1,1
2023HU0927852,2,147,1,1
2023HU0928072,1,501,3,1
2023HU0928072,2,25,3,1
2023HU0928075,1,501,3,1
2023HU0928075,2,501,3,1
2023HU0928458,1,501,3,1
2023HU0928458,2,501,3,1
2023HU0928631,1,54,1,1
2023HU0928767,1,350,1,1
2023HU0928769,1,501,2,1
2023HU0928769,2,501,2,1
2023HU0928769,3,501,2,1
2023HU0928788,1,501,2,1
2023HU0928788,2,501,2,1
2023HU0928788,3,501,2,1
2023HU0929100,1,501,2,1
2023HU0929100,2,501,2,1
2023HU0929608,1,501,1,1
2023HU0929608,2,501,1,1
2023HU0929608,3,501,1,1
2023HU0929608,4,501,1,1
2023HU0929722,1,146,1,1
2023HU0929759,1,168,2,1
2023HU0929926,1,59,2,1
2023HU0930160,1,333,3,1
2023HU0930160,2,333,3,1
2023HU0930170,1,501,1,1
2023HU0930323,1,433,2,1
2023HU0930323,2,433,2,1
2023HU0930323,3,433,2,1
2023HU0930378,1,501,2,1
2023HU0930378,2,501,2,1
2023HU0930594,1,501,1,1
2023HU0930594,2,501,1,1
2023HU0930704,1,501,1,1
2023HU0930976,1,95,3,1
2023HU0931059,1,375,3,1
2023HU0931059,2,375,3,1
2023HU0931168,1,501,1,1
2023HU0931168,2,501,1,1
2023HU0931168,3,501,1,1
2023HU0931168,4,501,1,1
2023HU0931168,5,501,1,1
2023HU0931257,1,296,1,1
2023HU0931257,2,501,1,1
2023HU0931257,3,296,1,1
2023HU0931391,1,501,1,1
2023HU0931391,2,501,1,1
2023HU0931467,1,282,1,1
2023HU0931467,2,282,1,1
2023HU0931467,3,282,1,1
2023HU0931467,4,282,1,1
2023HU0931483,1,447,1,1
2023HU0931483,2,447,1,1
2023HU0931596,1,15,3,1
2023HU0931596,2,15,3,1
2023HU0931596,3,15,3,1
2023HU0931596,4,15,3,1
2023HU0931596,5,15,3,1
2023HU0931629,1,364,1,1
2023HU0931629,2,364,1,1
2023HU0931629,3,364,1,1
2023HU0931629,4,364,1,1
2023HU0931629,5,364,1,1
2023HU0931629,6,364,1,1
2023HU0931629,7,364,1,1
2023HU0931685,1,57,2,1
2023HU0931685,2,57,2,1
2023HU0931877,1,260,3,1
2023HU0931877,2,260,3,1
2023HU0931877,3,260,3,1
2023HU0931877,4,260,3,1
2023HU0932200,1,427,1,1
2023HU0932200,2,427,1,1
2023HU0932200,3,427,1,1
2023HU0932200,4,427,1,1
2023HU0932270,1,442,3,1
2023HU0932270,2,501,3,1
2023HU0932546,1,501,3,1
2023HU0932546,2,501,3,1
2023HU0932546,3,501,3,1
2023HU0932546,4,501,3,1
2023HU0932546,5,501,3,1
2023HU0932606,1,501,2,1
2023HU0932613,1,501,1,1
2023HU0932613,2,501,1,1
2023HU0932762,1,501,2,1
2023HU0933102,1,125,2,1
2023HU0933102,2,125,2,1
2023HU0933102,3,125,2,1
2023HU0933147,1,501,1,1
2023HU0933238,1,125,3,1
2023HU0933238,2,125,3,1
2023HU0933238,3,125,3,1
2023HU0933238,4,125,3,1
2023HU0933238,5,125,3,1
2023HU0933342,1,16,1,1
2023HU0933342,2,16,1,1
2023HU0933429,1,287,3,1
2023HU0933841,1,44,3,1
2023HU0933841,2,44,3,1
2023HU0933841,3,44,3,1
2023HU0933849,1,116,3,1
2023HU0933988,1,382,1,1
2023HU0933988,2,382,1,1
2023HU0933988,3,382,1,1
2023HU0934072,1,501,2,1
2023HU0934072,2,501,2,1
2023HU0934072,3,501,2,1
2023HU0934303,1,408,2,1
2023HU0934303,2,408,2,1
2023HU0934319,1,354,1,1
2023HU0934319,2,354,1,1
2023HU0934319,3,354,1,1
2023HU0934428,1,71,3,1
2023HU0934649,1,501,1,1
2023HU0934649,2,501,1,1
2023HU0934649,3,501,1,1
2023HU0934649,4,501,1,1
2023HU0934664,1,241,3,1
2023HU0934664,2,241,3,1
2023HU0935050,1,418,1,1
2023HU0935050,2,418,1,1
2023HU0935059,1,501,1,1
2023HU0935059,2,501,1,1
2023HU0935075,1,104,3,1
2023HU0935584,1,180,2,1
2023HU0935584,2,180,2,1
2023HU0935630,1,501,1,1
2023HU0935630,2,501,1,1
2023HU0935906,1,131,3,1
2023HU0935920,1,62,3,1
2023HU0935920,2,62,3,1
2023HU0935920,3,62,3,1
2023HU0935920,4,35,3,1
2023HU0936175,1,59,3,1
2023HU0936204,1,136,1,1
2023HU0936302,1,194,3,1
2023HU0936302,2,194,3,1
2023HU0936302,3,194,3,1
2023HU0936302,4,194,3,1
2023HU0936657,1,501,2,1
2023HU0936672,1,403,1,1
2023HU0936672,2,403,1,1
2023HU0936672,3,403,1,1
2023HU0936672,4,403,1,1
2023HU0936672,5,390,1,1
2023HU0936699,1,501,1,1
2023HU0936699,2,501,1,1
2023HU0936733,1,409,1,1
2023HU0936733,2,143,1,1
2023HU0936733,3,409,1,1
2023HU0936742,1,62,3,1
2023HU0936742,2,62,3,1
2023HU0936742,3,62,3,1
2023HU0936779,1,0,2,1
2023HU0936779,2,501,2,1
2023HU0936901,1,377,2,1
2023HU0936901,2,377,2,1
2023HU0936901,3,377,2,1
2023HU0936901,4,377,2,1
2023HU0937109,1,31,3,1
2023HU0937109,2,166,3,1
2023HU0937261,1,501,1,1
2023HU0937350,1,501,3,1
2023HU0937350,2,501,3,1
2023HU0937494,1,226,3,1
2023HU0937494,2,226,3,1
2023HU0937494,3,226,3,1
2023HU0937575,1,501,1,1
2023HU0937575,2,501,1,1
2023HU0937808,1,428,2,1
2023HU0937808,2,428,2,1
2023HU0938026,1,466,1,1
2023HU0938026,2,466,1,1
2023HU0938026,3,466,1,1
2023HU0938026,4,192,1,1
2023HU0938027,1,35,3,1
2023HU0938116,1,501,3,1
2023HU0938116,2,501,3,1
2023HU0938116,3,501,3,1
2023HU0938116,4,501,3,1
2023HU0938131,1,501,2,1
2023HU0938131,2,501,2,1
2023HU0938296,1,104,2,1
2023HU0938639,1,147,3,1
2023HU0939030,1,285,2,1
2023HU0939030,2,285,2,1
2023HU0939030,3,285,2,1
2023HU0939170,1,10,3,1
2023HU0939170,2,10,3,1
2023HU0939170,3,10,3,1
2023HU0939170,4,10,3,1
2023HU0939170,5,10,3,1
2023HU0939170,6,10,3,1
2023HU0939170,7,10,3,1
2023HU0939203,1,203,3,1
2023HU0939203,2,203,3,1
2023HU0939203,3,203,3,1
2023HU0939479,1,137,2,1
2023HU0939479,2,137,2,1
2023HU0939547,1,479,2,1
2023HU0939587,1,501,2,1
2023HU0939587,2,501,2,1
2023HU0939656,1,388,2,1
2023HU0939656,2,75,2,1
2023HU0939656,3,388,2,1
2023HU0939656,4,388,2,1
2023HU0939680,1,501,3,1
2023HU0939680,2,501,3,1
2023HU0939680,3,501,3,1
2023HU0939680,4,501,3,1
2023HU0939887,1,149,3,1
2023HU0939887,2,160,3,1
2023HU0939929,1,274,3,1
2023HU0939929,2,274,3,1
2023HU0939929,3,274,3,1
2023HU0939929,4,274,3,1
2023HU0940012,1,303,2,1
2023HU0940012,2,303,2,1
2023HU0940147,1,403,3,1
2023HU0940205,1,346,2,1
2023HU0940205,2,346,2,1
2023HU0940205,3,346,2,1
2023HU0940205,4,346,2,1
2023HU0940268,1,349,1,1
2023HU0940268,2,349,1,1
2023HU0940268,3,349,1,1
2023HU0940955,1,246,1,1
2023HU0940955,2,246,1,1
2023HU0940955,3,246,1,1
2023HU0940955,4,246,1,1
2023HU0941124,1,501,1,1
2023HU0941146,1,501,2,1
2023HU0941146,2,501,2,1
2023HU0941146,3,501,2,1
2023HU0941289,1,100,2,1
2023HU0941289,2,100,2,1
2023HU0941552,1,335,1,1
2023HU0941552,2,335,1,1
2023HU0941666,1,501,1,1
2023HU0941666,2,501,1,1
2023HU0941666,3,501,1,1
2023HU0941666,4,501,1,1
2023HU0941710,1,41,1,1
2023HU0941710,2,215,1,1
2023HU0941805,1,202,2,1
2023HU0941805,2,202,2,1
2023HU0941945,1,97,2,1
2023HU0941965,1,96,3,1
2023HU0942107,1,482,1,1
2023HU0942107,2,482,1,1
2023HU0942107,3,482,1,1
2023HU0942290,1,501,3,1
2023HU0942491,1,77,3,1
2023HU0942546,1,216,3,1
2023HU0942546,2,216,3,1
2023HU0942546,3,216,3,1
2023HU0942546,4,216,3,1
2023HU0942680,1,439,1,1
2023HU0942680,2,439,1,1
2023HU0942680,3,439,1,1
2023HU0942876,1,161,3,1
2023HU0942876,2,161,3,1
2023HU0942945,1,107,3,1
2023HU0942945,2,107,3,1
2023HU0942979,1,151,3,1
2023HU0942979,2,501,3,1
2023HU0942981,1,227,2,1
2023HU0942981,2,227,2,1
2023HU0942981,3,227,2,1
2023HU0942981,4,227,2,1
2023HU0943361,1,91,3,1
2023HU0943456,1,391,2,1
2023HU0943456,2,259,2,1
2023HU0943456,3,391,2,1
2023HU0943730,1,501,1,1
2023HU0943730,2,501,1,1
2023HU0943776,1,501,1,1
2023HU0943776,2,501,1,1
2023HU0943776,3,501,1,1
2023HU0943776,4,501,1,1
2023HU0943910,1,102,1,1
2023HU0943910,2,102,1,1
2023HU0943910,3,102,1,1
2023HU0943910,4,102,1,1
2023HU0943910,5,102,1,1
2023HU0943910,6,102,1,1
2023HU0943910,7,102,1,1
2023HU0943910,8,102,1,1
2023HU0943910,9,78,1,1
2023HU0943910,10,303,1,1
2023HU0943910,11,174,1,1
2023HU0943910,12,78,1,1
2023HU0944186,1,501,1,1
2023HU0944186,2,501,1,1
2023HU0944186,3,501,1,1
2023HU0944186,4,501,1,1
2023HU0944187,1,61,3,1
2023HU0944187,2,61,3,1
2023HU0944258,1,123,2,1
2023HU0944708,1,220,1,1
2023HU0944708,2,220,1,1
2023HU0944708,3,220,1,1
2023HU0944708,4,186,1,1
2023HU0944768,1,501,1,1
2023HU0944768,2,501,1,1
2023HU0944768,3,501,1,1
2023HU0944852,1,501,3,1
2023HU0944852,2,501,3,1
2023HU0944852,3,501,3,1
2023HU0944871,1,11,3,1
2023HU0944887,1,209,3,1
2023HU0944887,2,290,3,1
2023HU0945138,1,238,3,1
2023HU0945138,2,238,3,1
2023HU0945181,1,501,1,1
2023HU0945181,2,501,1,1
2023HU0945181,3,501,1,1
2023HU0945312,1,196,2,1
2023HU0945312,2,196,2,1
2023HU0945312,3,196,2,1
2023HU0945312,4,196,2,1
2023HU0945312,5,69,2,1
2023HU0945312,6,501,2,1
2023HU0945509,1,162,3,1
2023HU0945626,1,263,3,1
2023HU0945626,2,263,3,1
2023HU0945626,3,263,3,1
2023HU0945709,1,204,2,1
2023HU0945709,2,255,2,1
2023HU0945716,1,501,1,1
2023HU0945716,2,501,1,1
2023HU0945994,1,307,2,1
2023HU0945994,2,307,2,1
2023HU0945994,3,307,2,1
2023HU0945994,4,307,2,1
2023HU0945994,5,307,2,1
2023HU0945994,6,307,2,1
2023HU0945994,7,307,2,1
2023HU0945994,8,307,2,1
2023HU0945994,9,199,2,1
2023HU0946068,1,359,3,1
2023HU0946068,2,359,3,1
2023HU0946068,3,359,3,1
2023HU0946161,1,16,3,1
2023HU0946230,1,250,3,1
2023HU0946230,2,250,3,1
2023HU0946230,3,250,3,1
2023HU0946310,1,348,1,1
2023HU0946310,2,0,1,1
2023HU0946409,1,501,1,1
2023HU0946409,2,501,1,1
2023HU0946409,3,501,1,1
2023HU0946412,1,501,1,1
2023HU0946545,1,200,2,1
2023HU0946545,2,200,2,1
2023HU0946545,3,200,2,1
2023HU0946671,1,195,1,1
2023HU0946671,2,195,1,1
2023HU0946671,3,195,1,1
2023HU0947602,1,247,1,1
2023HU0947602,2,247,1,1
2023HU0947615,1,296,2,1
2023HU0947615,2,296,2,1
2023HU0947615,3,296,2,1
2023HU0947649,1,12,3,1
2023HU0947649,2,19,3,1
2023HU0947990,1,501,1,1
2023HU0947990,2,187,1,1
2023HU0947990,3,501,1,1
2023HU0948138,1,501,2,1
2023HU0948138,2,501,2,1
2023HU0948138,3,501,2,1
2023HU0948162,1,24,2,1
2023HU0948162,2,24,2,1
2023HU0948377,1,330,2,1
2023HU0948414,1,501,3,1
2023HU0948550,1,501,1,1
2023HU0948550,2,501,1,1
2023HU0948550,3,501,1,1
2023HU0948687,1,243,3,1
2023HU0948687,2,212,3,1
2023HU0948687,3,243,3,1
2023HU0948694,1,501,1,1
2023HU0948694,2,501,1,1
2023HU0948694,3,501,1,1
2023HU0948737,1,230,3,1
2023HU0948737,2,230,3,1
2023HU0948737,3,230,3,1
2023HU0948975,1,501,2,1
2023HU0948975,2,501,2,1
2023HU0948975,3,501,2,1
2023HU0948975,4,501,2,1
2023HU0948975,5,501,2,1
2023HU0948975,6,501,2,1
2023HU0949111,1,412,1,1
2023HU0949111,2,412,1,1
2023HU0949111,3,412,1,1
2023HU0949111,4,412,1,1
2023HU0949718,1,150,2,1
2023HU0949742,1,113,1,1
2023HU0949742,2,113,1,1
2023HU0949742,3,113,1,1
2023HU0949957,1,310,1,1
2023HU0949957,2,0,1,1
2023HU0949957,3,310,1,1
2023HU0949957,4,310,1,1
2023HU0949957,5,310,1,1
2023HU0949957,6,310,1,1
2023HU0950172,1,501,1,1
2023HU0950172,2,501,1,1
2023HU0950172,3,501,1,1
2023HU0950172,4,501,1,1
2023HU0950177,1,501,1,1
2023HU0950395,1,111,3,1
2023HU0950395,2,111,3,1
2023HU0950395,3,192,3,1
2023HU0950573,1,501,3,1
2023HU0950573,2,501,3,1
2023HU0950613,1,501,1,1
2023HU0950613,2,501,1,1
2023HU0950613,3,501,1,1
2023HU0950613,4,501,1,1
2023HU0950931,1,131,2,1
2023HU0950977,1,501,3,1
2023HU0950977,2,501,3,1
2023HU0951200,1,258,1,1
2023HU0951200,2,83,1,1
2023HU0951517,1,222,3,1
2023HU0951517,2,222,3,1
2023HU0951521,1,31,3,1
2023HU0951521,2,30,3,1
2023HU0951620,1,117,1,1
2023HU0951620,2,117,1,1
2023HU0951770,1,288,3,1
2023HU0951770,2,288,3,1
2023HU0951825,1,501,1,1
2023HU0951825,2,501,1,1
2023HU0952218,1,501,1,1
2023HU0952218,2,501,1,1
2023HU0952218,3,501,1,1
2023HU0952486,1,501,1,1
2023HU0952687,1,140,2,1
2023HU0952687,2,140,2,1
2023HU0952689,1,501,1,1
2023HU0952689,2,501,1,1
2023HU0952772,1,154,2,1
2023HU0952986,1,269,3,1
2023HU0952986,2,395,3,1
2023HU0952986,3,269,3,1
2023HU0953105,1,249,1,1
2023HU0953105,2,249,1,1
2023HU0953243,1,149,3,1
2023HU0953243,2,218,3,1
2023HU0953414,1,501,3,1
2023HU0953414,2,501,3,1
2023HU0953853,1,501,1,1
2023HU0953853,2,501,1,1
2023HU0953853,3,501,1,1
2023HU0953853,4,501,1,1
2023HU0953853,5,501,1,1
2023HU0953869,1,81,3,1
2023HU0953869,2,81,3,1
2023HU0953869,3,81,3,1
2023HU0954023,1,43,4,1
2023HU0954023,2,43,4,1
2023HU0954023,3,43,4,1
2023HU0954023,4,43,4,1
2023HU0954023,5,43,4,1
2023HU0954025,1,501,1,1
2023HU0954025,2,501,1,1
2023HU0954025,3,501,1,1
2023HU0954025,4,501,1,1
2023HU0954046,1,450,2,1
2023HU0954046,2,450,2,1
2023HU0954265,1,131,1,1
2023HU0954265,2,83,1,1
2023HU0954265,3,131,1,1
2023HU0954265,4,131,1,1
2023HU0954265,5,131,1,1
2023HU0954382,1,264,2,1
2023HU0954382,2,264,2,1
2023HU0954702,1,76,3,1
2023HU0954732,1,297,1,1
2023HU0954732,2,297,1,1
2023HU0954732,3,297,1,1
2023HU0954775,1,223,1,1
2023HU0954775,2,223,1,1
2023HU0954775,3,223,1,1
2023HU0954775,4,223,1,1
2023HU0954775,5,223,1,1
2023HU0954775,6,223,1,1
2023HU0955174,1,436,2,1
2023HU0955174,2,436,2,1
2023HU0955174,3,436,2,1
2023HU0955174,4,436,2,1
2023HU0955174,5,436,2,1
2023HU0955174,6,436,2,1
2023HU0955331,1,501,1,1
2023HU0955331,2,501,1,1
2023HU0955331,3,501,1,1
2023HU0955331,4,501,1,1
2023HU0955457,1,31,3,1
2023HU0955457,2,31,3,1
2023HU0955457,3,31,3,1
2023HU0955457,4,31,3,1
2023HU0955457,5,31,3,1
2023HU0955457,6,501,3,1
2023HU0955460,1,139,1,1
2023HU0955460,2,139,1,1
2023HU0955460,3,139,1,1
2023HU0955652,1,417,2,1
2023HU0955652,2,417,2,1
2023HU0956244,1,70,3,1
2023HU0956266,1,145,1,1
2023HU0956266,2,15,1,1
2023HU0956266,3,145,1,1
2023HU0956266,4,145,1,1
2023HU0956266,5,58,1,1
2023HU0956266,6,449,1,1
2023HU0956266,7,449,1,1
2023HU0956266,8,256,1,1
2023HU0956452,1,478,1,1
2023HU0956452,2,478,1,1
2023HU0956488,1,367,3,1
2023HU0956488,2,367,3,1
2023HU0956488,3,367,3,1
2023HU0956488,4,367,3,1
2023HU0956567,1,501,1,1
2023HU0956567,2,501,1,1
2023HU0956567,3,501,1,1
2023HU0957044,1,227,1,1
2023HU0957044,2,227,1,1
2023HU0957044,3,227,1,1
2023HU0957044,4,227,1,1
2023HU0957044,5,227,1,1
2023HU0957227,1,501,1,1
2023HU0957227,2,501,1,1
2023HU0957227,3,501,1,1
2023HU0957237,1,501,1,1
2023HU0957237,2,501,1,1
2023HU0957237,3,501,1,1
2023HU0957668,1,387,1,1
2023HU0957668,2,387,1,1
2023HU0958090,1,214,1,1
2023HU0958090,2,214,1,1
2023HU0958223,1,143,3,1
2023HU0958223,2,143,3,1
2023HU0958223,3,143,3,1
2023HU0958223,4,143,3,1
2023HU0958250,1,501,2,1
2023HU0958250,2,501,2,1
2023HU0958250,3,501,2,1
2023HU0958483,1,501,1,1
2023HU0958483,2,501,1,1
2023HU0958483,3,501,1,1
2023HU0958569,1,501,3,1
2023HU0958569,2,501,3,1
2023HU0958642,1,77,3,1
2023HU0958720,1,77,3,1
2023HU0958834,1,244,3,1
2023HU0958834,2,244,3,1
2023HU0958834,3,244,3,1
2023HU0958834,4,244,3,1
2023HU0959082,1,118,1,1
2023HU0959111,1,414,2,1
2023HU0959377,1,363,1,1
2023HU0959377,2,139,1,1
2023HU0959429,1,38,3,1
2023HU0959591,1,260,3,1
2023HU0959591,2,260,3,1
2023HU0959591,3,260,3,1
2023HU0959933,1,501,2,1
2023HU0959933,2,501,2,1
2023HU0959949,1,483,1,1
2023HU0959990,1,501,1,1
2023HU0960078,1,501,1,1
2023HU0960083,1,215,3,1
2023HU0960083,2,215,3,1
2023HU0960083,3,215,3,1
2023HU0960083,4,215,3,1
2023HU0960083,5,215,3,1
2023HU0960349,1,182,3,1
2023HU0960349,2,182,3,1
2023HU0960403,1,424,1,1
2023HU0960403,2,424,1,1
2023HU0960403,3,424,1,1
2023HU0960927,1,343,1,1
2023HU0960927,2,343,1,1
2023HU0960927,3,343,1,1
2023HU0960927,4,343,1,1
2023HU0960927,5,343,1,1
2023HU0961125,1,331,1,1
2023HU0961125,2,331,1,1
2023HU0961125,3,331,1,1
2023HU0961125,4,331,1,1
2023HU0961142,1,165,1,1
2023HU0961142,2,270,1,1
2023HU0961142,3,165,1,1
2023HU0961335,1,100,3,1
2023HU0961335,2,100,3,1
2023HU0961373,1,501,4,1
2023HU0961373,2,501,4,1
2023HU0961373,3,501,4,1
2023HU0961373,4,501,4,1
2023HU0961373,5,501,4,1
2023HU0961671,1,0,2,1
2023HU0961774,1,287,1,1
2023HU0961774,2,287,1,1
2023HU0961774,3,287,1,1
2023HU0961774,4,287,1,1
2023HU0961912,1,216,3,1
2023HU0961912,2,105,3,1
2023HU0961912,3,137,3,1
2023HU0961960,1,95,3,1
2023HU0962180,1,172,3,1
2023HU0962234,1,441,3,1
2023HU0962234,2,441,3,1
2023HU0962234,3,441,3,1
2023HU0962234,4,441,3,1
2023HU0962260,1,501,2,1
2023HU0962260,2,501,2,1
2023HU0962260,3,501,2,1
2023HU0962627,1,317,2,1
2023HU0962627,2,501,2,1
2023HU0962771,1,455,3,1
2023HU0963069,1,303,3,1
2023HU0963247,1,344,3,1
2023HU0963247,2,344,3,1
2023HU0963247,3,344,3,1
2023HU0963449,1,63,2,1
2023HU0963507,1,501,2,1
2023HU0963507,2,501,2,1
2023HU0963507,3,501,2,1
2023HU0963568,1,487,2,1
2023HU0963568,2,487,2,1
2023HU0963568,3,487,2,1
2023HU0963568,4,487,2,1
2023HU0963596,1,255,1,1
2023HU0963691,1,306,3,1
2023HU0963691,2,306,3,1
2023HU0963738,1,169,3,1
2023HU0963738,2,290,3,1
2023HU0963738,3,169,3,1
2023HU0963738,4,169,3,1
2023HU0963738,5,169,3,1
2023HU0963777,1,46,3,1
2023HU0963777,2,46,3,1
2023HU0963777,3,46,3,1
2023HU0963777,4,46,3,1
2023HU0963777,5,46,3,1
2023HU0963777,6,46,3,1
2023HU0963777,7,46,3,1
2023HU0963812,1,214,2,1
2023HU0963812,2,214,2,1
2023HU0963912,1,501,2,1
2023HU0963912,2,501,2,1
2023HU0964057,1,243,1,1
2023HU0964057,2,243,1,1
2023HU0964057,3,243,1,1
2023HU0964057,4,243,1,1
2023HU0964284,1,501,1,1
2023HU0964284,2,501,1,1
2023HU0964284,3,501,1,1
2023HU0964285,1,77,3,1
2023HU0964418,1,236,3,1
2023HU0964418,2,236,3,1
2023HU0964418,3,236,3,1
2023HU0964418,4,236,3,1
2023HU0964437,1,501,3,1
2023HU0964437,2,501,3,1
2023HU0964437,3,501,3,1
2023HU0964503,1,274,3,1
2023HU0964503,2,274,3,1
2023HU0964513,1,104,2,1
2023HU0964513,2,501,2,1
2023HU0964601,1,362,3,1
2023HU0964601,2,362,3,1
2023HU0964601,3,362,3,1
2023HU0964634,1,77,3,1
2023HU0964999,1,320,1,1
2023HU0964999,2,320,1,1
2023HU0964999,3,320,1,1
2023HU0964999,4,320,1,1
2023HU0965084,1,246,4,1
2023HU0965084,2,0,4,1
2023HU0965225,1,76,3,1
2023HU0965352,1,501,2,1
2023HU0965352,2,501,2,1
2023HU0965352,3,501,2,1
2023HU0965362,1,501,2,1
2023HU0965362,2,501,2,1
2023HU0965362,3,501,2,1
2023HU0965362,4,501,2,1
2023HU0965362,5,501,2,1
2023HU0965362,6,501,2,1
2023HU0965397,1,501,3,1
2023HU0965397,2,501,3,1
2023HU0965528,1,129,2,1
2023HU0966173,1,320,1,1
2023HU0966173,2,320,1,1
2023HU0966379,1,501,1,1
2023HU0966379,2,501,1,1
2023HU0966379,3,501,1,1
2023HU0966379,4,501,1,1
2023HU0966545,1,204,1,1
2023HU0966646,1,501,3,1
2023HU0966646,2,501,3,1
2023HU0966646,3,501,3,1
2023HU0966773,1,501,1,1
2023HU0966773,2,501,1,1
2023HU0966835,1,501,1,1
2023HU0966835,2,501,1,1
2023HU0966835,3,501,1,1
2023HU0966837,1,130,1,1
2023HU0966837,2,130,1,1
2023HU0966837,3,130,1,1
2023HU0967192,1,445,3,1
2023HU0967192,2,445,3,1
2023HU0967192,3,445,3,1
2023HU0967192,4,445,3,1
2023HU0967192,5,445,3,1
2023HU0967192,6,195,3,1
2023HU0967282,1,360,1,1
2023HU0967282,2,360,1,1
2023HU0967282,3,360,1,1
2023HU0967282,4,360,1,1
2023HU0967484,1,261,3,1
2023HU0967692,1,219,3,1
2023HU0967692,2,219,3,1
2023HU0967923,1,501,3,1
2023HU0967923,2,103,3,1
2023HU0967923,3,501,3,1
2023HU0968084,1,65,1,1
2023HU0968084,2,65,1,1
2023HU0968347,1,157,2,1
2023HU0968347,2,157,2,1
2023HU0968618,1,501,2,1
2023HU0968618,2,501,2,1
2023HU0968657,1,186,2,1
2023HU0968782,1,354,3,1
2023HU0968782,2,393,3,1
2023HU0968782,3,354,3,1
2023HU0968782,4,354,3,1
2023HU0968782,5,354,3,1
2023HU0969231,1,273,2,1
2023HU0969231,2,273,2,1
2023HU0969231,3,273,2,1
2023HU0969272,1,91,3,1
2023HU0969272,2,91,3,1
2023HU0969272,3,501,3,1
2023HU0969298,1,501,3,1
2023HU0969298,2,501,3,1
2023HU0969298,3,501,3,1
2023HU0969538,1,501,3,1
2023HU0969538,2,501,3,1
2023HU0969538,3,501,3,1
2023HU0969538,4,501,3,1
2023HU0969792,1,69,1,1
2023HU0969865,1,443,3,1
2023HU0969865,2,443,3,1
2023HU0969865,3,443,3,1
2023HU0969982,1,122,3,1
2023HU0969982,2,122,3,1
2023HU0969982,3,122,3,1
2023HU0969982,4,122,3,1
2023HU0969982,5,122,3,1
2023HU0970039,1,338,3,1
2023HU0970039,2,338,3,1
2023HU0970039,3,338,3,1
2023HU0970121,1,131,3,1
2023HU0970121,2,432,3,1
2023HU0970121,3,131,3,1
2023HU0970148,1,54,2,1
2023HU0970151,1,422,1,1
2023HU0970263,1,310,3,1
2023HU0970387,1,128,3,1
2023HU0970387,2,128,3,1
2023HU0970387,3,128,3,1
2023HU0970387,4,128,3,1
2023HU0970387,5,128,3,1
2023HU0970387,6,128,3,1
2023HU0970632,1,246,3,1
2023HU0970632,2,246,3,1
2023HU0970632,3,246,3,1
2023HU0970830,1,501,2,1
2023HU0970830,2,501,2,1
2023HU0970830,3,501,2,1
2023HU0970853,1,443,2,1
2023HU0971036,1,443,1,1
2023HU0971036,2,443,1,1
2023HU0971036,3,443,1,1
2023HU0971036,4,443,1,1
2023HU0971177,1,501,1,1
2023HU0971177,2,501,1,1
2023HU0971177,3,501,1,1
2023HU0971177,4,501,1,1
2023HU0971543,1,234,4,1
2023HU0971543,2,234,4,1
2023HU0971543,3,234,4,1
2023HU0971543,4,234,4,1
2023HU0971563,1,333,2,1
2023HU0971563,2,333,2,1
2023HU0971563,3,333,2,1
2023HU0971563,4,333,2,1
2023HU0971704,1,501,2,1
2023HU0971704,2,501,2,1
2023HU0971704,3,501,2,1
2023HU0971790,1,485,2,1
2023HU0971790,2,485,2,1
2023HU0971790,3,485,2,1
2023HU0971790,4,485,2,1
2023HU0971790,5,485,2,1
2023HU0971795,1,374,2,1
2023HU0971795,2,374,2,1
2023HU0971795,3,374,2,1
2023HU0971795,4,374,2,1
2023HU0971820,1,69,3,1
2023HU0972221,1,501,1,1
2023HU0972221,2,501,1,1
2023HU0972221,3,501,1,1
2023HU0972374,1,341,2,1
2023HU0972374,2,158,2,1
2023HU0972407,1,501,1,1
2023HU0972407,2,501,1,1
2023HU0972407,3,501,1,1
2023HU0972407,4,501,1,1
2023HU0972619,1,352,3,1
2023HU0972619,2,352,3,1
2023HU0972623,1,138,1,1
2023HU0972623,2,138,1,1
2023HU0972691,1,309,1,1
2023HU0972691,2,309,1,1
2023HU0972691,3,309,1,1
2023HU0972706,1,347,3,1
2023HU0972706,2,347,3,1
2023HU0972752,1,351,3,1
2023HU0972752,2,351,3,1
2023HU0972752,3,351,3,1
2023HU0972752,4,351,3,1
2023HU0972795,1,8,3,1
2023HU0972795,2,0,3,1
2023HU0972795,3,8,3,1
2023HU0972837,1,501,1,1
2023HU0973233,1,351,3,1
2023HU0973233,2,351,3,1
2023HU0973233,3,351,3,1
2023HU0973233,4,351,3,1
2023HU0973233,5,351,3,1
2023HU0973276,1,11,4,1
2023HU0973398,1,501,1,1
2023HU0973398,2,95,1,1
2023HU0973398,3,501,1,1
2023HU0973398,4,501,1,1
2023HU0973434,1,473,3,1
2023HU0973434,2,66,3,1
2023HU0973548,1,405,2,1
2023HU0973792,1,318,3,1
2023HU0973792,2,318,3,1
2023HU0973792,3,318,3,1
2023HU0973792,4,318,3,1
2023HU0973917,1,223,3,1
2023HU0973926,1,292,3,1
2023HU0974047,1,501,2,1
2023HU0974047,2,501,2,1
2023HU0974047,3,501,2,1
2023HU0974177,1,118,2,1
2023HU0974177,2,118,2,1
2023HU0974177,3,118,2,1
2023HU0974177,4,118,2,1
2023HU0974355,1,501,1,1
2023HU0974355,2,501,1,1
2023HU0974355,3,501,1,1
2023HU0974365,1,209,3,1
2023HU0974365,2,209,3,1
2023HU0974706,1,501,2,1
2023HU0974706,2,501,2,1
2023HU0975003,1,174,3,1
2023HU0975313,1,158,1,1
2023HU0975313,2,158,1,1
2023HU0975505,1,148,3,1
2023HU0975505,2,148,3,1
2023HU0975505,3,148,3,1
2023HU0975505,4,148,3,1
2023HU0975696,1,447,1,1
2023HU0975823,1,347,3,1
2023HU0975823,2,347,3,1
2023HU0975823,3,347,3,1
2023HU0975823,4,347,3,1
2023HU0975823,5,347,3,1
2023HU0975823,6,347,3,1
2023HU0975825,1,120,2,1
2023HU0975825,2,120,2,1
2023HU0975825,3,120,2,1
2023HU0976085,1,377,1,1
2023HU0976193,1,75,3,1
2023HU0976245,1,319,3,1
2023HU0976245,2,191,3,1
2023HU0976251,1,140,3,1
2023HU0976251,2,140,3,1
2023HU0976251,3,140,3,1
2023HU0976320,1,501,2,1
2023HU0976320,2,501,2,1
2023HU0976383,1,300,1,1
2023HU0976383,2,300,1,1
2023HU0976383,3,300,1,1
2023HU0976419,1,501,1,1
2023HU0976419,2,501,1,1
2023HU0976419,3,501,1,1
2023HU0976419,4,501,1,1
2023HU0976484,1,177,2,1
2023HU0976484,2,177,2,1
2023HU0976574,1,501,1,1
2023HU0976574,2,501,1,1
2023HU0976574,3,501,1,1
2023HU0976574,4,501,1,1
2023HU0976574,5,501,1,1
2023HU0976676,1,120,3,1
2023HU0976676,2,120,3,1
2023HU0976685,1,501,1,1
2023HU0976685,2,501,1,1
2023HU0976685,3,501,1,1
2023HU0976816,1,162,3,1
2023HU0977110,1,225,3,1
2023HU0977268,1,171,1,1
2023HU0977268,2,171,1,1
2023HU0977536,1,181,3,1
2023HU0977605,1,501,2,1
2023HU0977605,2,501,2,1
2023HU0977687,1,235,3,1
2023HU0977757,1,501,1,1
2023HU0977955,1,158,3,1
2023HU0977965,1,37,3,1
2023HU0978033,1,326,1,1
2023HU0978250,1,501,1,1
2023HU0978250,2,501,1,1
2023HU0978250,3,501,1,1
2023HU0978250,4,501,1,1
2023HU0978250,5,501,1,1
2023HU0978250,6,501,1,1
2023HU0978299,1,219,3,1
2023HU0978299,2,219,3,1
2023HU0978451,1,427,1,1
2023HU0978451,2,427,1,1
2023HU0978451,3,427,1,1
2023HU0978451,4,427,1,1
2023HU0978451,5,427,1,1
2023HU0978451,6,427,1,1
2023HU0978458,1,136,2,1
2023HU0978458,2,136,2,1
2023HU0978458,3,136,2,1
2023HU0978905,1,129,3,1
2023HU0979118,1,393,3,1
2023HU0979118,2,463,3,1
2023HU0979132,1,143,2,1
2023HU0979132,2,143,2,1
2023HU0979257,1,501,1,1
2023HU0979257,2,501,1,1
2023HU0979257,3,501,1,1
2023HU0979257,4,501,1,1
2023HU0979257,5,501,1,1
2023HU0979257,6,501,1,1
2023HU0979257,7,501,1,1
2023HU0979257,8,501,1,1
2023HU0979257,9,48,1,1
2023HU0979442,1,0,2,1
2023HU0979442,2,0,2,1
2023HU0979591,1,302,2,1
2023HU0979591,2,302,2,1
2023HU0979591,3,302,2,1
2023HU0979591,4,302,2,1
2023HU0979591,5,302,2,1
2023HU0979591,6,302,2,1
2023HU0979591,7,302,2,1
2023HU0979591,8,302,2,1
2023HU0979648,1,236,2,1
2023HU0979648,2,236,2,1
2023HU0979648,3,236,2,1
2023HU0979750,1,370,1,1
2023HU0979750,2,370,1,1
2023HU0979750,3,370,1,1
2023HU0979921,1,431,2,1
2023HU0979921,2,431,2,1
2023HU0979921,3,431,2,1
2023HU0979999,1,204,3,1
2023HU0979999,2,284,3,1
2023HU0979999,3,204,3,1
2023HU0979999,4,204,3,1
2023HU0980005,1,207,2,1
2023HU0980005,2,207,2,1
2023HU0980168,1,417,1,1
2023HU0980168,2,417,1,1
2023HU0980168,3,417,1,1
2023HU0980223,1,0,3,1
2023HU0980223,2,137,3,1
2023HU0980279,1,327,1,1
2023HU0980279,2,327,1,1
2023HU0980279,3,327,1,1
2023HU0980332,1,87,3,1
2023HU0980368,1,105,3,1
2023HU0980368,2,105,3,1
2023HU0980368,3,105,3,1
2023HU0980368,4,105,3,1
2023HU0980378,1,201,1,1
2023HU0980378,2,201,1,1
2023HU0980378,3,201,1,1
2023HU0980378,4,201,1,1
2023HU0980378,5,201,1,1
2023HU0980378,6,201,1,1
2023HU0980378,7,201,1,1
2023HU0980378,8,201,1,1
2023HU0980387,1,204,2,1
2023HU0980387,2,204,2,1
2023HU0980398,1,399,2,1
2023HU0980398,2,399,2,1
2023HU0980398,3,399,2,1
2023HU0980623,1,501,2,1
2023HU0980623,2,501,2,1
2023HU0980628,1,148,3,1
2023HU0980628,2,148,3,1
2023HU0980752,1,501,1,1
2023HU0980752,2,501,1,1
2023HU0980752,3,501,1,1
2023HU0981071,1,501,2,1
2023HU0981071,2,501,2,1
2023HU0981095,1,81,2,1
2023HU0981285,1,181,1,1
2023HU0981285,2,181,1,1
2023HU0981285,3,181,1,1
2023HU0981285,4,181,1,1
2023HU0981554,1,501,2,1
2023HU0981554,2,501,2,1
2023HU0981554,3,501,2,1
2023HU0981597,1,163,2,1
2023HU0981597,2,163,2,1
2023HU0981597,3,163,2,1
2023HU0981597,4,163,2,1
2023HU0981597,5,163,2,1
2023HU0981597,6,163,2,1
2023HU0981605,1,501,2,1
2023HU0981605,2,501,2,1
2023HU0981770,1,501,1,1
2023HU0981770,2,487,1,1
2023HU0981874,1,256,1,1
2023HU0981874,2,256,1,1
2023HU0981913,1,196,2,1
2023HU0981913,2,196,2,1
2023HU0981913,3,196,2,1
2023HU0981950,1,37,2,1
2023HU0981951,1,461,3,1
2023HU0981964,1,318,3,1
2023HU0982150,1,291,1,1
2023HU0982150,2,291,1,1
2023HU0982150,3,291,1,1
2023HU0982150,4,291,1,1
2023HU0982150,5,291,1,1
2023HU0982287,1,413,3,1
2023HU0982627,1,0,2,1
2023HU0982627,2,0,2,1
2023HU0983153,1,102,3,1
2023HU0983153,2,102,3,1
2023HU0983194,1,8,1,1
2023HU0983194,2,8,1,1
2023HU0983194,3,8,1,1
2023HU0983228,1,239,3,1
2023HU0983228,2,239,3,1
2023HU0983655,1,78,1,1
2023HU0983655,2,78,1,1
2023HU0983655,3,78,1,1
2023HU0983655,4,78,1,1
2023HU0984340,1,340,1,1
2023HU0984625,1,114,3,1
2023HU0984625,2,114,3,1
2023HU0985004,1,501,1,1
2023HU0985004,2,501,1,1
2023HU0985004,3,501,1,1
2023HU0985076,1,121,3,1
2023HU0985076,2,121,3,1
2023HU0985095,1,213,2,1
2023HU0985119,1,501,3,1
2023HU0985341,1,83,2,1
2023HU0985456,1,28,3,1
2023HU0985779,1,501,2,1
2023HU0985963,1,501,1,1
2023HU0985963,2,501,1,1
2023HU0985981,1,232,2,1
2023HU0985981,2,232,2,1
2023HU0985981,3,232,2,1
2023HU0985981,4,232,2,1
2023HU0985981,5,232,2,1
2023HU0985981,6,232,2,1
2023HU0985981,7,232,2,1
2023HU0986105,1,501,1,1
2023HU0986105,2,501,1,1
2023HU0986105,3,501,1,1
2023HU0986105,4,501,1,1
2023HU0986140,1,79,3,1
2023HU0986254,1,501,2,1
2023HU0986254,2,501,2,1
2023HU0986254,3,501,2,1
2023HU0986254,4,501,2,1
2023HU0986254,5,501,2,1
2023HU0986254,6,501,2,1
2023HU0986271,1,501,2,1
2023HU0986416,1,79,3,1
2023HU0986416,2,79,3,1
2023HU0986425,1,195,3,1
2023HU0986425,2,260,3,1
2023HU0986582,1,369,1,1
2023HU0986582,2,369,1,1
2023HU0986582,3,369,1,1
2023HU0986582,4,369,1,1
2023HU0986582,5,369,1,1
2023HU0986689,1,252,3,1
2023HU0986689,2,252,3,1
2023HU0986689,3,252,3,1
2023HU0986689,4,252,3,1
2023HU0986853,1,250,1,1
2023HU0986903,1,150,1,1
2023HU0986903,2,259,1,1
2023HU0986933,1,38,3,1
2023HU0986991,1,62,2,1
2023HU0986991,2,0,2,1
2023HU0987158,1,199,3,1
2023HU0987158,2,199,3,1
2023HU0987158,3,199,3,1
2023HU0987158,4,255,3,1
2023HU0987165,1,501,1,1
2023HU0987165,2,501,1,1
2023HU0987165,3,501,1,1
2023HU0987424,1,293,3,1
2023HU0987424,2,293,3,1
2023HU0987424,3,293,3,1
2023HU0987424,4,293,3,1
2023HU0987424,5,67,3,1
2023HU0987424,6,190,3,1
2023HU0987465,1,501,1,1
2023HU0987465,2,501,1,1
2023HU0987465,3,501,1,1
2023HU0987465,4,501,1,1
2023HU0987756,1,501,1,1
2023HU0987756,2,501,1,1
2023HU0987756,3,215,1,1
2023HU0987757,1,501,3,1
2023HU0987757,2,501,3,1
2023HU0987757,3,501,3,1
2023HU0987757,4,501,3,1
2023HU0987848,1,132,2,1
2023HU0987893,1,138,3,1
2023HU0988219,1,398,1,1
2023HU0988314,1,501,2,1
2023HU0988314,2,501,2,1
2023HU0988442,1,501,3,1
2023HU0988509,1,215,3,1
2023HU0988597,1,501,1,1
2023HU0988597,2,501,1,1
2023HU0988597,3,501,1,1
2023HU0988670,1,104,3,1
2023HU0988670,2,104,3,1
2023HU0988684,1,89,3,1
2023HU0988709,1,188,3,1
2023HU0988709,2,188,3,1
2023HU0988709,3,71,3,1
2023HU0988745,1,478,1,1
2023HU0988745,2,478,1,1
2023HU0988765,1,501,2,1
2023HU0988765,2,501,2,1
2023HU0988765,3,501,2,1
2023HU0988765,4,501,2,1
2023HU0988812,1,57,3,1
2023HU0989196,1,226,3,1
2023HU0989306,1,189,3,1
2023HU0989306,2,411,3,1
2023HU0989581,1,300,2,1
2023HU0989581,2,300,2,1
2023HU0989581,3,300,2,1
2023HU0989581,4,300,2,1
2023HU0989581,5,300,2,1
2023HU0989581,6,300,2,1
2023HU0989738,1,450,3,1
2023HU0989977,1,105,2,1
2023HU0989977,2,105,2,1
2023HU0990160,1,110,1,1
2023HU0990160,2,110,1,1
2023HU0990160,3,110,1,1
2023HU0990542,1,501,3,1
2023HU0990542,2,501,3,1
2023HU0990876,1,501,1,1
2023HU0990876,2,501,1,1
2023HU0990876,3,501,1,1
2023HU0990876,4,501,1,1
2023HU0991314,1,307,1,1
2023HU0991314,2,307,1,1
2023HU0991314,3,307,1,1
2023HU0991314,4,307,1,1
2023HU0991367,1,14,3,1
2023HU0991367,2,14,3,1
2023HU0991367,3,14,3,1
2023HU0991437,1,76,1,1
2023HU0991437,2,76,1,1
2023HU0991437,3,76,1,1
2023HU0991437,4,76,1,1
2023HU0991437,5,501,1,1
2023HU0991452,1,501,2,1
2023HU0991452,2,501,2,1
2023HU0991452,3,501,2,1
2023HU0991495,1,323,2,1
2023HU0991495,2,36,2,1
2023HU0991519,1,501,2,1
2023HU0991576,1,197,3,1
2023HU0991576,2,197,3,1
2023HU0991791,1,331,1,1
2023HU0991791,2,195,1,1
2023HU0991853,1,501,1,1
2023HU0991853,2,501,1,1
2023HU0991869,1,501,1,1
2023HU0991869,2,501,1,1
2023HU0991869,3,501,1,1
2023HU0991950,1,257,3,1
2023HU0991950,2,257,3,1
2023HU0991950,3,257,3,1
2023HU0992030,1,501,2,1
2023HU0992030,2,501,2,1
2023HU0992030,3,501,2,1
2023HU0992331,1,91,3,1
2023HU0992331,2,91,3,1
2023HU0992331,3,91,3,1
2023HU0992331,4,322,3,1
2023HU0992358,1,431,1,1
2023HU0992358,2,431,1,1
2023HU0992378,1,149,3,1
2023HU0992378,2,149,3,1
2023HU0992428,1,481,1,1
2023HU0992428,2,481,1,1
2023HU0992428,3,481,1,1
2023HU0992428,4,481,1,1
2023HU0992570,1,501,3,1
2023HU0992864,1,501,1,1
2023HU0992864,2,501,1,1
2023HU0992864,3,501,1,1
2023HU0992926,1,328,1,1
2023HU0992999,1,466,2,1
2023HU0992999,2,445,2,1
2023HU0992999,3,466,2,1
2023HU0992999,4,466,2,1
2023HU0992999,5,466,2,1
2023HU0993397,1,379,2,1
2023HU0993397,2,379,2,1
2023HU0993589,1,466,1,1
2023HU0993649,1,30,3,1
2023HU0993824,1,501,1,1
2023HU0993824,2,501,1,1
2023HU0993824,3,501,1,1
2023HU0993824,4,501,1,1
2023HU0994000,1,214,2,1
2023HU0994000,2,214,2,1
2023HU0994002,1,501,1,1
2023HU0994002,2,501,1,1
2023HU0994002,3,501,1,1
2023HU0994002,4,501,1,1
2023HU0994088,1,47,1,1
2023HU0994088,2,47,1,1
2023HU0994186,1,501,1,1
2023HU0994186,2,501,1,1
2023HU0994186,3,501,1,1
2023HU0994186,4,501,1,1
2023HU0994186,5,501,1,1
2023HU0994186,6,501,1,1
2023HU0994199,1,501,2,1
2023HU0994199,2,501,2,1
2023HU0994471,1,205,3,1
2023HU0994471,2,205,3,1
2023HU0994471,3,205,3,1
2023HU0994489,1,187,3,1
2023HU0994489,2,187,3,1
2023HU0994489,3,187,3,1
2023HU0994489,4,187,3,1
2023HU0994489,5,187,3,1
2023HU0994522,1,298,1,1
2023HU0994522,2,304,1,1
2023HU0994522,3,298,1,1
2023HU0994522,4,298,1,1
2023HU0994527,1,122,2,1
2023HU0994527,2,122,2,1
2023HU0994534,1,400,1,1
2023HU0994534,2,400,1,1
2023HU0994534,3,400,1,1
2023HU0994534,4,400,1,1
2023HU0994959,1,216,2,1
2023HU0995158,1,295,3,1
2023HU0995554,1,449,3,1
2023HU0995666,1,78,3,1
2023HU0996034,1,115,3,1
2023HU0996034,2,115,3,1
2023HU0996034,3,115,3,1
2023HU0996069,1,0,3,1
2023HU0996349,1,246,3,1
2023HU0996349,2,246,3,1
2023HU0996349,3,246,3,1
2023HU0996580,1,501,2,1
2023HU0996580,2,333,2,1
2023HU0997149,1,501,1,1
2023HU0997149,2,501,1,1
2023HU0997149,3,501,1,1
2023HU0997276,1,244,1,1
2023HU0997276,2,244,1,1
2023HU0997276,3,244,1,1
2023HU0997276,4,244,1,1
2023HU0997276,5,244,1,1
2023HU0997314,1,501,3,1
2023HU0997314,2,501,3,1
2023HU0997679,1,21,3,1
2023HU0997679,2,21,3,1
2023HU0997679,3,21,3,1
2023HU0997679,4,21,3,1
2023HU0997679,5,21,3,1
2023HU0997679,6,21,3,1
2023HU0997679,7,21,3,1
2023HU0997890,1,83,1,1
2023HU0997936,1,415,1,1
2023HU0997936,2,415,1,1
2023HU0997936,3,415,1,1
2023HU0997936,4,415,1,1
2023HU0997936,5,415,1,1
2023HU0997973,1,112,3,1
2023HU0997973,2,112,3,1
2023HU0998179,1,256,2,1
2023HU0998179,2,256,2,1
2023HU0998363,1,361,1,1
2023HU0998363,2,361,1,1
2023HU0998398,1,173,3,1
2023HU0998422,1,370,1,1
2023HU0998422,2,370,1,1
2023HU0998422,3,370,1,1
2023HU0998422,4,370,1,1
2023HU0998539,1,211,2,1
2023HU0998689,1,381,2,1
2023HU0998689,2,381,2,1
2023HU0998782,1,501,2,1
2023HU0998782,2,501,2,1
2023HU0998927,1,248,2,1
2023HU0998927,2,248,2,1
2023HU0999108,1,501,1,1
2023HU0999108,2,501,1,1
2023HU0999108,3,501,1,1
2023HU0999245,1,168,3,1
2023HU0999245,2,168,3,1
2023HU0999245,3,168,3,1
2023HU0999245,4,168,3,1
2023HU0999245,5,168,3,1
2023HU0999245,6,168,3,1
2023HU0999277,1,501,2,1
2023HU0999277,2,501,2,1
2023HU0999325,1,501,2,1
2023HU0999325,2,501,2,1
2023HU0999602,1,164,3,1
2023HU0999796,1,0,3,1
2023HU0999796,2,0,3,1
2023HU0999796,3,0,3,1
2023HU0999796,4,0,3,1
2023HU0999933,1,7,3,1
2023HU0999998,1,501,1,1
2023HU1000135,1,340,1,1
2023HU1000261,1,442,1,1
2023HU1000261,2,63,1,1
2023HU1000261,3,442,1,1
2023HU1000271,1,216,2,1
2023HU1000271,2,264,2,1
2023HU1000364,1,424,1,1
2023HU1000492,1,501,1,1
2023HU1000492,2,501,1,1
2023HU1000492,3,501,1,1
2023HU1000492,4,501,1,1
2023HU1000901,1,501,2,1
2023HU1000901,2,501,2,1
2023HU1000901,3,501,2,1
2023HU1000901,4,501,2,1
2023HU1000916,1,159,3,1
2023HU1000916,2,159,3,1
2023HU1000916,3,159,3,1
2023HU1000916,4,159,3,1
2023HU1000962,1,501,2,1
2023HU1000962,2,501,2,1
2023HU1000978,1,79,3,1
2023HU1001416,1,501,1,1
2023HU1001416,2,501,1,1
2023HU1001416,3,501,1,1
2023HU1001416,4,501,1,1
2023HU1001416,5,501,1,1
2023HU1001497,1,99,2,1
2023HU1001606,1,501,2,1
2023HU1001606,2,501,2,1
2023HU1001606,3,501,2,1
2023HU1001606,4,501,2,1
2023HU1001684,1,184,2,1
2023HU1001684,2,184,2,1
2023HU1001709,1,263,3,1
2023HU1001709,2,263,3,1
2023HU1001770,1,0,3,1
2023HU1001770,2,0,3,1
2023HU1001924,1,445,1,1
2023HU1001924,2,445,1,1
2023HU1002178,1,501,2,1
2023HU1002178,2,501,2,1
2023HU1002327,1,396,1,1
2023HU1002327,2,396,1,1
2023HU1002427,1,501,3,1
2023HU1002427,2,501,3,1
2023HU1002618,1,282,2,1
2023HU1002618,2,282,2,1
2023HU1002618,3,282,2,1
2023HU1002642,1,124,1,1
2023HU1002642,2,124,1,1
2023HU1002642,3,124,1,1
2023HU1002642,4,192,1,1
2023HU1002642,5,115,1,1
2023HU1003111,1,183,2,1
2023HU1003111,2,183,2,1
2023HU1003167,1,463,1,1
2023HU1003167,2,463,1,1
2023HU1003167,3,463,1,1
2023HU1003167,4,463,1,1
2023HU1003167,5,120,1,1
2023HU1003196,1,501,2,1
2023HU1003196,2,501,2,1
2023HU1003240,1,478,3,1
2023HU1003240,2,68,3,1
2023HU1003271,1,259,3,1
2023HU1003597,1,501,1,1
2023HU1003597,2,501,1,1
2023HU1003597,3,501,1,1
2023HU1003597,4,501,1,1
2023HU1004111,1,283,1,1
2023HU1004111,2,283,1,1
2023HU1004111,3,283,1,1
2023HU1004111,4,283,1,1
2023HU1004261,1,392,1,1
2023HU1004261,2,392,1,1
2023HU1004261,3,392,1,1
2023HU1004261,4,392,1,1
2023HU1004419,1,501,2,1
2023HU1004419,2,194,2,1
2023HU1004744,1,146,3,1
2023HU1004983,1,501,1,1
2023HU1005116,1,195,2,1
2023HU1005175,1,399,2,1
2023HU1005175,2,399,2,1
2023HU1005175,3,399,2,1
2023HU1005175,4,399,2,1
2023HU1005175,5,399,2,1
2023HU1005175,6,399,2,1
2023HU1005175,7,105,2,1
2023HU1005440,1,451,1,1
2023HU1005440,2,451,1,1
2023HU1005893,1,501,3,1
2023HU1005893,2,501,3,1
2023HU1006032,1,501,1,1
2023HU1006032,2,501,1,1
2023HU1006032,3,501,1,1
2023HU1006381,1,501,3,1
2023HU1006390,1,78,3,1
2023HU1006400,1,310,3,1
2023HU1006400,2,310,3,1
2023HU1006400,3,310,3,1
2023HU1006400,4,310,3,1
2023HU1006759,1,337,3,1
2023HU1006759,2,337,3,1
2023HU1006759,3,337,3,1
2023HU1006806,1,444,1,1
2023HU1006806,2,166,1,1
2023HU1006806,3,444,1,1
2023HU1006806,4,444,1,1
2023HU1006806,5,444,1,1
2023HU1007084,1,133,1,1
2023HU1007084,2,133,1,1
2023HU1007084,3,133,1,1
2023HU1007084,4,133,1,1
2023HU1007096,1,501,2,1
2023HU1007096,2,501,2,1
2023HU1007096,3,501,2,1
2023HU1007173,1,459,2,1
2023HU1007173,2,459,2,1
2023HU1007406,1,497,2,1
2023HU1007406,2,497,2,1
2023HU1007690,1,404,2,1
2023HU1007690,2,404,2,1
2023HU1007690,3,404,2,1
2023HU1007690,4,404,2,1
2023HU1007902,1,183,3,1
2023HU1007902,2,183,3,1
2023HU1007902,3,183,3,1
2023HU1007902,4,183,3,1
2023HU1007932,1,501,2,1
2023HU1008663,1,501,2,1
2023HU1009067,1,334,3,1
2023HU1009067,2,334,3,1
2023HU1009572,1,111,2,1
2023HU1009572,2,110,2,1
2023HU1009626,1,501,2,1
2023HU1009626,2,501,2,1
2023HU1009659,1,199,1,1
2023HU1009659,2,199,1,1
2023HU1009760,1,169,3,1
2023HU1009760,2,157,3,1
2023HU1009760,3,169,3,1
2023HU1009760,4,169,3,1
2023HU1009785,1,283,1,1
2023HU1009785,2,283,1,1
2023HU1009785,3,283,1,1
2023HU1009785,4,283,1,1
2023HU1009785,5,283,1,1
2023HU1009785,6,283,1,1
2023HU1009785,7,283,1,1
2023HU1009921,1,359,3,1
2023HU1009921,2,359,3,1
2023HU1009921,3,359,3,1
2023HU1010050,1,501,1,1
2023HU1010050,2,501,1,1
2023HU1010050,3,501,1,1
2023HU1010050,4,501,1,1
2023HU1010050,5,501,1,1
2023HU1010094,1,501,1,1
2023HU1010094,2,501,1,1
2023HU1010094,3,501,1,1
2023HU1010245,1,501,1,1
2023HU1010245,2,501,1,1
2023HU1010245,3,501,1,1
2023HU1010245,4,501,1,1
2023HU1010577,1,501,2,1
2023HU1010577,2,501,2,1
2023HU1010577,3,501,2,1
2023HU1010585,1,218,1,1
2023HU1010689,1,77,4,1
2023HU1010844,1,501,1,1
2023HU1011043,1,159,2,1
2023HU1011043,2,159,2,1
2023HU1011269,1,205,3,1
2023HU1011394,1,234,3,1
2023HU1011394,2,234,3,1
2023HU1011394,3,234,3,1
2023HU1011394,4,234,3,1
2023HU1011463,1,501,2,1
2023HU1011463,2,501,2,1
2023HU1011489,1,501,1,1
2023HU1011489,2,501,1,1
2023HU1011489,3,501,1,1
2023HU1011489,4,501,1,1
2023HU1011888,1,501,2,1
2023HU1011888,2,501,2,1
2023HU1011888,3,501,2,1
2023HU1011995,1,466,3,1
2023HU1012065,1,126,2,1
2023HU1012065,2,126,2,1
2023HU1012065,3,79,2,1
2023HU1012071,1,405,2,1
2023HU1012071,2,405,2,1
2023HU1012071,3,405,2,1
2023HU1012075,1,143,3,1
2023HU1012075,2,143,3,1
2023HU1012075,3,143,3,1
2023HU1012075,4,143,3,1
2023HU1012086,1,501,3,1
2023HU1012508,1,84,3,1
2023HU1012599,1,501,1,1
2023HU1012599,2,501,1,1
2023HU1012599,3,501,1,1
2023HU1012672,1,72,3,1
2023HU1012685,1,142,3,1
2023HU1012686,1,394,3,1
2023HU1012686,2,361,3,1
2023HU1012686,3,361,3,1
2023HU1012828,1,391,2,1
2023HU1012828,2,391,2,1
2023HU1012828,3,391,2,1
2023HU1012828,4,391,2,1
2023HU1013017,1,407,3,1
2023HU1013017,2,407,3,1
2023HU1013031,1,70,3,1
2023HU1013069,1,63,2,1
2023HU1013069,2,63,2,1
2023HU1013116,1,501,2,1
2023HU1013116,2,501,2,1
2023HU1013116,3,501,2,1
2023HU1013116,4,501,2,1
2023HU1013323,1,501,2,1
2023HU1013510,1,501,2,1
2023HU1013510,2,501,2,1
2023HU1013536,1,501,2,1
2023HU1013536,2,501,2,1
2023HU1013536,3,501,2,1
2023HU1013679,1,501,2,1
2023HU1013679,2,501,2,1
2023HU1013712,1,279,2,1
2023HU1013716,1,322,1,1
2023HU1013716,2,322,1,1
2023HU1013926,1,417,1,1
2023HU1013926,2,417,1,1
2023HU1013926,3,417,1,1
2023HU1013926,4,417,1,1
2023HU1013926,5,417,1,1
2023HU1013926,6,417,1,1
2023HU1013926,7,417,1,1
2023HU1013926,8,417,1,1
2023HU1013926,9,417,1,1
2023HU1013926,10,226,1,1
2023HU1013973,1,366,2,1
2023HU1013973,2,366,2,1
2023HU1013973,3,366,2,1
2023HU1013975,1,501,1,1
2023HU1013975,2,501,1,1
2023HU1014263,1,385,1,1
2023HU1014263,2,385,1,1
2023HU1014263,3,385,1,1
2023HU1014342,1,472,2,1
2023HU1014342,2,472,2,1
2023HU1014342,3,472,2,1
2023HU1014342,4,472,2,1
2023HU1014342,5,472,2,1
2023HU1014342,6,472,2,1
2023HU1014342,7,,2,1
2023HU1014342,8,,2,1
2023HU1014515,1,76,3,1
2023HU1014534,1,501,2,1
2023HU1014534,2,501,2,1
2023HU1014601,1,466,2,1
2023HU1014601,2,466,2,1
2023HU1014663,1,501,2,1
2023HU1014663,2,245,2,1
2023HU1014670,1,11,3,1
2023HU1014678,1,501,2,1
2023HU1014678,2,501,2,1
2023HU1014790,1,408,3,1
2023HU1014790,2,113,3,1
2023HU1014790,3,221,3,1
2023HU1014836,1,501,2,1
2023HU1014836,2,501,2,1
2023HU1014855,1,0,3,1
2023HU1014855,2,0,3,1
2023HU1014855,3,0,3,1
2023HU1015069,1,111,2,1
2023HU1015069,2,111,2,1
2023HU1015097,1,501,2,1
2023HU1015133,1,186,2,1
2023HU1015133,2,186,2,1
2023HU1015133,3,186,2,1
2023HU1015133,4,186,2,1
2023HU1015159,1,501,3,1
2023HU1015163,1,331,2,1
2023HU1015284,1,399,3,1
2023HU1015284,2,399,3,1
2023HU1015573,1,329,1,1
2023HU1015573,2,329,1,1
2023HU1015573,3,329,1,1
2023HU1015573,4,329,1,1
2023HU1015573,5,329,1,1
2023HU1015575,1,59,3,1
2023HU1015597,1,418,2,1
2023HU1015597,2,418,2,1
2023HU1015597,3,418,2,1
2023HU1015618,1,107,2,1
2023HU1015618,2,107,2,1
2023HU1015618,3,107,2,1
2023HU1015618,4,436,2,1
2023HU1015735,1,501,3,1
2023HU1015735,2,501,3,1
2023HU1015739,1,501,1,1
2023HU1015739,2,501,1,1
2023HU1015739,3,501,1,1
2023HU1015739,4,501,1,1
2023HU1016006,1,501,2,1
2023HU1016006,2,501,2,1
2023HU1016006,3,501,2,1
2023HU1016226,1,95,3,1
2023HU1016226,2,75,3,1
2023HU1016226,3,95,3,1
2023HU1016368,1,205,3,1
2023HU1016368,2,205,3,1
2023HU1016368,3,205,3,1
2023HU1016572,1,115,3,1
2023HU1016581,1,160,3,1
2023HU1016581,2,160,3,1
2023HU1016581,3,160,3,1
2023HU1016581,4,160,3,1
2023HU1016649,1,220,1,1
2023HU1016649,2,220,1,1
2023HU1016855,1,353,3,1
2023HU1016855,2,353,3,1
2023HU1016882,1,29,4,1
2023HU1016882,2,29,4,1
2023HU1016882,3,29,4,1
2023HU1016882,4,29,4,1
2023HU1016986,1,265,2,1
2023HU1016986,2,265,2,1
2023HU1016986,3,265,2,1
2023HU1016986,4,265,2,1
2023HU1017203,1,368,3,1
2023HU1017203,2,368,3,1
2023HU1017465,1,501,1,1
2023HU1017465,2,501,1,1
2023HU1017465,3,501,1,1
2023HU1017740,1,501,2,1
2023HU1017740,2,501,2,1
2023HU1017740,3,501,2,1
2023HU1017740,4,501,2,1
2023HU1017995,1,27,3,1
2023HU1017995,2,27,3,1
2023HU1018154,1,310,1,1
2023HU1018154,2,310,1,1
2023HU1018154,3,310,1,1
2023HU1018407,1,287,3,1
2023HU1018407,2,267,3,1
2023HU1018488,1,269,1,1
2023HU1018637,1,356,2,1
2023HU1018637,2,356,2,1
2023HU1018637,3,356,2,1
2023HU1018733,1,501,3,1
2023HU1018733,2,501,3,1
2023HU1018733,3,501,3,1
2023HU1018733,4,501,3,1
2023HU1018861,1,134,2,1
2023HU1019102,1,435,1,1
2023HU1019102,2,435,1,1
2023HU1019102,3,435,1,1
2023HU1019102,4,435,1,1
2023HU1019102,5,435,1,1
2023HU1019102,6,435,1,1
2023HU1019532,1,215,1,1
2023HU1019532,2,215,1,1
2023HU1019532,3,215,1,1
2023HU1019640,1,338,3,1
2023HU1019640,2,338,3,1
2023HU1019746,1,307,2,1
2023HU1019746,2,307,2,1
2023HU1020032,1,286,2,1
2023HU1020032,2,286,2,1
2023HU1020032,3,286,2,1
2023HU1020032,4,47,2,1
2023HU1020032,5,47,2,1
2023HU1020117,1,0,4,1
2023HU1020117,2,195,4,1
2023HU1020181,1,57,3,1
2023HU1020181,2,57,3,1
2023HU1020285,1,148,3,1
2023HU1020285,2,148,3,1
2023HU1020477,1,102,1,1
2023HU1020477,2,102,1,1
2023HU1020486,1,263,3,1
2023HU1020486,2,263,3,1
2023HU1020486,3,263,3,1
2023HU1020669,1,229,1,1
2023HU1020669,2,229,1,1
2023HU1020834,1,354,1,1
2023HU1020834,2,354,1,1
2023HU1020834,3,354,1,1
2023HU1020834,4,354,1,1
2023HU1020895,1,501,2,1
2023HU1020895,2,501,2,1
2023HU1020895,3,501,2,1
2023HU1020977,1,320,3,1
2023HU1020977,2,320,3,1
2023HU1021631,1,271,3,1
2023HU1021631,2,271,3,1
2023HU1021971,1,357,3,1
2023HU1021971,2,357,3,1
2023HU1021971,3,357,3,1
2023HU1021997,1,501,1,1
2023HU1021997,2,501,1,1
2023HU1022134,1,133,2,1
2023HU1022134,2,133,2,1
2023HU1022134,3,133,2,1
2023HU1022134,4,133,2,1
2023HU1022416,1,381,2,1
2023HU1022416,2,381,2,1
2023HU1022562,1,372,1,1
2023HU1022562,2,372,1,1
2023HU1022570,1,501,2,1
2023HU1022570,2,501,2,1
2023HU1022589,1,444,1,1
2023HU1022589,2,0,1,1
2023HU1022646,1,54,2,1
2023HU1022646,2,54,2,1
2023HU1023051,1,292,1,1
2023HU1023051,2,292,1,1
2023HU1023088,1,501,1,1
2023HU1023088,2,501,1,1
2023HU1023088,3,501,1,1
2023HU1023304,1,501,1,1
2023HU1023304,2,501,1,1
2023HU1023304,3,501,1,1
2023HU1023304,4,501,1,1
2023HU1023436,1,144,3,1
2023HU1023791,1,247,3,1
2023HU1023791,2,247,3,1
2023HU1024194,1,168,2,1
2023HU1024388,1,501,2,1
2023HU1024388,2,501,2,1
2023HU1024388,3,501,2,1
2023HU1024388,4,501,2,1
2023HU1024523,1,501,1,1
2023HU1024523,2,501,1,1
2023HU1024523,3,501,1,1
2023HU1024523,4,501,1,1
2023HU1024523,5,501,1,1
2023HU1024523,6,501,1,1
2023HU1024523,7,501,1,1
2023HU1024559,1,501,2,1
2023HU1024559,2,501,2,1
2023HU1024644,1,328,3,1
2023HU1024758,1,501,2,1
2023HU1024968,1,501,2,1
2023HU1024968,2,501,2,1
2023HU1024968,3,501,2,1
2023HU1025044,1,501,3,1
2023HU1025316,1,200,2,1
2023HU1025316,2,200,2,1
2023HU1025316,3,200,2,1
2023HU1025316,4,200,2,1
2023HU1025628,1,501,2,1
2023HU1025628,2,501,2,1
2023HU1025853,1,501,1,1
2023HU1025853,2,501,1,1
2023HU1025853,3,501,1,1
2023HU1025889,1,190,2,1
2023HU1025916,1,80,1,1
2023HU1025916,2,80,1,1
2023HU1026023,1,77,3,1
2023HU1026106,1,231,2,1
2023HU1026106,2,231,2,1
2023HU1026106,3,231,2,1
2023HU1026106,4,231,2,1
2023HU1026106,5,231,2,1
2023HU1026115,1,501,2,1
2023HU1026297,1,501,1,1
2023HU1026297,2,501,1,1
2023HU1026431,1,153,2,1
2023HU1026431,2,153,2,1
2023HU1026431,3,153,2,1
2023HU1026431,4,153,2,1
2023HU1026512,1,501,1,1
2023HU1026512,2,501,1,1
2023HU1026512,3,501,1,1
2023HU1026512,4,76,1,1
2023HU1026593,1,501,1,1
2023HU1026600,1,181,2,1
2023HU1026600,2,84,2,1
2023HU1026600,3,0,2,1
2023HU1026849,1,197,1,1
2023HU1026849,2,197,1,1
2023HU1026849,3,197,1,1
2023HU1026849,4,197,1,1
2023HU1026874,1,256,2,1
2023HU1026874,2,256,2,1
2023HU1026941,1,501,1,1
2023HU1026941,2,501,1,1
2023HU1026941,3,501,1,1
2023HU1026961,1,501,1,1
2023HU1026961,2,501,1,1
2023HU1026961,3,501,1,1
2023HU1027113,1,276,1,1
2023HU1027113,2,276,1,1
2023HU1027113,3,276,1,1
2023HU1027211,1,196,1,1
2023HU1027211,2,196,1,1
2023HU1027211,3,196,1,1
2023HU1027366,1,501,2,1
2023HU1027366,2,501,2,1
2023HU1027366,3,501,2,1
2023HU1027500,1,471,1,1
2023HU1027500,2,471,1,1
2023HU1027500,3,471,1,1
2023HU1027500,4,471,1,1
2023HU1027500,5,471,1,1
2023HU1027500,6,471,1,1
2023HU1027548,1,494,1,1
2023HU1027548,2,494,1,1
2023HU1027548,3,494,1,1
2023HU1027616,1,285,3,1
2023HU1027616,2,501,3,1
2023HU1027769,1,283,3,1
2023HU1027769,2,283,3,1
2023HU1027769,3,283,3,1
2023HU1027893,1,180,3,1
2023HU1027893,2,180,3,1
2023HU1027893,3,180,3,1
2023HU1027967,1,479,1,1
2023HU1027967,2,479,1,1
2023HU1027967,3,479,1,1
2023HU1027967,4,479,1,1
2023HU1027967,5,479,1,1
2023HU1027967,6,479,1,1
2023HU1028070,1,194,3,1
2023HU1028070,2,194,3,1
2023HU1028070,3,194,3,1
2023HU1028070,4,194,3,1
2023HU1028078,1,501,3,1
2023HU1028078,2,501,3,1
2023HU1028078,3,501,3,1
2023HU1028204,1,202,3,1
2023HU1028204,2,202,3,1
2023HU1028204,3,202,3,1
2023HU1028486,1,501,3,1
2023HU1028486,2,501,3,1
2023HU1028648,1,501,1,1
2023HU1028648,2,501,1,1
2023HU1028648,3,501,1,1
2023HU1028648,4,501,1,1
2023HU1028648,5,501,1,1
2023HU1029515,1,95,2,1
2023HU1029515,2,95,2,1
2023HU1029515,3,95,2,1
2023HU1029515,4,95,2,1
2023HU1029515,5,95,2,1
2023HU1029519,1,139,3,1
2023HU1029519,2,139,3,1
2023HU1029519,3,139,3,1
2023HU1029519,4,139,3,1
2023HU1029519,5,139,3,1
2023HU1029800,1,232,2,1
2023HU1029972,1,182,2,1
2023HU1029972,2,182,2,1
2023HU1029972,3,182,2,1
2023HU1029972,4,182,2,1
2023HU1029972,5,182,2,1
2023HU1029972,6,182,2,1
2023HU1029972,7,182,2,1
2023HU1029972,8,182,2,1
2023HU1029972,9,182,2,1
2023HU1030000,1,501,1,1
2023HU1030000,2,501,1,1
2023HU1030000,3,501,1,1
2023HU1030000,4,501,1,1
2023HU1030133,1,473,3,1
2023HU1030171,1,353,1,1
2023HU1030171,2,353,1,1
2023HU1030171,3,353,1,1
2023HU1030563,1,277,1,1
2023HU1030563,2,277,1,1
2023HU1030563,3,277,1,1
2023HU1030563,4,277,1,1
2023HU1030563,5,277,1,1
2023HU1030634,1,298,1,1
2023HU1030634,2,298,1,1
2023HU1030634,3,298,1,1
2023HU1030634,4,298,1,1
2023HU1030673,1,501,1,1
2023HU1030673,2,501,1,1
2023HU1030673,3,501,1,1
2023HU1030673,4,501,1,1
2023HU1030758,1,440,1,1
2023HU1030758,2,440,1,1
2023HU1030758,3,440,1,1
2023HU1030758,4,440,1,1
2023HU1030758,5,440,1,1
2023HU1030797,1,127,2,1
2023HU1030915,1,355,1,1
2023HU1030915,2,355,1,1
2023HU1030915,3,355,1,1
2023HU1031163,1,477,1,1
2023HU1031163,2,477,1,1
2023HU1031164,1,149,3,1
2023HU1031166,1,501,2,1
2023HU1031166,2,501,2,1
2023HU1031166,3,501,2,1
2023HU1031166,4,501,2,1
2023HU1031326,1,356,1,1
2023HU1031326,2,356,1,1
2023HU1031393,1,73,2,1
2023HU1031393,2,73,2,1
2023HU1031594,1,195,3,1
2023HU1031719,1,501,1,1
2023HU1031719,2,501,1,1
2023HU1031791,1,182,2,1
2023HU1031791,2,182,2,1
2023HU1031798,1,283,1,1
2023HU1031798,2,283,1,1
2023HU1031805,1,94,2,1
2023HU1031805,2,94,2,1
2023HU1031871,1,33,3,1
2023HU1031871,2,33,3,1
2023HU1031871,3,33,3,1
2023HU1031871,4,33,3,1
2023HU1031871,5,33,3,1
2023HU1031871,6,33,3,1
2023HU1031881,1,324,2,1
2023HU1031881,2,324,2,1
2023HU1031982,1,345,1,1
2023HU1031982,2,345,1,1
2023HU1031982,3,345,1,1
2023HU1032028,1,112,3,1
2023HU1032028,2,112,3,1
2023HU1032121,1,262,3,1
2023HU1032271,1,207,3,1
2023HU1032271,2,207,3,1
2023HU1032271,3,207,3,1
2023HU1032271,4,207,3,1
2023HU1032414,1,0,3,1
2023HU1032928,1,298,3,1
2023HU1032966,1,78,4,1
2023HU1033143,1,501,1,1
2023HU1033143,2,501,1,1
2023HU1033143,3,501,1,1
2023HU1033186,1,234,3,1
2023HU1033186,2,234,3,1
2023HU1033186,3,234,3,1
2023HU1033442,1,0,3,1
2023HU1033442,2,0,3,1
2023HU1033598,1,501,2,1
2023HU1033598,2,501,2,1
2023HU1033627,1,426,1,1
2023HU1033627,2,426,1,1
2023HU1033627,3,426,1,1
2023HU1033627,4,426,1,1
2023HU1033627,5,426,1,1
2023HU1033850,1,144,3,1
2023HU1033850,2,144,3,1
2023HU1033850,3,144,3,1
2023HU1033850,4,144,3,1
2023HU1034185,1,375,1,1
2023HU1034185,2,375,1,1
2023HU1034185,3,375,1,1
2023HU1034185,4,375,1,1
2023HU1034205,1,237,1,1
2023HU1034205,2,237,1,1
2023HU1034205,3,237,1,1
2023HU1034205,4,237,1,1
2023HU1034328,1,501,2,1
2023HU1034328,2,501,2,1
2023HU1034328,3,501,2,1
2023HU1034328,4,501,2,1
2023HU1034328,5,501,2,1
2023HU1034774,1,437,2,1
2023HU1035321,1,501,2,1
2023HU1035321,2,501,2,1
2023HU1035414,1,309,3,1
2023HU1035414,2,309,3,1
2023HU1035414,3,309,3,1
2023HU1035520,1,501,1,1
2023HU1035520,2,501,1,1
2023HU1035584,1,325,2,1
2023HU1035584,2,325,2,1
2023HU1035584,3,325,2,1
2023HU1035584,4,325,2,1
2023HU1035584,5,325,2,1
2023HU1035774,1,364,2,1
2023HU1035774,2,364,2,1
2023HU1035807,1,57,1,1
2023HU1035825,1,501,1,1
2023HU1035825,2,501,1,1
2023HU1035825,3,501,1,1
2023HU1035827,1,497,1,1
2023HU1035827,2,497,1,1
2023HU1035827,3,497,1,1
2023HU1035939,1,501,2,1
2023HU1035939,2,501,2,1
2023HU1036027,1,321,1,1
2023HU1036027,2,321,1,1
2023HU1036027,3,321,1,1
2023HU1036027,4,321,1,1
2023HU1036083,1,161,1,1
2023HU1036083,2,161,1,1
2023HU1036083,3,161,1,1
2023HU1036094,1,0,3,1
2023HU1036094,2,0,3,1
2023HU1036094,3,0,3,1
2023HU1036094,4,0,3,1
2023HU1036094,5,0,3,1
2023HU1036094,6,0,3,1
2023HU1036094,7,0,3,1
2023HU1036480,1,501,1,1
2023HU1036480,2,501,1,1
2023HU1036480,3,501,1,1
2023HU1036480,4,501,1,1
2023HU1036549,1,278,1,1
2023HU1036549,2,278,1,1
2023HU1036549,3,278,1,1
2023HU1036549,4,278,1,1
2023HU1036563,1,501,1,1
2023HU1036563,2,501,1,1
2023HU1036563,3,501,1,1
2023HU1037174,1,274,3,1
2023HU1037314,1,172,3,1
2023HU1037314,2,172,3,1
2023HU1037314,3,172,3,1
2023HU1037663,1,501,2,1
2023HU1037663,2,501,2,1
2023HU1037795,1,501,1,1
2023HU1037795,2,501,1,1
2023HU1037795,3,501,1,1
2023HU1038141,1,110,3,1
2023HU1038141,2,110,3,1
2023HU1038213,1,492,1,1
2023HU1038213,2,492,1,1
2023HU1038213,3,492,1,1
2023HU1038213,4,492,1,1
2023HU1038213,5,492,1,1
2023HU1038438,1,401,1,1
2023HU1038438,2,459,1,1
2023HU1038438,3,401,1,1
2023HU1038438,4,401,1,1
2023HU1038438,5,401,1,1
2023HU1038438,6,401,1,1
2023HU1039160,1,501,3,1
2023HU1039160,2,501,3,1
2023HU1039160,3,501,3,1
2023HU1039199,1,30,3,1
2023HU1039199,2,30,3,1
2023HU1039220,1,501,3,1
2023HU1039220,2,501,3,1
2023HU1039536,1,210,1,1
2023HU1039536,2,210,1,1
2023HU1039536,3,210,1,1
2023HU1039573,1,501,3,1
2023HU1039573,2,501,3,1
2023HU1039632,1,40,3,1
2023HU1039632,2,40,3,1
2023HU1039632,3,40,3,1
2023HU1039632,4,40,3,1
2023HU1040028,1,501,1,1
2023HU1040028,2,501,1,1
2023HU1040028,3,501,1,1
2023HU1040028,4,501,1,1
2023HU1040179,1,104,3,1
2023HU1040179,2,104,3,1
2023HU1040179,3,104,3,1
2023HU1040366,1,126,3,1
2023HU1040404,1,0,3,1
2023HU1040426,1,117,2,1
2023HU1040577,1,332,1,1
2023HU1040577,2,332,1,1
2023HU1040858,1,501,1,1
2023HU1040858,2,501,1,1
2023HU1040858,3,227,1,1
2023HU1041390,1,214,1,1
2023HU1041390,2,214,1,1
2023HU1041390,3,214,1,1
2023HU1041392,1,501,1,1
2023HU1041392,2,501,1,1
2023HU1041392,3,501,1,1
2023HU1041392,4,501,1,1
2023HU1041500,1,247,2,1
2023HU1041592,1,501,2,1
2023HU1041592,2,501,2,1
2023HU1041592,3,501,2,1
2023HU1041592,4,501,2,1
2023HU1041630,1,501,3,1
2023HU1041722,1,501,2,1
2023HU1041722,2,501,2,1
2023HU1041753,1,63,3,1
2023HU1041753,2,60,3,1
2023HU1042103,1,102,2,1
2023HU1042103,2,102,2,1
2023HU1042142,1,160,4,1
2023HU1042142,2,160,4,1
2023HU1042366,1,189,1,1
2023HU1042366,2,189,1,1
2023HU1042366,3,189,1,1
2023HU1042366,4,189,1,1
2023HU1042366,5,189,1,1
2023HU1042538,1,369,2,1
2023HU1042538,2,369,2,1
2023HU1042538,3,369,2,1
2023HU1043069,1,464,1,1
2023HU1043069,2,464,1,1
2023HU1043069,3,464,1,1
2023HU1043069,4,464,1,1
2023HU1043069,5,464,1,1
2023HU1043069,6,464,1,1
2023HU1043152,1,337,2,1
2023HU1043152,2,337,2,1
2023HU1043152,3,337,2,1
2023HU1043310,1,188,2,1
2023HU1043319,1,501,2,1
2023HU1043319,2,501,2,1
2023HU1043375,1,74,1,1
2023HU1043375,2,319,1,1
2023HU1043375,3,74,1,1
2023HU1043375,4,74,1,1
2023HU1043531,1,196,1,1
2023HU1043531,2,326,1,1
2023HU1043758,1,432,1,1
2023HU1043758,2,432,1,1
2023HU1043978,1,270,3,1
2023HU1043978,2,270,3,1
2023HU1043978,3,270,3,1
2023HU1043978,4,180,3,1
2023HU1044385,1,151,2,1
2023HU1044385,2,151,2,1
2023HU1044725,1,294,2,1
2023HU1044725,2,294,2,1
2023HU1044930,1,181,3,1
2023HU1044930,2,0,3,1
2023HU1044930,3,181,3,1
2023HU1044930,4,181,3,1
2023HU1044930,5,181,3,1
2023HU1044930,6,181,3,1
2023HU1044930,7,181,3,1
2023HU1044930,8,181,3,1
2023HU1045027,1,9,1,1
2023HU1045167,1,501,2,1
2023HU1045167,2,501,2,1
2023HU1045167,3,501,2,1
2023HU1045254,1,401,2,1
2023HU1045254,2,401,2,1
2023HU1045268,1,155,1,1
2023HU1045268,2,155,1,1
2023HU1045268,3,155,1,1
2023HU1045268,4,155,1,1
2023HU1045268,5,155,1,1
2023HU1045292,1,351,2,1
2023HU1045418,1,236,3,1
2023HU1045418,2,236,3,1
2023HU1045418,3,236,3,1
2023HU1045483,1,121,1,1
2023HU1045568,1,303,3,1
2023HU1045568,2,303,3,1
2023HU1045568,3,303,3,1
2023HU1045568,4,303,3,1
2023HU1045618,1,501,1,1
2023HU1045746,1,62,1,1
2023HU1045746,2,62,1,1
2023HU1045841,1,501,2,1
2023HU1045921,1,501,1,1
2023HU1045921,2,501,1,1
2023HU1046021,1,501,3,1
2023HU1046021,2,501,3,1
2023HU1046059,1,47,2,1
2023HU1046059,2,47,2,1
2023HU1046134,1,351,1,1
2023HU1046134,2,351,1,1
2023HU1046134,3,351,1,1
2023HU1046291,1,361,1,1
2023HU1046291,2,361,1,1
2023HU1046291,3,361,1,1
2023HU1046387,1,501,4,1
2023HU1046435,1,220,3,1
2023HU1046435,2,220,3,1
2023HU1046435,3,220,3,1
2023HU1046651,1,130,3,1
2023HU1046651,2,153,3,1
2023HU1046860,1,501,1,1
2023HU1046860,2,501,1,1
2023HU1046881,1,501,2,1
2023HU1046881,2,501,2,1
2023HU1046881,3,501,2,1
2023HU1046930,1,313,2,1
2023HU1046930,2,31,2,1
2023HU1046930,3,313,2,1
2023HU1047113,1,346,3,1
2023HU1047113,2,346,3,1
2023HU1047113,3,346,3,1
2023HU1047113,4,155,3,1
2023HU1047208,1,478,2,1
2023HU1047208,2,478,2,1
2023HU1047284,1,501,1,1
2023HU1047284,2,51,1,1
2023HU1047358,1,501,3,1
2023HU1047657,1,271,2,1
2023HU1047657,2,271,2,1
2023HU1048049,1,501,3,1
2023HU1048093,1,122,1,1
2023HU1048093,2,122,1,1
2023HU1048311,1,156,3,1
2023HU1048311,2,361,3,1
2023HU1048368,1,501,3,1
2023HU1048368,2,501,3,1
2023HU1048638,1,322,2,1
2023HU1048956,1,501,2,1
2023HU1048956,2,501,2,1
2023HU1049641,1,345,2,1
2023HU1049700,1,84,2,1
2023HU1049700,2,84,2,1
2023HU1049700,3,84,2,1
2023HU1049700,4,84,2,1
2023HU1049700,5,84,2,1
2023HU1049836,1,246,1,1
2023HU1049836,2,246,1,1
2023HU1049836,3,246,1,1
2023HU1049853,1,501,1,1
2023HU1049853,2,501,1,1
2023HU1049903,1,166,2,1
2023HU1049987,1,388,1,1
2023HU1049987,2,388,1,1
2023HU1049987,3,388,1,1
2023HU1050285,1,369,1,1
2023HU1050285,2,369,1,1
2023HU1050361,1,0,3,1
2023HU1050462,1,383,1,1
2023HU1050462,2,383,1,1
2023HU1050504,1,151,2,1
2023HU1050504,2,151,2,1
2023HU1050879,1,479,3,1
2023HU1050927,1,208,4,1
2023HU1050927,2,208,4,1
2023HU1051090,1,426,1,1
2023HU1051090,2,426,1,1
2023HU1051090,3,426,1,1
2023HU1051090,4,426,1,1
2023HU1051108,1,501,1,1
2023HU1051108,2,501,1,1
2023HU1051108,3,501,1,1
2023HU1051197,1,501,2,1
2023HU1051197,2,501,2,1
2023HU1051462,1,82,3,1
2023HU1051462,2,82,3,1
2023HU1051483,1,285,1,1
2023HU1051483,2,418,1,1
2023HU1051483,3,285,1,1
2023HU1051483,4,285,1,1
2023HU1051968,1,82,3,1
2023HU1051968,2,64,3,1
2023HU1051968,3,82,3,1
2023HU1052024,1,501,1,1
2023HU1052024,2,501,1,1
2023HU1052372,1,501,3,1
2023HU1052372,2,501,3,1
2023HU1052372,3,501,3,1
2023HU1052390,1,501,1,1
2023HU1052390,2,501,1,1
2023HU1052390,3,501,1,1
2023HU1052401,1,53,2,1
2023HU1052401,2,53,2,1
2023HU1052468,1,501,1,1
2023HU1052468,2,501,1,1
2023HU1052468,3,501,1,1
2023HU1052468,4,501,1,1
2023HU1052869,1,501,1,1
2023HU1052869,2,501,1,1
2023HU1053211,1,282,2,1
2023HU1053315,1,190,3,1
2023HU1053436,1,501,1,1
2023HU1053436,2,501,1,1
2023HU1053436,3,501,1,1
2023HU1053578,1,501,3,1
2023HU1053578,2,411,3,1
2023HU1053668,1,501,1,1
2023HU1053668,2,501,1,1
2023HU1053837,1,70,3,1
2023HU1053837,2,31,3,1
2023HU1053837,3,70,3,1
2023HU1053837,4,70,3,1
2023HU1053989,1,501,2,1
2023HU1054398,1,501,1,1
2023HU1054398,2,501,1,1
2023HU1054398,3,501,1,1
2023HU1054400,1,9,3,1
2023HU1054563,1,262,3,1
2023HU1054783,1,209,2,1
2023HU1054783,2,209,2,1
2023HU1054783,3,209,2,1
2023HU1055054,1,501,1,1
2023HU1055054,2,501,1,1
2023HU1055054,3,501,1,1
2023HU1055054,4,501,1,1
2023HU1055074,1,180,1,1
2023HU1055079,1,378,3,1
2023HU1055079,2,72,3,1
2023HU1055079,3,378,3,1
2023HU1055369,1,372,1,1
2023HU1055369,2,372,1,1
2023HU1055369,3,372,1,1
2023HU1055485,1,283,2,1
2023HU1055492,1,290,1,1
2023HU1055596,1,104,3,1
2023HU1055596,2,104,3,1
2023HU1055596,3,104,3,1
2023HU1055596,4,104,3,1
2023HU1055730,1,501,2,1
2023HU1055779,1,291,3,1
2023HU1055779,2,291,3,1
2023HU1055856,1,501,1,1
2023HU1055856,2,501,1,1
2023HU1055856,3,501,1,1
2023HU1055961,1,185,2,1
2023HU1055961,2,185,2,1
2023HU1055961,3,185,2,1
2023HU1056026,1,240,1,1
2023HU1056026,2,240,1,1
2023HU1056099,1,145,3,1
2023HU1056099,2,145,3,1
2023HU1056099,3,145,3,1
2023HU1056305,1,501,3,1
2023HU1056305,2,501,3,1
2023HU1056420,1,108,2,1
2023HU1056420,2,108,2,1
2023HU1056420,3,265,2,1
2023HU1056420,4,392,2,1
2023HU1056420,5,19,2,1
2023HU1056667,1,134,3,1
2023HU1056667,2,134,3,1
2023HU1057280,1,98,3,1
2023HU1057280,2,98,3,1
2023HU1057280,3,98,3,1
2023HU1057280,4,98,3,1
2023HU1057280,5,98,3,1
2023HU1057485,1,44,3,1
2023HU1057675,1,113,3,1
2023HU1057675,2,113,3,1
2023HU1057675,3,113,3,1
2023HU1057675,4,113,3,1
2023HU1057675,5,113,3,1
2023HU1057686,1,501,3,1
2023HU1057686,2,175,3,1
2023HU1057686,3,260,3,1
2023HU1057686,4,455,3,1
2023HU1057686,5,19,3,1
2023HU1057686,6,,3,1
2023HU1057906,1,157,1,1
2023HU1057906,2,157,1,1
2023HU1057906,3,157,1,1
2023HU1057906,4,157,1,1
2023HU1058422,1,501,2,1
2023HU1058422,2,61,2,1
2023HU1058578,1,156,1,1
2023HU1058578,2,156,1,1
2023HU1058578,3,156,1,1
2023HU1058736,1,501,3,1
2023HU1058742,1,445,2,1
2023HU1058886,1,395,1,1
2023HU1058886,2,395,1,1
2023HU1058886,3,395,1,1
2023HU1058886,4,395,1,1
2023HU1058991,1,131,2,1
2023HU1058991,2,131,2,1
2023HU1059117,1,501,2,1
2023HU1059117,2,501,2,1
2023HU1059317,1,135,2,1
2023HU1059317,2,135,2,1
2023HU1059317,3,135,2,1
2023HU1059317,4,135,2,1
2023HU1059445,1,288,1,1
2023HU1059445,2,288,1,1
2023HU1059487,1,501,2,1
2023HU1059487,2,501,2,1
2023HU1059515,1,501,2,1
2023HU1059515,2,501,2,1
2023HU1059541,1,313,3,1
2023HU1059541,2,313,3,1
2023HU1059604,1,501,1,1
2023HU1059604,2,501,1,1
2023HU1059743,1,320,2,1
2023HU1059743,2,320,2,1
2023HU1059743,3,320,2,1
2023HU1059743,4,320,2,1
2023HU1059743,5,320,2,1
2023HU1059743,6,320,2,1
2023HU1059743,7,320,2,1
2023HU1059785,1,501,1,1
2023HU1060209,1,103,3,1
2023HU1060209,2,103,3,1
2023HU1060209,3,103,3,1
2023HU1060209,4,103,3,1
2023HU1060209,5,103,3,1
2023HU1060432,1,85,3,1
2023HU1060432,2,85,3,1
2023HU1060432,3,85,3,1
2023HU1060720,1,197,3,1
2023HU1060720,2,501,3,1
2023HU1060724,1,175,3,1
2023HU1060724,2,175,3,1
2023HU1060739,1,484,1,1
2023HU1060739,2,484,1,1
2023HU1060745,1,501,3,1
2023HU1060745,2,501,3,1
2023HU1060745,3,501,3,1
2023HU1061021,1,231,1,1
2023HU1061021,2,231,1,1
2023HU1061021,3,231,1,1
2023HU1061021,4,231,1,1
2023HU1061121,1,501,1,1
2023HU1061121,2,501,1,1
2023HU1061121,3,501,1,1
2023HU1061410,1,501,1,1
2023HU1061410,2,501,1,1
2023HU1061628,1,151,1,1
2023HU1061676,1,198,3,1
2023HU1061676,2,198,3,1
2023HU1062201,1,250,1,1
2023HU1062201,2,250,1,1
2023HU1062201,3,250,1,1
2023HU1062201,4,250,1,1
2023HU1062201,5,250,1,1
2023HU1062201,6,250,1,1
2023HU1062201,7,250,1,1
2023HU1062431,1,90,2,1
2023HU1062431,2,245,2,1
2023HU1062570,1,136,4,1
2023HU1062570,2,136,4,1
2023HU1062622,1,151,1,1
2023HU1062646,1,281,3,1
2023HU1062646,2,281,3,1
2023HU1062646,3,281,3,1
2023HU1062646,4,281,3,1
2023HU1062821,1,501,2,1
2023HU1062821,2,357,2,1
2023HU1062821,3,501,2,1
2023HU1062821,4,501,2,1
2023HU1062821,5,147,2,1
2023HU1062830,1,501,2,1
2023HU1062830,2,501,2,1
2023HU1062830,3,501,2,1
2023HU1062830,4,501,2,1
2023HU1062839,1,174,2,1
2023HU1062839,2,174,2,1
2023HU1062839,3,174,2,1
2023HU1062908,1,215,1,1
2023HU1062908,2,215,1,1
2023HU1062908,3,215,1,1
2023HU1062908,4,215,1,1
2023HU1062958,1,339,3,1
2023HU1062958,2,0,3,1
2023HU1062959,1,448,1,1
2023HU1062959,2,448,1,1
2023HU1063081,1,173,3,1
2023HU1063081,2,173,3,1
2023HU1063081,3,173,3,1
2023HU1063284,1,154,2,1
2023HU1063477,1,0,3,1
2023HU1063477,2,0,3,1
2023HU1063535,1,367,3,1
2023HU1063965,1,107,1,1
2023HU1064321,1,254,3,1
2023HU1064321,2,254,3,1
2023HU1064321,3,254,3,1
2023HU1064321,4,254,3,1
2023HU1064321,5,254,3,1
2023HU1064404,1,359,2,1
2023HU1064404,2,359,2,1
2023HU1064404,3,359,2,1
2023HU1064404,4,359,2,1
2023HU1064410,1,378,2,1
2023HU1064410,2,378,2,1
2023HU1064713,1,501,1,1
2023HU1064713,2,440,1,1
2023HU1064751,1,501,2,1
2023HU1064883,1,225,1,1
2023HU1064883,2,225,1,1
2023HU1064883,3,225,1,1
2023HU1064883,4,225,1,1
2023HU1064894,1,243,3,1
2023HU1065028,1,444,2,1
2023HU1065028,2,444,2,1
2023HU1065028,3,444,2,1
2023HU1065317,1,241,1,1
2023HU1065317,2,501,1,1
2023HU1065566,1,450,2,1
2023HU1065819,1,501,3,1
2023HU1065819,2,501,3,1
2023HU1065819,3,501,3,1
2023HU1066240,1,501,3,1
2023HU1066240,2,501,3,1
2023HU1066370,1,501,2,1
2023HU1066370,2,501,2,1
2023HU1066555,1,146,2,1
2023HU1066555,2,146,2,1
2023HU1066695,1,501,2,1
2023HU1066695,2,501,2,1
2023HU1066716,1,501,3,1
2023HU1066716,2,501,3,1
2023HU1066731,1,238,3,1
2023HU1066731,2,238,3,1
2023HU1066755,1,151,2,1
2023HU1066755,2,151,2,1
2023HU1067056,1,166,2,1
2023HU1067056,2,166,2,1
2023HU1067056,3,166,2,1
2023HU1067177,1,182,2,1
2023HU1067177,2,182,2,1
2023HU1067177,3,182,2,1
2023HU1067177,4,182,2,1
2023HU1067177,5,182,2,1
2023HU1067177,6,182,2,1
2023HU1067326,1,19,2,1
2023HU1067394,1,56,1,1
2023HU1067394,2,56,1,1
2023HU1067394,3,56,1,1
2023HU1067394,4,56,1,1
2023HU1067394,5,56,1,1
2023HU1067395,1,395,2,1
2023HU1067395,2,395,2,1
2023HU1067395,3,395,2,1
2023HU1067395,4,395,2,1
2023HU1067395,5,395,2,1
2023HU1067485,1,306,2,1
2023HU1067485,2,306,2,1
2023HU1067485,3,306,2,1
2023HU1067485,4,306,2,1
2023HU1067694,1,130,1,1
2023HU1067694,2,0,1,1
2023HU1067776,1,26,2,1
2023HU1067846,1,388,3,1
2023HU1067846,2,381,3,1
2023HU1068047,1,310,1,1
2023HU1068047,2,19,1,1
2023HU1068047,3,310,1,1
2023HU1068047,4,310,1,1
2023HU1068363,1,314,1,1
2023HU1068363,2,314,1,1
2023HU1068388,1,501,1,1
2023HU1068388,2,501,1,1
2023HU1068388,3,501,1,1
2023HU1068388,4,501,1,1
2023HU1068388,5,319,1,1
2023HU1068480,1,501,1,1
2023HU1068480,2,501,1,1
2023HU1068488,1,501,3,1
2023HU1068488,2,501,3,1
2023HU1069085,1,501,2,1
2023HU1069161,1,501,3,1
2023HU1069161,2,501,3,1
2023HU1069379,1,501,1,1
2023HU1069526,1,299,3,1
2023HU1069526,2,299,3,1
2023HU1069571,1,501,1,1
2023HU1070001,1,501,2,1
2023HU1070001,2,501,2,1
2023HU1070001,3,501,2,1
2023HU1070008,1,224,3,1
2023HU1070155,1,501,1,1
2023HU1070155,2,501,1,1
2023HU1070266,1,501,2,1
2023HU1070266,2,501,2,1
2023HU1070309,1,501,1,1
2023HU1070309,2,501,1,1
2023HU1070336,1,501,1,1
2023HU1070451,1,459,3,1
2023HU1070451,2,459,3,1
2023HU1070451,3,459,3,1
2023HU1070451,4,459,3,1
2023HU1070554,1,206,2,1
2023HU1070593,1,317,1,1
2023HU1070798,1,351,3,1
2023HU1070798,2,351,3,1
2023HU1070798,3,351,3,1
2023HU1070798,4,99,3,1
2023HU1070839,1,242,3,1
2023HU1070839,2,242,3,1
2023HU1070853,1,190,3,1
2023HU1070853,2,190,3,1
2023HU1070853,3,190,3,1
2023HU1070853,4,190,3,1
2023HU1071034,1,501,1,1
2023HU1071034,2,501,1,1
2023HU1071034,3,501,1,1
2023HU1071092,1,229,3,1
2023HU1071092,2,0,3,1
2023HU1071171,1,252,2,1
2023HU1071171,2,252,2,1
2023HU1071171,3,252,2,1
2023HU1071171,4,252,2,1
2023HU1071171,5,252,2,1
2023HU1071256,1,286,1,1
2023HU1071256,2,286,1,1
2023HU1071298,1,501,3,1
2023HU1071298,2,501,3,1
2023HU1071441,1,143,1,1
2023HU1071441,2,143,1,1
2023HU1071441,3,143,1,1
2023HU1071441,4,143,1,1
2023HU1071490,1,0,3,1
2023HU1071490,2,0,3,1
2023HU1071581,1,501,3,1
2023HU1071581,2,501,3,1
2023HU1071661,1,501,1,1
2023HU1071661,2,501,1,1
2023HU1072039,1,501,1,1
2023HU1072145,1,501,3,1
2023HU1072145,2,501,3,1
2023HU1072145,3,501,3,1
2023HU1072159,1,501,1,1
2023HU1072159,2,501,1,1
2023HU1072171,1,302,2,1
2023HU1072171,2,302,2,1
2023HU1072171,3,302,2,1
2023HU1072254,1,489,1,1
2023HU1072254,2,489,1,1
2023HU1072254,3,489,1,1
2023HU1072254,4,489,1,1
2023HU1072651,1,170,2,1
2023HU1072651,2,170,2,1
2023HU1072651,3,170,2,1
2023HU1072803,1,35,3,1
2023HU1072940,1,501,1,1
2023HU1072940,2,501,1,1
2023HU1072940,3,501,1,1
2023HU1072940,4,501,1,1
2023HU1073008,1,479,2,1
2023HU1073008,2,479,2,1
2023HU1073008,3,479,2,1
2023HU1073008,4,479,2,1
2023HU1073008,5,479,2,1
2023HU1073100,1,122,4,1
2023HU1073100,2,122,4,1
2023HU1073154,1,92,1,1
2023HU1073212,1,99,2,1
2023HU1073264,1,297,3,1
2023HU1073264,2,297,3,1
2023HU1073330,1,380,3,1
2023HU1073457,1,251,2,1
2023HU1073457,2,251,2,1
2023HU1073588,1,501,2,1
2023HU1073588,2,501,2,1
2023HU1073588,3,501,2,1
2023HU1073686,1,261,3,1
2023HU1073686,2,261,3,1
2023HU1073757,1,300,2,1
2023HU1073757,2,300,2,1
2023HU1074151,1,488,1,1
2023HU1074151,2,488,1,1
2023HU1074357,1,501,3,1
2023HU1074357,2,501,3,1
2023HU1074527,1,501,2,1
2023HU1074527,2,501,2,1
2023HU1074527,3,501,2,1
2023HU1074576,1,209,3,1
2023HU1074585,1,279,1,1
2023HU1074758,1,257,2,1
2023HU1074758,2,140,2,1
2023HU1074978,1,501,2,1
2023HU1075107,1,153,3,1
2023HU1075107,2,0,3,1
2023HU1075107,3,153,3,1
2023HU1075107,4,153,3,1
2023HU1075107,5,153,3,1
2023HU1075206,1,131,3,1
2023HU1075348,1,371,2,1
2023HU1075480,1,459,3,1
2023HU1075811,1,131,2,1
2023HU1075913,1,354,3,1
2023HU1075913,2,354,3,1
2023HU1075913,3,354,3,1
2023HU1075913,4,354,3,1
2023HU1075913,5,354,3,1
2023HU1076016,1,71,2,1
2023HU1076016,2,71,2,1
2023HU1076030,1,340,3,1
2023HU1076030,2,321,3,1
2023HU1076263,1,113,1,1
2023HU1076263,2,113,1,1
2023HU1076471,1,323,3,1
2023HU1076471,2,323,3,1
2023HU1076471,3,323,3,1
2023HU1076667,1,32,1,1
2023HU1076667,2,0,1,1
2023HU1076667,3,0,1,1
2023HU1076667,4,0,1,1
2023HU1076667,5,,1,1
2023HU1077015,1,501,1,1
2023HU1077015,2,0,1,1
2023HU1077037,1,55,2,1
2023HU1077101,1,356,2,1
2023HU1077101,2,356,2,1
2023HU1077101,3,356,2,1
2023HU1077101,4,356,2,1
2023HU1077160,1,501,2,1
2023HU1077160,2,501,2,1
2023HU1077160,3,501,2,1
2023HU1077160,4,501,2,1
2023HU1077379,1,501,1,1
2023HU1077379,2,501,1,1
2023HU1077379,3,501,1,1
2023HU1077670,1,0,2,1
2023HU1078058,1,501,2,1
2023HU1078065,1,501,2,1
2023HU1078149,1,184,1,1
2023HU1078149,2,184,1,1
2023HU1078649,1,396,3,1
2023HU1078649,2,255,3,1
2023HU1078767,1,501,2,1
2023HU1078893,1,195,3,1
2023HU1078893,2,195,3,1
2023HU1078893,3,195,3,1
2023HU1078893,4,195,3,1
2023HU1078967,1,488,3,1
2023HU1078967,2,488,3,1
2023HU1079420,1,421,1,1
2023HU1079420,2,421,1,1
2023HU1079420,3,421,1,1
2023HU1079420,4,421,1,1
2023HU1079535,1,331,3,1
2023HU1079535,2,331,3,1
2023HU1079535,3,331,3,1
2023HU1079607,1,258,2,1
2023HU1079607,2,258,2,1
2023HU1079607,3,66,2,1
2023HU1079716,1,501,4,1
2023HU1079800,1,266,3,1
2023HU1079800,2,266,3,1
2023HU1079800,3,266,3,1
2023HU1079800,4,266,3,1
2023HU1079847,1,184,2,1
2023HU1079847,2,501,2,1
2023HU1079904,1,309,1,1
2023HU1079904,2,309,1,1
2023HU1080016,1,482,2,1
2023HU1080016,2,482,2,1
2023HU1080133,1,501,3,1
2023HU1080133,2,501,3,1
2023HU1080336,1,132,2,1
2023HU1080533,1,389,2,1
2023HU1080533,2,389,2,1
2023HU1080533,3,100,2,1
2023HU1080587,1,186,1,1
2023HU1080587,2,186,1,1
2023HU1080977,1,501,3,1
2023HU1080977,2,501,3,1
2023HU1080977,3,501,3,1
2023HU1080991,1,501,1,1
2023HU1080991,2,501,1,1
2023HU1080991,3,501,1,1
2023HU1081037,1,501,1,1
2023HU1081037,2,501,1,1
2023HU1081037,3,501,1,1
2023HU1081037,4,501,1,1
2023HU1081219,1,501,3,1
2023HU1081219,2,501,3,1
2023HU1081219,3,501,3,1
2023HU1081219,4,501,3,1
2023HU1081219,5,501,3,1
2023HU1081736,1,151,2,1
2023HU1081736,2,151,2,1
2023HU1082042,1,501,2,1
2023HU1082042,2,501,2,1
2023HU1082042,3,501,2,1
2023HU1082161,1,492,4,1
2023HU1082161,2,492,4,1
2023HU1082161,3,68,4,1
2023HU1082161,4,,4,1
2023HU1082481,1,501,1,1
2023HU1082481,2,501,1,1
2023HU1082481,3,501,1,1
2023HU1082481,4,501,1,1
2023HU1082615,1,501,1,1
2023HU1082615,2,501,1,1
2023HU1082615,3,0,1,1
2023HU1082637,1,360,2,1
2023HU1082637,2,360,2,1
2023HU1082637,3,360,2,1
2023HU1082637,4,360,2,1
2023HU1082673,1,137,3,1
2023HU1082673,2,0,3,1
2023HU1082884,1,501,1,1
2023HU1082884,2,501,1,1
2023HU1083244,1,501,2,1
2023HU1083244,2,501,2,1
2023HU1083244,3,501,2,1
2023HU1083271,1,501,2,1
2023HU1083404,1,224,2,1
2023HU1083404,2,224,2,1
2023HU1083404,3,224,2,1
2023HU1083454,1,58,1,1
2023HU1083454,2,58,1,1
2023HU1083454,3,58,1,1
2023HU1083454,4,58,1,1
2023HU1083454,5,58,1,1
2023HU1083454,6,58,1,1
2023HU1083454,7,58,1,1
2023HU1083454,8,58,1,1
2023HU1083509,1,269,1,1
2023HU1083509,2,269,1,1
2023HU1083526,1,348,2,1
2023HU1083526,2,348,2,1
2023HU1083526,3,348,2,1
2023HU1083626,1,110,3,1
2023HU1083690,1,417,2,1
2023HU1083690,2,417,2,1
2023HU1083690,3,417,2,1
2023HU1083747,1,327,3,1
2023HU1083747,2,327,3,1
2023HU1083747,3,327,3,1
2023HU1083809,1,70,2,1
2023HU1083810,1,385,2,1
2023HU1083810,2,190,2,1
2023HU1083810,3,385,2,1
2023HU1083820,1,106,3,1
2023HU1083820,2,106,3,1
2023HU1083962,1,474,1,1
2023HU1083962,2,474,1,1
2023HU1084200,1,68,3,1
2023HU1084200,2,68,3,1
2023HU1084244,1,224,1,1
2023HU1084244,2,400,1,1
2023HU1084427,1,355,1,1
2023HU1084427,2,355,1,1
2023HU1084427,3,355,1,1
2023HU1084427,4,355,1,1
2023HU1084427,5,355,1,1
2023HU1084427,6,355,1,1
2023HU1084461,1,501,4,1
2023HU1084461,2,501,4,1
2023HU1084461,3,501,4,1
2023HU1084461,4,501,4,1
2023HU1084618,1,363,3,1
2023HU1084618,2,363,3,1
2023HU1084618,3,363,3,1
2023HU1084618,4,363,3,1
2023HU1084673,1,307,3,1
2023HU1084673,2,307,3,1
2023HU1084808,1,501,2,1
2023HU1084808,2,501,2,1
2023HU1084964,1,287,3,1
2023HU1084964,2,31,3,1
2023HU1085538,1,209,3,1
2023HU1085538,2,209,3,1
2023HU1085761,1,501,1,1
2023HU1085847,1,279,1,1
2023HU1085847,2,279,1,1
2023HU1085847,3,279,1,1
2023HU1085912,1,501,1,1
2023HU1085912,2,501,1,1
2023HU1085912,3,501,1,1
2023HU1085912,4,501,1,1
2023HU1086059,1,225,1,1
2023HU1086059,2,225,1,1
2023HU1086059,3,225,1,1
2023HU1086179,1,62,1,1
2023HU1086179,2,62,1,1
2023HU1086179,3,62,1,1
2023HU1086179,4,62,1,1
2023HU1086179,5,62,1,1
2023HU1086209,1,501,2,1
2023HU1086209,2,501,2,1
2023HU1086209,3,501,2,1
2023HU1086359,1,97,2,1
2023HU1086359,2,97,2,1
2023HU1086359,3,97,2,1
2023HU1086359,4,97,2,1
2023HU1086567,1,294,1,1
2023HU1086567,2,294,1,1
2023HU1086780,1,3,1,1
2023HU1086798,1,407,1,1
2023HU1086798,2,407,1,1
2023HU1086798,3,407,1,1
2023HU1086798,4,407,1,1
2023HU1086853,1,501,3,1
2023HU1086853,2,501,3,1
2023HU1086853,3,501,3,1
2023HU1086853,4,501,3,1
2023HU1087202,1,148,1,1
2023HU1087202,2,148,1,1
2023HU1087202,3,148,1,1
2023HU1087202,4,148,1,1
2023HU1087202,5,148,1,1
2023HU1087202,6,148,1,1
2023HU1087202,7,148,1,1
2023HU1087318,1,501,2,1
2023HU1087318,2,501,2,1
2023HU1087318,3,501,2,1
2023HU1087318,4,501,2,1
2023HU1087318,5,164,2,1
2023HU1087344,1,501,1,1
2023HU1087344,2,501,1,1
2023HU1087345,1,334,2,1
2023HU1087345,2,334,2,1
2023HU1087467,1,76,3,1
2023HU1087493,1,92,3,1
2023HU1087695,1,501,3,1
2023HU1087776,1,75,3,1
2023HU1087783,1,394,3,1
2023HU1087876,1,501,3,1
2023HU1087970,1,501,3,1
2023HU1087970,2,501,3,1
2023HU1087983,1,501,1,1
2023HU1087983,2,331,1,1
2023HU1088197,1,412,1,1
2023HU1088197,2,412,1,1
2023HU1088197,3,412,1,1
2023HU1088543,1,41,3,1
2023HU1088543,2,41,3,1
2023HU1088543,3,41,3,1
2023HU1088543,4,41,3,1
2023HU1088632,1,96,2,1
2023HU1088645,1,501,1,1
2023HU1088645,2,501,1,1
2023HU1088866,1,501,1,1
2023HU1088866,2,501,1,1
2023HU1088961,1,501,1,1
2023HU1089137,1,169,3,1
2023HU1089137,2,169,3,1
2023HU1089137,3,169,3,1
2023HU1089255,1,352,3,1
2023HU1089255,2,352,3,1
2023HU1089289,1,235,3,1
2023HU1089916,1,237,2,1
2023HU1089916,2,237,2,1
2023HU1089916,3,237,2,1
2023HU1090236,1,46,2,1
2023HU1090236,2,46,2,1
2023HU1090236,3,46,2,1
2023HU1090408,1,426,3,1
2023HU1090480,1,283,1,1
2023HU1090480,2,283,1,1
2023HU1090480,3,283,1,1
2023HU1090511,1,501,2,1
2023HU1090511,2,501,2,1
2023HU1090511,3,501,2,1
2023HU1090511,4,501,2,1
2023HU1090511,5,501,2,1
2023HU1090672,1,43,3,1
2023HU1090709,1,154,1,1
2023HU1090772,1,344,3,1
2023HU1090772,2,344,3,1
2023HU1090925,1,0,2,1
2023HU1090925,2,0,2,1
2023HU1090925,3,0,2,1
2023HU1091011,1,501,3,1
2023HU1091011,2,501,3,1
2023HU1091285,1,501,1,1
2023HU1091285,2,501,1,1
2023HU1091285,3,501,1,1
2023HU1091285,4,501,1,1
2023HU1091959,1,149,3,1
2023HU1091959,2,149,3,1
2023HU1092265,1,487,2,1
2023HU1092530,1,501,1,1
2023HU1092530,2,501,1,1
2023HU1092649,1,501,1,1
2023HU1092649,2,269,1,1
2023HU1092789,1,247,1,1
2023HU1092789,2,247,1,1
2023HU1092789,3,247,1,1
2023HU1092823,1,319,3,1
2023HU1092955,1,501,3,1
2023HU1093013,1,406,3,1
2023HU1093013,2,406,3,1
2023HU1093013,3,406,3,1
2023HU1093013,4,406,3,1
2023HU1093321,1,501,1,1
2023HU1093321,2,501,1,1
2023HU1093321,3,501,1,1
2023HU1093321,4,501,1,1
2023HU1093338,1,455,2,1
2023HU1093382,1,456,2,1
2023HU1093618,1,501,3,1
2023HU1093618,2,501,3,1
2023HU1093618,3,501,3,1
2023HU1093687,1,501,1,1
2023HU1093687,2,501,1,1
2023HU1093687,3,501,1,1
2023HU1093687,4,501,1,1
2023HU1093687,5,501,1,1
2023HU1093843,1,96,2,1
2023HU1093843,2,96,2,1
2023HU1093843,3,96,2,1
2023HU1093843,4,96,2,1
2023HU1093875,1,501,3,1
2023HU1093875,2,288,3,1
2023HU1093941,1,241,3,1
2023HU1094021,1,93,2,1
2023HU1094144,1,341,1,1
2023HU1094144,2,341,1,1
2023HU1094144,3,341,1,1
2023HU1094144,4,26,1,1
2023HU1094219,1,417,3,1
2023HU1094258,1,334,1,1
2023HU1094360,1,501,2,1
2023HU1094360,2,501,2,1
2023HU1094360,3,501,2,1
2023HU1094360,4,501,2,1
2023HU1094467,1,501,2,1
2023HU1094467,2,501,2,1
2023HU1094557,1,501,2,1
2023HU1094659,1,501,1,1
2023HU1094659,2,501,1,1
2023HU1094900,1,501,3,1
2023HU1094900,2,501,3,1
2023HU1094929,1,501,1,1
2023HU1094929,2,501,1,1
2023HU1095008,1,501,1,1
2023HU1095008,2,501,1,1
2023HU1095008,3,501,1,1
2023HU1095008,4,501,1,1
2023HU1095326,1,413,1,1
2023HU1095326,2,413,1,1
2023HU1095418,1,501,1,1
2023HU1095418,2,501,1,1
2023HU1095418,3,501,1,1
2023HU1095418,4,501,1,1
2023HU1095625,1,146,3,1
2023HU1095625,2,146,3,1
2023HU1095898,1,501,1,1
2023HU1095898,2,501,1,1
2023HU1095944,1,501,1,1
2023HU1095944,2,361,1,1
2023HU1096077,1,113,4,1
2023HU1096326,1,501,4,1
2023HU1096326,2,501,4,1
2023HU1096342,1,501,1,1
2023HU1096342,2,501,1,1
2023HU1096429,1,254,3,1
2023HU1096453,1,48,3,1
2023HU1096531,1,150,2,1
2023HU1096740,1,191,3,1
2023HU1096753,1,501,3,1
2023HU1097216,1,501,1,1
2023HU1097216,2,501,1,1
2023HU1097216,3,501,1,1
2023HU1097216,4,501,1,1
2023HU1097226,1,501,1,1
2023HU1097226,2,501,1,1
2023HU1097350,1,195,1,1
2023HU1097350,2,195,1,1
2023HU1097350,3,195,1,1
2023HU1097350,4,195,1,1
2023HU1097350,5,195,1,1
2023HU1097398,1,253,3,1
2023HU1097398,2,253,3,1
2023HU1097710,1,280,2,1
2023HU1097710,2,280,2,1
2023HU1097729,1,394,3,1
2023HU1097729,2,394,3,1
2023HU1097729,3,394,3,1
2023HU1097749,1,270,3,1
2023HU1097769,1,446,1,1
2023HU1097769,2,310,1,1
2023HU1097769,3,446,1,1
2023HU1097769,4,446,1,1
2023HU1097909,1,240,1,1
2023HU1097909,2,240,1,1
2023HU1097909,3,240,1,1
2023HU1097909,4,240,1,1
2023HU1097909,5,240,1,1
2023HU1097984,1,233,2,1
2023HU1097984,2,233,2,1
2023HU1098137,1,501,2,1
2023HU1098172,1,282,3,1
2023HU1098172,2,282,3,1
2023HU1098172,3,282,3,1
2023HU1098190,1,24,3,1
2023HU1098233,1,479,1,1
2023HU1098233,2,479,1,1
2023HU1098317,1,454,1,1
2023HU1098317,2,454,1,1
2023HU1098317,3,454,1,1
2023HU1098359,1,412,1,1
2023HU1098359,2,412,1,1
2023HU1098379,1,334,3,1
2023HU1098379,2,334,3,1
2023HU1098399,1,501,2,1
2023HU1098399,2,501,2,1
2023HU1098399,3,501,2,1
2023HU1098399,4,501,2,1
2023HU1098418,1,199,3,1
2023HU1098418,2,199,3,1
2023HU1098418,3,199,3,1
2023HU1098816,1,170,1,1
2023HU1098816,2,170,1,1
2023HU1098816,3,170,1,1
2023HU1099125,1,56,2,1
2023HU1099125,2,56,2,1
2023HU1099125,3,56,2,1
2023HU1099405,1,353,2,1
2023HU1099405,2,353,2,1
2023HU1099428,1,501,3,1
2023HU1099428,2,501,3,1
2023HU1099521,1,423,1,1
2023HU1099538,1,501,2,1
2023HU1099596,1,501,1,1
2023HU1099596,2,501,1,1
2023HU1099713,1,85,3,1
2023HU1099784,1,361,3,1
2023HU1099784,2,361,3,1
2023HU1099784,3,361,3,1
2023HU1099854,1,276,1,1
2023HU1099925,1,501,1,1
2023HU1099925,2,501,1,1
2023HU1099925,3,501,1,1
2023HU1100417,1,200,2,1
2023HU1100581,1,254,1,1
2023HU1100581,2,254,1,1
2023HU1100581,3,254,1,1
2023HU1100581,4,254,1,1
2023HU1100650,1,349,1,1
2023HU1100836,1,202,1,1
2023HU1100836,2,202,1,1
2023HU1100836,3,202,1,1
2023HU1101043,1,501,1,1
2023HU1101043,2,501,1,1
2023HU1101043,3,501,1,1
2023HU1101122,1,15,3,1
2023HU1101122,2,15,3,1
2023HU1101122,3,15,3,1
2023HU1101355,1,296,3,1
2023HU1101355,2,296,3,1
2023HU1101355,3,296,3,1
2023HU1101490,1,501,3,1
2023HU1101490,2,501,3,1
2023HU1101490,3,501,3,1
2023HU1101490,4,501,3,1
2023HU1101643,1,501,1,1
2023HU1101643,2,501,1,1
2023HU1101643,3,501,1,1
2023HU1101711,1,0,2,1
2023HU1101735,1,501,2,1
2023HU1101735,2,501,2,1
2023HU1101735,3,501,2,1
2023HU1101735,4,501,2,1
2023HU1101757,1,236,3,1
2023HU1101977,1,232,3,1
2023HU1102620,1,196,2,1
2023HU1102725,1,501,1,1
2023HU1102725,2,501,1,1
2023HU1102806,1,224,3,1
2023HU1102806,2,224,3,1
2023HU1103126,1,501,1,1
2023HU1103126,2,501,1,1
2023HU1103276,1,316,3,1
2023HU1103298,1,501,2,1
2023HU1103298,2,501,2,1
2023HU1103343,1,236,2,1
2023HU1103343,2,236,2,1
2023HU1103636,1,237,1,1
2023HU1103636,2,237,1,1
2023HU1103686,1,501,3,1
2023HU1103686,2,501,3,1
2023HU1103721,1,320,2,1
2023HU1103968,1,380,3,1
2023HU1104212,1,34,1,1
2023HU1104213,1,292,3,1
2023HU1104213,2,247,3,1
2023HU1104274,1,501,1,1
2023HU1104274,2,501,1,1
2023HU1104274,3,501,1,1
2023HU1104274,4,501,1,1
2023HU1104298,1,446,2,1
2023HU1104298,2,446,2,1
2023HU1104354,1,473,2,1
2023HU1104435,1,176,2,1
2023HU1104435,2,176,2,1
2023HU1104512,1,501,3,1
2023HU1104512,2,501,3,1
2023HU1104533,1,501,1,1
2023HU1104587,1,141,2,1
2023HU1104587,2,141,2,1
2023HU1104587,3,141,2,1
2023HU1104624,1,499,3,1
2023HU1104703,1,340,2,1
2023HU1104703,2,340,2,1
2023HU1104703,3,340,2,1
2023HU1104718,1,501,1,1
2023HU1104718,2,501,1,1
2023HU1104762,1,501,2,1
2023HU1104762,2,501,2,1
2023HU1104809,1,59,1,1
2023HU1104809,2,59,1,1
2023HU1104809,3,59,1,1
2023HU1104809,4,59,1,1
2023HU1104809,5,59,1,1
2023HU1104809,6,59,1,1
2023HU1104933,1,107,3,1
2023HU1104933,2,107,3,1
2023HU1105050,1,115,3,1
2023HU1105050,2,0,3,1
2023HU1105050,3,0,3,1
2023HU1105687,1,132,2,1
2023HU1105698,1,501,1,1
2023HU1105904,1,300,3,1
2023HU1105904,2,300,3,1
2023HU1106134,1,493,1,1
2023HU1106134,2,493,1,1
2023HU1106134,3,493,1,1
2023HU1106244,1,92,2,1
2023HU1106244,2,92,2,1
2023HU1106244,3,92,2,1
2023HU1106297,1,370,1,1
2023HU1106297,2,370,1,1
2023HU1106472,1,129,3,1
2023HU1106511,1,270,1,1
2023HU1106511,2,270,1,1
2023HU1106511,3,270,1,1
2023HU1106538,1,299,2,1
2023HU1106538,2,299,2,1
2023HU1106542,1,487,2,1
2023HU1106542,2,6,2,1
2023HU1106676,1,501,3,1
2023HU1106676,2,501,3,1
2023HU1106733,1,390,3,1
2023HU1107035,1,169,2,1
2023HU1107035,2,169,2,1
2023HU1107538,1,468,2,1
2023HU1107538,2,468,2,1
2023HU1107690,1,306,3,1
2023HU1107690,2,306,3,1
2023HU1107690,3,306,3,1
2023HU1107958,1,501,2,1
2023HU1108094,1,197,3,1
2023HU1108171,1,446,3,1
2023HU1108171,2,306,3,1
2023HU1108305,1,322,2,1
2023HU1108305,2,322,2,1
2023HU1108305,3,322,2,1
2023HU1108575,1,501,1,1
2023HU1108575,2,501,1,1
2023HU1108836,1,90,3,1
2023HU1108907,1,148,2,1
2023HU1108907,2,148,2,1
2023HU1108907,3,148,2,1
2023HU1108907,4,148,2,1
2023HU1109180,1,218,2,1
2023HU1109180,2,218,2,1
2023HU1109257,1,335,2,1
2023HU1109370,1,148,2,1
2023HU1109370,2,148,2,1
2023HU1109370,3,148,2,1
2023HU1109548,1,195,2,1
2023HU1109548,2,195,2,1
2023HU1109548,3,195,2,1
2023HU1110033,1,501,3,1
2023HU1110033,2,501,3,1
2023HU1110035,1,122,2,1
2023HU1110035,2,122,2,1
2023HU1110035,3,122,2,1
2023HU1110102,1,295,3,1
2023HU1110107,1,386,1,1
2023HU1110107,2,386,1,1
2023HU1110107,3,386,1,1
2023HU1110107,4,386,1,1
2023HU1110107,5,386,1,1
2023HU1110107,6,386,1,1
2023HU1110194,1,143,3,1
2023HU1110194,2,143,3,1
2023HU1110194,3,143,3,1
2023HU1110256,1,0,1,1
2023HU1110256,2,0,1,1
2023HU1110256,3,0,1,1
2023HU1110256,4,0,1,1
2023HU1110256,5,0,1,1
2023HU1110632,1,501,1,1
2023HU1110715,1,107,2,1
2023HU1110796,1,422,2,1
2023HU1110796,2,422,2,1
2023HU1110796,3,422,2,1
2023HU1110796,4,422,2,1
2023HU1110796,5,422,2,1
2023HU1110796,6,422,2,1
2023HU1110849,1,501,1,1
2023HU1110849,2,501,1,1
2023HU1110977,1,177,1,1
2023HU1111272,1,501,3,1
2023HU1111272,2,501,3,1
2023HU1111293,1,232,1,1
2023HU1111293,2,232,1,1
2023HU1111293,3,232,1,1
2023HU1111293,4,232,1,1
2023HU1111293,5,232,1,1
2023HU1111509,1,358,2,1
2023HU1111509,2,358,2,1
2023HU1111509,3,358,2,1
2023HU1111509,4,358,2,1
2023HU1111543,1,501,2,1
2023HU1111543,2,501,2,1
2023HU1111572,1,501,1,1
2023HU1111572,2,0,1,1
2023HU1111572,3,501,1,1
2023HU1111572,4,501,1,1
2023HU1111609,1,501,1,1
2023HU1111609,2,501,1,1
2023HU1111609,3,501,1,1
2023HU1111712,1,246,2,1
2023HU1111712,2,246,2,1
2023HU1111837,1,94,2,1
2023HU1111980,1,501,1,1
2023HU1111980,2,501,1,1
2023HU1112014,1,501,3,1
2023HU1112014,2,501,3,1
2023HU1112180,1,145,3,1
2023HU1112180,2,145,3,1
2023HU1112298,1,501,1,1
2023HU1112298,2,73,1,1
2023HU1112604,1,501,1,1
2023HU1112604,2,501,1,1
2023HU1112628,1,55,3,1
2023HU1112665,1,353,2,1
2023HU1112665,2,353,2,1
2023HU1112665,3,353,2,1
2023HU1112665,4,353,2,1
2023HU1112682,1,402,2,1
2023HU1112682,2,402,2,1
2023HU1112682,3,402,2,1
2023HU1112682,4,402,2,1
2023HU1112760,1,346,3,1
2023HU1112760,2,346,3,1
2023HU1112760,3,346,3,1
2023HU1112760,4,346,3,1
2023HU1112983,1,153,3,1
2023HU1112983,2,32,3,1
2023HU1112983,3,153,3,1
2023HU1113177,1,94,3,1
2023HU1113177,2,94,3,1
2023HU1113569,1,78,1,1
2023HU1113676,1,353,1,1
2023HU1113676,2,353,1,1
2023HU1113676,3,353,1,1
2023HU1113676,4,353,1,1
2023HU1113855,1,501,1,1
2023HU1113855,2,501,1,1
2023HU1114384,1,501,2,1
2023HU1114384,2,501,2,1
2023HU1114758,1,486,1,1
2023HU1114758,2,486,1,1
2023HU1114834,1,500,1,1
2023HU1114834,2,500,1,1
2023HU1114834,3,500,1,1
2023HU1114840,1,501,2,1
2023HU1114840,2,477,2,1
2023HU1114844,1,142,1,1
2023HU1115066,1,401,1,1
2023HU1115066,2,401,1,1
2023HU1115241,1,501,1,1
2023HU1115565,1,501,1,1
2023HU1115565,2,501,1,1
2023HU1116037,1,131,3,1
2023HU1116240,1,501,3,1
2023HU1116240,2,501,3,1
2023HU1116240,3,501,3,1
2023HU1116245,1,449,1,1
2023HU1116245,2,256,1,1
2023HU1116657,1,281,2,1
2023HU1116657,2,281,2,1
2023HU1116791,1,436,2,1
2023HU1116791,2,320,2,1
2023HU1116791,3,436,2,1
2023HU1116905,1,308,3,1
2023HU1116905,2,308,3,1
2023HU1116905,3,308,3,1
2023HU1116905,4,308,3,1
2023HU1116905,5,308,3,1
2023HU1116980,1,501,1,1
2023HU1116980,2,501,1,1
2023HU1116980,3,501,1,1
2023HU1116980,4,501,1,1
2023HU1116999,1,501,2,1
2023HU1116999,2,501,2,1
2023HU1116999,3,501,2,1
2023HU1116999,4,501,2,1
2023HU1117367,1,277,3,1
2023HU1117367,2,277,3,1
2023HU1117367,3,277,3,1
2023HU1117486,1,206,3,1
2023HU1117486,2,206,3,1
2023HU1117486,3,206,3,1
2023HU1117486,4,206,3,1
2023HU1117551,1,192,4,1
2023HU1117551,2,192,4,1
2023HU1117641,1,240,1,1
2023HU1117641,2,159,1,1
2023HU1117641,3,240,1,1
2023HU1117694,1,501,2,1
2023HU1117694,2,501,2,1
2023HU1117694,3,501,2,1
2023HU1117720,1,297,3,1
2023HU1117720,2,297,3,1
2023HU1117720,3,297,3,1
2023HU1117720,4,297,3,1
2023HU1117902,1,0,3,1
2023HU1117906,1,428,3,1
2023HU1117906,2,383,3,1
2023HU1118046,1,71,3,1
2023HU1118046,2,0,3,1
2023HU1118314,1,501,1,1
2023HU1118367,1,226,1,1
2023HU1118367,2,226,1,1
2023HU1118367,3,226,1,1
2023HU1118367,4,226,1,1
2023HU1118367,5,14,1,1
2023HU1118463,1,8,2,1
2023HU1118463,2,8,2,1
2023HU1118463,3,8,2,1
2023HU1118476,1,385,1,1
2023HU1118883,1,501,1,1
2023HU1118883,2,501,1,1
2023HU1118883,3,501,1,1
2023HU1118969,1,501,2,1
2023HU1119068,1,405,2,1
2023HU1119068,2,405,2,1
2023HU1119134,1,501,3,1
2023HU1119134,2,501,3,1
2023HU1119134,3,501,3,1
2023HU1119134,4,501,3,1
2023HU1119134,5,501,3,1
2023HU1119141,1,25,3,1
2023HU1119141,2,25,3,1
2023HU1119141,3,25,3,1
2023HU1119278,1,422,3,1
2023HU1119461,1,501,1,1
2023HU1119461,2,501,1,1
2023HU1119461,3,501,1,1
2023HU1119744,1,501,3,1
2023HU1119766,1,196,3,1
2023HU1119766,2,196,3,1
2023HU1119766,3,196,3,1
2023HU1119766,4,196,3,1
2023HU1119929,1,302,2,1
2023HU1119971,1,101,2,1
2023HU1119971,2,101,2,1
2023HU1119971,3,101,2,1
2023HU1119971,4,101,2,1
2023HU1119971,5,97,2,1
2023HU1120089,1,304,1,1
2023HU1120178,1,226,1,1
2023HU1120178,2,226,1,1
2023HU1120178,3,226,1,1
2023HU1120178,4,226,1,1
2023HU1120377,1,328,1,1
2023HU1120429,1,179,3,1
2023HU1120429,2,179,3,1
2023HU1120530,1,25,3,1
2023HU1120530,2,25,3,1
2023HU1120787,1,235,2,1
2023HU1120787,2,235,2,1
2023HU1121047,1,247,1,1
2023HU1121047,2,247,1,1
2023HU1121047,3,247,1,1
2023HU1121047,4,247,1,1
2023HU1121233,1,336,3,1
2023HU1121233,2,336,3,1
2023HU1121233,3,336,3,1
2023HU1121233,4,336,3,1
2023HU1121233,5,336,3,1
2023HU1121239,1,273,3,1
2023HU1121253,1,176,3,1
2023HU1121253,2,176,3,1
2023HU1121253,3,176,3,1
2023HU1121281,1,388,2,1
2023HU1121281,2,336,2,1
2023HU1121293,1,263,2,1
2023HU1121293,2,263,2,1
2023HU1121293,3,263,2,1
2023HU1121293,4,263,2,1
2023HU1121451,1,325,1,1
2023HU1121451,2,325,1,1
2023HU1121459,1,501,1,1
2023HU1121459,2,501,1,1
2023HU1121459,3,501,1,1
2023HU1121459,4,501,1,1
2023HU1121459,5,501,1,1
2023HU1121534,1,501,2,1
2023HU1121534,2,501,2,1
2023HU1121661,1,0,1,1
2023HU1121811,1,501,1,1
2023HU1121811,2,501,1,1
2023HU1121811,3,501,1,1
2023HU1121811,4,501,1,1
2023HU1121811,5,501,1,1
2023HU1121947,1,131,3,1
2023HU1122182,1,501,1,1
2023HU1122182,2,501,1,1
2023HU1122182,3,501,1,1
2023HU1122300,1,44,3,1
2023HU1122300,2,44,3,1
2023HU1122300,3,44,3,1
2023HU1122300,4,44,3,1
2023HU1122307,1,41,3,1
2023HU1122416,1,195,3,1
2023HU1122416,2,195,3,1
2023HU1122416,3,195,3,1
2023HU1122416,4,195,3,1
2023HU1122490,1,307,1,1
2023HU1122490,2,307,1,1
2023HU1122490,3,307,1,1
2023HU1122490,4,224,1,1
2023HU1122490,5,,1,1
2023HU1122677,1,201,1,1
2023HU1122677,2,201,1,1
2023HU1122677,3,201,1,1
2023HU1122677,4,0,1,1
2023HU1122853,1,114,2,1
2023HU1122927,1,96,2,1
2023HU1123325,1,38,3,1
2023HU1123363,1,289,3,1
2023HU1123363,2,289,3,1
2023HU1123363,3,289,3,1
2023HU1123363,4,289,3,1
2023HU1123604,1,501,1,1
2023HU1123604,2,501,1,1
2023HU1124175,1,501,1,1
2023HU1124175,2,501,1,1
2023HU1124309,1,116,3,1
2023HU1124309,2,116,3,1
2023HU1124309,3,116,3,1
2023HU1124331,1,233,1,1
2023HU1124331,2,233,1,1
2023HU1124331,3,233,1,1
2023HU1124441,1,205,3,1
2023HU1124441,2,205,3,1
2023HU1124441,3,205,3,1
2023HU1124441,4,205,3,1
2023HU1124529,1,501,1,1
2023HU1124699,1,337,2,1
2023HU1124800,1,490,1,1
2023HU1124800,2,490,1,1
2023HU1124800,3,490,1,1
2023HU1124800,4,490,1,1
2023HU1124826,1,77,3,1
2023HU1124921,1,483,3,1
2023HU1124921,2,483,3,1
2023HU1124965,1,168,3,1
2023HU1124965,2,168,3,1
2023HU1124965,3,168,3,1
2023HU1124965,4,168,3,1
2023HU1125008,1,352,1,1
2023HU1125067,1,501,2,1
2023HU1125067,2,501,2,1
2023HU1125067,3,501,2,1
2023HU1125150,1,175,4,1
2023HU1125150,2,175,4,1
2023HU1125150,3,175,4,1
2023HU1125150,4,175,4,1
2023HU1125150,5,175,4,1
2023HU1125150,6,175,4,1
2023HU1125150,7,175,4,1
2023HU1125150,8,175,4,1
2023HU1125388,1,260,1,1
2023HU1125388,2,227,1,1
2023HU1125396,1,455,3,1
2023HU1125396,2,455,3,1
2023HU1125536,1,44,2,1
2023HU1125536,2,44,2,1
2023HU1125550,1,501,1,1
2023HU1125550,2,501,1,1
2023HU1125869,1,501,1,1
2023HU1125869,2,501,1,1
2023HU1125869,3,501,1,1
2023HU1125869,4,501,1,1
2023HU1125955,1,179,3,1
2023HU1125955,2,179,3,1
2023HU1126117,1,501,1,1
2023HU1126117,2,192,1,1
2023HU1126194,1,0,2,1
2023HU1126302,1,341,1,1
2023HU1126302,2,341,1,1
2023HU1126370,1,99,2,1
2023HU1126550,1,501,1,1
2023HU1126550,2,501,1,1
2023HU1126610,1,501,1,1
2023HU1126734,1,501,2,1
2023HU1126734,2,501,2,1
2023HU1126885,1,184,1,1
2023HU1126885,2,184,1,1
2023HU1126885,3,184,1,1
2023HU1126885,4,184,1,1
2023HU1126885,5,0,1,1
2023HU1127015,1,48,4,1
2023HU1127053,1,123,2,1
2023HU1127123,1,320,2,1
2023HU1127123,2,320,2,1
2023HU1127123,3,320,2,1
2023HU1127123,4,320,2,1
2023HU1127229,1,38,3,1
2023HU1127271,1,426,1,1
2023HU1127271,2,426,1,1
2023HU1127317,1,178,3,1
2023HU1127329,1,462,1,1
2023HU1127329,2,462,1,1
2023HU1127329,3,462,1,1
2023HU1127329,4,462,1,1
2023HU1127508,1,501,1,1
2023HU1127508,2,446,1,1
2023HU1127549,1,463,2,1
2023HU1127549,2,463,2,1
2023HU1127549,3,463,2,1
2023HU1127549,4,463,2,1
2023HU1127797,1,501,2,1
2023HU1127797,2,501,2,1
2023HU1127797,3,501,2,1
2023HU1127799,1,276,1,1
2023HU1127889,1,501,3,1
2023HU1127889,2,501,3,1
2023HU1128003,1,60,3,1
2023HU1128003,2,60,3,1
2023HU1128018,1,190,1,1
2023HU1128018,2,190,1,1
2023HU1128018,3,190,1,1
2023HU1128505,1,232,3,1
2023HU1128505,2,164,3,1
2023HU1128505,3,232,3,1
2023HU1128505,4,232,3,1
2023HU1128646,1,105,3,1
2023HU1128646,2,105,3,1
2023HU1128649,1,367,1,1
2023HU1128649,2,367,1,1
2023HU1128649,3,0,1,1
2023HU1129092,1,501,3,1
2023HU1129092,2,501,3,1
2023HU1129092,3,501,3,1
2023HU1129092,4,501,3,1
2023HU1129125,1,100,2,1
2023HU1129326,1,501,1,1
2023HU1129326,2,501,1,1
2023HU1129326,3,501,1,1
2023HU1129326,4,501,1,1
2023HU1129326,5,501,1,1
2023HU1129326,6,501,1,1
2023HU1129326,7,501,1,1
2023HU1129766,1,501,3,1
2023HU1129766,2,501,3,1
2023HU1129919,1,501,3,1
2023HU1129919,2,501,3,1
2023HU1129969,1,111,2,1
2023HU1130074,1,501,2,1
2023HU1130113,1,501,2,1
2023HU1130113,2,501,2,1
2023HU1130161,1,501,1,1
2023HU1130161,2,501,1,1
2023HU1130216,1,501,2,1
2023HU1130359,1,501,1,1
2023HU1130359,2,501,1,1
2023HU1130423,1,11,2,1
2023HU1130538,1,252,1,1
2023HU1130538,2,252,1,1
2023HU1130538,3,252,1,1
2023HU1130538,4,252,1,1
2023HU1130723,1,501,1,1
2023HU1130723,2,501,1,1
2023HU1130723,3,501,1,1
2023HU1130723,4,325,1,1
2023HU1130774,1,180,1,1
2023HU1131078,1,74,1,1
2023HU1131078,2,68,1,1
2023HU1131286,1,501,2,1
2023HU1131341,1,99,3,1
2023HU1131341,2,171,3,1
2023HU1131341,3,99,3,1
2023HU1131341,4,99,3,1
2023HU1131341,5,99,3,1
2023HU1131409,1,134,2,1
2023HU1131447,1,501,2,1
2023HU1131576,1,501,1,1
2023HU1131576,2,501,1,1
2023HU1131576,3,501,1,1
2023HU1131664,1,0,2,1
2023HU1131749,1,278,1,1
2023HU1131749,2,278,1,1
2023HU1131749,3,278,1,1
2023HU1131749,4,278,1,1
2023HU1132028,1,501,3,1
2023HU1132244,1,320,3,1
2023HU1132244,2,320,3,1
2023HU1132244,3,320,3,1
2023HU1132244,4,320,3,1
2023HU1132251,1,426,1,1
2023HU1132251,2,426,1,1
2023HU1133052,1,259,1,1
2023HU1133052,2,259,1,1
2023HU1133052,3,259,1,1
2023HU1133108,1,200,3,1
2023HU1133168,1,315,2,1
2023HU1133168,2,315,2,1
2023HU1133168,3,315,2,1
2023HU1133234,1,29,2,1
2023HU1133234,2,130,2,1
2023HU1133234,3,29,2,1
2023HU1133577,1,501,2,1
2023HU1133577,2,501,2,1
2023HU1133577,3,501,2,1
2023HU1133577,4,501,2,1
2023HU1133579,1,0,3,1
2023HU1133596,1,0,3,1
2023HU1133596,2,0,3,1
2023HU1133596,3,0,3,1
2023HU1133651,1,501,2,1
2023HU1133651,2,501,2,1
2023HU1133651,3,501,2,1
2023HU1133789,1,264,1,1
2023HU1133789,2,264,1,1
2023HU1133789,3,433,1,1
2023HU1133867,1,501,3,1
2023HU1133950,1,501,1,1
2023HU1134007,1,244,1,1
2023HU1134007,2,244,1,1
2023HU1134007,3,244,1,1
2023HU1134280,1,501,1,1
2023HU1134280,2,501,1,1
2023HU1134334,1,321,1,1
2023HU1134334,2,321,1,1
2023HU1134334,3,321,1,1
2023HU1134334,4,321,1,1
2023HU1134546,1,30,3,1
2023HU1134596,1,253,2,1
2023HU1134596,2,253,2,1
2023HU1134596,3,253,2,1
2023HU1134596,4,253,2,1
2023HU1134692,1,174,3,1
2023HU1134692,2,174,3,1
2023HU1134692,3,174,3,1
2023HU1134692,4,174,3,1
2023HU1134698,1,278,1,1
2023HU1134698,2,206,1,1
2023HU1134988,1,501,2,1
2023HU1134988,2,501,2,1
2023HU1134988,3,501,2,1
2023HU1135007,1,305,2,1
2023HU1135007,2,305,2,1
2023HU1135007,3,305,2,1
2023HU1135019,1,310,1,1
2023HU1135019,2,310,1,1
2023HU1135019,3,310,1,1
2023HU1135019,4,310,1,1
2023HU1135061,1,371,2,1
2023HU1135061,2,371,2,1
2023HU1135061,3,371,2,1
2023HU1135061,4,371,2,1
2023HU1135061,5,371,2,1
2023HU1135061,6,371,2,1
2023HU1135061,7,371,2,1
2023HU1135061,8,371,2,1
2023HU1135061,9,371,2,1
2023HU1135115,1,319,3,1
2023HU1135115,2,130,3,1
2023HU1135115,3,319,3,1
2023HU1135168,1,404,1,1
2023HU1135168,2,404,1,1
2023HU1135168,3,404,1,1
2023HU1135168,4,404,1,1
2023HU1135168,5,404,1,1
2023HU1135280,1,501,1,1
2023HU1135280,2,501,1,1
2023HU1135522,1,376,2,1
2023HU1135522,2,376,2,1
2023HU1135649,1,489,1,1
2023HU1135649,2,489,1,1
2023HU1135714,1,501,1,1
2023HU1135714,2,501,1,1
2023HU1135714,3,501,1,1
2023HU1135714,4,501,1,1
2023HU1135959,1,69,2,1
2023HU1136013,1,501,3,1
2023HU1136013,2,501,3,1
2023HU1136013,3,501,3,1
2023HU1136218,1,501,3,1
2023HU1136218,2,501,3,1
2023HU1136229,1,501,1,1
2023HU1136229,2,501,1,1
2023HU1136229,3,501,1,1
2023HU1136354,1,228,3,1
2023HU1136354,2,228,3,1
2023HU1136354,3,228,3,1
2023HU1136354,4,228,3,1
2023HU1136678,1,501,3,1
2023HU1136678,2,501,3,1
2023HU1136698,1,331,1,1
2023HU1136698,2,331,1,1
2023HU1136698,3,331,1,1
2023HU1136698,4,331,1,1
2023HU1136698,5,331,1,1
2023HU1136709,1,398,2,1
2023HU1136709,2,398,2,1
2023HU1137224,1,81,1,1
2023HU1137224,2,81,1,1
2023HU1137224,3,81,1,1
2023HU1137224,4,81,1,1
2023HU1137224,5,44,1,1
2023HU1137349,1,501,1,1
2023HU1137349,2,501,1,1
2023HU1137349,3,501,1,1
2023HU1137403,1,380,3,1
2023HU1137403,2,380,3,1
2023HU1137403,3,380,3,1
2023HU1137702,1,156,2,1
2023HU1137720,1,501,3,1
2023HU1137720,2,501,3,1
2023HU1137922,1,501,2,1
2023HU1137922,2,501,2,1
2023HU1137922,3,501,2,1
2023HU1137993,1,270,2,1
2023HU1138048,1,100,3,1
2023HU1138048,2,100,3,1
2023HU1138048,3,100,3,1
2023HU1138077,1,361,3,1
2023HU1138153,1,14,3,1
2023HU1138153,2,0,3,1
2023HU1138153,3,14,3,1
2023HU1138596,1,232,3,1
2023HU1138596,2,232,3,1
2023HU1138596,3,232,3,1
2023HU1138596,4,232,3,1
2023HU1138642,1,136,3,1
2023HU1138642,2,180,3,1
2023HU1138642,3,136,3,1
2023HU1138752,1,501,1,1
2023HU1138936,1,205,1,1
2023HU1138936,2,205,1,1
2023HU1138936,3,205,1,1
2023HU1138936,4,205,1,1
2023HU1138936,5,205,1,1
2023HU1138936,6,205,1,1
2023HU1138936,7,205,1,1
2023HU1138936,8,205,1,1
2023HU1138936,9,146,1,1
2023HU1138961,1,141,2,1
2023HU1139110,1,382,1,1
2023HU1139110,2,382,1,1
2023HU1139114,1,6,3,1
2023HU1139133,1,207,3,1
2023HU1139133,2,207,3,1
2023HU1139133,3,207,3,1
2023HU1139186,1,23,1,1
2023HU1139458,1,501,2,1
2023HU1139458,2,501,2,1
2023HU1139671,1,274,1,1
2023HU1139690,1,257,3,1
2023HU1139740,1,501,1,1
2023HU1139740,2,501,1,1
2023HU1139740,3,501,1,1
2023HU1139759,1,28,1,1
2023HU1139759,2,28,1,1
2023HU1139759,3,28,1,1
2023HU1139786,1,158,2,1
2023HU1140290,1,501,1,1
2023HU1140290,2,501,1,1
2023HU1140297,1,438,3,1
2023HU1140297,2,438,3,1
2023HU1140297,3,438,3,1
2023HU1140297,4,438,3,1
2023HU1140444,1,156,3,1
2023HU1140444,2,156,3,1
2023HU1140479,1,501,3,1
2023HU1140479,2,501,3,1
2023HU1140618,1,186,1,1
2023HU1140618,2,186,1,1
2023HU1140618,3,186,1,1
2023HU1140630,1,198,3,1
2023HU1140630,2,198,3,1
2023HU1140630,3,198,3,1
2023HU1140657,1,382,2,1
2023HU1140660,1,501,3,1
2023HU1140785,1,144,1,1
2023HU1140785,2,67,1,1
2023HU1140785,3,144,1,1
2023HU1140840,1,123,3,1
2023HU1140840,2,123,3,1
2023HU1140840,3,123,3,1
2023HU1140840,4,123,3,1
2023HU1140840,5,123,3,1
2023HU1140840,6,123,3,1
2023HU1140840,7,123,3,1
2023HU1140850,1,0,3,1
2023HU1140894,1,255,3,1
2023HU1140894,2,51,3,1
2023HU1141002,1,501,1,1
2023HU1141141,1,409,1,1
2023HU1141141,2,409,1,1
2023HU1141141,3,409,1,1
2023HU1141141,4,409,1,1
2023HU1141141,5,409,1,1
2023HU1141335,1,99,3,1
2023HU1141335,2,99,3,1
2023HU1141377,1,442,1,1
2023HU1141377,2,442,1,1
2023HU1141377,3,442,1,1
2023HU1141377,4,442,1,1
2023HU1141436,1,146,2,1
2023HU1141436,2,146,2,1
2023HU1141462,1,501,1,1
2023HU1141462,2,501,1,1
2023HU1141462,3,501,1,1
2023HU1141633,1,501,1,1
2023HU1141633,2,501,1,1
2023HU1141633,3,501,1,1
2023HU1141633,4,501,1,1
2023HU1141709,1,119,1,1
2023HU1141709,2,119,1,1
2023HU1141738,1,424,3,1
2023HU1141738,2,424,3,1
2023HU1141738,3,424,3,1
2023HU1141738,4,424,3,1
2023HU1141808,1,199,2,1
2023HU1142161,1,0,1,1
2023HU1142161,2,180,1,1
2023HU1142193,1,352,1,1
2023HU1142215,1,149,3,1
2023HU1142215,2,103,3,1
2023HU1142314,1,314,3,1
2023HU1142314,2,12,3,1
2023HU1142374,1,202,3,1
2023HU1142374,2,381,3,1
2023HU1142374,3,202,3,1
2023HU1142674,1,389,1,1
2023HU1142674,2,389,1,1
2023HU1142674,3,389,1,1
2023HU1142674,4,389,1,1
2023HU1142726,1,296,1,1
2023HU1142726,2,296,1,1
2023HU1142726,3,296,1,1
2023HU1142726,4,296,1,1
2023HU1143085,1,260,2,1
2023HU1143085,2,260,2,1
2023HU1143085,3,260,2,1
2023HU1143156,1,483,1,1
2023HU1143156,2,269,1,1
2023HU1143244,1,501,1,1
2023HU1143244,2,501,1,1
2023HU1143244,3,501,1,1
2023HU1143244,4,501,1,1
2023HU1143244,5,501,1,1
2023HU1143401,1,358,3,1
2023HU1143401,2,358,3,1
2023HU1143536,1,501,3,1
2023HU1143536,2,501,3,1
2023HU1143536,3,501,3,1
2023HU1143536,4,501,3,1
2023HU1143674,1,290,2,1
2023HU1143674,2,73,2,1
2023HU1143674,3,290,2,1
2023HU1143674,4,290,2,1
2023HU1143737,1,501,2,1
2023HU1143825,1,379,1,1
2023HU1144089,1,501,2,1
2023HU1144101,1,92,4,1
2023HU1144293,1,133,3,1
2023HU1144293,2,133,3,1
2023HU1144293,3,133,3,1
2023HU1144293,4,133,3,1
2023HU1144365,1,418,3,1
2023HU1144400,1,488,3,1
2023HU1144400,2,488,3,1
2023HU1144400,3,488,3,1
2023HU1144400,4,488,3,1
2023HU1144400,5,488,3,1
2023HU1144635,1,320,3,1
2023HU1144666,1,501,2,1
2023HU1144666,2,501,2,1
2023HU1144817,1,183,3,1
2023HU1144817,2,183,3,1
2023HU1144817,3,255,3,1
2023HU1144902,1,494,2,1
2023HU1144906,1,501,1,1
2023HU1144906,2,501,1,1
2023HU1144906,3,501,1,1
2023HU1144906,4,501,1,1
2023HU1145174,1,501,1,1
2023HU1145174,2,501,1,1
2023HU1145174,3,501,1,1
2023HU1145174,4,501,1,1
2023HU1145174,5,501,1,1
2023HU1145174,6,501,1,1
2023HU1145374,1,59,3,1
2023HU1145593,1,104,3,1
2023HU1145593,2,83,3,1
2023HU1145593,3,104,3,1
2023HU1145593,4,,3,1
2023HU1145685,1,0,3,1
2023HU1145685,2,0,3,1
2023HU1145685,3,0,3,1
2023HU1145937,1,501,3,1
2023HU1145937,2,501,3,1
2023HU1146043,1,433,1,1
2023HU1146043,2,433,1,1
2023HU1146043,3,433,1,1
2023HU1146120,1,501,1,1
2023HU1146120,2,501,1,1
2023HU1146120,3,501,1,1
2023HU1146120,4,501,1,1
2023HU1146202,1,501,2,1
2023HU1146202,2,501,2,1
2023HU1146202,3,501,2,1
2023HU1146293,1,501,1,1
2023HU1146293,2,501,1,1
2023HU1146293,3,501,1,1
2023HU1146293,4,501,1,1
2023HU1146316,1,501,1,1
2023HU1146316,2,501,1,1
2023HU1146316,3,501,1,1
2023HU1146316,4,501,1,1
2023HU1146350,1,361,1,1
2023HU1146350,2,361,1,1
2023HU1146350,3,361,1,1
2023HU1146350,4,361,1,1
2023HU1146395,1,501,1,1
2023HU1146395,2,77,1,1
2023HU1146427,1,370,2,1
2023HU1146427,2,370,2,1
2023HU1146604,1,310,2,1
2023HU1146604,2,310,2,1
2023HU1146643,1,132,2,1
2023HU1146643,2,132,2,1
2023HU1146769,1,116,3,1
2023HU1146840,1,501,2,1
2023HU1146843,1,501,3,1
2023HU1146843,2,501,3,1
2023HU1146898,1,59,1,1
2023HU1147076,1,501,3,1
2023HU1147076,2,292,3,1
2023HU1147228,1,111,2,1
2023HU1147228,2,111,2,1
2023HU1147228,3,111,2,1
2023HU1147310,1,145,2,1
2023HU1147310,2,145,2,1
2023HU1147522,1,109,2,1
2023HU1147558,1,353,3,1
2023HU1147558,2,353,3,1
2023HU1147558,3,353,3,1
2023HU1148104,1,263,2,1
2023HU1148541,1,316,3,1
2023HU1148702,1,150,2,1
2023HU1148702,2,150,2,1
2023HU1148702,3,150,2,1
2023HU1148702,4,150,2,1
2023HU1148923,1,479,1,1
2023HU1148923,2,479,1,1
2023HU1148923,3,479,1,1
2023HU1148923,4,479,1,1
2023HU1148923,5,479,1,1
2023HU1148923,6,479,1,1
2023HU1149306,1,477,1,1
2023HU1149306,2,477,1,1
2023HU1149306,3,477,1,1
2023HU1149306,4,477,1,1
2023HU1149378,1,192,3,1
2023HU1149766,1,302,2,1
2023HU1149766,2,302,2,1
2023HU1149822,1,501,1,1
2023HU1149822,2,501,1,1
2023HU1149861,1,501,1,1
2023HU1149861,2,501,1,1
2023HU1149861,3,501,1,1
2023HU1149861,4,501,1,1
2023HU1149861,5,501,1,1
2023HU1149900,1,109,2,1
2023HU1149910,1,284,3,1
2023HU1150264,1,203,1,1
2023HU1150264,2,203,1,1
2023HU1150334,1,459,2,1
2023HU1150334,2,459,2,1
2023HU1150334,3,459,2,1
2023HU1150631,1,501,2,1
2023HU1150631,2,501,2,1
2023HU1150727,1,240,3,1
2023HU1150727,2,240,3,1
2023HU1150866,1,501,1,1
2023HU1150866,2,501,1,1
2023HU1150883,1,501,4,1
2023HU1150883,2,501,4,1
2023HU1150945,1,501,2,1
2023HU1150945,2,501,2,1
2023HU1150945,3,501,2,1
2023HU1151019,1,386,4,1
2023HU1151019,2,386,4,1
2023HU1151019,3,386,4,1
2023HU1151095,1,484,1,1
2023HU1151095,2,484,1,1
2023HU1151095,3,484,1,1
2023HU1151177,1,349,1,1
2023HU1151177,2,349,1,1
2023HU1151621,1,324,1,1
2023HU1151621,2,324,1,1
2023HU1151629,1,195,3,1
2023HU1151721,1,501,2,1
2023HU1151721,2,501,2,1
2023HU1151920,1,266,2,1
2023HU1151920,2,266,2,1
2023HU1151920,3,266,2,1
2023HU1151920,4,266,2,1
2023HU1151920,5,266,2,1
2023HU1151920,6,266,2,1
2023HU1151964,1,501,3,1
2023HU1152023,1,479,3,1
2023HU1152023,2,479,3,1
2023HU1152023,3,479,3,1
2023HU1152023,4,479,3,1
2023HU1152039,1,299,1,1
2023HU1152039,2,299,1,1
2023HU1152186,1,445,1,1
2023HU1152186,2,225,1,1
2023HU1152186,3,445,1,1
2023HU1152186,4,445,1,1
2023HU1152186,5,445,1,1
2023HU1152186,6,445,1,1
2023HU1152186,7,445,1,1
2023HU1152248,1,501,1,1
2023HU1152248,2,414,1,1
2023HU1152313,1,501,1,1
2023HU1152313,2,501,1,1
2023HU1152540,1,129,3,1
2023HU1152540,2,129,3,1
2023HU1152837,1,501,2,1
2023HU1152837,2,501,2,1
2023HU1152954,1,501,3,1
2023HU1152954,2,501,3,1
2023HU1152954,3,501,3,1
2023HU1152954,4,501,3,1
2023HU1153074,1,501,1,1
2023HU1153074,2,501,1,1
2023HU1153075,1,102,1,1
2023HU1153075,2,102,1,1
2023HU1153239,1,83,2,1
2023HU1153239,2,83,2,1
2023HU1153239,3,83,2,1
2023HU1153251,1,180,3,1
2023HU1153251,2,180,3,1
2023HU1153251,3,180,3,1
2023HU1153304,1,86,3,1
2023HU1153304,2,86,3,1
2023HU1153462,1,501,1,1
2023HU1153462,2,501,1,1
2023HU1153528,1,501,2,1
2023HU1153528,2,501,2,1
2023HU1153528,3,501,2,1
2023HU1153928,1,193,2,1
2023HU1154046,1,501,1,1
2023HU1154110,1,266,2,1
2023HU1154110,2,266,2,1
2023HU1154313,1,356,1,1
2023HU1154313,2,356,1,1
2023HU1154313,3,356,1,1
2023HU1154572,1,501,1,1
2023HU1154572,2,501,1,1
2023HU1154572,3,501,1,1
2023HU1154572,4,501,1,1
2023HU1154598,1,0,3,1
2023HU1154624,1,58,3,1
2023HU1154624,2,58,3,1
2023HU1154650,1,501,3,1
2023HU1154650,2,57,3,1
2023HU1154661,1,234,1,1
2023HU1154661,2,234,1,1
2023HU1154661,3,234,1,1
2023HU1154661,4,234,1,1
2023HU1154681,1,501,3,1
2023HU1154681,2,501,3,1
2023HU1154681,3,501,3,1
2023HU1154681,4,501,3,1
2023HU1154868,1,92,1,1
2023HU1154868,2,92,1,1
2023HU1154868,3,92,1,1
2023HU1154868,4,92,1,1
2023HU1154868,5,92,1,1
2023HU1154868,6,92,1,1
2023HU1154892,1,61,3,1
2023HU1154892,2,61,3,1
2023HU1154892,3,61,3,1
2023HU1154949,1,147,3,1
2023HU1154949,2,147,3,1
2023HU1154949,3,147,3,1
2023HU1155007,1,91,2,1
2023HU1155007,2,91,2,1
2023HU1155007,3,62,2,1
2023HU1155009,1,501,2,1
2023HU1155009,2,501,2,1
2023HU1155009,3,501,2,1
2023HU1155216,1,377,2,1
2023HU1155216,2,377,2,1
2023HU1155634,1,453,2,1
2023HU1155634,2,453,2,1
2023HU1155684,1,363,2,1
2023HU1155684,2,501,2,1
2023HU1155684,3,287,2,1
2023HU1155961,1,501,1,1
2023HU1155984,1,358,1,1
2023HU1155984,2,358,1,1
2023HU1156185,1,501,1,1
2023HU1156185,2,501,1,1
2023HU1156426,1,501,1,1
2023HU1156426,2,501,1,1
2023HU1156426,3,501,1,1
2023HU1156796,1,42,1,1
2023HU1156961,1,90,2,1
2023HU1157151,1,66,3,1
2023HU1157151,2,66,3,1
2023HU1157151,3,66,3,1
2023HU1157151,4,24,3,1
2023HU1157193,1,67,3,1
2023HU1157610,1,295,1,1
2023HU1157610,2,295,1,1
2023HU1157610,3,295,1,1
2023HU1157610,4,295,1,1
2023HU1157638,1,437,1,1
2023HU1157638,2,437,1,1
2023HU1157716,1,501,1,1
2023HU1157716,2,501,1,1
2023HU1157857,1,501,2,1
2023HU1157857,2,501,2,1
2023HU1157943,1,225,3,1
2023HU1158335,1,488,1,1
2023HU1158335,2,488,1,1
2023HU1158335,3,488,1,1
2023HU1158485,1,202,2,1
2023HU1158485,2,202,2,1
2023HU1158735,1,129,1,1
2023HU1158735,2,129,1,1
2023HU1158735,3,129,1,1
2023HU1158959,1,501,3,1
2023HU1158959,2,501,3,1
2023HU1158959,3,501,3,1
2023HU1159007,1,501,3,1
2023HU1159007,2,501,3,1
2023HU1159011,1,501,3,1
2023HU1159011,2,501,3,1
2023HU1159169,1,91,3,1
2023HU1159169,2,91,3,1
2023HU1159217,1,396,2,1
2023HU1159265,1,501,1,1
2023HU1159374,1,432,1,1
2023HU1159374,2,432,1,1
2023HU1159385,1,245,3,1
2023HU1159385,2,245,3,1
2023HU1159385,3,245,3,1
2023HU1159524,1,501,2,1
2023HU1159524,2,501,2,1
2023HU1159524,3,501,2,1
2023HU1159524,4,501,2,1
2023HU1159852,1,87,2,1
2023HU1159940,1,23,1,1
2023HU1159948,1,95,1,1
2023HU1159948,2,95,1,1
2023HU1159948,3,95,1,1
2023HU1159948,4,95,1,1
2023HU1159948,5,95,1,1
2023HU1159998,1,335,2,1
2023HU1159998,2,335,2,1
2023HU1159998,3,335,2,1
2023HU1160025,1,263,2,1
2023HU1160025,2,263,2,1
2023HU1160190,1,148,3,1
2023HU1160190,2,0,3,1
2023HU1160190,3,148,3,1
2023HU1160261,1,501,1,1
2023HU1160261,2,501,1,1
2023HU1160266,1,501,1,1
2023HU1160312,1,181,2,1
2023HU1160312,2,181,2,1
2023HU1160312,3,181,2,1
2023HU1160312,4,181,2,1
2023HU1160312,5,181,2,1
2023HU1160312,6,181,2,1
2023HU1160403,1,501,2,1
2023HU1160403,2,501,2,1
2023HU1160540,1,501,2,1
2023HU1160540,2,501,2,1
2023HU1160778,1,225,2,1
2023HU1160778,2,225,2,1
2023HU1160778,3,225,2,1
2023HU1160778,4,225,2,1
2023HU1160853,1,501,1,1
2023HU1160853,2,501,1,1
2023HU1160976,1,387,1,1
2023HU1161340,1,139,1,1
2023HU1161340,2,139,1,1
2023HU1161340,3,139,1,1
2023HU1161340,4,139,1,1
2023HU1161340,5,139,1,1
2023HU1161626,1,388,1,1
2023HU1161626,2,388,1,1
2023HU1161626,3,388,1,1
2023HU1161626,4,388,1,1
2023HU1161749,1,38,3,1
2023HU1161749,2,0,3,1
2023HU1161803,1,288,2,1
2023HU1161803,2,288,2,1
2023HU1161844,1,501,1,1
2023HU1161844,2,501,1,1
2023HU1161844,3,501,1,1
2023HU1161844,4,501,1,1
2023HU1161844,5,0,1,1
2023HU1162313,1,170,3,1
2023HU1162347,1,308,3,1
2023HU1162347,2,308,3,1
2023HU1162347,3,308,3,1
2023HU1162347,4,308,3,1
2023HU1162347,5,308,3,1
2023HU1162397,1,186,2,1
2023HU1162397,2,186,2,1
2023HU1162397,3,186,2,1
2023HU1162601,1,501,3,1
2023HU1162601,2,501,3,1
2023HU1162630,1,501,1,1
2023HU1162630,2,501,1,1
2023HU1162656,1,459,2,1
2023HU1162737,1,107,3,1
2023HU1162737,2,107,3,1
2023HU1163052,1,97,1,1
2023HU1163422,1,118,3,1
2023HU1163422,2,0,3,1
2023HU1163864,1,325,3,1
2023HU1163864,2,325,3,1
2023HU1163935,1,262,3,1
2023HU1163935,2,262,3,1
2023HU1163935,3,262,3,1
2023HU1163935,4,262,3,1
2023HU1163935,5,262,3,1
2023HU1164129,1,489,1,1
2023HU1164129,2,489,1,1
2023HU1164129,3,489,1,1
2023HU1164129,4,489,1,1
2023HU1164306,1,252,3,1
2023HU1164306,2,252,3,1
2023HU1164306,3,252,3,1
2023HU1164361,1,501,1,1
2023HU1164361,2,501,1,1
2023HU1164361,3,501,1,1
2023HU1164361,4,501,1,1
2023HU1164361,5,501,1,1
2023HU1164361,6,501,1,1
2023HU1164510,1,501,1,1
2023HU1164510,2,501,1,1
2023HU1164510,3,501,1,1
2023HU1164510,4,501,1,1
2023HU1164512,1,352,3,1
2023HU1164512,2,352,3,1
2023HU1164514,1,381,3,1
2023HU1164514,2,381,3,1
2023HU1164514,3,381,3,1
2023HU1164514,4,381,3,1
2023HU1164514,5,381,3,1
2023HU1164614,1,187,2,1
2023HU1164614,2,187,2,1
2023HU1164809,1,232,3,1
2023HU1164809,2,232,3,1
2023HU1164809,3,232,3,1
2023HU1164809,4,232,3,1
2023HU1164832,1,442,2,1
2023HU1164832,2,442,2,1
2023HU1164993,1,0,3,1
2023HU1165016,1,175,2,1
2023HU1165016,2,113,2,1
2023HU1165016,3,130,2,1
2023HU1165191,1,123,2,1
2023HU1165191,2,123,2,1
2023HU1165274,1,415,2,1
2023HU1165632,1,501,2,1
2023HU1165752,1,188,1,1
2023HU1165752,2,188,1,1
2023HU1165752,3,188,1,1
2023HU1165752,4,188,1,1
2023HU1166019,1,501,2,1
2023HU1166019,2,501,2,1
2023HU1166137,1,501,2,1
2023HU1166390,1,101,1,1
2023HU1166390,2,351,1,1
2023HU1166390,3,0,1,1
2023HU1166514,1,501,2,1
2023HU1166514,2,501,2,1
2023HU1166598,1,501,2,1
2023HU1166598,2,501,2,1
2023HU1166683,1,385,1,1
2023HU1166683,2,385,1,1
2023HU1166683,3,385,1,1
2023HU1166683,4,385,1,1
2023HU1166948,1,76,1,1
2023HU1166968,1,501,1,1
2023HU1166968,2,501,1,1
2023HU1167027,1,337,3,1
2023HU1167027,2,51,3,1
2023HU1167027,3,337,3,1
2023HU1167027,4,337,3,1
2023HU1167073,1,501,1,1
2023HU1167073,2,501,1,1
2023HU1167148,1,501,3,1
2023HU1167332,1,260,1,1
2023HU1167332,2,260,1,1
2023HU1167542,1,501,2,1
2023HU1167564,1,501,3,1
2023HU1167564,2,501,3,1
2023HU1167564,3,501,3,1
2023HU1167564,4,501,3,1
2023HU1167946,1,344,3,1
2023HU1167946,2,344,3,1
2023HU1167946,3,344,3,1
2023HU1168677,1,410,1,1
2023HU1168677,2,203,1,1
2023HU1168677,3,410,1,1
2023HU1168677,4,410,1,1
2023HU1168677,5,410,1,1
2023HU1168774,1,84,2,1
2023HU1168774,2,84,2,1
2023HU1168855,1,70,3,1
2023HU1169141,1,27,2,1
2023HU1169141,2,27,2,1
2023HU1169316,1,122,3,1
2023HU1169316,2,231,3,1
2023HU1169348,1,501,1,1
2023HU1169348,2,385,1,1
2023HU1169613,1,197,1,1
2023HU1169613,2,197,1,1
2023HU1169613,3,197,1,1
2023HU1169708,1,314,3,1
2023HU1169708,2,314,3,1
2023HU1169708,3,314,3,1
2023HU1169708,4,314,3,1
2023HU1169999,1,410,2,1
2023HU1169999,2,410,2,1
2023HU1169999,3,410,2,1
2023HU1170072,1,501,3,1
2023HU1170072,2,501,3,1
2023HU1170249,1,159,2,1
2023HU1170322,1,173,3,1
2023HU1170322,2,173,3,1
2023HU1170422,1,181,2,1
2023HU1170422,2,181,2,1
2023HU1170582,1,437,3,1
2023HU1170582,2,437,3,1
2023HU1170582,3,437,3,1
2023HU1170582,4,437,3,1
2023HU1170582,5,437,3,1
2023HU1170582,6,437,3,1
2023HU1170765,1,127,2,1
2023HU1170765,2,127,2,1
2023HU1170765,3,127,2,1
2023HU1170765,4,127,2,1
2023HU1170765,5,127,2,1
2023HU1170765,6,127,2,1
2023HU1170765,7,127,2,1
2023HU1170810,1,501,3,1
2023HU1170810,2,501,3,1
2023HU1170997,1,69,1,1
2023HU1170997,2,69,1,1
2023HU1170997,3,69,1,1
2023HU1170997,4,69,1,1
2023HU1171024,1,253,3,1
2023HU1171024,2,253,3,1
2023HU1171024,3,253,3,1
2023HU1171024,4,253,3,1
2023HU1171038,1,351,2,1
2023HU1171038,2,351,2,1
2023HU1171038,3,351,2,1
2023HU1171386,1,314,3,1
2023HU1171386,2,314,3,1
2023HU1171386,3,314,3,1
2023HU1171666,1,501,2,1
2023HU1171666,2,501,2,1
2023HU1171820,1,339,3,1
2023HU1171820,2,339,3,1
2023HU1171839,1,247,3,1
2023HU1171839,2,247,3,1
2023HU1171839,3,247,3,1
2023HU1171839,4,247,3,1
2023HU1171839,5,247,3,1
2023HU1172067,1,401,1,1
2023HU1172260,1,501,2,1
2023HU1172260,2,418,2,1
2023HU1172260,3,501,2,1
2023HU1172400,1,109,2,1
2023HU1172400,2,109,2,1
2023HU1172967,1,242,1,1
2023HU1172967,2,242,1,1
2023HU1173208,1,394,2,1
2023HU1173208,2,394,2,1
2023HU1173221,1,88,2,1
2023HU1174029,1,63,4,1
2023HU1174030,1,441,1,1
2023HU1174030,2,441,1,1
2023HU1174525,1,346,2,1
2023HU1174525,2,346,2,1
2023HU1174678,1,38,3,1
2023HU1174678,2,38,3,1
2023HU1174678,3,38,3,1
2023HU1174709,1,501,2,1
2023HU1174709,2,501,2,1
2023HU1174710,1,189,3,1
2023HU1174710,2,189,3,1
2023HU1174710,3,189,3,1
2023HU1174710,4,189,3,1
2023HU1174794,1,99,2,1
2023HU1174794,2,99,2,1
2023HU1174794,3,99,2,1
2023HU1174819,1,501,2,1
2023HU1174819,2,501,2,1
2023HU1174872,1,489,1,1
2023HU1174872,2,489,1,1
2023HU1174872,3,489,1,1
2023HU1174872,4,489,1,1
2023HU1174887,1,501,1,1
2023HU1174887,2,501,1,1
2023HU1174967,1,316,2,1
2023HU1174967,2,316,2,1
2023HU1175145,1,56,2,1
2023HU1175176,1,499,1,1
2023HU1175461,1,501,3,1
2023HU1175572,1,166,1,1
2023HU1175672,1,78,3,1
2023HU1176235,1,306,1,1
2023HU1176235,2,306,1,1
2023HU1176383,1,388,3,1
2023HU1176496,1,199,3,1
2023HU1176496,2,199,3,1
2023HU1176496,3,199,3,1
2023HU1176496,4,199,3,1
2023HU1176587,1,277,2,1
2023HU1176587,2,277,2,1
2023HU1176587,3,277,2,1
2023HU1176587,4,277,2,1
2023HU1176652,1,337,3,1
2023HU1176652,2,337,3,1
2023HU1176975,1,429,2,1
2023HU1176992,1,437,1,1
2023HU1177157,1,434,1,1
2023HU1177157,2,434,1,1
2023HU1177157,3,434,1,1
2023HU1177157,4,434,1,1
2023HU1177162,1,299,1,1
2023HU1177162,2,299,1,1
2023HU1177162,3,299,1,1
2023HU1177162,4,299,1,1
2023HU1177399,1,501,1,1
2023HU1177399,2,501,1,1
2023HU1177759,1,332,2,1
2023HU1177759,2,332,2,1
2023HU1177759,3,332,2,1
2023HU1177759,4,332,2,1
2023HU1177759,5,332,2,1
2023HU1178043,1,501,2,1
2023HU1178125,1,501,3,1
2023HU1178125,2,0,3,1
2023HU1178303,1,55,2,1
2023HU1178367,1,92,1,1
2023HU1178367,2,191,1,1
2023HU1178380,1,159,3,1
2023HU1178380,2,159,3,1
2023HU1178496,1,307,3,1
2023HU1178496,2,307,3,1
2023HU1178565,1,279,3,1
2023HU1178565,2,279,3,1
2023HU1178565,3,279,3,1
2023HU1178705,1,501,1,1
2023HU1178705,2,501,1,1
2023HU1178722,1,86,3,1
2023HU1178762,1,501,1,1
2023HU1178762,2,501,1,1
2023HU1179283,1,296,1,1
2023HU1179283,2,296,1,1
2023HU1179283,3,296,1,1
2023HU1179283,4,296,1,1
2023HU1179283,5,296,1,1
2023HU1179283,6,296,1,1
2023HU1179524,1,308,1,1
2023HU1179525,1,441,1,1
2023HU1179525,2,441,1,1
2023HU1179676,1,287,2,1
2023HU1179676,2,287,2,1
2023HU1179676,3,287,2,1
2023HU1180063,1,501,2,1
2023HU1180078,1,173,1,1
2023HU1180078,2,141,1,1
2023HU1180081,1,382,1,1
2023HU1180122,1,501,3,1
2023HU1180189,1,346,1,1
2023HU1180189,2,346,1,1
2023HU1180189,3,346,1,1
2023HU1180189,4,346,1,1
2023HU1180315,1,449,3,1
2023HU1180315,2,449,3,1
2023HU1180403,1,250,3,1
2023HU1180403,2,250,3,1
2023HU1180542,1,501,3,1
2023HU1180591,1,501,1,1
2023HU1180591,2,501,1,1
2023HU1180726,1,491,3,1
2023HU1180774,1,366,1,1
2023HU1180774,2,366,1,1
2023HU1180774,3,366,1,1
2023HU1180888,1,501,2,1
2023HU1180888,2,501,2,1
2023HU1180915,1,501,1,1
2023HU1180964,1,326,1,1
2023HU1180964,2,326,1,1
2023HU1180964,3,326,1,1
2023HU1180964,4,326,1,1
2023HU1180964,5,326,1,1
2023HU1181464,1,501,1,1
2023HU1181464,2,501,1,1
2023HU1181464,3,501,1,1
2023HU1181464,4,501,1,1
2023HU1181464,5,501,1,1
2023HU1181464,6,501,1,1
2023HU1181545,1,497,2,1
2023HU1181545,2,497,2,1
2023HU1181545,3,497,2,1
2023HU1181573,1,119,3,1
2023HU1181573,2,119,3,1
2023HU1181606,1,217,1,1
2023HU1181606,2,336,1,1
2023HU1181606,3,217,1,1
2023HU1181606,4,217,1,1
2023HU1181606,5,485,1,1
2023HU1181606,6,,1,1
2023HU1181722,1,501,1,1
2023HU1181722,2,501,1,1
2023HU1181722,3,501,1,1
2023HU1181767,1,501,1,1
2023HU1181767,2,501,1,1
2023HU1181767,3,501,1,1
2023HU1181767,4,501,1,1
2023HU1181767,5,501,1,1
2023HU1181767,6,501,1,1
2023HU1182202,1,455,1,1
2023HU1182202,2,455,1,1
2023HU1182202,3,455,1,1
2023HU1182254,1,501,1,1
2023HU1182254,2,501,1,1
2023HU1182254,3,501,1,1
2023HU1182254,4,501,1,1
2023HU1182375,1,212,3,1
2023HU1182375,2,212,3,1
2023HU1182375,3,212,3,1
2023HU1182375,4,212,3,1
2023HU1182516,1,501,1,1
2023HU1182635,1,93,1,1
2023HU1182635,2,93,1,1
2023HU1182920,1,354,1,1
2023HU1182920,2,354,1,1
2023HU1182920,3,354,1,1
2023HU1182981,1,295,2,1
2023HU1182981,2,295,2,1
2023HU1182981,3,295,2,1
2023HU1182981,4,295,2,1
2023HU1182981,5,295,2,1
2023HU1183189,1,13,2,1
2023HU1183244,1,501,1,1
2023HU1183244,2,501,1,1
2023HU1183244,3,501,1,1
2023HU1183244,4,501,1,1
2023HU1183246,1,501,2,1
2023HU1183246,2,501,2,1
2023HU1183328,1,363,2,1
2023HU1183328,2,363,2,1
2023HU1183328,3,363,2,1
2023HU1183328,4,363,2,1
2023HU1183328,5,363,2,1
2023HU1183583,1,501,1,1
2023HU1183583,2,501,1,1
2023HU1183583,3,501,1,1
2023HU1183583,4,501,1,1
2023HU1183813,1,449,2,1
2023HU1183813,2,366,2,1
2023HU1183813,3,449,2,1
2023HU1183822,1,341,1,1
2023HU1183822,2,341,1,1
2023HU1183822,3,341,1,1
2023HU1183822,4,341,1,1
2023HU1183822,5,341,1,1
2023HU1183972,1,501,2,1
2023HU1183972,2,501,2,1
2023HU1183972,3,501,2,1
2023HU1183972,4,501,2,1
2023HU1184085,1,6,3,1
2023HU1184167,1,279,1,1
2023HU1184167,2,279,1,1
2023HU1184167,3,279,1,1
2023HU1184510,1,501,1,1
2023HU1184510,2,501,1,1
2023HU1184599,1,501,2,1
2023HU1184663,1,92,3,1
2023HU1184728,1,261,1,1
2023HU1184728,2,261,1,1
2023HU1184728,3,261,1,1
2023HU1185148,1,501,1,1
2023HU1185148,2,501,1,1
2023HU1185344,1,243,1,1
2023HU1185344,2,243,1,1
2023HU1185344,3,243,1,1
2023HU1185344,4,243,1,1
2023HU1185449,1,501,1,1
2023HU1185472,1,329,3,1
2023HU1185507,1,501,1,1
2023HU1185768,1,188,3,1
2023HU1185768,2,188,3,1
2023HU1185768,3,188,3,1
2023HU1185768,4,188,3,1
2023HU1185768,5,501,3,1
2023HU1185841,1,70,1,1
2023HU1186081,1,501,1,1
2023HU1186081,2,501,1,1
2023HU1186081,3,501,1,1
2023HU1186309,1,0,1,1
2023HU1186309,2,29,1,1
2023HU1186322,1,327,3,1
2023HU1186322,2,501,3,1
2023HU1186322,3,327,3,1
2023HU1186763,1,501,2,1
2023HU1186866,1,501,2,1
2023HU1186866,2,501,2,1
2023HU1186946,1,398,2,1
2023HU1186946,2,398,2,1
2023HU1186946,3,398,2,1
2023HU1186946,4,398,2,1
2023HU1186988,1,501,2,1
2023HU1186988,2,501,2,1
2023HU1187670,1,251,3,1
2023HU1187670,2,251,3,1
2023HU1187732,1,172,3,1
2023HU1187921,1,359,3,1
2023HU1187921,2,359,3,1
2023HU1187921,3,359,3,1
2023HU1187921,4,359,3,1
2023HU1187921,5,359,3,1
2023HU1188148,1,501,1,1
2023HU1188148,2,501,1,1
2023HU1188150,1,201,3,1
2023HU1188162,1,259,3,1
2023HU1188162,2,259,3,1
2023HU1188168,1,357,2,1
2023HU1188168,2,357,2,1
2023HU1188168,3,357,2,1
2023HU1188189,1,441,1,1
2023HU1188189,2,441,1,1
2023HU1188189,3,441,1,1
2023HU1188238,1,224,2,1
2023HU1188238,2,305,2,1
2023HU1188238,3,0,2,1
2023HU1188993,1,348,1,1
2023HU1188993,2,348,1,1
2023HU1189283,1,150,2,1
2023HU1189283,2,150,2,1
2023HU1189575,1,191,4,1
2023HU1189603,1,130,2,1
2023HU1189603,2,130,2,1
2023HU1189655,1,407,2,1
2023HU1189655,2,407,2,1
2023HU1189655,3,407,2,1
2023HU1189755,1,267,1,1
2023HU1189755,2,267,1,1
2023HU1189755,3,267,1,1
2023HU1189755,4,267,1,1
2023HU1189755,5,253,1,1
2023HU1190076,1,167,1,1
2023HU1190076,2,167,1,1
2023HU1190136,1,123,3,1
2023HU1190136,2,123,3,1
2023HU1190136,3,123,3,1
2023HU1190136,4,123,3,1
2023HU1190136,5,123,3,1
2023HU1190200,1,501,2,1
2023HU1190296,1,259,3,1
2023HU1190296,2,207,3,1
2023HU1190296,3,32,3,1
2023HU1190405,1,407,2,1
2023HU1190405,2,407,2,1
2023HU1190405,3,407,2,1
2023HU1190603,1,3,3,1
2023HU1190712,1,269,3,1
2023HU1190712,2,269,3,1
2023HU1190740,1,8,2,1
2023HU1190740,2,8,2,1
2023HU1190740,3,8,2,1
2023HU1190740,4,8,2,1
2023HU1190740,5,8,2,1
2023HU1190808,1,0,3,1
2023HU1190808,2,0,3,1
2023HU1190808,3,0,3,1
2023HU1190990,1,501,2,1
2023HU1190990,2,501,2,1
2023HU1190990,3,501,2,1
2023HU1190990,4,501,2,1
2023HU1191058,1,377,4,1
2023HU1191058,2,245,4,1
2023HU1191058,3,240,4,1
2023HU1191058,4,97,4,1
2023HU1191133,1,488,1,1
2023HU1191133,2,488,1,1
2023HU1191133,3,488,1,1
2023HU1191133,4,488,1,1
2023HU1191136,1,430,2,1
2023HU1191136,2,259,2,1
2023HU1191136,3,430,2,1
2023HU1191136,4,430,2,1
2023HU1191138,1,501,1,1
2023HU1191138,2,501,1,1
2023HU1191138,3,501,1,1
2023HU1191138,4,501,1,1
2023HU1191215,1,446,3,1
2023HU1191349,1,385,3,1
2023HU1191349,2,385,3,1
2023HU1191580,1,501,1,1
2023HU1191580,2,501,1,1
2023HU1191580,3,501,1,1
2023HU1191580,4,501,1,1
2023HU1191703,1,501,3,1
2023HU1191703,2,255,3,1
2023HU1191816,1,501,3,1
2023HU1191955,1,375,3,1
2023HU1191955,2,375,3,1
2023HU1191966,1,84,1,1
2023HU1192145,1,501,3,1
2023HU1192145,2,501,3,1
2023HU1192145,3,501,3,1
2023HU1192145,4,501,3,1
2023HU1192145,5,501,3,1
2023HU1192145,6,501,3,1
2023HU1192234,1,501,1,1
2023HU1192234,2,501,1,1
2023HU1192322,1,322,3,1
2023HU1192322,2,322,3,1
2023HU1192475,1,436,1,1
2023HU1192475,2,436,1,1
2023HU1192475,3,436,1,1
2023HU1192949,1,155,1,1
2023HU1192949,2,155,1,1
2023HU1192949,3,155,1,1
2023HU1192949,4,155,1,1
2023HU1192949,5,155,1,1
2023HU1193367,1,64,1,1
2023HU1193367,2,260,1,1
2023HU1193367,3,64,1,1
2023HU1193367,4,64,1,1
2023HU1193423,1,95,3,1
2023HU1193515,1,384,3,1
2023HU1193527,1,501,1,1
2023HU1193611,1,174,3,1
2023HU1193611,2,174,3,1
2023HU1193617,1,17,1,1
2023HU1193942,1,501,1,1
2023HU1194179,1,253,2,1
2023HU1194911,1,501,2,1
2023HU1194983,1,139,2,1
2023HU1194983,2,139,2,1
2023HU1194983,3,139,2,1
2023HU1195277,1,501,1,1
2023HU1195277,2,501,1,1
2023HU1195277,3,501,1,1
2023HU1195277,4,501,1,1
2023HU1195376,1,183,3,1
2023HU1195376,2,248,3,1
2023HU1195902,1,150,1,1
2023HU1195902,2,150,1,1
2023HU1195902,3,150,1,1
2023HU1195902,4,150,1,1
2023HU1195902,5,150,1,1
2023HU1195902,6,150,1,1
2023HU1196706,1,478,3,1
2023HU1197140,1,434,1,1
2023HU1197140,2,434,1,1
2023HU1197343,1,501,1,1
2023HU1197343,2,501,1,1
2023HU1197343,3,501,1,1
2023HU1197343,4,501,1,1
2023HU1197683,1,501,3,1
2023HU1197683,2,501,3,1
2023HU1197683,3,501,3,1
2023HU1197683,4,501,3,1
2023HU1197705,1,501,1,1
2023HU1197705,2,501,1,1
2023HU1197713,1,48,2,1
2023HU1197713,2,48,2,1
2023HU1197796,1,151,1,1
2023HU1197796,2,151,1,1
2023HU1197796,3,151,1,1
2023HU1197796,4,222,1,1
2023HU1197937,1,94,3,1
2023HU1197937,2,94,3,1
2023HU1197937,3,94,3,1
2023HU1197937,4,94,3,1
2023HU1197945,1,501,1,1
2023HU1197945,2,501,1,1
2023HU1197945,3,501,1,1
2023HU1197945,4,501,1,1
2023HU1198022,1,11,2,1
2023HU1198022,2,44,2,1
2023HU1198151,1,241,1,1
2023HU1198163,1,33,3,1
2023HU1198163,2,33,3,1
2023HU1198163,3,33,3,1
2023HU1198163,4,33,3,1
2023HU1198163,5,33,3,1
2023HU1198221,1,377,1,1
2023HU1198221,2,377,1,1
2023HU1198505,1,202,1,1
2023HU1198505,2,106,1,1
2023HU1198505,3,202,1,1
2023HU1198908,1,219,1,1
2023HU1198908,2,219,1,1
2023HU1198908,3,219,1,1
2023HU1198908,4,219,1,1
2023HU1198933,1,217,3,1
2023HU1198933,2,217,3,1
2023HU1198933,3,217,3,1
2023HU1199047,1,181,3,1
2023HU1199047,2,233,3,1
2023HU1199383,1,501,3,1
2023HU1199383,2,501,3,1
2023HU1199524,1,315,1,1
2023HU1199524,2,315,1,1
2023HU1199524,3,315,1,1
2023HU1199524,4,315,1,1
2023HU1199802,1,456,2,1
2023HU1199802,2,456,2,1
2023HU1199802,3,456,2,1
2023HU1199981,1,239,2,1
2023HU1199981,2,239,2,1
2023HU1200013,1,243,3,1
2023HU1200013,2,243,3,1
2023HU1200013,3,243,3,1
2023HU1200115,1,262,3,1
2023HU1200115,2,262,3,1
2023HU1200115,3,262,3,1
2023HU1200115,4,262,3,1
2023HU1200223,1,173,3,1
2023HU1200344,1,423,3,1
2023HU1200376,1,89,3,1
2023HU1200376,2,89,3,1
2023HU1200376,3,89,3,1
2023HU1200376,4,89,3,1
2023HU1200376,5,89,3,1
2023HU1200589,1,327,1,1
2023HU1200589,2,327,1,1
2023HU1200589,3,327,1,1
2023HU1200610,1,328,3,1
2023HU1200610,2,328,3,1
2023HU1200781,1,57,4,1
2023HU1200797,1,387,1,1
2023HU1200797,2,387,1,1
2023HU1200797,3,387,1,1
2023HU1200843,1,256,3,1
2023HU1200843,2,256,3,1
2023HU1200843,3,261,3,1
2023HU1201021,1,501,1,1
2023HU1201021,2,501,1,1
2023HU1201038,1,501,3,1
2023HU1201787,1,501,3,1
2023HU1201787,2,501,3,1
2023HU1201806,1,115,3,1
2023HU1201806,2,115,3,1
2023HU1201831,1,501,1,1
2023HU1201831,2,501,1,1
2023HU1201831,3,501,1,1
2023HU1201831,4,501,1,1
2023HU1201831,5,501,1,1
2023HU1202116,1,501,1,1
2023HU1202116,2,501,1,1
2023HU1202120,1,46,3,1
2023HU1202120,2,46,3,1
2023HU1202182,1,424,1,1
2023HU1202182,2,424,1,1
2023HU1202182,3,424,1,1
2023HU1202182,4,424,1,1
2023HU1202472,1,172,3,1
2023HU1202472,2,427,3,1
2023HU1202818,1,157,2,1
2023HU1202818,2,157,2,1
2023HU1202818,3,157,2,1
2023HU1202974,1,501,1,1
2023HU1202974,2,501,1,1
2023HU1202974,3,501,1,1
2023HU1202974,4,501,1,1
2023HU1203565,1,0,3,1
2023HU1203565,2,0,3,1
2023HU1203565,3,0,3,1
2023HU1203565,4,0,3,1
2023HU1203595,1,460,1,1
2023HU1203595,2,460,1,1
2023HU1203769,1,501,3,1
2023HU1203769,2,501,3,1
2023HU1204039,1,220,1,1
2023HU1204039,2,156,1,1
2023HU1204039,3,220,1,1
2023HU1204039,4,292,1,1
2023HU1204039,5,58,1,1
2023HU1204268,1,474,1,1
2023HU1204290,1,501,3,1
2023HU1204290,2,501,3,1
2023HU1204299,1,126,4,1
2023HU1204299,2,234,4,1
2023HU1204299,3,126,4,1
2023HU1204299,4,126,4,1
2023HU1204475,1,380,2,1
2023HU1204475,2,380,2,1
2023HU1204475,3,380,2,1
2023HU1204477,1,501,3,1
2023HU1204477,2,501,3,1
2023HU1204607,1,435,1,1
2023HU1204607,2,435,1,1
2023HU1204607,3,435,1,1
2023HU1204607,4,435,1,1
2023HU1204647,1,456,1,1
2023HU1204647,2,456,1,1
2023HU1204647,3,456,1,1
2023HU1204647,4,456,1,1
2023HU1204731,1,393,1,1
2023HU1204731,2,393,1,1
2023HU1204731,3,393,1,1
2023HU1204731,4,328,1,1
2023HU1204818,1,185,1,1
2023HU1204818,2,185,1,1
2023HU1204859,1,501,3,1
2023HU1204859,2,0,3,1
2023HU1204878,1,72,3,1
2023HU1204947,1,430,3,1
2023HU1204947,2,430,3,1
2023HU1204947,3,306,3,1
2023HU1204984,1,234,1,1
2023HU1204984,2,234,1,1
2023HU1204984,3,234,1,1
2023HU1205046,1,501,1,1
2023HU1205140,1,210,1,1
2023HU1205140,2,210,1,1
2023HU1205140,3,210,1,1
2023HU1205150,1,248,2,1
2023HU1205150,2,248,2,1
2023HU1205289,1,500,3,1
2023HU1205301,1,246,3,1
2023HU1205301,2,246,3,1
2023HU1205396,1,501,2,1
2023HU1205396,2,501,2,1
2023HU1205396,3,501,2,1
2023HU1205397,1,131,2,1
2023HU1205537,1,501,2,1
2023HU1205537,2,501,2,1
2023HU1205824,1,358,3,1
2023HU1205824,2,358,3,1
2023HU1205824,3,358,3,1
2023HU1205824,4,12,3,1
2023HU1205911,1,501,1,1
2023HU1205994,1,501,2,1
2023HU1206045,1,244,2,1
2023HU1206124,1,76,2,1
2023HU1206124,2,76,2,1
2023HU1206141,1,501,3,1
2023HU1206141,2,193,3,1
2023HU1206325,1,78,2,1
2023HU1206488,1,176,2,1
2023HU1206488,2,176,2,1
2023HU1206658,1,501,2,1
2023HU1206658,2,501,2,1
2023HU1206849,1,501,1,1
2023HU1206849,2,501,1,1
2023HU1206849,3,501,1,1
2023HU1206849,4,501,1,1
2023HU1206849,5,501,1,1
2023HU1206854,1,452,1,1
2023HU1206854,2,452,1,1
2023HU1207022,1,0,2,1
2023HU1207022,2,240,2,1
2023HU1207022,3,2,2,1
2023HU1207022,4,6,2,1
2023HU1208214,1,501,2,1
2023HU1208214,2,501,2,1
2023HU1208346,1,60,3,1
2023HU1208394,1,405,2,1
2023HU1208394,2,405,2,1
2023HU1208394,3,405,2,1
2023HU1208576,1,501,1,1
2023HU1208576,2,501,1,1
2023HU1208578,1,198,1,1
2023HU1208578,2,198,1,1
2023HU1208578,3,198,1,1
2023HU1208578,4,198,1,1
2023HU1208666,1,73,2,1
2023HU1208666,2,265,2,1
2023HU1208737,1,113,1,1
2023HU1208737,2,113,1,1
2023HU1208876,1,228,1,1
2023HU1208876,2,228,1,1
2023HU1208876,3,228,1,1
2023HU1208876,4,228,1,1
2023HU1208876,5,228,1,1
2023HU1208876,6,228,1,1
2023HU1208876,7,228,1,1
2023HU1209139,1,367,3,1
2023HU1209139,2,367,3,1
2023HU1209145,1,501,1,1
2023HU1209145,2,116,1,1
2023HU1209180,1,375,1,1
2023HU1209180,2,375,1,1
2023HU1209180,3,375,1,1
2023HU1209229,1,501,1,1
2023HU1209229,2,501,1,1
2023HU1209229,3,501,1,1
2023HU1209229,4,501,1,1
2023HU1209229,5,501,1,1
2023HU1209237,1,286,3,1
2023HU1209237,2,286,3,1
2023HU1209237,3,286,3,1
2023HU1209237,4,286,3,1
2023HU1209428,1,197,1,1
2023HU1209428,2,197,1,1
2023HU1209428,3,205,1,1
2023HU1209522,1,187,3,1
2023HU1209522,2,187,3,1
2023HU1209522,3,187,3,1
2023HU1209522,4,187,3,1
2023HU1209756,1,21,1,1
2023HU1210272,1,61,2,1
2023HU1210272,2,61,2,1
2023HU1210272,3,61,2,1
2023HU1210491,1,501,1,1
2023HU1210806,1,147,3,1
2023HU1210806,2,147,3,1
2023HU1210806,3,147,3,1
2023HU1211002,1,501,1,1
2023HU1211002,2,501,1,1
2023HU1211002,3,501,1,1
2023HU1211002,4,501,1,1
2023HU1211486,1,198,3,1
2023HU1211486,2,198,3,1
2023HU1211725,1,262,3,1
2023HU1211725,2,262,3,1
2023HU1211725,3,262,3,1
2023HU1211892,1,336,2,1
2023HU1211892,2,336,2,1
2023HU1211892,3,336,2,1
2023HU1212426,1,493,1,1
2023HU1212426,2,493,1,1
2023HU1212426,3,493,1,1
2023HU1212426,4,493,1,1
2023HU1212426,5,493,1,1
2023HU1212469,1,144,3,1
2023HU1212469,2,144,3,1
2023HU1212469,3,144,3,1
2023HU1212469,4,144,3,1
2023HU1212564,1,125,1,1
2023HU1212564,2,125,1,1
2023HU1212564,3,125,1,1
2023HU1212588,1,101,2,1
2023HU1212588,2,117,2,1
2023HU1212588,3,0,2,1
2023HU1212958,1,248,1,1
2023HU1212969,1,33,3,1
2023HU1212969,2,33,3,1
2023HU1212969,3,33,3,1
2023HU1213042,1,352,3,1
2023HU1213042,2,352,3,1
2023HU1213080,1,230,3,1
2023HU1213187,1,160,3,1
2023HU1213187,2,235,3,1
2023HU1213187,3,160,3,1
2023HU1213187,4,160,3,1
2023HU1213377,1,501,1,1
2023HU1213377,2,501,1,1
2023HU1213377,3,501,1,1
2023HU1213377,4,501,1,1
2023HU1213377,5,501,1,1
2023HU1213377,6,501,1,1
2023HU1213588,1,22,3,1
2023HU1213588,2,22,3,1
2023HU1213638,1,243,2,1
2023HU1213638,2,243,2,1
2023HU1213638,3,243,2,1
2023HU1213654,1,501,1,1
2023HU1213654,2,501,1,1
2023HU1213887,1,501,1,1
2023HU1213887,2,501,1,1
2023HU1214113,1,501,1,1
2023HU1214113,2,328,1,1
2023HU1214113,3,501,1,1
2023HU1214308,1,72,2,1
2023HU1214308,2,72,2,1
2023HU1214329,1,179,3,1
2023HU1214329,2,179,3,1
2023HU1214329,3,179,3,1
2023HU1214411,1,88,3,1
2023HU1214411,2,88,3,1
2023HU1214411,3,88,3,1
2023HU1214411,4,88,3,1
2023HU1214411,5,88,3,1
2023HU1214494,1,279,3,1
2023HU1214494,2,319,3,1
2023HU1214494,3,279,3,1
2023HU1214494,4,279,3,1
2023HU1214494,5,279,3,1
2023HU1214799,1,226,2,1
2023HU1214799,2,226,2,1
2023HU1214799,3,226,2,1
2023HU1214799,4,226,2,1
2023HU1214799,5,226,2,1
2023HU1214799,6,226,2,1
2023HU1214968,1,292,3,1
2023HU1214968,2,292,3,1
2023HU1214968,3,292,3,1
2023HU1214968,4,292,3,1
2023HU1215176,1,501,4,1
2023HU1215192,1,380,2,1
2023HU1215192,2,380,2,1
2023HU1215287,1,501,1,1
2023HU1215287,2,501,1,1
2023HU1215388,1,501,1,1
2023HU1215388,2,501,1,1
2023HU1215388,3,501,1,1
2023HU1215388,4,223,1,1
2023HU1215390,1,252,2,1
2023HU1215390,2,252,2,1
2023HU1215683,1,501,1,1
2023HU1215683,2,501,1,1
2023HU1215770,1,59,3,1
2023HU1215770,2,59,3,1
2023HU1215846,1,79,4,1
2023HU1216007,1,296,1,1
2023HU1216007,2,296,1,1
2023HU1216030,1,501,1,1
2023HU1216030,2,501,1,1
2023HU1216030,3,501,1,1
2023HU1216049,1,487,1,1
2023HU1216189,1,501,1,1
2023HU1216325,1,258,1,1
2023HU1216325,2,258,1,1
2023HU1216325,3,258,1,1
2023HU1216325,4,258,1,1
2023HU1216325,5,258,1,1
2023HU1216535,1,133,3,1
2023HU1216535,2,133,3,1
2023HU1216927,1,409,2,1
2023HU1217049,1,362,1,1
2023HU1217049,2,362,1,1
2023HU1217049,3,332,1,1
2023HU1217049,4,25,1,1
2023HU1217059,1,185,2,1
2023HU1217059,2,185,2,1
2023HU1217102,1,448,1,1
2023HU1217102,2,448,1,1
2023HU1217363,1,159,2,1
2023HU1217437,1,204,3,1
2023HU1217437,2,204,3,1
2023HU1217437,3,204,3,1
2023HU1217559,1,262,3,1
2023HU1217743,1,171,3,1
2023HU1217743,2,171,3,1
2023HU1218087,1,335,2,1
2023HU1218087,2,335,2,1
2023HU1218087,3,335,2,1
2023HU1218087,4,335,2,1
2023HU1218223,1,241,3,1
2023HU1218276,1,126,3,1
2023HU1218276,2,126,3,1
2023HU1218276,3,126,3,1
2023HU1218276,4,126,3,1
2023HU1218276,5,126,3,1
2023HU1218412,1,501,2,1
2023HU1218603,1,501,1,1
2023HU1218704,1,492,1,1
2023HU1218704,2,492,1,1
2023HU1218704,3,492,1,1
2023HU1218820,1,501,1,1
2023HU1218820,2,501,1,1
2023HU1218820,3,501,1,1
2023HU1218870,1,501,1,1
2023HU1218870,2,501,1,1
2023HU1219105,1,501,1,1
2023HU1219105,2,501,1,1
2023HU1219105,3,501,1,1
2023HU1219190,1,115,1,1
2023HU1219190,2,115,1,1
2023HU1219291,1,115,3,1
2023HU1219291,2,115,3,1
2023HU1219291,3,115,3,1
2023HU1219291,4,115,3,1
2023HU1219449,1,278,1,1
2023HU1219449,2,278,1,1
2023HU1219449,3,278,1,1
2023HU1219486,1,305,1,1
2023HU1219486,2,0,1,1
2023HU1219486,3,305,1,1
2023HU1219486,4,305,1,1
2023HU1219519,1,501,3,1
2023HU1219558,1,169,4,1
2023HU1219558,2,169,4,1
2023HU1219558,3,169,4,1
2023HU1219558,4,350,4,1
2023HU1220305,1,317,2,1
2023HU1220305,2,317,2,1
2023HU1220305,3,317,2,1
2023HU1220693,1,138,3,1
2023HU1220693,2,138,3,1
2023HU1220735,1,501,2,1
2023HU1220735,2,501,2,1
2023HU1220735,3,501,2,1
2023HU1220887,1,325,2,1
2023HU1220887,2,325,2,1
2023HU1220887,3,325,2,1
2023HU1220887,4,325,2,1
2023HU1220887,5,325,2,1
2023HU1220915,1,144,3,1
2023HU1220915,2,144,3,1
2023HU1220915,3,144,3,1
2023HU1220915,4,144,3,1
2023HU1221335,1,501,3,1
2023HU1221335,2,501,3,1
2023HU1221335,3,501,3,1
2023HU1221496,1,142,2,1
2023HU1221546,1,194,3,1
2023HU1221546,2,130,3,1
2023HU1221546,3,194,3,1
2023HU1221873,1,176,1,1
2023HU1221873,2,176,1,1
2023HU1221873,3,176,1,1
2023HU1222086,1,112,3,1
2023HU1222086,2,112,3,1
2023HU1222248,1,501,1,1
2023HU1222248,2,501,1,1
2023HU1222248,3,501,1,1
2023HU1222917,1,226,1,1
2023HU1222917,2,226,1,1
2023HU1222917,3,226,1,1
2023HU1223002,1,501,2,1
2023HU1223002,2,501,2,1
2023HU1223076,1,501,2,1
2023HU1223371,1,501,1,1
2023HU1223371,2,501,1,1
2023HU1223437,1,501,3,1
2023HU1223437,2,501,3,1
2023HU1223437,3,501,3,1
2023HU1223437,4,501,3,1
2023HU1223437,5,501,3,1
2023HU1223657,1,122,4,1
2023HU1223657,2,122,4,1
2023HU1223759,1,501,1,1
2023HU1223818,1,262,3,1
2023HU1223818,2,262,3,1
2023HU1223818,3,262,3,1
2023HU1223818,4,262,3,1
2023HU1224113,1,501,1,1
2023HU1224113,2,501,1,1
2023HU1224113,3,501,1,1
2023HU1224113,4,501,1,1
2023HU1224254,1,501,3,1
2023HU1224254,2,501,3,1
2023HU1224391,1,153,3,1
2023HU1224391,2,275,3,1
2023HU1224633,1,171,2,1
2023HU1224633,2,171,2,1
2023HU1224704,1,160,3,1
2023HU1224940,1,192,3,1
2023HU1224940,2,192,3,1
2023HU1224940,3,192,3,1
2023HU1224940,4,192,3,1
2023HU1224940,5,192,3,1
2023HU1225138,1,340,2,1
2023HU1225138,2,340,2,1
2023HU1225138,3,340,2,1
2023HU1225401,1,44,1,1
2023HU1225401,2,44,1,1
2023HU1225514,1,501,1,1
2023HU1225675,1,398,3,1
2023HU1225675,2,398,3,1
2023HU1225675,3,398,3,1
2023HU1225828,1,501,1,1
2023HU1225828,2,501,1,1
2023HU1225828,3,501,1,1
2023HU1225828,4,501,1,1
2023HU1225924,1,294,2,1
2023HU1226120,1,501,1,1
2023HU1226120,2,501,1,1
2023HU1226293,1,147,1,1
2023HU1226293,2,501,1,1
2023HU1226589,1,230,3,1
2023HU1226589,2,435,3,1
2023HU1226847,1,0,2,1
2023HU1227317,1,286,3,1
2023HU1227317,2,286,3,1
2023HU1227344,1,400,2,1
2023HU1227344,2,400,2,1
2023HU1227344,3,400,2,1
2023HU1227399,1,501,2,1
2023HU1227399,2,354,2,1
2023HU1227449,1,260,4,1
2023HU1227449,2,501,4,1
2023HU1227576,1,256,1,1
2023HU1227576,2,256,1,1
2023HU1227576,3,256,1,1
2023HU1227631,1,501,1,1
2023HU1227631,2,501,1,1
2023HU1227631,3,501,1,1
2023HU1227631,4,501,1,1
2023HU1227649,1,501,1,1
2023HU1227649,2,501,1,1
2023HU1227649,3,501,1,1
2023HU1228128,1,501,3,1
2023HU1228128,2,501,3,1
2023HU1228128,3,501,3,1
2023HU1228203,1,501,2,1
2023HU1228203,2,501,2,1
2023HU1228253,1,231,1,1
2023HU1228941,1,501,3,1
2023HU1228941,2,501,3,1
2023HU1229142,1,182,1,1
2023HU1229327,1,15,3,1
2023HU1229327,2,171,3,1
2023HU1229634,1,70,2,1
2023HU1229844,1,213,1,1
2023HU1229844,2,213,1,1
2023HU1229844,3,213,1,1
2023HU1230183,1,133,2,1
2023HU1230296,1,43,3,1
2023HU1230312,1,67,4,1
2023HU1230412,1,501,2,1
2023HU1230412,2,501,2,1
2023HU1230826,1,331,3,1
2023HU1230826,2,331,3,1
2023HU1230826,3,331,3,1
2023HU1230840,1,501,1,1
2023HU1230840,2,501,1,1
2023HU1230840,3,501,1,1
2023HU1231137,1,3,3,1
2023HU1231137,2,501,3,1
2023HU1231249,1,206,3,1
2023HU1231249,2,206,3,1
2023HU1231470,1,413,2,1
2023HU1231470,2,413,2,1
2023HU1231470,3,413,2,1
2023HU1231522,1,280,1,1
2023HU1231522,2,280,1,1
2023HU1231579,1,501,2,1
2023HU1231579,2,501,2,1
2023HU1231579,3,501,2,1
2023HU1231579,4,501,2,1
2023HU1231624,1,351,1,1
2023HU1231624,2,227,1,1
2023HU1231624,3,351,1,1
2023HU1231624,4,351,1,1
2023HU1231624,5,351,1,1
2023HU1231636,1,171,1,1
2023HU1231636,2,171,1,1
2023HU1231636,3,171,1,1
2023HU1231636,4,171,1,1
2023HU1231636,5,171,1,1
2023HU1231653,1,383,1,1
2023HU1231653,2,383,1,1
2023HU1231672,1,386,3,1
2023HU1231672,2,386,3,1
2023HU1231749,1,501,1,1
2023HU1231762,1,501,3,1
2023HU1231762,2,501,3,1
2023HU1231762,3,501,3,1
2023HU1232044,1,204,1,1
2023HU1232056,1,501,1,1
2023HU1232072,1,118,3,1
2023HU1232072,2,118,3,1
2023HU1232214,1,265,3,1
2023HU1232214,2,265,3,1
2023HU1232214,3,265,3,1
2023HU1232214,4,265,3,1
2023HU1232395,1,139,3,1
2023HU1232395,2,139,3,1
2023HU1232395,3,139,3,1
2023HU1232395,4,139,3,1
2023HU1232446,1,205,3,1
2023HU1232642,1,136,1,1
2023HU1232642,2,136,1,1
2023HU1232642,3,136,1,1
2023HU1232642,4,136,1,1
2023HU1232642,5,136,1,1
2023HU1232753,1,270,1,1
2023HU1232753,2,270,1,1
2023HU1232753,3,270,1,1
2023HU1232802,1,349,1,1
2023HU1232802,2,349,1,1
2023HU1232825,1,416,3,1
2023HU1232825,2,416,3,1
2023HU1233318,1,445,3,1
2023HU1233363,1,292,2,1
2023HU1233384,1,193,1,1
2023HU1233384,2,193,1,1
2023HU1233384,3,193,1,1
2023HU1233384,4,193,1,1
2023HU1233384,5,193,1,1
2023HU1233604,1,316,3,1
2023HU1233725,1,0,1,1
2023HU1233725,2,0,1,1
2023HU1233725,3,0,1,1
2023HU1233725,4,0,1,1
2023HU1233791,1,501,1,1
2023HU1233798,1,223,1,1
2023HU1233798,2,223,1,1
2023HU1234014,1,115,3,1
2023HU1234363,1,501,1,1
2023HU1234363,2,501,1,1
2023HU1234363,3,501,1,1
2023HU1234474,1,310,1,1
2023HU1234474,2,310,1,1
2023HU1234474,3,310,1,1
2023HU1234474,4,310,1,1
2023HU1234474,5,310,1,1
2023HU1234571,1,302,2,1
2023HU1234730,1,419,1,1
2023HU1234730,2,419,1,1
2023HU1234734,1,501,1,1
2023HU1234734,2,501,1,1
2023HU1235264,1,349,3,1
2023HU1235264,2,349,3,1
2023HU1235264,3,349,3,1
2023HU1235688,1,161,3,1
2023HU1235869,1,74,3,1
2023HU1235869,2,74,3,1
2023HU1235885,1,501,3,1
2023HU1235902,1,477,1,1
2023HU1235902,2,501,1,1
2023HU1236001,1,501,2,1
2023HU1236196,1,274,3,1
2023HU1236400,1,501,2,1
2023HU1236400,2,501,2,1
2023HU1236514,1,501,1,1
2023HU1236514,2,501,1,1
2023HU1236559,1,501,3,1
2023HU1236559,2,501,3,1
2023HU1236674,1,57,2,1
2023HU1236674,2,57,2,1
2023HU1236674,3,57,2,1
2023HU1236674,4,57,2,1
2023HU1236846,1,478,1,1
2023HU1236846,2,478,1,1
2023HU1236854,1,124,3,1
2023HU1236854,2,124,3,1
2023HU1237033,1,501,1,1
2023HU1237033,2,501,1,1
2023HU1237033,3,501,1,1
2023HU1237033,4,501,1,1
2023HU1237066,1,102,2,1
2023HU1237066,2,199,2,1
2023HU1237100,1,309,1,1
2023HU1237249,1,429,1,1
2023HU1237249,2,429,1,1
2023HU1237249,3,429,1,1
2023HU1237249,4,429,1,1
2023HU1237431,1,131,2,1
2023HU1237431,2,131,2,1
2023HU1237632,1,156,2,1
2023HU1237632,2,156,2,1
2023HU1237632,3,156,2,1
2023HU1237632,4,156,2,1
2023HU1237652,1,306,2,1
2023HU1237652,2,306,2,1
2023HU1237652,3,306,2,1
2023HU1237702,1,501,1,1
2023HU1237702,2,26,1,1
2023HU1237705,1,472,3,1
2023HU1237705,2,472,3,1
2023HU1237820,1,215,3,1
2023HU1237820,2,215,3,1
2023HU1237820,3,215,3,1
2023HU1237820,4,215,3,1
2023HU1237820,5,215,3,1
2023HU1237987,1,190,2,1
2023HU1238491,1,501,1,1
2023HU1238491,2,501,1,1
2023HU1238491,3,501,1,1
2023HU1238530,1,326,2,1
2023HU1238530,2,326,2,1
2023HU1238636,1,388,2,1
2023HU1238636,2,388,2,1
2023HU1238921,1,501,1,1
2023HU1238921,2,501,1,1
2023HU1238921,3,501,1,1
2023HU1239073,1,455,1,1
2023HU1239073,2,455,1,1
2023HU1239073,3,455,1,1
2023HU1239148,1,400,1,1
2023HU1239148,2,400,1,1
2023HU1239148,3,400,1,1
2023HU1239148,4,400,1,1
2023HU1239148,5,400,1,1
2023HU1239480,1,398,3,1
2023HU1239480,2,398,3,1
2023HU1239662,1,501,2,1
2023HU1239662,2,501,2,1
2023HU1239662,3,501,2,1
2023HU1239694,1,501,2,1
2023HU1239694,2,501,2,1
2023HU1239710,1,501,2,1
2023HU1239710,2,501,2,1
2023HU1239710,3,501,2,1
2023HU1239710,4,501,2,1
2023HU1239928,1,458,1,1
2023HU1239928,2,458,1,1
2023HU1239983,1,327,1,1
2023HU1239983,2,197,1,1
2023HU1239983,3,327,1,1
2023HU1239983,4,327,1,1
2023HU1240000,1,349,1,1
2023HU1240000,2,349,1,1
2023HU1240244,1,124,2,1
2023HU1240244,2,124,2,1
2023HU1240244,3,124,2,1
2023HU1240244,4,124,2,1
2023HU1240244,5,124,2,1
2023HU1240244,6,124,2,1
2023HU1240303,1,204,3,1
2023HU1240303,2,204,3,1
2023HU1240303,3,204,3,1
2023HU1240303,4,204,3,1
2023HU1240345,1,501,2,1
2023HU1240345,2,501,2,1
2023HU1240375,1,161,3,1
2023HU1240375,2,161,3,1
2023HU1240377,1,433,1,1
2023HU1240377,2,433,1,1
2023HU1240377,3,433,1,1
2023HU1240377,4,433,1,1
2023HU1240469,1,431,2,1
2023HU1240469,2,431,2,1
2023HU1240469,3,431,2,1
2023HU1240550,1,501,1,1
2023HU1240550,2,501,1,1
2023HU1240583,1,501,2,1
2023HU1240583,2,501,2,1
2023HU1240694,1,41,2,1
2023HU1240694,2,41,2,1
2023HU1240694,3,41,2,1
2023HU1241052,1,449,1,1
2023HU1241109,1,288,3,1
2023HU1241109,2,288,3,1
2023HU1241257,1,501,1,1
2023HU1241257,2,501,1,1
2023HU1241363,1,321,3,1
2023HU1241363,2,321,3,1
2023HU1241363,3,321,3,1
2023HU1241363,4,321,3,1
2023HU1241392,1,419,3,1
2023HU1241636,1,501,1,1
2023HU1241636,2,501,1,1
2023HU1241636,3,501,1,1
2023HU1241837,1,89,3,1
2023HU1241837,2,89,3,1
2023HU1242098,1,97,2,1
2023HU1242132,1,501,2,1
2023HU1242132,2,501,2,1
2023HU1242167,1,443,1,1
2023HU1242167,2,443,1,1
2023HU1242167,3,443,1,1
2023HU1242167,4,443,1,1
2023HU1242409,1,501,1,1
2023HU1242463,1,161,3,1
2023HU1242463,2,262,3,1
2023HU1242463,3,161,3,1
2023HU1242463,4,161,3,1
2023HU1242530,1,501,1,1
2023HU1242530,2,501,1,1
2023HU1242530,3,501,1,1
2023HU1242530,4,501,1,1
2023HU1242569,1,437,3,1
2023HU1242569,2,380,3,1
2023HU1242825,1,501,2,1
2023HU1242825,2,501,2,1
2023HU1242825,3,501,2,1
2023HU1242825,4,501,2,1
2023HU1242873,1,478,1,1
2023HU1242873,2,478,1,1
2023HU1243192,1,501,1,1
2023HU1243192,2,393,1,1
2023HU1243197,1,501,1,1
2023HU1243197,2,501,1,1
2023HU1243216,1,501,1,1
2023HU1243399,1,492,1,1
2023HU1243399,2,492,1,1
2023HU1243399,3,492,1,1
2023HU1243399,4,492,1,1
2023HU1243399,5,492,1,1
2023HU1243399,6,492,1,1
2023HU1243399,7,492,1,1
2023HU1243399,8,492,1,1
2023HU1243399,9,492,1,1
2023HU1243459,1,501,2,1
2023HU1243459,2,501,2,1
2023HU1243600,1,501,1,1
2023HU1243600,2,501,1,1
2023HU1243600,3,501,1,1
2023HU1243742,1,254,3,1
2023HU1243757,1,301,1,1
2023HU1243757,2,301,1,1
2023HU1243815,1,365,3,1
2023HU1243815,2,365,3,1
2023HU1243815,3,365,3,1
2023HU1243815,4,365,3,1
2023HU1243828,1,501,1,1
2023HU1243828,2,501,1,1
2023HU1244147,1,278,1,1
2023HU1244147,2,278,1,1
2023HU1244147,3,278,1,1
2023HU1244413,1,501,1,1
2023HU1244413,2,501,1,1
2023HU1244413,3,501,1,1
2023HU1244413,4,501,1,1
2023HU1244442,1,76,3,1
2023HU1244499,1,465,1,1
2023HU1244499,2,465,1,1
2023HU1244499,3,465,1,1
2023HU1244522,1,479,1,1
2023HU1244522,2,479,1,1
2023HU1244711,1,501,1,1
2023HU1244711,2,501,1,1
2023HU1244736,1,320,3,1
2023HU1244736,2,320,3,1
2023HU1244736,3,320,3,1
2023HU1245144,1,171,3,1
2023HU1245144,2,171,3,1
2023HU1245144,3,171,3,1
2023HU1245246,1,501,1,1
2023HU1245246,2,501,1,1
2023HU1245246,3,501,1,1
2023HU1245263,1,501,2,1
2023HU1245263,2,501,2,1
2023HU1245274,1,501,2,1
2023HU1245274,2,501,2,1
2023HU1245274,3,501,2,1
2023HU1245274,4,501,2,1
2023HU1245326,1,494,2,1
2023HU1245326,2,494,2,1
2023HU1245326,3,494,2,1
2023HU1245326,4,494,2,1
2023HU1245326,5,494,2,1
2023HU1245615,1,501,2,1
2023HU1245615,2,501,2,1
2023HU1245652,1,309,3,1
2023HU1245652,2,309,3,1
2023HU1245652,3,309,3,1
2023HU1245789,1,0,2,1
2023HU1246426,1,233,1,1
2023HU1246426,2,501,1,1
2023HU1246426,3,233,1,1
2023HU1246426,4,233,1,1
2023HU1246597,1,47,2,1
2023HU1246733,1,501,3,1
2023HU1246733,2,501,3,1
2023HU1246733,3,501,3,1
2023HU1246817,1,501,1,1
2023HU1246817,2,501,1,1
2023HU1246817,3,501,1,1
2023HU1246865,1,197,2,1
2023HU1246887,1,31,3,1
2023HU1246887,2,277,3,1
2023HU1246915,1,332,3,1
2023HU1246915,2,332,3,1
2023HU1246967,1,501,2,1
2023HU1246967,2,501,2,1
2023HU1246967,3,501,2,1
2023HU1246967,4,501,2,1
2023HU1246967,5,501,2,1
2023HU1246967,6,501,2,1
2023HU1247119,1,431,1,1
2023HU1247119,2,192,1,1
2023HU1247119,3,431,1,1
2023HU1247119,4,431,1,1
2023HU1247283,1,373,1,1
2023HU1247283,2,483,1,1
2023HU1247283,3,373,1,1
2023HU1247283,4,373,1,1
2023HU1247283,5,373,1,1
2023HU1247664,1,501,3,1
2023HU1247664,2,501,3,1
2023HU1247664,3,501,3,1
2023HU1247664,4,501,3,1
2023HU1247702,1,209,3,1
2023HU1247702,2,209,3,1
2023HU1247786,1,501,2,1
2023HU1247786,2,501,2,1
2023HU1247815,1,501,2,1
2023HU1247815,2,501,2,1
2023HU1247815,3,501,2,1
2023HU1247849,1,355,1,1
2023HU1247849,2,355,1,1
2023HU1247849,3,355,1,1
2023HU1247946,1,355,3,1
2023HU1247946,2,355,3,1
2023HU1247946,3,355,3,1
2023HU1247991,1,424,2,1
2023HU1247991,2,424,2,1
2023HU1247991,3,424,2,1
2023HU1247991,4,424,2,1
2023HU1247991,5,424,2,1
2023HU1248002,1,501,2,1
2023HU1248002,2,501,2,1
2023HU1248128,1,88,2,1
2023HU1248128,2,88,2,1
2023HU1248194,1,501,1,1
2023HU1248194,2,501,1,1
2023HU1248194,3,501,1,1
2023HU1248194,4,501,1,1
2023HU1248201,1,391,1,1
2023HU1248201,2,391,1,1
2023HU1248201,3,391,1,1
2023HU1248201,4,391,1,1
2023HU1248201,5,391,1,1
2023HU1248360,1,501,1,1
2023HU1248360,2,501,1,1
2023HU1248360,3,501,1,1
2023HU1248360,4,501,1,1
2023HU1248360,5,501,1,1
2023HU1248684,1,501,1,1
2023HU1248684,2,501,1,1
2023HU1248684,3,501,1,1
2023HU1248684,4,501,1,1
2023HU1248740,1,332,3,1
2023HU1248791,1,66,3,1
2023HU1248832,1,309,3,1
2023HU1248832,2,309,3,1
2023HU1248956,1,182,3,1
2023HU1248956,2,182,3,1
2023HU1248982,1,501,2,1
2023HU1249043,1,37,3,1
2023HU1249156,1,26,3,1
2023HU1249156,2,26,3,1
2023HU1249360,1,216,3,1
2023HU1249396,1,205,2,1
2023HU1249396,2,205,2,1
2023HU1249396,3,205,2,1
2023HU1249396,4,205,2,1
2023HU1249396,5,205,2,1
2023HU1249908,1,245,1,1
2023HU1249908,2,245,1,1
2023HU1249908,3,245,1,1
2023HU1249920,1,154,1,1
2023HU1249920,2,154,1,1
2023HU1249920,3,154,1,1
2023HU1250079,1,152,3,1
2023HU1250135,1,168,1,1
2023HU1250135,2,168,1,1
2023HU1250135,3,168,1,1
2023HU1250257,1,375,3,1
2023HU1250257,2,375,3,1
2023HU1250257,3,375,3,1
2023HU1250257,4,375,3,1
2023HU1250264,1,501,1,1
2023HU1250264,2,501,1,1
2023HU1250386,1,255,2,1
2023HU1250396,1,501,3,1
2023HU1250400,1,501,3,1
2023HU1250400,2,501,3,1
2023HU1250457,1,479,2,1
2023HU1250457,2,479,2,1
2023HU1250457,3,479,2,1
2023HU1250457,4,,2,1
2023HU1250553,1,501,2,1
2023HU1250701,1,135,3,1
2023HU1250701,2,135,3,1
2023HU1250701,3,135,3,1
2023HU1250701,4,135,3,1
2023HU1250701,5,135,3,1
2023HU1250701,6,135,3,1
2023HU1250701,7,135,3,1
2023HU1250733,1,480,2,1
2023HU1250733,2,480,2,1
2023HU1250733,3,480,2,1
2023HU1250733,4,480,2,1
2023HU1250733,5,480,2,1
2023HU1250733,6,480,2,1
2023HU1250733,7,480,2,1
2023HU1250733,8,480,2,1
2023HU1251007,1,123,1,1
2023HU1251007,2,300,1,1
2023HU1251007,3,123,1,1
2023HU1251007,4,123,1,1
2023HU1251051,1,501,1,1
2023HU1251051,2,501,1,1
2023HU1251051,3,501,1,1
2023HU1251051,4,501,1,1
2023HU1251138,1,231,3,1
2023HU1251138,2,231,3,1
2023HU1251138,3,231,3,1
2023HU1251296,1,501,1,1
2023HU1251296,2,501,1,1
2023HU1251296,3,501,1,1
2023HU1251455,1,187,3,1
2023HU1251455,2,187,3,1
2023HU1251455,3,187,3,1
2023HU1251604,1,220,1,1
2023HU1251644,1,47,2,1
2023HU1251644,2,47,2,1
2023HU1251644,3,47,2,1
2023HU1251711,1,501,2,1
2023HU1251711,2,501,2,1
2023HU1251725,1,501,2,1
2023HU1251725,2,501,2,1
2023HU1251912,1,118,1,1
2023HU1251967,1,501,2,1
2023HU1251967,2,501,2,1
2023HU1251980,1,98,2,1
2023HU1252492,1,420,3,1
2023HU1252492,2,420,3,1
2023HU1252492,3,420,3,1
2023HU1252674,1,501,2,1
2023HU1252674,2,0,2,1
2023HU1252741,1,223,2,1
2023HU1252741,2,223,2,1
2023HU1253053,1,468,3,1
2023HU1253053,2,468,3,1
2023HU1253053,3,468,3,1
2023HU1253074,1,272,3,1
2023HU1253074,2,272,3,1
2023HU1253074,3,272,3,1
2023HU1253286,1,277,2,1
2023HU1253286,2,277,2,1
2023HU1253286,3,277,2,1
2023HU1253286,4,277,2,1
2023HU1253772,1,67,3,1
2023HU1253772,2,0,3,1
2023HU1253884,1,180,2,1
2023HU1253884,2,180,2,1
2023HU1253884,3,180,2,1
2023HU1254645,1,323,3,1
2023HU1254703,1,328,1,1
2023HU1254703,2,328,1,1
2023HU1254703,3,328,1,1
2023HU1254703,4,328,1,1
2023HU1254719,1,325,3,1
2023HU1254931,1,501,1,1
2023HU1254931,2,501,1,1
2023HU1254931,3,501,1,1
2023HU1255137,1,501,1,1
2023HU1255137,2,501,1,1
2023HU1255137,3,501,1,1
2023HU1255137,4,501,1,1
2023HU1255137,5,501,1,1
2023HU1255148,1,269,1,1
2023HU1255148,2,269,1,1
2023HU1255148,3,269,1,1
2023HU1255148,4,269,1,1
2023HU1255148,5,269,1,1
2023HU1255253,1,422,3,1
2023HU1255253,2,422,3,1
2023HU1255253,3,422,3,1
2023HU1255253,4,422,3,1
2023HU1255253,5,422,3,1
2023HU1255719,1,281,3,1
2023HU1255719,2,281,3,1
2023HU1255719,3,281,3,1
2023HU1255719,4,281,3,1
2023HU1256182,1,501,3,1
2023HU1256182,2,501,3,1
2023HU1256287,1,261,3,1
2023HU1256287,2,261,3,1
2023HU1256379,1,501,2,1
2023HU1256379,2,501,2,1
2023HU1256627,1,501,2,1
2023HU1256627,2,501,2,1
2023HU1256627,3,501,2,1
2023HU1256768,1,501,1,1
2023HU1256768,2,501,1,1
2023HU1256768,3,501,1,1
2023HU1257003,1,391,3,1
2023HU1257003,2,391,3,1
2023HU1257003,3,391,3,1
2023HU1257003,4,191,3,1
2023HU1257045,1,292,3,1
2023HU1257045,2,292,3,1
2023HU1257199,1,501,3,1
2023HU1257199,2,501,3,1
2023HU1257235,1,170,1,1
2023HU1257235,2,170,1,1
2023HU1257474,1,267,3,1
2023HU1257474,2,267,3,1
2023HU1257474,3,267,3,1
2023HU1257631,1,230,1,1
2023HU1257631,2,230,1,1
2023HU1257631,3,230,1,1
2023HU1257631,4,230,1,1
2023HU1258185,1,501,2,1
2023HU1258185,2,501,2,1
2023HU1258185,3,501,2,1
2023HU1258185,4,501,2,1
2023HU1258185,5,501,2,1
2023HU1258185,6,501,2,1
2023HU1258437,1,235,2,1
2023HU1258437,2,501,2,1
2023HU1258463,1,501,2,1
2023HU1258463,2,501,2,1
2023HU1258463,3,501,2,1
2023HU1258463,4,501,2,1
2023HU1258736,1,97,1,1
2023HU1258736,2,97,1,1
2023HU1258736,3,97,1,1
2023HU1258736,4,97,1,1
2023HU1258736,5,97,1,1
2023HU1258779,1,454,3,1
2023HU1259577,1,501,1,1
2023HU1259577,2,501,1,1
2023HU1259577,3,501,1,1
2023HU1259964,1,501,1,1
2023HU1259964,2,501,1,1
2023HU1259964,3,501,1,1
2023HU1260253,1,501,2,1
2023HU1260253,2,501,2,1
2023HU1260258,1,501,1,1
2023HU1260258,2,501,1,1
2023HU1260258,3,501,1,1
2023HU1260298,1,314,3,1
2023HU1260298,2,0,3,1
2023HU1260298,3,314,3,1
2023HU1260298,4,314,3,1
2023HU1260353,1,501,1,1
2023HU1260353,2,501,1,1
2023HU1260353,3,501,1,1
2023HU1260788,1,152,2,1
2023HU1260788,2,152,2,1
2023HU1261049,1,226,1,1
2023HU1261049,2,226,1,1
2023HU1261049,3,226,1,1
2023HU1261049,4,226,1,1
2023HU1261076,1,501,3,1
2023HU1261223,1,0,2,1
2023HU1261223,2,255,2,1
2023HU1261282,1,187,2,1
2023HU1261282,2,187,2,1
2023HU1261282,3,187,2,1
2023HU1261282,4,217,2,1
2023HU1261449,1,501,1,1
2023HU1261449,2,501,1,1
2023HU1261449,3,501,1,1
2023HU1261449,4,501,1,1
2023HU1261449,5,501,1,1
2023HU1261536,1,208,2,1
2023HU1261536,2,208,2,1
2023HU1261536,3,208,2,1
2023HU1261536,4,208,2,1
2023HU1261660,1,140,3,1
2023HU1261660,2,140,3,1
2023HU1261660,3,140,3,1
2023HU1261660,4,140,3,1
2023HU1261660,5,140,3,1
2023HU1261836,1,442,2,1
2023HU1261836,2,442,2,1
2023HU1262221,1,383,3,1
2023HU1262221,2,383,3,1
2023HU1262221,3,383,3,1
2023HU1262221,4,383,3,1
2023HU1262221,5,383,3,1
2023HU1262221,6,383,3,1
2023HU1262464,1,429,1,1
2023HU1262464,2,429,1,1
2023HU1262464,3,429,1,1
2023HU1262464,4,429,1,1
2023HU1262464,5,429,1,1
2023HU1262464,6,429,1,1
2023HU1262476,1,431,3,1
2023HU1262476,2,431,3,1
2023HU1262476,3,431,3,1
2023HU1262476,4,431,3,1
2023HU1262476,5,431,3,1
2023HU1262476,6,431,3,1
2023HU1262654,1,301,3,1
2023HU1262654,2,301,3,1
2023HU1262731,1,501,1,1
2023HU1262731,2,501,1,1
2023HU1263476,1,389,3,1
2023HU1263476,2,389,3,1
2023HU1263476,3,389,3,1
2023HU1263476,4,389,3,1
2023HU1263479,1,501,3,1
2023HU1263619,1,501,2,1
2023HU1263679,1,496,3,1
2023HU1263679,2,496,3,1
2023HU1263679,3,496,3,1
2023HU1263904,1,156,1,1
2023HU1263904,2,306,1,1
2023HU1263941,1,492,3,1
2023HU1264018,1,241,1,1
2023HU1264018,2,241,1,1
2023HU1264018,3,241,1,1
2023HU1264018,4,241,1,1
2023HU1264084,1,59,3,1
2023HU1264189,1,501,3,1
2023HU1264461,1,130,1,1
2023HU1264496,1,501,1,1
2023HU1264496,2,501,1,1
2023HU1264496,3,501,1,1
2023HU1264668,1,480,1,1
2023HU1264668,2,480,1,1
2023HU1264810,1,78,3,1
2023HU1265151,1,348,1,1
2023HU1265151,2,348,1,1
2023HU1265151,3,348,1,1
2023HU1265204,1,235,2,1
2023HU1265204,2,235,2,1
2023HU1265204,3,235,2,1
2023HU1265408,1,152,1,1
2023HU1265858,1,295,2,1
2023HU1265858,2,501,2,1
2023HU1265858,3,0,2,1
2023HU1266060,1,114,3,1
2023HU1266060,2,114,3,1
2023HU1266060,3,114,3,1
2023HU1266138,1,501,2,1
2023HU1266138,2,501,2,1
2023HU1266138,3,501,2,1
2023HU1266138,4,501,2,1
2023HU1266138,5,501,2,1
2023HU1266174,1,265,3,1
2023HU1266174,2,265,3,1
2023HU1266466,1,501,1,1
2023HU1266466,2,501,1,1
2023HU1266466,3,501,1,1
2023HU1266483,1,228,2,1
2023HU1266483,2,228,2,1
2023HU1266492,1,338,1,1
2023HU1266492,2,338,1,1
2023HU1266528,1,198,3,1
2023HU1266528,2,198,3,1
2023HU1266528,3,198,3,1
2023HU1266856,1,172,1,1
2023HU1266856,2,172,1,1
2023HU1266856,3,172,1,1
2023HU1266856,4,172,1,1
2023HU1266856,5,172,1,1
2023HU1266856,6,172,1,1
2023HU1267223,1,500,1,1
2023HU1267223,2,500,1,1
2023HU1267223,3,500,1,1
2023HU1267442,1,501,1,1
2023HU1267442,2,501,1,1
2023HU1267442,3,501,1,1
2023HU1267442,4,501,1,1
2023HU1267701,1,501,3,1
2023HU1267701,2,501,3,1
2023HU1267954,1,485,2,1
2023HU1267954,2,485,2,1
2023HU1267954,3,485,2,1
2023HU1267954,4,485,2,1
2023HU1268009,1,101,2,1
2023HU1268009,2,101,2,1
2023HU1268009,3,101,2,1
2023HU1268009,4,101,2,1
2023HU1268009,5,101,2,1
2023HU1268009,6,101,2,1
2023HU1268116,1,501,3,1
2023HU1268116,2,501,3,1
2023HU1268257,1,159,3,1
2023HU1268257,2,116,3,1
2023HU1268526,1,417,1,1
2023HU1268526,2,417,1,1
2023HU1268609,1,440,3,1
2023HU1268609,2,440,3,1
2023HU1268609,3,440,3,1
2023HU1268609,4,440,3,1
2023HU1268609,5,440,3,1
2023HU1268904,1,200,2,1
2023HU1269033,1,84,2,1
2023HU1269093,1,501,1,1
2023HU1269093,2,501,1,1
2023HU1269093,3,501,1,1
2023HU1269093,4,501,1,1
2023HU1269212,1,381,1,1
2023HU1269255,1,140,2,1
2023HU1269255,2,140,2,1
2023HU1269535,1,130,1,1
2023HU1269535,2,130,1,1
2023HU1269743,1,229,1,1
2023HU1269747,1,501,1,1
2023HU1269747,2,501,1,1
2023HU1270049,1,501,1,1
2023HU1270049,2,501,1,1
2023HU1270276,1,501,3,1
2023HU1270276,2,501,3,1
2023HU1270276,3,501,3,1
2023HU1270276,4,501,3,1
2023HU1270330,1,86,2,1
2023HU1270439,1,501,1,1
2023HU1270439,2,501,1,1
2023HU1270503,1,501,2,1
2023HU1270522,1,455,1,1
2023HU1270522,2,455,1,1
2023HU1270522,3,200,1,1
2023HU1270690,1,272,3,1
2023HU1270690,2,272,3,1
2023HU1270697,1,247,1,1
2023HU1270697,2,94,1,1
2023HU1270775,1,348,2,1
2023HU1270775,2,348,2,1
2023HU1270805,1,402,3,1
2023HU1270805,2,402,3,1
2023HU1270821,1,501,2,1
2023HU1270821,2,501,2,1
2023HU1270821,3,501,2,1
2023HU1270958,1,13,3,1
2023HU1270983,1,239,3,1
2023HU1270983,2,239,3,1
2023HU1271051,1,347,3,1
2023HU1271051,2,347,3,1
2023HU1271051,3,347,3,1
2023HU1271051,4,347,3,1
2023HU1271051,5,347,3,1
2023HU1271051,6,347,3,1
2023HU1271091,1,501,1,1
2023HU1271091,2,51,1,1
2023HU1271091,3,501,1,1
2023HU1271091,4,501,1,1
2023HU1271121,1,501,2,1
2023HU1271121,2,501,2,1
2023HU1271121,3,501,2,1
2023HU1271433,1,501,2,1
2023HU1271433,2,501,2,1
2023HU1271451,1,501,1,1
2023HU1271535,1,241,2,1
2023HU1271594,1,135,1,1
2023HU1271594,2,145,1,1
2023HU1271594,3,357,1,1
2023HU1271594,4,0,1,1
2023HU1271603,1,501,2,1
2023HU1271603,2,501,2,1
2023HU1271728,1,501,3,1
2023HU1271728,2,304,3,1
2023HU1271875,1,455,2,1
2023HU1271875,2,455,2,1
2023HU1271875,3,455,2,1
2023HU1271875,4,0,2,1
2023HU1271878,1,501,1,1
2023HU1271878,2,501,1,1
2023HU1271909,1,501,2,1
2023HU1271909,2,501,2,1
2023HU1271997,1,168,3,1
2023HU1272032,1,16,1,1
2023HU1272053,1,190,3,1
2023HU1272053,2,190,3,1
2023HU1272228,1,501,1,1
2023HU1272228,2,457,1,1
2023HU1272420,1,501,2,1
2023HU1272629,1,249,1,1
2023HU1272630,1,501,2,1
2023HU1272630,2,501,2,1
2023HU1272630,3,501,2,1
2023HU1273144,1,501,2,1
2023HU1273144,2,501,2,1
2023HU1273169,1,501,1,1
2023HU1273169,2,501,1,1
2023HU1273236,1,501,1,1
2023HU1273236,2,501,1,1
2023HU1273703,1,263,3,1
2023HU1273703,2,263,3,1
2023HU1273703,3,263,3,1
2023HU1273763,1,501,1,1
2023HU1273763,2,501,1,1
2023HU1273836,1,116,1,1
2023HU1273836,2,116,1,1
2023HU1273836,3,116,1,1
2023HU1274065,1,501,2,1
2023HU1274207,1,501,2,1
2023HU1274207,2,501,2,1
2023HU1274207,3,501,2,1
2023HU1274511,1,501,3,1
2023HU1274511,2,501,3,1
2023HU1274625,1,390,1,1
2023HU1274625,2,390,1,1
2023HU1274625,3,390,1,1
2023HU1274625,4,390,1,1
2023HU1274625,5,390,1,1
2023HU1274625,6,390,1,1
2023HU1274625,7,390,1,1
2023HU1274684,1,144,1,1
2023HU1274684,2,144,1,1
2023HU1274714,1,85,3,1
2023HU1274880,1,501,1,1
2023HU1274880,2,501,1,1
2023HU1274880,3,501,1,1
2023HU1274880,4,501,1,1
2023HU1274886,1,501,2,1
2023HU1274886,2,501,2,1
2023HU1274886,3,501,2,1
2023HU1274886,4,501,2,1
2023HU1275217,1,501,1,1
2023HU1275217,2,501,1,1
2023HU1275217,3,501,1,1
2023HU1275217,4,501,1,1
2023HU1275260,1,491,1,1
2023HU1275260,2,491,1,1
2023HU1275260,3,491,1,1
2023HU1275365,1,501,3,1
2023HU1275365,2,501,3,1
2023HU1275641,1,85,1,1
2023HU1275641,2,96,1,1
2023HU1275995,1,414,2,1
2023HU1275995,2,414,2,1
2023HU1275995,3,414,2,1
2023HU1276090,1,91,3,1
2023HU1276336,1,354,3,1
2023HU1276560,1,501,2,1
2023HU1276560,2,501,2,1
2023HU1276560,3,501,2,1
2023HU1276732,1,501,1,1
2023HU1276732,2,501,1,1
2023HU1276775,1,501,1,1
2023HU1276775,2,501,1,1
2023HU1276968,1,501,2,1
2023HU1276968,2,501,2,1
2023HU1276968,3,501,2,1
2023HU1277356,1,425,2,1
2023HU1277423,1,501,1,1
2023HU1277423,2,501,1,1
2023HU1277423,3,501,1,1
2023HU1277423,4,501,1,1
2023HU1277734,1,39,2,1
2023HU1277734,2,39,2,1
2023HU1277757,1,295,1,1
2023HU1277757,2,295,1,1
2023HU1277757,3,295,1,1
2023HU1277767,1,501,1,1
2023HU1277767,2,501,1,1
2023HU1277792,1,249,1,1
2023HU1277792,2,354,1,1
2023HU1278036,1,217,3,1
2023HU1278256,1,228,3,1
2023HU1278256,2,228,3,1
2023HU1278256,3,228,3,1
2023HU1278293,1,501,3,1
2023HU1278616,1,0,3,1
2023HU1278616,2,68,3,1
2023HU1278616,3,0,3,1
2023HU1278616,4,0,3,1
2023HU1278806,1,377,3,1
2023HU1278806,2,377,3,1
2023HU1278806,3,377,3,1
2023HU1278806,4,377,3,1
2023HU1279016,1,501,1,1
2023HU1279016,2,501,1,1
2023HU1279078,1,149,2,1
2023HU1279078,2,149,2,1
2023HU1279078,3,149,2,1
2023HU1279078,4,149,2,1
2023HU1279177,1,227,1,1
2023HU1279177,2,227,1,1
2023HU1279322,1,501,1,1
2023HU1279322,2,501,1,1
2023HU1279322,3,501,1,1
2023HU1279418,1,460,1,1
2023HU1279418,2,351,1,1
2023HU1279418,3,460,1,1
2023HU1279481,1,501,1,1
2023HU1279481,2,501,1,1
2023HU1279481,3,501,1,1
2023HU1279481,4,501,1,1
2023HU1280451,1,182,1,1
2023HU1280633,1,204,1,1
2023HU1280799,1,394,3,1
2023HU1280869,1,197,1,1
2023HU1280869,2,154,1,1
2023HU1280869,3,197,1,1
2023HU1280869,4,197,1,1
2023HU1280869,5,197,1,1
2023HU1281012,1,77,3,1
2023HU1281224,1,314,3,1
2023HU1281224,2,314,3,1
2023HU1281224,3,314,3,1
2023HU1281352,1,501,3,1
2023HU1281352,2,501,3,1
2023HU1281413,1,19,3,1
2023HU1281413,2,0,3,1
2023HU1281413,3,13,3,1
2023HU1281418,1,49,3,1
2023HU1281497,1,202,1,1
2023HU1281497,2,202,1,1
2023HU1281497,3,202,1,1
2023HU1281595,1,323,3,1
2023HU1281595,2,123,3,1
2023HU1281595,3,123,3,1
2023HU1281595,4,123,3,1
2023HU1281595,5,129,3,1
2023HU1281814,1,270,3,1
2023HU1281945,1,439,1,1
2023HU1281945,2,216,1,1
2023HU1281945,3,439,1,1
2023HU1282288,1,501,2,1
2023HU1282288,2,501,2,1
2023HU1282288,3,501,2,1
2023HU1282370,1,453,1,1
2023HU1282667,1,0,1,1
2023HU1282667,2,0,1,1
2023HU1282692,1,176,1,1
2023HU1282692,2,176,1,1
2023HU1282892,1,387,1,1
2023HU1282892,2,501,1,1
2023HU1282892,3,387,1,1
2023HU1282892,4,387,1,1
2023HU1282892,5,387,1,1
2023HU1282892,6,387,1,1
2023HU1282892,7,387,1,1
2023HU1283053,1,340,2,1
2023HU1283053,2,340,2,1
2023HU1283133,1,431,3,1
2023HU1283133,2,431,3,1
2023HU1283133,3,431,3,1
2023HU1283133,4,431,3,1
2023HU1283133,5,431,3,1
2023HU1283169,1,501,3,1
2023HU1283325,1,501,3,1
2023HU1283325,2,451,3,1
2023HU1283395,1,501,3,1
2023HU1283690,1,335,2,1
2023HU1283690,2,335,2,1
2023HU1283724,1,0,1,1
2023HU1283793,1,246,1,1
2023HU1283793,2,246,1,1
2023HU1283793,3,246,1,1
2023HU1283793,4,246,1,1
2023HU1283884,1,141,2,1
2023HU1283884,2,141,2,1
2023HU1283909,1,501,2,1
2023HU1283909,2,501,2,1
2023HU1283909,3,501,2,1
2023HU1283909,4,501,2,1
2023HU1284116,1,31,1,1
2023HU1284116,2,31,1,1
2023HU1284206,1,501,2,1
2023HU1284206,2,427,2,1
2023HU1284206,3,501,2,1
2023HU1284252,1,501,3,1
2023HU1284252,2,501,3,1
2023HU1284252,3,501,3,1
2023HU1284252,4,501,3,1
2023HU1284461,1,263,1,1
2023HU1284461,2,263,1,1
2023HU1284561,1,501,2,1
2023HU1284566,1,183,1,1
2023HU1284566,2,183,1,1
2023HU1284566,3,183,1,1
2023HU1284566,4,183,1,1
2023HU1284942,1,40,1,1
2023HU1285082,1,54,2,1
2023HU1285082,2,54,2,1
2023HU1285082,3,54,2,1
2023HU1285082,4,54,2,1
2023HU1285532,1,208,1,1
2023HU1285532,2,208,1,1
2023HU1285532,3,208,1,1
2023HU1285532,4,208,1,1
2023HU1285532,5,208,1,1
2023HU1286060,1,501,3,1
2023HU1286060,2,501,3,1
2023HU1286060,3,501,3,1
2023HU1286060,4,501,3,1
2023HU1286086,1,332,3,1
2023HU1286086,2,332,3,1
2023HU1286156,1,92,3,1
2023HU1286156,2,92,3,1
2023HU1286156,3,92,3,1
2023HU1286441,1,501,2,1
2023HU1286813,1,397,3,1
2023HU1286813,2,397,3,1
2023HU1287023,1,501,3,1
2023HU1287023,2,501,3,1
2023HU1287093,1,333,1,1
2023HU1287093,2,333,1,1
2023HU1287093,3,333,1,1
2023HU1287166,1,353,2,1
2023HU1287166,2,353,2,1
2023HU1287166,3,353,2,1
2023HU1287166,4,353,2,1
2023HU1287186,1,93,1,1
2023HU1287186,2,93,1,1
2023HU1287186,3,93,1,1
2023HU1287186,4,93,1,1
2023HU1287186,5,93,1,1
2023HU1287213,1,197,3,1
2023HU1287213,2,197,3,1
2023HU1287221,1,501,1,1
2023HU1287221,2,501,1,1
2023HU1287221,3,501,1,1
2023HU1287221,4,501,1,1
2023HU1287221,5,501,1,1
2023HU1287221,6,501,1,1
2023HU1287221,7,501,1,1
2023HU1287240,1,501,1,1
2023HU1287240,2,501,1,1
2023HU1287240,3,501,1,1
2023HU1287240,4,501,1,1
2023HU1287593,1,501,2,1
2023HU1287856,1,501,1,1
2023HU1287856,2,501,1,1
2023HU1287856,3,501,1,1
2023HU1287856,4,501,1,1
2023HU1287955,1,268,1,1
2023HU1288184,1,501,3,1
2023HU1288184,2,501,3,1
2023HU1288211,1,501,1,1
2023HU1288211,2,501,1,1
2023HU1288211,3,501,1,1
2023HU1288514,1,501,3,1
2023HU1288514,2,501,3,1
2023HU1288528,1,91,3,1
2023HU1288528,2,91,3,1
2023HU1288962,1,225,3,1
2023HU1288962,2,225,3,1
2023HU1288962,3,225,3,1
2023HU1288962,4,225,3,1
2023HU1288962,5,329,3,1
2023HU1288962,6,253,3,1
2023HU1289089,1,501,2,1
2023HU1290036,1,424,3,1
2023HU1290036,2,424,3,1
2023HU1290036,3,424,3,1
2023HU1290439,1,450,1,1
2023HU1290439,2,450,1,1
2023HU1290439,3,450,1,1
2023HU1290439,4,450,1,1
2023HU1290439,5,450,1,1
2023HU1290439,6,450,1,1
2023HU1290439,7,96,1,1
2023HU1290464,1,164,3,1
2023HU1290464,2,164,3,1
2023HU1290464,3,164,3,1
2023HU1290464,4,164,3,1
2023HU1290562,1,154,2,1
2023HU1290592,1,481,2,1
2023HU1290875,1,151,2,1
2023HU1290875,2,151,2,1
2023HU1290878,1,501,2,1
2023HU1290878,2,501,2,1
2023HU1291015,1,193,3,1
2023HU1291015,2,212,3,1
2023HU1291046,1,472,3,1
2023HU1291054,1,465,1,1
2023HU1291054,2,465,1,1
2023HU1291054,3,465,1,1
2023HU1291315,1,453,1,1
2023HU1291336,1,299,3,1
2023HU1291336,2,204,3,1
2023HU1291380,1,501,2,1
2023HU1291380,2,501,2,1
2023HU1291486,1,480,2,1
2023HU1291486,2,480,2,1
2023HU1291486,3,480,2,1
2023HU1291589,1,350,1,1
2023HU1291670,1,385,1,1
2023HU1291821,1,501,1,1
2023HU1291821,2,194,1,1
2023HU1291824,1,501,3,1
2023HU1291992,1,261,2,1
2023HU1291992,2,261,2,1
2023HU1291992,3,261,2,1
2023HU1291992,4,137,2,1
2023HU1291992,5,21,2,1
2023HU1292059,1,501,1,1
2023HU1292059,2,501,1,1
2023HU1292281,1,447,3,1
2023HU1292281,2,183,3,1
2023HU1292440,1,308,2,1
2023HU1292440,2,308,2,1
2023HU1292440,3,308,2,1
2023HU1292545,1,501,1,1
2023HU1292545,2,501,1,1
2023HU1292594,1,142,3,1
2023HU1292594,2,142,3,1
2023HU1292594,3,142,3,1
2023HU1292594,4,142,3,1
2023HU1292594,5,142,3,1
2023HU1292794,1,401,1,1
2023HU1292794,2,401,1,1
2023HU1292794,3,401,1,1
2023HU1292794,4,401,1,1
2023HU1292899,1,387,1,1
2023HU1293082,1,501,1,1
2023HU1293082,2,501,1,1
2023HU1293082,3,501,1,1
2023HU1293093,1,43,3,1
2023HU1293093,2,43,3,1
2023HU1293093,3,43,3,1
2023HU1293093,4,43,3,1
2023HU1293093,5,43,3,1
2023HU1293220,1,89,3,1
2023HU1293281,1,37,3,1
2023HU1293281,2,0,3,1
2023HU1293281,3,37,3,1
2023HU1293288,1,196,3,1
2023HU1293288,2,51,3,1
2023HU1293288,3,196,3,1
2023HU1293288,4,196,3,1
2023HU1293288,5,196,3,1
2023HU1293498,1,501,1,1
2023HU1293498,2,501,1,1
2023HU1293498,3,501,1,1
2023HU1293575,1,258,1,1
2023HU1293575,2,258,1,1
2023HU1293575,3,258,1,1
2023HU1293575,4,258,1,1
2023HU1293629,1,297,2,1
2023HU1293629,2,297,2,1
2023HU1293629,3,297,2,1
2023HU1293629,4,297,2,1
2023HU1293629,5,297,2,1
2023HU1293826,1,501,2,1
2023HU1293869,1,196,2,1
2023HU1294315,1,501,1,1
2023HU1294520,1,328,2,1
2023HU1294520,2,328,2,1
2023HU1294520,3,328,2,1
2023HU1294632,1,274,3,1
2023HU1294632,2,274,3,1
2023HU1294695,1,288,2,1
2023HU1294695,2,288,2,1
2023HU1294937,1,242,3,1
2023HU1294937,2,242,3,1
2023HU1295031,1,501,1,1
2023HU1295031,2,501,1,1
2023HU1295307,1,354,1,1
2023HU1295307,2,354,1,1
2023HU1295391,1,281,1,1
2023HU1295391,2,281,1,1
2023HU1295391,3,281,1,1
2023HU1295391,4,281,1,1
2023HU1295455,1,156,2,1
2023HU1295455,2,156,2,1
2023HU1295514,1,95,3,1
2023HU1295514,2,95,3,1
2023HU1295581,1,0,3,1
2023HU1295715,1,158,2,1
2023HU1295715,2,158,2,1
2023HU1295721,1,501,2,1
2023HU1295747,1,405,2,1
2023HU1295747,2,405,2,1
2023HU1295747,3,405,2,1
2023HU1296329,1,501,2,1
2023HU1296329,2,501,2,1
2023HU1296329,3,501,2,1
2023HU1296329,4,501,2,1
2023HU1296374,1,129,3,1
2023HU1296386,1,501,2,1
2023HU1296386,2,501,2,1
2023HU1296386,3,501,2,1
2023HU1296386,4,501,2,1
2023HU1296386,5,501,2,1
2023HU1296553,1,234,3,1
2023HU1296553,2,234,3,1
2023HU1296597,1,482,3,1
2023HU1296597,2,482,3,1
2023HU1296597,3,482,3,1
2023HU1296597,4,0,3,1
2023HU1296642,1,501,2,1
2023HU1296642,2,501,2,1
2023HU1296642,3,501,2,1
2023HU1296714,1,501,1,1
2023HU1296714,2,501,1,1
2023HU1296714,3,501,1,1
2023HU1296714,4,501,1,1
2023HU1296751,1,501,1,1
2023HU1296751,2,501,1,1
2023HU1297025,1,42,3,1
2023HU1297025,2,65,3,1
2023HU1297025,3,42,3,1
2023HU1297025,4,42,3,1
2023HU1297039,1,501,1,1
2023HU1297039,2,501,1,1
2023HU1297039,3,501,1,1
2023HU1297121,1,201,3,1
2023HU1297121,2,201,3,1
2023HU1297121,3,201,3,1
2023HU1297121,4,201,3,1
2023HU1297127,1,138,3,1
2023HU1297127,2,138,3,1
2023HU1297127,3,138,3,1
2023HU1297127,4,138,3,1
2023HU1297248,1,324,3,1
2023HU1297248,2,324,3,1
2023HU1297307,1,501,2,1
2023HU1297307,2,501,2,1
2023HU1297515,1,190,3,1
2023HU1297602,1,501,1,1
2023HU1297879,1,61,2,1
2023HU1297879,2,61,2,1
2023HU1297900,1,240,2,1
2023HU1297977,1,374,4,1
2023HU1298002,1,501,1,1
2023HU1298083,1,336,2,1
2023HU1298083,2,388,2,1
2023HU1298281,1,139,3,1
2023HU1298281,2,139,3,1
2023HU1298281,3,139,3,1
2023HU1298281,4,139,3,1
2023HU1298281,5,139,3,1
2023HU1298298,1,501,1,1
2023HU1298298,2,501,1,1
2023HU1298414,1,501,1,1
2023HU1298414,2,501,1,1
2023HU1298414,3,501,1,1
2023HU1298426,1,405,1,1
2023HU1298426,2,405,1,1
2023HU1298426,3,405,1,1
2023HU1298489,1,492,1,1
2023HU1298489,2,492,1,1
2023HU1298573,1,274,3,1
2023HU1298573,2,274,3,1
2023HU1298573,3,274,3,1
2023HU1298761,1,212,2,1
2023HU1298761,2,212,2,1
2023HU1298761,3,212,2,1
2023HU1298761,4,212,2,1
2023HU1298960,1,319,3,1
2023HU1299039,1,501,1,1
2023HU1299039,2,501,1,1
2023HU1299039,3,501,1,1
2023HU1299080,1,501,1,1
2023HU1299192,1,445,1,1
2023HU1299192,2,445,1,1
2023HU1299192,3,445,1,1
2023HU1299192,4,445,1,1
2023HU1299343,1,309,1,1
2023HU1299477,1,398,2,1
2023HU1299477,2,398,2,1
2023HU1299527,1,296,3,1
2023HU1299527,2,296,3,1
2023HU1299652,1,501,1,1
2023HU1299652,2,501,1,1
2023HU1299652,3,501,1,1
2023HU1299652,4,501,1,1
2023HU1299652,5,501,1,1
2023HU1299705,1,185,1,1
2023HU1299874,1,128,3,1
2023HU1299874,2,128,3,1
2023HU1299874,3,128,3,1
2023HU1300013,1,110,1,1
2023HU1300040,1,200,1,1
2023HU1300040,2,200,1,1
2023HU1300040,3,200,1,1
2023HU1300040,4,200,1,1
2023HU1300040,5,200,1,1
2023HU1300162,1,353,3,1
2023HU1300162,2,353,3,1
2023HU1300242,1,319,3,1
2023HU1300242,2,501,3,1
2023HU1300342,1,41,1,1
2023HU1300342,2,41,1,1
2023HU1300342,3,41,1,1
2023HU1300342,4,41,1,1
2023HU1300367,1,156,3,1
2023HU1300367,2,195,3,1
2023HU1300560,1,227,1,1
2023HU1300560,2,501,1,1
2023HU1300560,3,227,1,1
2023HU1300560,4,227,1,1
2023HU1300633,1,327,3,1
2023HU1300633,2,25,3,1
2023HU1300686,1,501,1,1
2023HU1300686,2,501,1,1
2023HU1300734,1,320,3,1
2023HU1300734,2,320,3,1
2023HU1300734,3,320,3,1
2023HU1300976,1,501,2,1
2023HU1300976,2,501,2,1
2023HU1300976,3,501,2,1
2023HU1300976,4,501,2,1
2023HU1301014,1,128,3,1
2023HU1301014,2,128,3,1
2023HU1301224,1,460,3,1
2023HU1301224,2,460,3,1
2023HU1301224,3,460,3,1
2023HU1301437,1,427,3,1
2023HU1301437,2,427,3,1
2023HU1301513,1,174,3,1
2023HU1301513,2,174,3,1
2023HU1301513,3,174,3,1
2023HU1301513,4,174,3,1
2023HU1301513,5,174,3,1
2023HU1301549,1,213,2,1
2023HU1301549,2,213,2,1
2023HU1301580,1,226,3,1
2023HU1301724,1,327,3,1
2023HU1301724,2,327,3,1
2023HU1301830,1,41,3,1
2023HU1301830,2,41,3,1
2023HU1301830,3,147,3,1
2023HU1301946,1,129,3,1
2023HU1301978,1,357,2,1
2023HU1301978,2,128,2,1
2023HU1302134,1,261,3,1
2023HU1302134,2,261,3,1
2023HU1302134,3,261,3,1
2023HU1302134,4,294,3,1
2023HU1302195,1,501,2,1
2023HU1302195,2,501,2,1
2023HU1302375,1,108,3,1
2023HU1302446,1,0,1,1
2023HU1302446,2,0,1,1
2023HU1302479,1,109,3,1
2023HU1302479,2,109,3,1
2023HU1302534,1,165,4,1
2023HU1302534,2,165,4,1
2023HU1302534,3,165,4,1
2023HU1302534,4,165,4,1
2023HU1302534,5,165,4,1
2023HU1302534,6,165,4,1
2023HU1302627,1,177,2,1
2023HU1302627,2,177,2,1
2023HU1302683,1,205,3,1
2023HU1302683,2,205,3,1
2023HU1302683,3,126,3,1
2023HU1302818,1,128,1,1
2023HU1302889,1,162,3,1
2023HU1302889,2,162,3,1
2023HU1302889,3,162,3,1
2023HU1302889,4,162,3,1
2023HU1302889,5,162,3,1
2023HU1302889,6,162,3,1
2023HU1302889,7,162,3,1
2023HU1302889,8,162,3,1
2023HU1303315,1,205,3,1
2023HU1303315,2,205,3,1
2023HU1303315,3,205,3,1
2023HU1303400,1,268,2,1
2023HU1303400,2,358,2,1
2023HU1303581,1,393,1,1
2023HU1303581,2,393,1,1
2023HU1303626,1,169,3,1
2023HU1303626,2,169,3,1
2023HU1303626,3,169,3,1
2023HU1303754,1,72,2,1
2023HU1303754,2,72,2,1
2023HU1303816,1,235,2,1
2023HU1303816,2,235,2,1
2023HU1303840,1,58,1,1
2023HU1303854,1,501,2,1
2023HU1303854,2,501,2,1
2023HU1303936,1,501,1,1
2023HU1303936,2,501,1,1
2023HU1303936,3,501,1,1
2023HU1304045,1,408,1,1
2023HU1304045,2,408,1,1
2023HU1304045,3,408,1,1
2023HU1304045,4,408,1,1
2023HU1304045,5,408,1,1
2023HU1304083,1,60,3,1
2023HU1304098,1,347,3,1
2023HU1304098,2,347,3,1
2023HU1304098,3,347,3,1
2023HU1304413,1,355,1,1
2023HU1304542,1,58,1,1
2023HU1304542,2,58,1,1
2023HU1304801,1,266,2,1
2023HU1304832,1,112,2,1
2023HU1304832,2,119,2,1
2023HU1304886,1,501,2,1
2023HU1304886,2,501,2,1
2023HU1304886,3,501,2,1
2023HU1304886,4,501,2,1
2023HU1304905,1,207,3,1
2023HU1305008,1,501,2,1
2023HU1305008,2,501,2,1
2023HU1305060,1,501,1,1
2023HU1305060,2,501,1,1
2023HU1305599,1,333,1,1
2023HU1305599,2,333,1,1
2023HU1305599,3,333,1,1
2023HU1305628,1,260,3,1
2023HU1305628,2,260,3,1
2023HU1305628,3,260,3,1
2023HU1305628,4,260,3,1
2023HU1305628,5,260,3,1
2023HU1305881,1,185,1,1
2023HU1305881,2,185,1,1
2023HU1305881,3,185,1,1
2023HU1305881,4,185,1,1
2023HU1305881,5,185,1,1
2023HU1305881,6,185,1,1
2023HU1305881,7,185,1,1
2023HU1305881,8,185,1,1
2023HU1305882,1,279,3,1
2023HU1305882,2,279,3,1
2023HU1305882,3,279,3,1
2023HU1305882,4,279,3,1
2023HU1305882,5,279,3,1
2023HU1305882,6,279,3,1
2023HU1306158,1,501,2,1
2023HU1306158,2,501,2,1
2023HU1306167,1,297,1,1
2023HU1306167,2,297,1,1
2023HU1306167,3,297,1,1
2023HU1306167,4,297,1,1
2023HU1306167,5,297,1,1
2023HU1306167,6,297,1,1
2023HU1306265,1,317,3,1
2023HU1306265,2,317,3,1
2023HU1306265,3,317,3,1
2023HU1306265,4,317,3,1
2023HU1306265,5,317,3,1
2023HU1306265,6,317,3,1
2023HU1306265,7,317,3,1
2023HU1306265,8,317,3,1
2023HU1306265,9,317,3,1
2023HU1306343,1,399,2,1
2023HU1306343,2,399,2,1
2023HU1306343,3,399,2,1
2023HU1306362,1,163,1,1
2023HU1306362,2,163,1,1
2023HU1306842,1,501,2,1
2023HU1306842,2,501,2,1
2023HU1306842,3,501,2,1
2023HU1306878,1,501,2,1
2023HU1306972,1,62,2,1
2023HU1306972,2,62,2,1
2023HU1306972,3,62,2,1
2023HU1306972,4,62,2,1
2023HU1306972,5,48,2,1
2023HU1306972,6,56,2,1
2023HU1307133,1,76,3,1
2023HU1307133,2,95,3,1
2023HU1307212,1,215,3,1
2023HU1307247,1,11,1,1
2023HU1307402,1,160,2,1
2023HU1307402,2,160,2,1
2023HU1307433,1,343,1,1
2023HU1307433,2,343,1,1
2023HU1307433,3,343,1,1
2023HU1307433,4,343,1,1
2023HU1307433,5,343,1,1
2023HU1307433,6,343,1,1
2023HU1307673,1,321,2,1
2023HU1307910,1,501,1,1
2023HU1307910,2,501,1,1
2023HU1307910,3,501,1,1
2023HU1307910,4,501,1,1
2023HU1308105,1,501,1,1
2023HU1308105,2,501,1,1
2023HU1308105,3,501,1,1
2023HU1308105,4,501,1,1
2023HU1308330,1,83,2,1
2023HU1308424,1,501,2,1
2023HU1308424,2,501,2,1
2023HU1308759,1,308,1,1
2023HU1308759,2,308,1,1
2023HU1308759,3,39,1,1
2023HU1309198,1,501,1,1
2023HU1309198,2,501,1,1
2023HU1309198,3,501,1,1
2023HU1309198,4,501,1,1
2023HU1309228,1,208,1,1
2023HU1309228,2,208,1,1
2023HU1309322,1,501,3,1
2023HU1309405,1,266,3,1
2023HU1309681,1,501,1,1
2023HU1309681,2,501,1,1
2023HU1309681,3,501,1,1
2023HU1309681,4,501,1,1
2023HU1309681,5,501,1,1
2023HU1309834,1,501,2,1
2023HU1310038,1,501,2,1
2023HU1310310,1,501,1,1
2023HU1310310,2,501,1,1
2023HU1310310,3,501,1,1
2023HU1310329,1,11,3,1
2023HU1310425,1,243,3,1
2023HU1310425,2,28,3,1
2023HU1310486,1,501,1,1
2023HU1310486,2,501,1,1
2023HU1310590,1,338,3,1
2023HU1310590,2,338,3,1
2023HU1310590,3,338,3,1
2023HU1310635,1,316,3,1
2023HU1310635,2,316,3,1
2023HU1310758,1,0,3,1
2023HU1310903,1,310,3,1
2023HU1310903,2,310,3,1
2023HU1311421,1,501,1,1
2023HU1311421,2,501,1,1
2023HU1311421,3,501,1,1
2023HU1311421,4,501,1,1
2023HU1311421,5,40,1,1
2023HU1311477,1,501,3,1
2023HU1311592,1,380,2,1
2023HU1311592,2,380,2,1
2023HU1311600,1,391,1,1
2023HU1311600,2,391,1,1
2023HU1311600,3,391,1,1
2023HU1311600,4,391,1,1
2023HU1311600,5,391,1,1
2023HU1311601,1,7,4,1
2023HU1311632,1,501,3,1
2023HU1311632,2,223,3,1
2023HU1311632,3,501,3,1
2023HU1311632,4,501,3,1
2023HU1311632,5,501,3,1
2023HU1311663,1,367,1,1
2023HU1311663,2,367,1,1
2023HU1311663,3,367,1,1
2023HU1311663,4,367,1,1
2023HU1311663,5,367,1,1
2023HU1311777,1,459,1,1
2023HU1311777,2,459,1,1
2023HU1311777,3,459,1,1
2023HU1311997,1,501,1,1
2023HU1311997,2,501,1,1
2023HU1311997,3,501,1,1
2023HU1311997,4,501,1,1
2023HU1311997,5,501,1,1
2023HU1312057,1,100,2,1
2023HU1312057,2,100,2,1
2023HU1312304,1,229,1,1
2023HU1312332,1,328,2,1
2023HU1312332,2,328,2,1
2023HU1312589,1,299,1,1
2023HU1312589,2,299,1,1
2023HU1312589,3,299,1,1
2023HU1312734,1,501,1,1
2023HU1312734,2,501,1,1
2023HU1312734,3,501,1,1
2023HU1312734,4,501,1,1
2023HU1312734,5,501,1,1
2023HU1312734,6,225,1,1
2023HU1312734,7,488,1,1
2023HU1312734,8,0,1,1
2023HU1312825,1,176,1,1
2023HU1312825,2,176,1,1
2023HU1312825,3,176,1,1
2023HU1312825,4,176,1,1
2023HU1313160,1,501,1,1
2023HU1313160,2,501,1,1
2023HU1313160,3,501,1,1
2023HU1313160,4,501,1,1
2023HU1313250,1,383,3,1
2023HU1313278,1,204,1,1
2023HU1313278,2,204,1,1
2023HU1313278,3,204,1,1
2023HU1313538,1,182,4,1
2023HU1313562,1,277,1,1
2023HU1313562,2,277,1,1
2023HU1313562,3,277,1,1
2023HU1313588,1,501,1,1
2023HU1313588,2,501,1,1
2023HU1313588,3,501,1,1
2023HU1313588,4,501,1,1
2023HU1313588,5,,1,1
2023HU1313657,1,250,2,1
2023HU1313657,2,250,2,1
2023HU1313829,1,269,1,1
2023HU1313829,2,269,1,1
2023HU1313829,3,269,1,1
2023HU1313829,4,269,1,1
2023HU1313829,5,269,1,1
2023HU1313829,6,269,1,1
2023HU1314039,1,113,3,1
2023HU1314039,2,113,3,1
2023HU1314039,3,113,3,1
2023HU1314039,4,113,3,1
2023HU1314039,5,113,3,1
2023HU1314271,1,396,3,1
2023HU1314271,2,396,3,1
2023HU1314271,3,396,3,1
2023HU1314271,4,396,3,1
2023HU1314271,5,396,3,1
2023HU1314271,6,396,3,1
2023HU1314271,7,396,3,1
2023HU1314303,1,501,2,1
2023HU1314303,2,501,2,1
2023HU1314303,3,501,2,1
2023HU1314501,1,501,1,1
2023HU1314501,2,501,1,1
2023HU1314501,3,501,1,1
2023HU1314594,1,430,3,1
2023HU1314594,2,430,3,1
2023HU1314594,3,430,3,1
2023HU1314603,1,46,3,1
2023HU1314869,1,231,2,1
2023HU1314869,2,231,2,1
2023HU1314869,3,231,2,1
2023HU1314962,1,166,3,1
2023HU1314962,2,166,3,1
2023HU1314962,3,166,3,1
2023HU1314962,4,166,3,1
2023HU1314962,5,166,3,1
2023HU1314962,6,166,3,1
2023HU1314962,7,166,3,1
2023HU1314972,1,501,2,1
2023HU1314972,2,501,2,1
2023HU1314972,3,501,2,1
2023HU1314972,4,501,2,1
2023HU1315130,1,251,1,1
2023HU1315130,2,251,1,1
2023HU1315130,3,251,1,1
2023HU1315266,1,109,2,1
2023HU1315487,1,501,1,1
2023HU1315487,2,501,1,1
2023HU1315604,1,501,3,1
2023HU1315604,2,501,3,1
2023HU1315756,1,278,3,1
2023HU1315756,2,278,3,1
2023HU1315756,3,278,3,1
2023HU1315834,1,501,3,1
2023HU1315834,2,501,3,1
2023HU1315972,1,179,1,1
2023HU1315972,2,179,1,1
2023HU1316260,1,501,1,1
2023HU1316344,1,172,3,1
2023HU1316344,2,172,3,1
2023HU1316344,3,172,3,1
2023HU1316344,4,172,3,1
2023HU1316344,5,172,3,1
2023HU1316344,6,172,3,1
2023HU1316417,1,105,3,1
2023HU1316417,2,105,3,1
2023HU1316545,1,490,1,1
2023HU1316545,2,490,1,1
2023HU1316545,3,490,1,1
2023HU1316663,1,471,1,1
2023HU1316663,2,471,1,1
2023HU1316663,3,471,1,1
2023HU1316663,4,471,1,1
2023HU1316751,1,144,3,1
2023HU1316751,2,144,3,1
2023HU1316850,1,73,3,1
2023HU1316927,1,15,2,1
2023HU1316927,2,15,2,1
2023HU1316927,3,15,2,1
2023HU1316927,4,15,2,1
2023HU1317182,1,295,3,1
2023HU1317182,2,295,3,1
2023HU1317182,3,295,3,1
2023HU1317182,4,295,3,1
2023HU1317854,1,389,3,1
2023HU1317854,2,389,3,1
2023HU1317887,1,179,1,1
2023HU1317887,2,179,1,1
2023HU1317887,3,179,1,1
2023HU1317887,4,179,1,1
2023HU1317887,5,179,1,1
2023HU1317887,6,179,1,1
2023HU1317887,7,179,1,1
2023HU1317887,8,179,1,1
2023HU1317901,1,355,2,1
2023HU1317901,2,355,2,1
2023HU1317901,3,355,2,1
2023HU1317951,1,86,1,1
2023HU1317951,2,86,1,1
2023HU1317951,3,86,1,1
2023HU1317951,4,86,1,1
2023HU1317951,5,86,1,1
2023HU1317970,1,426,2,1
2023HU1318053,1,246,2,1
2023HU1318053,2,115,2,1
2023HU1318053,3,246,2,1
2023HU1318053,4,246,2,1
2023HU1318053,5,246,2,1
2023HU1318289,1,473,1,1
2023HU1318289,2,473,1,1
2023HU1318289,3,473,1,1
2023HU1318289,4,473,1,1
2023HU1318289,5,473,1,1
2023HU1318318,1,501,2,1
2023HU1318318,2,501,2,1
2023HU1318352,1,501,1,1
2023HU1318352,2,501,1,1
2023HU1318378,1,204,3,1
2023HU1318525,1,400,1,1
2023HU1318525,2,400,1,1
2023HU1318525,3,400,1,1
2023HU1318525,4,400,1,1
2023HU1318525,5,400,1,1
2023HU1318600,1,452,2,1
2023HU1318600,2,452,2,1
2023HU1318600,3,452,2,1
2023HU1318600,4,452,2,1
2023HU1318850,1,501,2,1
2023HU1319077,1,501,1,1
2023HU1319077,2,501,1,1
2023HU1319077,3,501,1,1
2023HU1319077,4,501,1,1
2023HU1319077,5,501,1,1
2023HU1319359,1,460,1,1
2023HU1319359,2,460,1,1
2023HU1319359,3,460,1,1
2023HU1319359,4,460,1,1
2023HU1319391,1,205,3,1
2023HU1319391,2,192,3,1
2023HU1319611,1,261,3,1
2023HU1319833,1,391,3,1
2023HU1319833,2,391,3,1
2023HU1319833,3,391,3,1
2023HU1319833,4,391,3,1
2023HU1319833,5,391,3,1
2023HU1319833,6,391,3,1
2023HU1319910,1,501,1,1
2023HU1319910,2,501,1,1
2023HU1319910,3,501,1,1
2023HU1319973,1,266,3,1
2023HU1319973,2,501,3,1
2023HU1320020,1,130,3,1
2023HU1320071,1,194,3,1
2023HU1320071,2,485,3,1
2023HU1320256,1,501,2,1
2023HU1320256,2,501,2,1
2023HU1320280,1,501,2,1
2023HU1320364,1,501,1,1
2023HU1320364,2,501,1,1
2023HU1320364,3,501,1,1
2023HU1320364,4,501,1,1
2023HU1320364,5,501,1,1
2023HU1320827,1,469,1,1
2023HU1320827,2,501,1,1
2023HU1320920,1,110,2,1
2023HU1320927,1,321,2,1
2023HU1320927,2,321,2,1
2023HU1320941,1,215,3,1
2023HU1320941,2,215,3,1
2023HU1321042,1,68,3,1
2023HU1321042,2,189,3,1
2023HU1321045,1,74,2,1
2023HU1321511,1,113,3,1
2023HU1321511,2,113,3,1
2023HU1321586,1,406,3,1
2023HU1321586,2,406,3,1
2023HU1321586,3,406,3,1
2023HU1321586,4,406,3,1
2023HU1321615,1,325,3,1
2023HU1321615,2,130,3,1
2023HU1322250,1,78,3,1
2023HU1322390,1,464,1,1
2023HU1322390,2,464,1,1
2023HU1322390,3,464,1,1
2023HU1322439,1,426,2,1
2023HU1322439,2,426,2,1
2023HU1322532,1,259,4,1
2023HU1322542,1,93,1,1
2023HU1322579,1,501,3,1
2023HU1322579,2,501,3,1
2023HU1322621,1,59,3,1
2023HU1322960,1,501,1,1
2023HU1323103,1,501,3,1
2023HU1323103,2,501,3,1
2023HU1323105,1,384,3,1
2023HU1323105,2,384,3,1
2023HU1323143,1,442,3,1
2023HU1323186,1,431,3,1
2023HU1323186,2,431,3,1
2023HU1323234,1,397,3,1
2023HU1323234,2,397,3,1
2023HU1323347,1,337,1,1
2023HU1323347,2,337,1,1
2023HU1323347,3,337,1,1
2023HU1323347,4,337,1,1
2023HU1323527,1,74,3,1
2023HU1323546,1,49,1,1
2023HU1323546,2,49,1,1
2023HU1323756,1,501,3,1
2023HU1323757,1,378,3,1
2023HU1323757,2,501,3,1
2023HU1324031,1,355,2,1
2023HU1324081,1,192,2,1
2023HU1324081,2,192,2,1
2023HU1324081,3,192,2,1
2023HU1324081,4,192,2,1
2023HU1324090,1,501,1,1
2023HU1324090,2,501,1,1
2023HU1324234,1,501,1,1
2023HU1324234,2,501,1,1
2023HU1324333,1,304,1,1
2023HU1324333,2,304,1,1
2023HU1324333,3,304,1,1
2023HU1324333,4,304,1,1
2023HU1324412,1,340,2,1
2023HU1324412,2,340,2,1
2023HU1324441,1,152,2,1
2023HU1324441,2,152,2,1
2023HU1324931,1,233,2,1
2023HU1324931,2,233,2,1
2023HU1324939,1,344,1,1
2023HU1324939,2,344,1,1
2023HU1324939,3,344,1,1
2023HU1324954,1,281,3,1
2023HU1324954,2,281,3,1
2023HU1325000,1,408,3,1
2023HU1325000,2,408,3,1
2023HU1325281,1,501,1,1
2023HU1325281,2,501,1,1
2023HU1325444,1,501,2,1
2023HU1325444,2,501,2,1
2023HU1325655,1,451,3,1
2023HU1325660,1,50,3,1
2023HU1325660,2,0,3,1
2023HU1325660,3,222,3,1
2023HU1325685,1,80,2,1
2023HU1325873,1,322,3,1
2023HU1325873,2,322,3,1
2023HU1325873,3,322,3,1
2023HU1325974,1,88,3,1
2023HU1325974,2,88,3,1
2023HU1325974,3,88,3,1
2023HU1325974,4,88,3,1
2023HU1325974,5,88,3,1
2023HU1326287,1,501,1,1
2023HU1326287,2,501,1,1
2023HU1326287,3,501,1,1
2023HU1326486,1,501,2,1
2023HU1326486,2,501,2,1
2023HU1327106,1,426,1,1
2023HU1327106,2,426,1,1
2023HU1327106,3,426,1,1
2023HU1327257,1,501,3,1
2023HU1327397,1,297,2,1
2023HU1327513,1,2,1,1
2023HU1327513,2,2,1,1
2023HU1327513,3,2,1,1
2023HU1327513,4,2,1,1
2023HU1327513,5,2,1,1
2023HU1327513,6,2,1,1
2023HU1327513,7,2,1,1
2023HU1327557,1,501,1,1
2023HU1327557,2,501,1,1
2023HU1327689,1,148,3,1
2023HU1327689,2,148,3,1
2023HU1328177,1,122,3,1
2023HU1328177,2,38,3,1
2023HU1328177,3,122,3,1
2023HU1328177,4,122,3,1
2023HU1328177,5,122,3,1
2023HU1328238,1,49,3,1
2023HU1328238,2,49,3,1
2023HU1328238,3,49,3,1
2023HU1328271,1,279,2,1
2023HU1328581,1,501,3,1
2023HU1328581,2,0,3,1
2023HU1328847,1,282,1,1
2023HU1328847,2,282,1,1
2023HU1328847,3,282,1,1
2023HU1328847,4,282,1,1
2023HU1328847,5,282,1,1
2023HU1328847,6,282,1,1
2023HU1328847,7,282,1,1
2023HU1328847,8,282,1,1
2023HU1329102,1,349,3,1
2023HU1329102,2,477,3,1
2023HU1329121,1,490,3,1
2023HU1329121,2,261,3,1
2023HU1329579,1,314,3,1
2023HU1329579,2,314,3,1
2023HU1329579,3,314,3,1
2023HU1329750,1,501,3,1
2023HU1329750,2,501,3,1
2023HU1329750,3,501,3,1
2023HU1330109,1,237,2,1
2023HU1330109,2,237,2,1
2023HU1330172,1,70,3,1
2023HU1330172,2,70,3,1
2023HU1330172,3,70,3,1
2023HU1330172,4,70,3,1
2023HU1330172,5,70,3,1
2023HU1330758,1,114,1,1
2023HU1330758,2,114,1,1
2023HU1331049,1,256,3,1
2023HU1331049,2,256,3,1
2023HU1331049,3,256,3,1
2023HU1331049,4,256,3,1
2023HU1331049,5,259,3,1
2023HU1331139,1,501,2,1
2023HU1331139,2,501,2,1
2023HU1331155,1,180,2,1
2023HU1331163,1,501,3,1
2023HU1331163,2,501,3,1
2023HU1331163,3,501,3,1
2023HU1331163,4,501,3,1
2023HU1331451,1,361,3,1
2023HU1331451,2,81,3,1
2023HU1331451,3,501,3,1
2023HU1331585,1,355,3,1
2023HU1331585,2,355,3,1
2023HU1331585,3,355,3,1
2023HU1331585,4,355,3,1
2023HU1331585,5,355,3,1
2023HU1331585,6,355,3,1
2023HU1331611,1,382,2,1
2023HU1332013,1,501,2,1
2023HU1332013,2,501,2,1
2023HU1332013,3,501,2,1
2023HU1332013,4,501,2,1
2023HU1332013,5,501,2,1
2023HU1332488,1,172,2,1
2023HU1332488,2,172,2,1
2023HU1332943,1,501,1,1
2023HU1332943,2,501,1,1
2023HU1332943,3,501,1,1
2023HU1332943,4,501,1,1
2023HU1333024,1,353,2,1
2023HU1333024,2,353,2,1
2023HU1333024,3,353,2,1
2023HU1333062,1,312,3,1
2023HU1333062,2,312,3,1
2023HU1333221,1,501,1,1
2023HU1333250,1,178,1,1
2023HU1333250,2,158,1,1
2023HU1333250,3,178,1,1
2023HU1333250,4,178,1,1
2023HU1333846,1,259,1,1
2023HU1333871,1,501,1,1
2023HU1333871,2,501,1,1
2023HU1333871,3,501,1,1
2023HU1334030,1,6,3,1
2023HU1334084,1,365,1,1
2023HU1334084,2,307,1,1
2023HU1334084,3,365,1,1
2023HU1334084,4,365,1,1
2023HU1334084,5,365,1,1
2023HU1334371,1,501,1,1
2023HU1334954,1,198,2,1
2023HU1334954,2,198,2,1
2023HU1334954,3,198,2,1
2023HU1334954,4,198,2,1
2023HU1335154,1,398,2,1
2023HU1335154,2,398,2,1
2023HU1335154,3,398,2,1
2023HU1335363,1,501,1,1
2023HU1335363,2,501,1,1
2023HU1335379,1,349,1,1
2023HU1335379,2,501,1,1
2023HU1335511,1,252,2,1
2023HU1335642,1,79,2,1
2023HU1335642,2,79,2,1
2023HU1335770,1,499,2,1
2023HU1335770,2,499,2,1
2023HU1335770,3,499,2,1
2023HU1336025,1,130,1,1
2023HU1336025,2,130,1,1
2023HU1336251,1,501,2,1
2023HU1336290,1,362,2,1
2023HU1336290,2,362,2,1
2023HU1336290,3,362,2,1
2023HU1336290,4,269,2,1
2023HU1336290,5,15,2,1
2023HU1336290,6,46,2,1
2023HU1336290,7,,2,1
2023HU1336290,8,,2,1
2023HU1336298,1,173,3,1
2023HU1336298,2,131,3,1
2023HU1336298,3,173,3,1
2023HU1336308,1,501,2,1
2023HU1336308,2,501,2,1
2023HU1336482,1,187,3,1
2023HU1336482,2,187,3,1
2023HU1336482,3,187,3,1
2023HU1336612,1,170,3,1
2023HU1336612,2,170,3,1
2023HU1336640,1,233,1,1
2023HU1336640,2,233,1,1
2023HU1336994,1,260,3,1
2023HU1337090,1,453,1,1
2023HU1337167,1,244,1,1
2023HU1337167,2,244,1,1
2023HU1337167,3,244,1,1
2023HU1337215,1,82,3,1
2023HU1337215,2,82,3,1
2023HU1337253,1,77,1,1
2023HU1337253,2,77,1,1
2023HU1337290,1,315,1,1
2023HU1337290,2,315,1,1
2023HU1337290,3,315,1,1
2023HU1337313,1,196,1,1
2023HU1337313,2,196,1,1
2023HU1337377,1,501,2,1
2023HU1337512,1,36,3,1
2023HU1337512,2,36,3,1
2023HU1337512,3,36,3,1
2023HU1337564,1,342,3,1
2023HU1337564,2,342,3,1
2023HU1337564,3,342,3,1
2023HU1337564,4,342,3,1
2023HU1337595,1,225,3,1
2023HU1337595,2,148,3,1
2023HU1337758,1,501,1,1
2023HU1337758,2,501,1,1
2023HU1337966,1,300,1,1
2023HU1337966,2,78,1,1
2023HU1337978,1,501,1,1
2023HU1337978,2,501,1,1
2023HU1338139,1,65,3,1
2023HU1338139,2,65,3,1
2023HU1338212,1,396,1,1
2023HU1338212,2,396,1,1
2023HU1338308,1,501,1,1
2023HU1338308,2,501,1,1
2023HU1338308,3,501,1,1
2023HU1338308,4,501,1,1
2023HU1338308,5,501,1,1
2023HU1338406,1,501,1,1
2023HU1338406,2,501,1,1
2023HU1338406,3,501,1,1
2023HU1338407,1,497,2,1
2023HU1338407,2,497,2,1
2023HU1338489,1,241,3,1
2023HU1338489,2,241,3,1
2023HU1338489,3,241,3,1
2023HU1338489,4,241,3,1
2023HU1338709,1,186,3,1
2023HU1338709,2,186,3,1
2023HU1338741,1,353,3,1
2023HU1338741,2,353,3,1
2023HU1338741,3,353,3,1
2023HU1338741,4,128,3,1
2023HU1338842,1,501,1,1
2023HU1338842,2,501,1,1
2023HU1338842,3,239,1,1
2023HU1338893,1,501,1,1
2023HU1338893,2,501,1,1
2023HU1338893,3,501,1,1
2023HU1338893,4,501,1,1
2023HU1338965,1,501,1,1
2023HU1338965,2,501,1,1
2023HU1338965,3,501,1,1
2023HU1339061,1,324,3,1
2023HU1339061,2,390,3,1
2023HU1339505,1,501,1,1
2023HU1339505,2,501,1,1
2023HU1339505,3,501,1,1
2023HU1339596,1,501,2,1
2023HU1339596,2,501,2,1
2023HU1339687,1,501,3,1
2023HU1339687,2,501,3,1
2023HU1339687,3,501,3,1
2023HU1339716,1,264,2,1
2023HU1339716,2,264,2,1
2023HU1339716,3,264,2,1
2023HU1339716,4,264,2,1
2023HU1339935,1,211,3,1
2023HU1339935,2,211,3,1
2023HU1340259,1,501,2,1
2023HU1340259,2,501,2,1
2023HU1340259,3,501,2,1
2023HU1340259,4,501,2,1
2023HU1340259,5,501,2,1
2023HU1340259,6,501,2,1
2023HU1340401,1,335,4,1
2023HU1340401,2,335,4,1
2023HU1340469,1,0,2,1
2023HU1340696,1,410,3,1
2023HU1340696,2,410,3,1
2023HU1340696,3,410,3,1
2023HU1340696,4,410,3,1
2023HU1340950,1,501,2,1
2023HU1340950,2,501,2,1
2023HU1341058,1,76,2,1
2023HU1341137,1,501,1,1
2023HU1341137,2,501,1,1
2023HU1341212,1,140,1,1
2023HU1341212,2,140,1,1
2023HU1341260,1,501,1,1
2023HU1341268,1,501,1,1
2023HU1341366,1,148,2,1
2023HU1341366,2,96,2,1
2023HU1341489,1,501,1,1
2023HU1341489,2,501,1,1
2023HU1341489,3,501,1,1
2023HU1341515,1,169,2,1
2023HU1341515,2,169,2,1
2023HU1341737,1,501,3,1
2023HU1341737,2,501,3,1
2023HU1341916,1,501,1,1
2023HU1341916,2,501,1,1
2023HU1341916,3,501,1,1
2023HU1341916,4,501,1,1
2023HU1342183,1,501,3,1
2023HU1342183,2,501,3,1
2023HU1342183,3,501,3,1
2023HU1342183,4,501,3,1
2023HU1342299,1,501,1,1
2023HU1342299,2,501,1,1
2023HU1342390,1,213,1,1
2023HU1342390,2,213,1,1
2023HU1342390,3,213,1,1
2023HU1342431,1,388,2,1
2023HU1342538,1,48,1,1
2023HU1342538,2,48,1,1
2023HU1342693,1,203,1,1
2023HU1342693,2,203,1,1
2023HU1342712,1,413,2,1
2023HU1342712,2,413,2,1
2023HU1342716,1,501,1,1
2023HU1342748,1,82,1,1
2023HU1342748,2,82,1,1
2023HU1342748,3,82,1,1
2023HU1342748,4,82,1,1
2023HU1342748,5,82,1,1
2023HU1343011,1,47,2,1
2023HU1343011,2,47,2,1
2023HU1343011,3,47,2,1
2023HU1343198,1,501,1,1
2023HU1343198,2,501,1,1
2023HU1343198,3,501,1,1
2023HU1343198,4,501,1,1
2023HU1343198,5,501,1,1
2023HU1343380,1,281,2,1
2023HU1343380,2,281,2,1
2023HU1343476,1,501,3,1
2023HU1343476,2,501,3,1
2023HU1343476,3,501,3,1
2023HU1343595,1,344,1,1
2023HU1343595,2,344,1,1
2023HU1343595,3,344,1,1
2023HU1343595,4,344,1,1
2023HU1343606,1,447,1,1
2023HU1343606,2,447,1,1
2023HU1343606,3,447,1,1
2023HU1343926,1,0,2,1
2023HU1343926,2,0,2,1
2023HU1344011,1,501,1,1
2023HU1344011,2,501,1,1
2023HU1344011,3,501,1,1
2023HU1344037,1,167,3,1
2023HU1344037,2,167,3,1
2023HU1344037,3,215,3,1
2023HU1344157,1,501,1,1
2023HU1344157,2,501,1,1
2023HU1344375,1,435,2,1
2023HU1344375,2,435,2,1
2023HU1344375,3,142,2,1
2023HU1344677,1,242,1,1
2023HU1344677,2,242,1,1
2023HU1344677,3,242,1,1
2023HU1344677,4,242,1,1
2023HU1344677,5,242,1,1
2023HU1344821,1,359,2,1
2023HU1344821,2,359,2,1
2023HU1344911,1,501,3,1
2023HU1344911,2,501,3,1
2023HU1345090,1,137,1,1
2023HU1345090,2,137,1,1
2023HU1345090,3,137,1,1
2023HU1345090,4,137,1,1
2023HU1345090,5,137,1,1
2023HU1345149,1,501,2,1
2023HU1345149,2,501,2,1
2023HU1345289,1,501,3,1
2023HU1345289,2,501,3,1
2023HU1345321,1,496,2,1
2023HU1345321,2,496,2,1
2023HU1345354,1,170,3,1
2023HU1345354,2,170,3,1
2023HU1345354,3,170,3,1
2023HU1345354,4,170,3,1
2023HU1345461,1,324,2,1
2023HU1345461,2,324,2,1
2023HU1345461,3,324,2,1
2023HU1345461,4,324,2,1
2023HU1345461,5,324,2,1
2023HU1345563,1,231,3,1
2023HU1345563,2,231,3,1
2023HU1345563,3,231,3,1
2023HU1345563,4,231,3,1
2023HU1345563,5,231,3,1
2023HU1345656,1,501,1,1
2023HU1345656,2,501,1,1
2023HU1346062,1,208,2,1
2023HU1346062,2,208,2,1
2023HU1346062,3,208,2,1
2023HU1346062,4,208,2,1
2023HU1346062,5,208,2,1
2023HU1346096,1,501,1,1
2023HU1346145,1,441,1,1
2023HU1346145,2,441,1,1
2023HU1346145,3,441,1,1
2023HU1346186,1,501,3,1
2023HU1346186,2,501,3,1
2023HU1346186,3,501,3,1
2023HU1346441,1,258,3,1
2023HU1346461,1,203,3,1
2023HU1346461,2,203,3,1
2023HU1346501,1,103,2,1
2023HU1346884,1,501,1,1
2023HU1346884,2,379,1,1
2023HU1346884,3,501,1,1
2023HU1346884,4,501,1,1
2023HU1346884,5,126,1,1
2023HU1346929,1,9,3,1
2023HU1347027,1,211,3,1
2023HU1347146,1,501,2,1
2023HU1347146,2,501,2,1
2023HU1347146,3,501,2,1
2023HU1347194,1,396,3,1
2023HU1347464,1,435,1,1
2023HU1347464,2,435,1,1
2023HU1347622,1,501,3,1
2023HU1347665,1,501,3,1
2023HU1347676,1,322,2,1
2023HU1347676,2,322,2,1
2023HU1347690,1,501,3,1
2023HU1347690,2,501,3,1
2023HU1347724,1,501,1,1
2023HU1347724,2,501,1,1
2023HU1348088,1,354,3,1
2023HU1348088,2,354,3,1
2023HU1348161,1,17,2,1
2023HU1348189,1,302,1,1
2023HU1348189,2,302,1,1
2023HU1348189,3,302,1,1
2023HU1348189,4,302,1,1
2023HU1348285,1,235,3,1
2023HU1348285,2,235,3,1
2023HU1348378,1,168,3,1
2023HU1348378,2,168,3,1
2023HU1348378,3,168,3,1
2023HU1348378,4,168,3,1
2023HU1348507,1,12,3,1
2023HU1348507,2,12,3,1
2023HU1348507,3,12,3,1
2023HU1348650,1,467,1,1
2023HU1348650,2,467,1,1
2023HU1348650,3,467,1,1
2023HU1348662,1,501,1,1
2023HU1348662,2,501,1,1
2023HU1348662,3,501,1,1
2023HU1348835,1,501,1,1
2023HU1348835,2,501,1,1
2023HU1348835,3,501,1,1
2023HU1348835,4,501,1,1
2023HU1348842,1,118,3,1
2023HU1348842,2,118,3,1
2023HU1348888,1,183,3,1
2023HU1348888,2,65,3,1
2023HU1348889,1,357,1,1
2023HU1348889,2,357,1,1
2023HU1348931,1,379,3,1
2023HU1348931,2,379,3,1
2023HU1349093,1,80,1,1
2023HU1349093,2,392,1,1
2023HU1349093,3,80,1,1
2023HU1349093,4,80,1,1
2023HU1349093,5,80,1,1
2023HU1349140,1,99,2,1
2023HU1349140,2,99,2,1
2023HU1349165,1,207,2,1
2023HU1349206,1,0,1,1
2023HU1349206,2,0,1,1
2023HU1349286,1,78,3,1
2023HU1349286,2,78,3,1
2023HU1349286,3,78,3,1
2023HU1349286,4,78,3,1
2023HU1349316,1,501,2,1
2023HU1349316,2,501,2,1
2023HU1349316,3,501,2,1
2023HU1349537,1,340,1,1
2023HU1349537,2,340,1,1
2023HU1349606,1,157,3,1
2023HU1349606,2,157,3,1
2023HU1349606,3,157,3,1
2023HU1350510,1,501,3,1
2023HU1350510,2,501,3,1
2023HU1350510,3,501,3,1
2023HU1350657,1,210,3,1
2023HU1350657,2,210,3,1
2023HU1350917,1,440,2,1
2023HU1350917,2,90,2,1
2023HU1350917,3,440,2,1
2023HU1350967,1,0,3,1
2023HU1351483,1,312,1,1
2023HU1351667,1,181,2,1
2023HU1351667,2,181,2,1
2023HU1351712,1,184,3,1
2023HU1351712,2,184,3,1
2023HU1351811,1,278,1,1
2023HU1351811,2,278,1,1
2023HU1351811,3,278,1,1
2023HU1351811,4,278,1,1
2023HU1352480,1,190,2,1
2023HU1352480,2,501,2,1
2023HU1352480,3,190,2,1
2023HU1352566,1,501,3,1
2023HU1352566,2,361,3,1
2023HU1352678,1,170,2,1
2023HU1352678,2,170,2,1
2023HU1352832,1,216,3,1
2023HU1352832,2,216,3,1
2023HU1352832,3,216,3,1
2023HU1352837,1,36,3,1
2023HU1353095,1,501,1,1
2023HU1353095,2,501,1,1
2023HU1353095,3,501,1,1
2023HU1353120,1,206,1,1
2023HU1353120,2,196,1,1
2023HU1353120,3,206,1,1
2023HU1353120,4,206,1,1
2023HU1353739,1,115,3,1
2023HU1353739,2,115,3,1
2023HU1353739,3,115,3,1
2023HU1353739,4,255,3,1
2023HU1354076,1,241,3,1
2023HU1354076,2,0,3,1
2023HU1354382,1,165,3,1
2023HU1354382,2,165,3,1
2023HU1354382,3,165,3,1
2023HU1354511,1,254,1,1
2023HU1354511,2,254,1,1
2023HU1354511,3,254,1,1
2023HU1354511,4,254,1,1
2023HU1354749,1,501,3,1
2023HU1355124,1,62,3,1
2023HU1355124,2,62,3,1
2023HU1355170,1,501,3,1
2023HU1355234,1,501,1,1
2023HU1355234,2,501,1,1
2023HU1355234,3,501,1,1
2023HU1355234,4,501,1,1
2023HU1355234,5,501,1,1
2023HU1355234,6,501,1,1
2023HU1355234,7,501,1,1
2023HU1355252,1,169,1,1
2023HU1355252,2,169,1,1
2023HU1355252,3,169,1,1
2023HU1355312,1,212,1,1
2023HU1355312,2,212,1,1
2023HU1355312,3,212,1,1
2023HU1355312,4,212,1,1
2023HU1355312,5,212,1,1
2023HU1355507,1,401,1,1
2023HU1355507,2,401,1,1
2023HU1355507,3,401,1,1
2023HU1355507,4,401,1,1
2023HU1355507,5,401,1,1
2023HU1355602,1,501,2,1
2023HU1355603,1,51,3,1
2023HU1355603,2,501,3,1
2023HU1355811,1,157,2,1
2023HU1355811,2,157,2,1
2023HU1355854,1,501,3,1
2023HU1355854,2,501,3,1
2023HU1355855,1,195,3,1
2023HU1356027,1,0,2,1
2023HU1356275,1,86,3,1
2023HU1356275,2,86,3,1
2023HU1356351,1,501,1,1
2023HU1356351,2,501,1,1
2023HU1356351,3,501,1,1
2023HU1356351,4,501,1,1
2023HU1356351,5,501,1,1
2023HU1356351,6,501,1,1
2023HU1356496,1,75,3,1
2023HU1356693,1,265,3,1
2023HU1356823,1,347,1,1
2023HU1356830,1,142,3,1
2023HU1357015,1,164,2,1
2023HU1357115,1,329,2,1
2023HU1357313,1,501,3,1
2023HU1357313,2,501,3,1
2023HU1357313,3,501,3,1
2023HU1357313,4,501,3,1
2023HU1357410,1,203,2,1
2023HU1357410,2,203,2,1
2023HU1357410,3,203,2,1
2023HU1357410,4,203,2,1
2023HU1357723,1,501,1,1
2023HU1357723,2,501,1,1
2023HU1357765,1,501,2,1
2023HU1357918,1,383,1,1
2023HU1357918,2,383,1,1
2023HU1357918,3,462,1,1
2023HU1358302,1,41,2,1
2023HU1358302,2,41,2,1
2023HU1358360,1,269,3,1
2023HU1358360,2,269,3,1
2023HU1358360,3,269,3,1
2023HU1358360,4,269,3,1
2023HU1358360,5,269,3,1
2023HU1358360,6,269,3,1
2023HU1358360,7,,3,1
2023HU1358393,1,279,1,1
2023HU1358393,2,279,1,1
2023HU1358393,3,279,1,1
2023HU1358656,1,501,2,1
2023HU1358917,1,501,1,1
2023HU1358917,2,501,1,1
2023HU1358917,3,501,1,1
2023HU1358917,4,501,1,1
2023HU1358917,5,501,1,1
2023HU1359199,1,501,2,1
2023HU1359199,2,501,2,1
2023HU1359226,1,287,3,1
2023HU1359326,1,139,2,1
2023HU1359340,1,453,1,1
2023HU1359340,2,453,1,1
2023HU1359340,3,453,1,1
2023HU1359416,1,252,3,1
2023HU1359416,2,252,3,1
2023HU1359416,3,252,3,1
2023HU1359416,4,252,3,1
2023HU1359814,1,146,2,1
2023HU1359814,2,146,2,1
2023HU1360150,1,231,1,1
2023HU1360150,2,231,1,1
2023HU1360150,3,231,1,1
2023HU1360213,1,166,3,1
2023HU1360213,2,166,3,1
2023HU1360213,3,166,3,1
2023HU1360285,1,203,2,1
2023HU1360285,2,203,2,1
2023HU1360285,3,203,2,1
2023HU1360441,1,466,1,1
2023HU1360441,2,466,1,1
2023HU1360441,3,466,1,1
2023HU1360441,4,466,1,1
2023HU1360441,5,466,1,1
2023HU1360441,6,466,1,1
2023HU1360665,1,501,3,1
2023HU1360665,2,501,3,1
2023HU1360915,1,445,3,1
2023HU1360915,2,445,3,1
2023HU1360915,3,445,3,1
2023HU1361030,1,501,2,1
2023HU1361030,2,501,2,1
2023HU1361030,3,501,2,1
2023HU1361030,4,501,2,1
2023HU1361090,1,432,2,1
2023HU1361090,2,432,2,1
2023HU1361090,3,432,2,1
2023HU1361359,1,501,1,1
2023HU1361359,2,501,1,1
2023HU1361359,3,501,1,1
2023HU1361359,4,501,1,1
2023HU1361460,1,501,3,1
2023HU1361460,2,501,3,1
2023HU1361460,3,501,3,1
2023HU1361499,1,390,3,1
2023HU1361499,2,390,3,1
2023HU1361499,3,390,3,1
2023HU1361499,4,390,3,1
2023HU1361499,5,390,3,1
2023HU1361560,1,456,3,1
2023HU1361560,2,456,3,1
2023HU1361560,3,456,3,1
2023HU1361560,4,456,3,1
2023HU1361560,5,456,3,1
2023HU1361630,1,375,3,1
2023HU1361630,2,375,3,1
2023HU1361794,1,459,1,1
2023HU1361794,2,459,1,1
2023HU1361794,3,459,1,1
2023HU1361794,4,459,1,1
2023HU1361845,1,501,2,1
2023HU1361845,2,501,2,1
2023HU1361845,3,501,2,1
2023HU1361877,1,472,2,1
2023HU1361955,1,409,2,1
2023HU1361955,2,409,2,1
2023HU1361955,3,409,2,1
2023HU1361955,4,409,2,1
2023HU1361955,5,409,2,1
2023HU1362083,1,79,3,1
2023HU1362121,1,414,3,1
2023HU1362137,1,501,2,1
2023HU1362137,2,501,2,1
2023HU1362144,1,411,2,1
2023HU1362248,1,11,3,1
2023HU1362276,1,116,2,1
2023HU1362352,1,501,1,1
2023HU1362352,2,501,1,1
2023HU1362352,3,501,1,1
2023HU1362352,4,501,1,1
2023HU1362352,5,501,1,1
2023HU1362453,1,501,2,1
2023HU1362453,2,501,2,1
2023HU1362535,1,310,1,1
2023HU1362548,1,356,2,1
2023HU1362719,1,125,2,1
2023HU1362719,2,125,2,1
2023HU1362719,3,57,2,1
2023HU1362774,1,501,1,1
2023HU1362774,2,501,1,1
2023HU1362774,3,501,1,1
2023HU1362848,1,215,1,1
2023HU1362848,2,215,1,1
2023HU1362848,3,215,1,1
2023HU1362848,4,215,1,1
2023HU1362878,1,82,3,1
2023HU1362878,2,450,3,1
2023HU1362878,3,82,3,1
2023HU1362878,4,82,3,1
2023HU1362878,5,82,3,1
2023HU1362965,1,44,3,1
2023HU1362965,2,44,3,1
2023HU1362970,1,165,1,1
2023HU1362970,2,255,1,1
2023HU1362970,3,165,1,1
2023HU1362970,4,165,1,1
2023HU1362990,1,501,1,1
2023HU1362990,2,501,1,1
2023HU1362990,3,501,1,1
2023HU1363009,1,180,2,1
2023HU1363009,2,180,2,1
2023HU1363243,1,357,2,1
2023HU1363331,1,501,1,1
2023HU1363583,1,501,2,1
2023HU1363583,2,501,2,1
2023HU1363583,3,501,2,1
2023HU1363586,1,205,3,1
2023HU1363641,1,303,2,1
2023HU1363641,2,303,2,1
2023HU1363691,1,282,1,1
2023HU1363691,2,282,1,1
2023HU1363691,3,282,1,1
2023HU1363691,4,282,1,1
2023HU1363752,1,501,1,1
2023HU1363756,1,110,3,1
2023HU1363756,2,110,3,1
2023HU1363819,1,501,3,1
2023HU1363846,1,501,3,1
2023HU1363846,2,501,3,1
2023HU1363846,3,501,3,1
2023HU1363898,1,203,3,1
2023HU1363898,2,203,3,1
2023HU1363898,3,196,3,1
2023HU1364072,1,501,2,1
2023HU1364072,2,501,2,1
2023HU1364072,3,501,2,1
2023HU1364072,4,501,2,1
2023HU1364072,5,501,2,1
2023HU1364081,1,501,1,1
2023HU1364081,2,501,1,1
2023HU1364090,1,388,1,1
2023HU1364090,2,388,1,1
2023HU1364090,3,388,1,1
2023HU1364197,1,469,1,1
2023HU1364197,2,469,1,1
2023HU1364197,3,469,1,1
2023HU1364208,1,501,1,1
2023HU1364208,2,501,1,1
2023HU1364208,3,501,1,1
2023HU1364507,1,12,1,1
2023HU1364554,1,51,1,1
2023HU1364697,1,160,2,1
2023HU1364697,2,160,2,1
2023HU1364839,1,501,1,1
2023HU1364839,2,501,1,1
2023HU1364945,1,240,2,1
2023HU1364945,2,240,2,1
2023HU1364945,3,240,2,1
2023HU1365022,1,164,1,1
2023HU1365022,2,0,1,1
2023HU1365098,1,501,1,1
2023HU1365098,2,501,1,1
2023HU1365098,3,501,1,1
2023HU1365098,4,501,1,1
2023HU1365098,5,501,1,1
2023HU1365098,6,501,1,1
2023HU1365098,7,501,1,1
2023HU1365098,8,501,1,1
2023HU1365098,9,501,1,1
2023HU1365098,10,501,1,1
2023HU1365098,11,501,1,1
2023HU1365098,12,501,1,1
2023HU1365098,13,501,1,1
2023HU1365098,14,455,1,1
2023HU1365098,15,387,1,1
2023HU1365098,16,2,1,1
2023HU1365098,17,483,1,1
2023HU1365098,18,0,1,1
2023HU1365098,19,,1,1
2023HU1365229,1,231,1,1
2023HU1365229,2,231,1,1
2023HU1365310,1,314,3,1
2023HU1365310,2,314,3,1
2023HU1365375,1,99,1,1
2023HU1365375,2,99,1,1
2023HU1365511,1,121,3,1
2023HU1365511,2,85,3,1
2023HU1365511,3,121,3,1
2023HU1365595,1,501,1,1
2023HU1365595,2,501,1,1
2023HU1365697,1,501,2,1
2023HU1365697,2,501,2,1
2023HU1365697,3,501,2,1
2023HU1365697,4,501,2,1
2023HU1366138,1,21,1,1
2023HU1366138,2,21,1,1
2023HU1366233,1,501,2,1
2023HU1366233,2,417,2,1
2023HU1366233,3,501,2,1
2023HU1366240,1,485,3,1
2023HU1366462,1,501,1,1
2023HU1366462,2,501,1,1
2023HU1366462,3,501,1,1
2023HU1366462,4,501,1,1
2023HU1366462,5,501,1,1
2023HU1366693,1,282,1,1
2023HU1366693,2,282,1,1
2023HU1366693,3,282,1,1
2023HU1366693,4,282,1,1
2023HU1366693,5,282,1,1
2023HU1366894,1,501,1,1
2023HU1367074,1,244,3,1
2023HU1367099,1,0,3,1
2023HU1367470,1,108,1,1
2023HU1367470,2,108,1,1
2023HU1367477,1,303,3,1
2023HU1367477,2,74,3,1
2023HU1367582,1,467,2,1
2023HU1367604,1,253,3,1
2023HU1367838,1,501,1,1
2023HU1367838,2,501,1,1
2023HU1367838,3,501,1,1
2023HU1368016,1,501,3,1
2023HU1368016,2,501,3,1
2023HU1368016,3,501,3,1
2023HU1368016,4,501,3,1
2023HU1368210,1,189,1,1
2023HU1368210,2,189,1,1
2023HU1368227,1,303,3,1
2023HU1368227,2,303,3,1
2023HU1368227,3,303,3,1
2023HU1368227,4,303,3,1
2023HU1368414,1,390,1,1
2023HU1368414,2,390,1,1
2023HU1369233,1,501,3,1
2023HU1369233,2,501,3,1
2023HU1369233,3,501,3,1
2023HU1369546,1,339,3,1
2023HU1369546,2,339,3,1
2023HU1369546,3,339,3,1
2023HU1369546,4,339,3,1
2023HU1369548,1,501,3,1
2023HU1369641,1,282,1,1
2023HU1369641,2,282,1,1
2023HU1369685,1,471,2,1
2023HU1369685,2,471,2,1
2023HU1369685,3,471,2,1
2023HU1369685,4,471,2,1
2023HU1369706,1,501,2,1
2023HU1369706,2,501,2,1
2023HU1369706,3,501,2,1
2023HU1369886,1,173,3,1
2023HU1369886,2,173,3,1
2023HU1369886,3,173,3,1
2023HU1369886,4,173,3,1
2023HU1370093,1,125,2,1
2023HU1370369,1,313,1,1
2023HU1370369,2,313,1,1
2023HU1370369,3,313,1,1
2023HU1370369,4,313,1,1
2023HU1370369,5,313,1,1
2023HU1370392,1,85,3,1
2023HU1370398,1,501,3,1
2023HU1370398,2,501,3,1
2023HU1370496,1,110,3,1
2023HU1370496,2,110,3,1
2023HU1370496,3,110,3,1
2023HU1370506,1,501,1,1
2023HU1370506,2,501,1,1
2023HU1370506,3,501,1,1
2023HU1370682,1,501,3,1
2023HU1370682,2,501,3,1
2023HU1370792,1,501,1,1
2023HU1370792,2,501,1,1
2023HU1370792,3,271,1,1
2023HU1370910,1,194,1,1
2023HU1370966,1,501,3,1
2023HU1370966,2,501,3,1
2023HU1370995,1,501,1,1
2023HU1370995,2,501,1,1
2023HU1370995,3,501,1,1
2023HU1370995,4,501,1,1
2023HU1371212,1,385,1,1
2023HU1371212,2,385,1,1
2023HU1371466,1,478,2,1
2023HU1371466,2,478,2,1
2023HU1371477,1,371,3,1
2023HU1371477,2,371,3,1
2023HU1371477,3,371,3,1
2023HU1371477,4,371,3,1
2023HU1371477,5,371,3,1
2023HU1371477,6,371,3,1
2023HU1371598,1,344,2,1
2023HU1371598,2,420,2,1
2023HU1371715,1,338,1,1
2023HU1371715,2,338,1,1
2023HU1371747,1,501,3,1
2023HU1371747,2,501,3,1
2023HU1371747,3,501,3,1
2023HU1371815,1,501,2,1
2023HU1372283,1,208,2,1
2023HU1372283,2,208,2,1
2023HU1372750,1,501,1,1
2023HU1372750,2,501,1,1
2023HU1372756,1,68,1,1
2023HU1372814,1,501,2,1
2023HU1372814,2,501,2,1
2023HU1372814,3,501,2,1
2023HU1372852,1,279,2,1
2023HU1372852,2,279,2,1
2023HU1372946,1,142,3,1
2023HU1372946,2,142,3,1
2023HU1373003,1,172,2,1
2023HU1373085,1,264,2,1
2023HU1373085,2,264,2,1
2023HU1373133,1,501,2,1
2023HU1373376,1,501,2,1
2023HU1373376,2,501,2,1
2023HU1373376,3,501,2,1
2023HU1373471,1,501,1,1
2023HU1373483,1,113,2,1
2023HU1373483,2,113,2,1
2023HU1373483,3,113,2,1
2023HU1373532,1,501,2,1
2023HU1373532,2,501,2,1
2023HU1373678,1,28,1,1
2023HU1373678,2,28,1,1
2023HU1373678,3,28,1,1
2023HU1373678,4,28,1,1
2023HU1373678,5,28,1,1
2023HU1373721,1,264,3,1
2023HU1373726,1,169,3,1
2023HU1373726,2,169,3,1
2023HU1373837,1,501,3,1
2023HU1374216,1,0,2,1
2023HU1374374,1,0,3,1
2023HU1374590,1,25,3,1
2023HU1374590,2,115,3,1
2023HU1374590,3,25,3,1
2023HU1374590,4,25,3,1
2023HU1374723,1,501,3,1
2023HU1374815,1,52,3,1
2023HU1375285,1,301,3,1
2023HU1375285,2,301,3,1
2023HU1375285,3,301,3,1
2023HU1375285,4,0,3,1
2023HU1375298,1,200,1,1
2023HU1375298,2,200,1,1
2023HU1375298,3,200,1,1
2023HU1375478,1,134,3,1
2023HU1375594,1,331,1,1
2023HU1375594,2,331,1,1
2023HU1375594,3,331,1,1
2023HU1375697,1,104,1,1
2023HU1375697,2,56,1,1
2023HU1375697,3,104,1,1
2023HU1375697,4,104,1,1
2023HU1375700,1,486,1,1
2023HU1375700,2,486,1,1
2023HU1375700,3,486,1,1
2023HU1375908,1,97,1,1
2023HU1375908,2,97,1,1
2023HU1375908,3,97,1,1
2023HU1375908,4,97,1,1
2023HU1376014,1,432,1,1
2023HU1376014,2,432,1,1
2023HU1376014,3,432,1,1
2023HU1376037,1,459,3,1
2023HU1376037,2,459,3,1
2023HU1376130,1,321,1,1
2023HU1376524,1,45,2,1
2023HU1376524,2,45,2,1
2023HU1376524,3,45,2,1
2023HU1376524,4,45,2,1
2023HU1376607,1,501,1,1
2023HU1376607,2,501,1,1
2023HU1376607,3,501,1,1
2023HU1376607,4,501,1,1
2023HU1376607,5,501,1,1
2023HU1376681,1,501,3,1
2023HU1376681,2,501,3,1
2023HU1376681,3,501,3,1
2023HU1376681,4,501,3,1
2023HU1376681,5,501,3,1
2023HU1376681,6,501,3,1
2023HU1376753,1,70,2,1
2023HU1376753,2,70,2,1
2023HU1376833,1,501,3,1
2023HU1376833,2,501,3,1
2023HU1376833,3,230,3,1
2023HU1376896,1,501,1,1
2023HU1376896,2,501,1,1
2023HU1376896,3,501,1,1
2023HU1376915,1,501,1,1
2023HU1376915,2,501,1,1
2023HU1376963,1,333,2,1
2023HU1376963,2,333,2,1
2023HU1376963,3,333,2,1
2023HU1377012,1,319,2,1
2023HU1377012,2,319,2,1
2023HU1377012,3,319,2,1
2023HU1377012,4,319,2,1
2023HU1377107,1,108,1,1
2023HU1377107,2,108,1,1
2023HU1377107,3,200,1,1
2023HU1377860,1,501,1,1
2023HU1377860,2,494,1,1
2023HU1377860,3,501,1,1
2023HU1377903,1,23,1,1
2023HU1377903,2,23,1,1
2023HU1377903,3,23,1,1
2023HU1377903,4,23,1,1
2023HU1377931,1,501,3,1
2023HU1377931,2,501,3,1
2023HU1377931,3,501,3,1
2023HU1377931,4,501,3,1
2023HU1378129,1,0,3,1
2023HU1378129,2,170,3,1
2023HU1378129,3,0,3,1
2023HU1378253,1,451,1,1
2023HU1378378,1,501,1,1
2023HU1378378,2,501,1,1
2023HU1378378,3,501,1,1
2023HU1378378,4,501,1,1
2023HU1378467,1,399,2,1
2023HU1378813,1,115,2,1
2023HU1378813,2,115,2,1
2023HU1378813,3,115,2,1
2023HU1379110,1,0,3,1
2023HU1379163,1,51,3,1
2023HU1379163,2,51,3,1
2023HU1379163,3,51,3,1
2023HU1379163,4,51,3,1
2023HU1379163,5,51,3,1
2023HU1379599,1,264,1,1
2023HU1379699,1,101,2,1
2023HU1379732,1,501,1,1
2023HU1379732,2,501,1,1
2023HU1379732,3,501,1,1
2023HU1380000,1,214,1,1
2023HU1380000,2,214,1,1
2023HU1380003,1,169,1,1
2023HU1380003,2,501,1,1
2023HU1380004,1,400,1,1
2023HU1380004,2,400,1,1
2023HU1380550,1,267,3,1
2023HU1380550,2,267,3,1
2023HU1380550,3,267,3,1
2023HU1380628,1,492,2,1
2023HU1380628,2,492,2,1
2023HU1380628,3,492,2,1
2023HU1380727,1,501,2,1
2023HU1380727,2,427,2,1
2023HU1381092,1,501,1,1
2023HU1381092,2,501,1,1
2023HU1381092,3,501,1,1
2023HU1381092,4,501,1,1
2023HU1381092,5,501,1,1
2023HU1381202,1,161,1,1
2023HU1381202,2,161,1,1
2023HU1381202,3,161,1,1
2023HU1381202,4,161,1,1
2023HU1381202,5,161,1,1
2023HU1381328,1,501,2,1
2023HU1381328,2,501,2,1
2023HU1381432,1,501,1,1
2023HU1381432,2,501,1,1
2023HU1381432,3,501,1,1
2023HU1381432,4,501,1,1
2023HU1381470,1,149,3,1
2023HU1381695,1,377,3,1
2023HU1381750,1,255,2,1
2023HU1381820,1,98,2,1
2023HU1381886,1,208,3,1
2023HU1381886,2,208,3,1
2023HU1381886,3,208,3,1
2023HU1381913,1,501,1,1
2023HU1381913,2,501,1,1
2023HU1381913,3,247,1,1
2023HU1381969,1,501,1,1
2023HU1381969,2,501,1,1
2023HU1381969,3,501,1,1
2023HU1382339,1,334,2,1
2023HU1382339,2,334,2,1
2023HU1382339,3,334,2,1
2023HU1382437,1,155,3,1
2023HU1382437,2,155,3,1
2023HU1382437,3,155,3,1
2023HU1382437,4,155,3,1
2023HU1382808,1,243,1,1
2023HU1382808,2,300,1,1
2023HU1382808,3,243,1,1
2023HU1383100,1,408,1,1
2023HU1383100,2,408,1,1
2023HU1383100,3,408,1,1
2023HU1383100,4,408,1,1
2023HU1383219,1,501,2,1
2023HU1383219,2,359,2,1
2023HU1383330,1,314,1,1
2023HU1383330,2,314,1,1
2023HU1383330,3,501,1,1
2023HU1383330,4,128,1,1
2023HU1383455,1,261,2,1
2023HU1383499,1,318,2,1
2023HU1383566,1,501,3,1
2023HU1383595,1,501,1,1
2023HU1383595,2,501,1,1
2023HU1383634,1,88,3,1
2023HU1383634,2,88,3,1
2023HU1383634,3,88,3,1
2023HU1383634,4,88,3,1
2023HU1383634,5,0,3,1
2023HU1383772,1,69,1,1
2023HU1383786,1,264,1,1
2023HU1383786,2,264,1,1
2023HU1383786,3,264,1,1
2023HU1383786,4,264,1,1
2023HU1383847,1,501,1,1
2023HU1383847,2,501,1,1
2023HU1383847,3,501,1,1
2023HU1383847,4,501,1,1
2023HU1383847,5,501,1,1
2023HU1383883,1,501,1,1
2023HU1383883,2,501,1,1
2023HU1383909,1,65,1,1
2023HU1383909,2,501,1,1
2023HU1384085,1,440,1,1
2023HU1384085,2,440,1,1
2023HU1384085,3,440,1,1
2023HU1384085,4,440,1,1
2023HU1384085,5,440,1,1
2023HU1384314,1,146,2,1
2023HU1384314,2,146,2,1
2023HU1384341,1,501,1,1
2023HU1384341,2,501,1,1
2023HU1384587,1,501,1,1
2023HU1384587,2,501,1,1
2023HU1384591,1,255,2,1
2023HU1384849,1,501,1,1
2023HU1384849,2,501,1,1
2023HU1384981,1,501,1,1
2023HU1384981,2,501,1,1
2023HU1385764,1,146,3,1
2023HU1385764,2,253,3,1
2023HU1386128,1,501,3,1
2023HU1386254,1,384,2,1
2023HU1386254,2,384,2,1
2023HU1386409,1,176,2,1
2023HU1386409,2,176,2,1
2023HU1386409,3,176,2,1
2023HU1386608,1,93,2,1
2023HU1386608,2,93,2,1
2023HU1386608,3,93,2,1
2023HU1386608,4,93,2,1
2023HU1386670,1,265,3,1
2023HU1386670,2,265,3,1
2023HU1386798,1,388,1,1
2023HU1386798,2,388,1,1
2023HU1386798,3,388,1,1
2023HU1386798,4,388,1,1
2023HU1386921,1,392,3,1
2023HU1386921,2,392,3,1
2023HU1386953,1,501,2,1
2023HU1386953,2,501,2,1
2023HU1387012,1,460,1,1
2023HU1387012,2,460,1,1
2023HU1387012,3,460,1,1
2023HU1387020,1,98,1,1
2023HU1387050,1,367,3,1
2023HU1387050,2,367,3,1
2023HU1387050,3,367,3,1
2023HU1387050,4,367,3,1
2023HU1387050,5,367,3,1
2023HU1387265,1,123,1,1
2023HU1387265,2,123,1,1
2023HU1387265,3,123,1,1
2023HU1387265,4,123,1,1
2023HU1387265,5,123,1,1
2023HU1387290,1,214,3,1
2023HU1387290,2,214,3,1
2023HU1387506,1,501,1,1
2023HU1387506,2,501,1,1
2023HU1387506,3,501,1,1
2023HU1387513,1,170,1,1
2023HU1387513,2,190,1,1
2023HU1387513,3,170,1,1
2023HU1387788,1,94,2,1
2023HU1387788,2,94,2,1
2023HU1387788,3,94,2,1
2023HU1387955,1,501,2,1
2023HU1387955,2,501,2,1
2023HU1388074,1,243,3,1
2023HU1388106,1,501,2,1
2023HU1388106,2,501,2,1
2023HU1388202,1,76,3,1
2023HU1388474,1,385,2,1
2023HU1388562,1,142,2,1
2023HU1388562,2,142,2,1
2023HU1388568,1,394,3,1
2023HU1388568,2,394,3,1
2023HU1388568,3,394,3,1
2023HU1388568,4,394,3,1
2023HU1388622,1,501,3,1
2023HU1388637,1,231,1,1
2023HU1388637,2,231,1,1
2023HU1388637,3,231,1,1
2023HU1388637,4,231,1,1
2023HU1388637,5,231,1,1
2023HU1388637,6,231,1,1
2023HU1388896,1,71,3,1
2023HU1389167,1,497,3,1
2023HU1389167,2,497,3,1
2023HU1389167,3,497,3,1
2023HU1389301,1,192,3,1
2023HU1389301,2,244,3,1
2023HU1389787,1,470,3,1
2023HU1389787,2,470,3,1
2023HU1389787,3,0,3,1
2023HU1389787,4,0,3,1
2023HU1389913,1,380,1,1
2023HU1389913,2,380,1,1
2023HU1390028,1,70,3,1
2023HU1390394,1,127,3,1
2023HU1390439,1,127,3,1
2023HU1390439,2,57,3,1
2023HU1390439,3,102,3,1
2023HU1390487,1,341,3,1
2023HU1390487,2,341,3,1
2023HU1390487,3,341,3,1
2023HU1390487,4,341,3,1
2023HU1390487,5,341,3,1
2023HU1390528,1,141,1,1
2023HU1390843,1,97,3,1
2023HU1390885,1,501,2,1
2023HU1390885,2,501,2,1
2023HU1390885,3,501,2,1
2023HU1390885,4,501,2,1
2023HU1390981,1,501,2,1
2023HU1390981,2,501,2,1
2023HU1391111,1,501,3,1
2023HU1391111,2,320,3,1
2023HU1391111,3,224,3,1
2023HU1391238,1,227,1,1
2023HU1391238,2,227,1,1
2023HU1391482,1,131,3,1
2023HU1391482,2,131,3,1
2023HU1391482,3,131,3,1
2023HU1391482,4,131,3,1
2023HU1391483,1,501,3,1
2023HU1391483,2,501,3,1
2023HU1392259,1,501,1,1
2023HU1392259,2,501,1,1
2023HU1392259,3,501,1,1
2023HU1392289,1,501,3,1
2023HU1392591,1,296,1,1
2023HU1392591,2,205,1,1
2023HU1392591,3,296,1,1
2023HU1392822,1,133,3,1
2023HU1392822,2,133,3,1
2023HU1392822,3,133,3,1
2023HU1392822,4,133,3,1
2023HU1392822,5,133,3,1
2023HU1392822,6,133,3,1
2023HU1392830,1,170,2,1
2023HU1392830,2,170,2,1
2023HU1392830,3,170,2,1
2023HU1392910,1,452,3,1
2023HU1392910,2,452,3,1
2023HU1392910,3,452,3,1
2023HU1392910,4,452,3,1
2023HU1392984,1,194,3,1
2023HU1392984,2,194,3,1
2023HU1392984,3,194,3,1
2023HU1392984,4,194,3,1
2023HU1392984,5,194,3,1
2023HU1393169,1,184,3,1
2023HU1393392,1,75,3,1
2023HU1393501,1,246,3,1
2023HU1393501,2,246,3,1
2023HU1393501,3,246,3,1
2023HU1393501,4,246,3,1
2023HU1393630,1,159,2,1
2023HU1393734,1,91,2,1
2023HU1393734,2,91,2,1
2023HU1394044,1,104,2,1
2023HU1394044,2,104,2,1
2023HU1394044,3,104,2,1
2023HU1394044,4,104,2,1
2023HU1394044,5,104,2,1
2023HU1394068,1,344,3,1
2023HU1394068,2,344,3,1
2023HU1394188,1,103,3,1
2023HU1394540,1,501,2,1
2023HU1394540,2,501,2,1
2023HU1394702,1,501,1,1
2023HU1394702,2,501,1,1
2023HU1394702,3,501,1,1
2023HU1394702,4,501,1,1
2023HU1394816,1,452,2,1
2023HU1395163,1,304,3,1
2023HU1395163,2,304,3,1
2023HU1395163,3,304,3,1
2023HU1395163,4,304,3,1
2023HU1395163,5,304,3,1
2023HU1395163,6,304,3,1
2023HU1395163,7,127,3,1
2023HU1395163,8,127,3,1
2023HU1395163,9,127,3,1
2023HU1395234,1,94,1,1
2023HU1395234,2,94,1,1
2023HU1395234,3,94,1,1
2023HU1395234,4,94,1,1
2023HU1395296,1,205,1,1
2023HU1395296,2,205,1,1
2023HU1395296,3,205,1,1
2023HU1395296,4,205,1,1
2023HU1395296,5,205,1,1
2023HU1395296,6,205,1,1
2023HU1395464,1,501,3,1
2023HU1395464,2,501,3,1
2023HU1395464,3,501,3,1
2023HU1395464,4,501,3,1
2023HU1395464,5,501,3,1
2023HU1395740,1,209,2,1
2023HU1395785,1,293,1,1
2023HU1395785,2,293,1,1
2023HU1395785,3,293,1,1
2023HU1395810,1,287,1,1
2023HU1395810,2,287,1,1
2023HU1395810,3,287,1,1
2023HU1395865,1,223,3,1
2023HU1395865,2,223,3,1
2023HU1395865,3,223,3,1
2023HU1395865,4,223,3,1
2023HU1396119,1,128,3,1
2023HU1396210,1,442,3,1
2023HU1396258,1,218,1,1
2023HU1396258,2,218,1,1
2023HU1396600,1,419,1,1
2023HU1396600,2,419,1,1
2023HU1396601,1,236,3,1
2023HU1396601,2,236,3,1
2023HU1396601,3,236,3,1
2023HU1396601,4,236,3,1
2023HU1396623,1,171,2,1
2023HU1396623,2,171,2,1
2023HU1396623,3,171,2,1
2023HU1396623,4,171,2,1
2023HU1396623,5,171,2,1
2023HU1396623,6,171,2,1
2023HU1396623,7,171,2,1
2023HU1396769,1,251,1,1
2023HU1396769,2,251,1,1
2023HU1396926,1,501,2,1
2023HU1396926,2,501,2,1
2023HU1396960,1,445,2,1
2023HU1397000,1,501,1,1
2023HU1397000,2,501,1,1
2023HU1397000,3,501,1,1
2023HU1397000,4,153,1,1
2023HU1397089,1,457,1,1
2023HU1397089,2,457,1,1
2023HU1397089,3,457,1,1
2023HU1397089,4,457,1,1
2023HU1397089,5,457,1,1
2023HU1397288,1,84,2,1
2023HU1397288,2,98,2,1
2023HU1397326,1,210,3,1
2023HU1397464,1,0,2,1
2023HU1397464,2,0,2,1
2023HU1397482,1,501,1,1
2023HU1397482,2,501,1,1
2023HU1397540,1,501,1,1
2023HU1397540,2,501,1,1
2023HU1397652,1,501,1,1
2023HU1397709,1,272,1,1
2023HU1397709,2,272,1,1
2023HU1397709,3,272,1,1
2023HU1397709,4,272,1,1
2023HU1398106,1,239,3,1
2023HU1398106,2,239,3,1
2023HU1398106,3,239,3,1
2023HU1398198,1,454,2,1
2023HU1398336,1,454,1,1
2023HU1398336,2,454,1,1
2023HU1398336,3,454,1,1
2023HU1398423,1,501,3,1
2023HU1398423,2,501,3,1
2023HU1398423,3,501,3,1
2023HU1398423,4,501,3,1
2023HU1398819,1,501,2,1
2023HU1398881,1,379,1,1
2023HU1399094,1,361,2,1
2023HU1399143,1,276,1,1
2023HU1399143,2,276,1,1
2023HU1399143,3,276,1,1
2023HU1399143,4,276,1,1
2023HU1399143,5,,1,1
2023HU1399143,6,,1,1
2023HU1399143,7,,1,1
2023HU1399208,1,455,2,1
2023HU1399208,2,455,2,1
2023HU1399296,1,178,1,1
2023HU1399296,2,178,1,1
2023HU1399296,3,178,1,1
2023HU1399434,1,501,2,1
2023HU1399434,2,501,2,1
2023HU1399493,1,129,2,1
2023HU1399514,1,501,2,1
2023HU1399514,2,501,2,1
2023HU1399546,1,244,2,1
2023HU1399546,2,244,2,1
2023HU1399710,1,501,2,1
2023HU1399710,2,501,2,1
2023HU1399710,3,501,2,1
2023HU1399710,4,501,2,1
2023HU1399710,5,501,2,1
2023HU1400031,1,339,2,1
2023HU1400031,2,138,2,1
2023HU1400031,3,501,2,1
2023HU1400310,1,501,3,1
2023HU1400310,2,501,3,1
2023HU1400392,1,340,3,1
2023HU1400398,1,424,2,1
2023HU1400398,2,424,2,1
2023HU1400409,1,501,2,1
2023HU1400409,2,501,2,1
2023HU1400409,3,501,2,1
2023HU1400494,1,501,2,1
2023HU1400494,2,501,2,1
2023HU1400578,1,251,3,1
2023HU1400578,2,251,3,1
2023HU1400658,1,199,1,1
2023HU1400658,2,199,1,1
2023HU1400658,3,199,1,1
2023HU1400658,4,501,1,1
2023HU1400859,1,31,3,1
2023HU1400859,2,31,3,1
2023HU1400859,3,31,3,1
2023HU1400909,1,190,1,1
2023HU1400909,2,190,1,1
2023HU1400909,3,190,1,1
2023HU1400909,4,190,1,1
2023HU1401181,1,321,3,1
2023HU1401181,2,0,3,1
2023HU1401910,1,0,2,1
2023HU1402001,1,501,1,1
2023HU1402001,2,501,1,1
2023HU1402001,3,501,1,1
2023HU1402001,4,501,1,1
2023HU1402045,1,501,1,1
2023HU1402045,2,501,1,1
2023HU1402063,1,501,2,1
2023HU1402113,1,501,2,1
2023HU1402113,2,501,2,1
2023HU1402210,1,88,1,1
2023HU1402210,2,88,1,1
2023HU1402210,3,88,1,1
2023HU1402318,1,262,3,1
2023HU1402318,2,332,3,1
2023HU1402646,1,501,1,1
2023HU1402646,2,501,1,1
2023HU1402725,1,103,3,1
2023HU1402725,2,103,3,1
2023HU1402725,3,103,3,1
2023HU1403033,1,133,1,1
2023HU1403100,1,114,2,1
2023HU1403100,2,114,2,1
2023HU1403100,3,210,2,1
2023HU1403100,4,323,2,1
2023HU1403100,5,,2,1
2023HU1403359,1,501,2,1
2023HU1403359,2,501,2,1
2023HU1403359,3,501,2,1
2023HU1403359,4,501,2,1
2023HU1403537,1,501,1,1
2023HU1403537,2,501,1,1
2023HU1403537,3,501,1,1
2023HU1403537,4,501,1,1
2023HU1403717,1,501,1,1
2023HU1403717,2,275,1,1
2023HU1403799,1,245,2,1
2023HU1403799,2,245,2,1
2023HU1403814,1,424,1,1
2023HU1403814,2,424,1,1
2023HU1403814,3,424,1,1
2023HU1403893,1,501,1,1
2023HU1403893,2,501,1,1
2023HU1403893,3,501,1,1
2023HU1403893,4,501,1,1
2023HU1403893,5,501,1,1
2023HU1404013,1,501,2,1
2023HU1404057,1,282,1,1
2023HU1404057,2,282,1,1
2023HU1404057,3,282,1,1
2023HU1404057,4,282,1,1
2023HU1404128,1,39,3,1
2023HU1404128,2,205,3,1
2023HU1404385,1,501,1,1
2023HU1404385,2,501,1,1
2023HU1404385,3,501,1,1
2023HU1404385,4,501,1,1
2023HU1404474,1,501,1,1
2023HU1404474,2,501,1,1
2023HU1404474,3,501,1,1
2023HU1404548,1,501,3,1
2023HU1404548,2,501,3,1
2023HU1404548,3,501,3,1
2023HU1404665,1,41,2,1
2023HU1404665,2,41,2,1
2023HU1404665,3,41,2,1
2023HU1404665,4,41,2,1
2023HU1404688,1,257,3,1
2023HU1404688,2,257,3,1
2023HU1404799,1,501,3,1
2023HU1404799,2,501,3,1
2023HU1404896,1,322,1,1
2023HU1405040,1,349,3,1
2023HU1405040,2,349,3,1
2023HU1405161,1,501,1,1
2023HU1405161,2,501,1,1
2023HU1405163,1,118,2,1
2023HU1405163,2,118,2,1
2023HU1405163,3,118,2,1
2023HU1405163,4,0,2,1
2023HU1405496,1,74,3,1
2023HU1405519,1,279,1,1
2023HU1405519,2,279,1,1
2023HU1405691,1,53,2,1
2023HU1405730,1,111,3,1
2023HU1405730,2,100,3,1
2023HU1406282,1,501,3,1
2023HU1406282,2,501,3,1
2023HU1406456,1,501,1,1
2023HU1406499,1,230,2,1
2023HU1406499,2,230,2,1
2023HU1406599,1,483,2,1
2023HU1406599,2,483,2,1
2023HU1406599,3,483,2,1
2023HU1406615,1,501,3,1
2023HU1406615,2,501,3,1
2023HU1407002,1,501,3,1
2023HU1407002,2,501,3,1
2023HU1407002,3,501,3,1
2023HU1407023,1,224,4,1
2023HU1407219,1,501,1,1
2023HU1407219,2,501,1,1
2023HU1407379,1,335,2,1
2023HU1407379,2,335,2,1
2023HU1407385,1,265,4,1
2023HU1407385,2,265,4,1
2023HU1407385,3,265,4,1
2023HU1407385,4,265,4,1
2023HU1407385,5,265,4,1
2023HU1407415,1,365,3,1
2023HU1407415,2,365,3,1
2023HU1407415,3,99,3,1
2023HU1407539,1,487,1,1
2023HU1407539,2,487,1,1
2023HU1407813,1,501,2,1
2023HU1407813,2,501,2,1
2023HU1407942,1,501,1,1
2023HU1407942,2,501,1,1
2023HU1407942,3,501,1,1
2023HU1408036,1,208,3,1
2023HU1408036,2,208,3,1
2023HU1408104,1,501,1,1
2023HU1408104,2,442,1,1
2023HU1408106,1,233,1,1
2023HU1408106,2,233,1,1
2023HU1408392,1,469,3,1
2023HU1408392,2,469,3,1
2023HU1408431,1,128,2,1
2023HU1408453,1,185,1,1
2023HU1408453,2,185,1,1
2023HU1408453,3,185,1,1
2023HU1408934,1,483,3,1
2023HU1408934,2,0,3,1
2023HU1408934,3,483,3,1
2023HU1408934,4,69,3,1
2023HU1408943,1,501,1,1
2023HU1408943,2,501,1,1
2023HU1408943,3,501,1,1
2023HU1409407,1,501,1,1
2023HU1409407,2,501,1,1
2023HU1409485,1,185,2,1
2023HU1409524,1,501,3,1
2023HU1409524,2,501,3,1
2023HU1409524,3,501,3,1
2023HU1409524,4,501,3,1
2023HU1409557,1,501,1,1
2023HU1409557,2,501,1,1
2023HU1409557,3,501,1,1
2023HU1409557,4,501,1,1
2023HU1409799,1,219,3,1
2023HU1409799,2,219,3,1
2023HU1409981,1,265,2,1
2023HU1409981,2,265,2,1
2023HU1410001,1,501,1,1
2023HU1410001,2,501,1,1
2023HU1410377,1,334,1,1
2023HU1410400,1,493,1,1
2023HU1410400,2,493,1,1
2023HU1410400,3,493,1,1
2023HU1410400,4,493,1,1
2023HU1410405,1,379,2,1
2023HU1410465,1,230,3,1
2023HU1410526,1,59,4,1
2023HU1410526,2,65,4,1
2023HU1410526,3,59,4,1
2023HU1410585,1,283,3,1
2023HU1410596,1,128,3,1
2023HU1410596,2,384,3,1
2023HU1410626,1,321,1,1
2023HU1410626,2,321,1,1
2023HU1410626,3,321,1,1
2023HU1410626,4,321,1,1
2023HU1410626,5,321,1,1
2023HU1410637,1,32,3,1
2023HU1410790,1,279,2,1
2023HU1410790,2,279,2,1
2023HU1410790,3,279,2,1
2023HU1410799,1,487,3,1
2023HU1410799,2,12,3,1
2023HU1410799,3,487,3,1
2023HU1410953,1,501,3,1
2023HU1411132,1,501,1,1
2023HU1411132,2,501,1,1
2023HU1411166,1,501,2,1
2023HU1411166,2,501,2,1
2023HU1411428,1,158,2,1
2023HU1411428,2,158,2,1
2023HU1411477,1,501,2,1
2023HU1411538,1,501,1,1
2023HU1411538,2,501,1,1
2023HU1411538,3,501,1,1
2023HU1411588,1,101,3,1
2023HU1411588,2,101,3,1
2023HU1411766,1,501,3,1
2023HU1411766,2,501,3,1
2023HU1411879,1,149,2,1
2023HU1411952,1,235,2,1
2023HU1411952,2,235,2,1
2023HU1411952,3,235,2,1
2023HU1412184,1,77,1,1
2023HU1412184,2,77,1,1
2023HU1412184,3,77,1,1
2023HU1412184,4,77,1,1
2023HU1412184,5,501,1,1
2023HU1412184,6,92,1,1
2023HU1412200,1,183,1,1
2023HU1412200,2,183,1,1
2023HU1412332,1,25,2,1
2023HU1412332,2,25,2,1
2023HU1412489,1,501,1,1
2023HU1412489,2,501,1,1
2023HU1412489,3,501,1,1
2023HU1412489,4,501,1,1
2023HU1412663,1,380,3,1
2023HU1412663,2,412,3,1
2023HU1412705,1,409,1,1
2023HU1412705,2,317,1,1
2023HU1412705,3,409,1,1
2023HU1412786,1,0,3,1
2023HU1412807,1,353,3,1
2023HU1412807,2,353,3,1
2023HU1413350,1,415,1,1
2023HU1413350,2,415,1,1
2023HU1413350,3,415,1,1
2023HU1413678,1,402,2,1
2023HU1413678,2,402,2,1
2023HU1413678,3,402,2,1
2023HU1413678,4,402,2,1
2023HU1413709,1,71,3,1
2023HU1413709,2,253,3,1
2023HU1413709,3,71,3,1
2023HU1413727,1,501,1,1
2023HU1413727,2,501,1,1
2023HU1413828,1,435,3,1
2023HU1413828,2,435,3,1
2023HU1413828,3,435,3,1
2023HU1414001,1,501,1,1
2023HU1414001,2,321,1,1
2023HU1414520,1,501,1,1
2023HU1414520,2,501,1,1
2023HU1414523,1,501,2,1
2023HU1414523,2,501,2,1
2023HU1414535,1,171,3,1
2023HU1414535,2,171,3,1
2023HU1414623,1,357,3,1
2023HU1414624,1,501,1,1
2023HU1414624,2,501,1,1
2023HU1414624,3,501,1,1
2023HU1414624,4,501,1,1
2023HU1414624,5,501,1,1
2023HU1414640,1,29,2,1
2023HU1414640,2,16,2,1
2023HU1414816,1,501,1,1
2023HU1414816,2,211,1,1
2023HU1414922,1,167,2,1
2023HU1415077,1,9,3,1
2023HU1415242,1,102,2,1
2023HU1415260,1,382,2,1
2023HU1415260,2,382,2,1
2023HU1415299,1,306,3,1
2023HU1415299,2,306,3,1
2023HU1415299,3,306,3,1
2023HU1415299,4,306,3,1
2023HU1415299,5,77,3,1
2023HU1415453,1,180,2,1
2023HU1415453,2,180,2,1
2023HU1415453,3,180,2,1
2023HU1415480,1,501,1,1
2023HU1415480,2,501,1,1
2023HU1415678,1,19,3,1
2023HU1415678,2,328,3,1
2023HU1415678,3,19,3,1
2023HU1415678,4,19,3,1
2023HU1415791,1,298,2,1
2023HU1415791,2,298,2,1
2023HU1415791,3,298,2,1
2023HU1416145,1,501,1,1
2023HU1416145,2,501,1,1
2023HU1416145,3,501,1,1
2023HU1416145,4,501,1,1
2023HU1416145,5,501,1,1
2023HU1416306,1,162,1,1
2023HU1416306,2,162,1,1
2023HU1416306,3,162,1,1
2023HU1416306,4,162,1,1
2023HU1416463,1,256,3,1
2023HU1416463,2,256,3,1
2023HU1416463,3,256,3,1
2023HU1416463,4,256,3,1
2023HU1416463,5,256,3,1
2023HU1416534,1,495,3,1
2023HU1416534,2,495,3,1
2023HU1416555,1,135,1,1
2023HU1416673,1,32,1,1
2023HU1416673,2,32,1,1
2023HU1417002,1,116,3,1
2023HU1417023,1,161,3,1
2023HU1417023,2,161,3,1
2023HU1417148,1,424,2,1
2023HU1417148,2,424,2,1
2023HU1417156,1,501,2,1
2023HU1417156,2,501,2,1
2023HU1417156,3,501,2,1
2023HU1417156,4,501,2,1
2023HU1417311,1,138,2,1
2023HU1417311,2,138,2,1
2023HU1417311,3,138,2,1
2023HU1417311,4,138,2,1
2023HU1417311,5,501,2,1
2023HU1417364,1,501,1,1
2023HU1417364,2,501,1,1
2023HU1417364,3,501,1,1
2023HU1417549,1,93,1,1
2023HU1417549,2,93,1,1
2023HU1417677,1,501,2,1
2023HU1417677,2,501,2,1
2023HU1417677,3,501,2,1
2023HU1417817,1,501,1,1
2023HU1417817,2,501,1,1
2023HU1417817,3,501,1,1
2023HU1418217,1,335,1,1
2023HU1418217,2,335,1,1
2023HU1418323,1,123,3,1
2023HU1418323,2,123,3,1
2023HU1418323,3,123,3,1
2023HU1418323,4,123,3,1
2023HU1418323,5,123,3,1
2023HU1418388,1,501,1,1
2023HU1418388,2,501,1,1
2023HU1418503,1,195,1,1
2023HU1418503,2,195,1,1
2023HU1418503,3,195,1,1
2023HU1418543,1,501,1,1
2023HU1418702,1,121,2,1
2023HU1418702,2,121,2,1
2023HU1418784,1,164,2,1
2023HU1418883,1,303,2,1
2023HU1418883,2,303,2,1
2023HU1418896,1,53,2,1
2023HU1418896,2,53,2,1
2023HU1418896,3,53,2,1
2023HU1418908,1,501,1,1
2023HU1418908,2,57,1,1
2023HU1418920,1,429,1,1
2023HU1418920,2,429,1,1
2023HU1418920,3,429,1,1
2023HU1418976,1,290,1,1
2023HU1418976,2,290,1,1
2023HU1419024,1,490,2,1
2023HU1419024,2,490,2,1
2023HU1419024,3,501,2,1
2023HU1419337,1,501,1,1
2023HU1419337,2,501,1,1
2023HU1419337,3,501,1,1
2023HU1419337,4,501,1,1
2023HU1419337,5,501,1,1
2023HU1419337,6,501,1,1
2023HU1419337,7,501,1,1
2023HU1419372,1,501,1,1
2023HU1419372,2,501,1,1
2023HU1419372,3,501,1,1
2023HU1419402,1,95,3,1
2023HU1419402,2,95,3,1
2023HU1419418,1,271,3,1
2023HU1419418,2,271,3,1
2023HU1419418,3,271,3,1
2023HU1419418,4,271,3,1
2023HU1419418,5,271,3,1
2023HU1419560,1,101,3,1
2023HU1419560,2,101,3,1
2023HU1419560,3,101,3,1
2023HU1419560,4,101,3,1
2023HU1420077,1,174,3,1
2023HU1420086,1,501,3,1
2023HU1420086,2,501,3,1
2023HU1420086,3,501,3,1
2023HU1420086,4,501,3,1
2023HU1420086,5,501,3,1
2023HU1420086,6,501,3,1
2023HU1420475,1,219,3,1
2023HU1420475,2,219,3,1
2023HU1421053,1,14,1,1
2023HU1421308,1,501,1,1
2023HU1421308,2,501,1,1
2023HU1421308,3,501,1,1
2023HU1421490,1,252,3,1
2023HU1421490,2,252,3,1
2023HU1421591,1,501,2,1
2023HU1421591,2,501,2,1
2023HU1421636,1,280,2,1
2023HU1421636,2,280,2,1
2023HU1421636,3,280,2,1
2023HU1421647,1,501,2,1
2023HU1421647,2,501,2,1
2023HU1421999,1,339,2,1
2023HU1421999,2,339,2,1
2023HU1422025,1,110,1,1
2023HU1422025,2,110,1,1
2023HU1422168,1,142,2,1
2023HU1422332,1,501,3,1
2023HU1422332,2,501,3,1
2023HU1422332,3,501,3,1
2023HU1422399,1,91,3,1
2023HU1422429,1,350,3,1
2023HU1422429,2,350,3,1
2023HU1422429,3,350,3,1
2023HU1422446,1,252,3,1
2023HU1422446,2,2,3,1
2023HU1422446,3,252,3,1
2023HU1422446,4,252,3,1
2023HU1422650,1,501,1,1
2023HU1422650,2,501,1,1
2023HU1422749,1,185,2,1
2023HU1422749,2,0,2,1
2023HU1423047,1,91,2,1
2023HU1423047,2,91,2,1
2023HU1423047,3,91,2,1
2023HU1423113,1,37,4,1
2023HU1423113,2,3,4,1
2023HU1423113,3,37,4,1
2023HU1423391,1,275,1,1
2023HU1423391,2,223,1,1
2023HU1423391,3,275,1,1
2023HU1423391,4,275,1,1
2023HU1423391,5,275,1,1
2023HU1423391,6,275,1,1
2023HU1423462,1,90,3,1
2023HU1423598,1,501,1,1
2023HU1423598,2,501,1,1
2023HU1423865,1,501,3,1
2023HU1423865,2,501,3,1
2023HU1423964,1,286,1,1
2023HU1424018,1,410,1,1
2023HU1424060,1,501,2,1
2023HU1424060,2,501,2,1
2023HU1424159,1,101,1,1
2023HU1424159,2,101,1,1
2023HU1424159,3,101,1,1
2023HU1424159,4,101,1,1
2023HU1424159,5,101,1,1
2023HU1424259,1,501,2,1
2023HU1424259,2,501,2,1
2023HU1424398,1,322,2,1
2023HU1424398,2,302,2,1
2023HU1424495,1,287,3,1
2023HU1424943,1,251,3,1
2023HU1424943,2,251,3,1
2023HU1424943,3,251,3,1
2023HU1425031,1,501,2,1
2023HU1425031,2,501,2,1
2023HU1425049,1,501,1,1
2023HU1425049,2,501,1,1
2023HU1425068,1,268,1,1
2023HU1425234,1,501,2,1
2023HU1425234,2,501,2,1
2023HU1425236,1,501,3,1
2023HU1425236,2,323,3,1
2023HU1425264,1,255,2,1
2023HU1425292,1,86,2,1
2023HU1425292,2,86,2,1
2023HU1425292,3,86,2,1
2023HU1425292,4,86,2,1
2023HU1425292,5,86,2,1
2023HU1425292,6,86,2,1
2023HU1425346,1,369,3,1
2023HU1425346,2,369,3,1
2023HU1425346,3,369,3,1
2023HU1425346,4,369,3,1
2023HU1425534,1,501,2,1
2023HU1425534,2,501,2,1
2023HU1425534,3,501,2,1
2023HU1425534,4,501,2,1
2023HU1425733,1,501,1,1
2023HU1425733,2,130,1,1
2023HU1425893,1,451,3,1
2023HU1425893,2,451,3,1
2023HU1425915,1,318,2,1
2023HU1425915,2,318,2,1
2023HU1425915,3,318,2,1
2023HU1425915,4,318,2,1
2023HU1425930,1,501,2,1
2023HU1425930,2,501,2,1
2023HU1426181,1,226,2,1
2023HU1426181,2,226,2,1
2023HU1426210,1,4,1,1
2023HU1426210,2,4,1,1
2023HU1426210,3,4,1,1
2023HU1426291,1,179,3,1
2023HU1426291,2,179,3,1
2023HU1426291,3,179,3,1
2023HU1426291,4,179,3,1
2023HU1426429,1,324,3,1
2023HU1426429,2,324,3,1
2023HU1426662,1,388,3,1
2023HU1426662,2,453,3,1
2023HU1426803,1,501,1,1
2023HU1426864,1,329,1,1
2023HU1426864,2,329,1,1
2023HU1426864,3,329,1,1
2023HU1426864,4,329,1,1
2023HU1427176,1,286,3,1
2023HU1427176,2,286,3,1
2023HU1427176,3,286,3,1
2023HU1427423,1,262,3,1
2023HU1427744,1,501,2,1
2023HU1427744,2,501,2,1
2023HU1428284,1,0,3,1
2023HU1428284,2,0,3,1
2023HU1428284,3,0,3,1
2023HU1428447,1,210,2,1
2023HU1428498,1,306,2,1
2023HU1428498,2,306,2,1
2023HU1428615,1,501,2,1
2023HU1428615,2,501,2,1
2023HU1428615,3,501,2,1
2023HU1428615,4,501,2,1
2023HU1428666,1,223,1,1
2023HU1428744,1,346,2,1
2023HU1428744,2,346,2,1
2023HU1428744,3,346,2,1
2023HU1428787,1,372,3,1
2023HU1428787,2,372,3,1
2023HU1428823,1,179,2,1
2023HU1428823,2,179,2,1
2023HU1428823,3,179,2,1
2023HU1428823,4,179,2,1
2023HU1428823,5,385,2,1
2023HU1428834,1,402,3,1
2023HU1428834,2,402,3,1
2023HU1428917,1,501,1,1
2023HU1428969,1,501,1,1
2023HU1428969,2,501,1,1
2023HU1428969,3,501,1,1
2023HU1429419,1,206,3,1
2023HU1429419,2,206,3,1
2023HU1429419,3,206,3,1
2023HU1429419,4,206,3,1
2023HU1429419,5,206,3,1
2023HU1429419,6,206,3,1
2023HU1429498,1,501,3,1
2023HU1429498,2,501,3,1
2023HU1429796,1,458,3,1
2023HU1429796,2,458,3,1
2023HU1429796,3,458,3,1
2023HU1429908,1,501,1,1
2023HU1430020,1,158,2,1
2023HU1430129,1,501,3,1
2023HU1430141,1,501,1,1
2023HU1430141,2,501,1,1
2023HU1430141,3,501,1,1
2023HU1430141,4,501,1,1
2023HU1430191,1,501,3,1
2023HU1430191,2,330,3,1
2023HU1430237,1,501,3,1
2023HU1430237,2,501,3,1
2023HU1430243,1,180,2,1
2023HU1430243,2,180,2,1
2023HU1430292,1,501,3,1
2023HU1430292,2,501,3,1
2023HU1430476,1,139,3,1
2023HU1430476,2,33,3,1
2023HU1430476,3,139,3,1
2023HU1430476,4,139,3,1
2023HU1430476,5,139,3,1
2023HU1430601,1,418,3,1
2023HU1430601,2,418,3,1
2023HU1430605,1,501,3,1
2023HU1430605,2,501,3,1
2023HU1430605,3,501,3,1
2023HU1430605,4,501,3,1
2023HU1430864,1,501,1,1
2023HU1430864,2,501,1,1
2023HU1430864,3,501,1,1
2023HU1430877,1,69,3,1
2023HU1430882,1,206,1,1
2023HU1430882,2,206,1,1
2023HU1430882,3,206,1,1
2023HU1430882,4,206,1,1
2023HU1430882,5,206,1,1
2023HU1430882,6,206,1,1
2023HU1431066,1,162,2,1
2023HU1431066,2,162,2,1
2023HU1431066,3,162,2,1
2023HU1431066,4,162,2,1
2023HU1431066,5,0,2,1
2023HU1431118,1,501,2,1
2023HU1431118,2,501,2,1
2023HU1431118,3,501,2,1
2023HU1431118,4,501,2,1
2023HU1431172,1,138,3,1
2023HU1431284,1,501,2,1
2023HU1431284,2,501,2,1
2023HU1431289,1,501,2,1
2023HU1431458,1,501,2,1
2023HU1431458,2,501,2,1
2023HU1431532,1,330,1,1
2023HU1431532,2,330,1,1
2023HU1431532,3,330,1,1
2023HU1431532,4,330,1,1
2023HU1431532,5,330,1,1
2023HU1431532,6,330,1,1
2023HU1431628,1,218,1,1
2023HU1431660,1,403,2,1
2023HU1431660,2,403,2,1
2023HU1431660,3,403,2,1
2023HU1431847,1,65,3,1
2023HU1431847,2,151,3,1
2023HU1431999,1,416,1,1
2023HU1431999,2,416,1,1
2023HU1431999,3,416,1,1
2023HU1431999,4,416,1,1
2023HU1431999,5,416,1,1
2023HU1432305,1,291,2,1
2023HU1432305,2,291,2,1
2023HU1432305,3,291,2,1
2023HU1432490,1,397,2,1
2023HU1432723,1,110,1,1
2023HU1432723,2,110,1,1
2023HU1433410,1,331,3,1
2023HU1433410,2,331,3,1
2023HU1433410,3,0,3,1
2023HU1433410,4,14,3,1
2023HU1433555,1,111,1,1
2023HU1433876,1,317,3,1
2023HU1434262,1,501,1,1
2023HU1434276,1,501,3,1
2023HU1434276,2,501,3,1
2023HU1434276,3,501,3,1
2023HU1434474,1,501,1,1
2023HU1434474,2,501,1,1
2023HU1434474,3,501,1,1
2023HU1434474,4,501,1,1
2023HU1434685,1,319,1,1
2023HU1434685,2,501,1,1
2023HU1434828,1,227,3,1
2023HU1434828,2,227,3,1
2023HU1434828,3,227,3,1
2023HU1435094,1,90,3,1
2023HU1435199,1,98,3,1
2023HU1435199,2,98,3,1
2023HU1435209,1,348,3,1
2023HU1435389,1,468,1,1
2023HU1435389,2,468,1,1
2023HU1435389,3,468,1,1
2023HU1435742,1,214,3,1
2023HU1435742,2,214,3,1
2023HU1435742,3,214,3,1
2023HU1435742,4,214,3,1
2023HU1436341,1,274,3,1
2023HU1436365,1,163,1,1
2023HU1436365,2,163,1,1
2023HU1436414,1,293,2,1
2023HU1436414,2,293,2,1
2023HU1436414,3,293,2,1
2023HU1436414,4,322,2,1
2023HU1436562,1,35,3,1
2023HU1436566,1,254,1,1
2023HU1436728,1,307,1,1
2023HU1436728,2,307,1,1
2023HU1436728,3,307,1,1
2023HU1437022,1,157,2,1
2023HU1437022,2,262,2,1
2023HU1437267,1,153,3,1
2023HU1437309,1,12,1,1
2023HU1437394,1,263,3,1
2023HU1437394,2,354,3,1
2023HU1437394,3,263,3,1
2023HU1437394,4,263,3,1
2023HU1437394,5,263,3,1
2023HU1437728,1,352,2,1
2023HU1437728,2,352,2,1
2023HU1437728,3,87,2,1
2023HU1437940,1,126,3,1
2023HU1437940,2,126,3,1
2023HU1437940,3,126,3,1
2023HU1437940,4,126,3,1
2023HU1437940,5,126,3,1
2023HU1438149,1,501,1,1
2023HU1438149,2,501,1,1
2023HU1438149,3,501,1,1
2023HU1438149,4,501,1,1
2023HU1438149,5,501,1,1
2023HU1438880,1,462,1,1
2023HU1438880,2,462,1,1
2023HU1438880,3,462,1,1
2023HU1438906,1,96,3,1
2023HU1438906,2,96,3,1
2023HU1439228,1,501,2,1
2023HU1439228,2,501,2,1
2023HU1439228,3,501,2,1
2023HU1439228,4,501,2,1
2023HU1439255,1,501,2,1
2023HU1439255,2,501,2,1
2023HU1439809,1,137,3,1
2023HU1439809,2,427,3,1
2023HU1439837,1,367,1,1
2023HU1440229,1,186,3,1
2023HU1440229,2,186,3,1
2023HU1440563,1,501,2,1
2023HU1440563,2,501,2,1
2023HU1440563,3,501,2,1
2023HU1440726,1,131,3,1
2023HU1440726,2,131,3,1
2023HU1440726,3,131,3,1
2023HU1440865,1,501,3,1
2023HU1440865,2,501,3,1
2023HU1440865,3,501,3,1
2023HU1440922,1,186,2,1
2023HU1440922,2,186,2,1
2023HU1441026,1,474,3,1
2023HU1441118,1,0,1,1
2023HU1441160,1,352,1,1
2023HU1441160,2,352,1,1
2023HU1441570,1,501,2,1
2023HU1441570,2,501,2,1
2023HU1441615,1,6,1,1
2023HU1441615,2,182,1,1
2023HU1441719,1,430,2,1
2023HU1441895,1,218,3,1
2023HU1441895,2,218,3,1
2023HU1441895,3,218,3,1
2023HU1441919,1,363,2,1
2023HU1441919,2,363,2,1
2023HU1441919,3,363,2,1
2023HU1441919,4,363,2,1
2023HU1442097,1,15,4,1
2023HU1442162,1,295,2,1
2023HU1442168,1,501,3,1
2023HU1442168,2,501,3,1
2023HU1442459,1,501,1,1
2023HU1442459,2,501,1,1
2023HU1442459,3,501,1,1
2023HU1442459,4,501,1,1
2023HU1442676,1,446,1,1
2023HU1442676,2,446,1,1
2023HU1442676,3,446,1,1
2023HU1442676,4,446,1,1
2023HU1442731,1,120,3,1
2023HU1442731,2,120,3,1
2023HU1442944,1,501,3,1
2023HU1442944,2,501,3,1
2023HU1442944,3,501,3,1
2023HU1442944,4,501,3,1
2023HU1442952,1,501,3,1
2023HU1442952,2,501,3,1
2023HU1442952,3,501,3,1
2023HU1443048,1,484,1,1
2023HU1443048,2,484,1,1
2023HU1443362,1,501,3,1
2023HU1443362,2,501,3,1
2023HU1443474,1,318,3,1
2023HU1443474,2,318,3,1
2023HU1443474,3,318,3,1
2023HU1443474,4,318,3,1
2023HU1443514,1,78,3,1
2023HU1443514,2,255,3,1
2023HU1443708,1,103,2,1
2023HU1443967,1,43,1,1
2023HU1443967,2,43,1,1
2023HU1444228,1,501,3,1
2023HU1444228,2,501,3,1
2023HU1444286,1,332,3,1
2023HU1444286,2,332,3,1
2023HU1444286,3,102,3,1
2023HU1444657,1,501,1,1
2023HU1444657,2,501,1,1
2023HU1444658,1,395,2,1
2023HU1444693,1,130,3,1
2023HU1444836,1,173,3,1
2023HU1444838,1,424,1,1
2023HU1444838,2,424,1,1
2023HU1444838,3,424,1,1
2023HU1444838,4,424,1,1
2023HU1444838,5,424,1,1
2023HU1444871,1,501,3,1
2023HU1444871,2,501,3,1
2023HU1445000,1,135,1,1
2023HU1445000,2,135,1,1
2023HU1445245,1,475,2,1
2023HU1445328,1,501,1,1
2023HU1445328,2,501,1,1
2023HU1445549,1,436,1,1
2023HU1445777,1,501,1,1
2023HU1445777,2,501,1,1
2023HU1445777,3,501,1,1
2023HU1445887,1,436,3,1
2023HU1446268,1,293,2,1
2023HU1446268,2,293,2,1
2023HU1446268,3,293,2,1
2023HU1446268,4,293,2,1
2023HU1446268,5,293,2,1
2023HU1446278,1,501,3,1
2023HU1446389,1,501,1,1
2023HU1446703,1,212,2,1
2023HU1447030,1,501,2,1
2023HU1447030,2,501,2,1
2023HU1447030,3,501,2,1
2023HU1447030,4,501,2,1
2023HU1447030,5,501,2,1
2023HU1447030,6,501,2,1
2023HU1447030,7,501,2,1
2023HU1447030,8,501,2,1
2023HU1447030,9,501,2,1
2023HU1447110,1,501,2,1
2023HU1447110,2,501,2,1
2023HU1447110,3,133,2,1
2023HU1447422,1,501,1,1
2023HU1447423,1,501,2,1
2023HU1447423,2,501,2,1
2023HU1447518,1,392,3,1
2023HU1447870,1,501,1,1
2023HU1447870,2,501,1,1
2023HU1447870,3,501,1,1
2023HU1448102,1,83,3,1
2023HU1448102,2,83,3,1
2023HU1448388,1,465,4,1
2023HU1448388,2,465,4,1
2023HU1448680,1,501,1,1
2023HU1448680,2,501,1,1
2023HU1448680,3,501,1,1
2023HU1448930,1,458,2,1
2023HU1448930,2,122,2,1
2023HU1448930,3,458,2,1
2023HU1448930,4,458,2,1
2023HU1448964,1,152,1,1
2023HU1448964,2,152,1,1
2023HU1448964,3,152,1,1
2023HU1448964,4,152,1,1
2023HU1448964,5,152,1,1
2023HU1448964,6,152,1,1
2023HU1448964,7,152,1,1
2023HU1449249,1,320,2,1
2023HU1449249,2,320,2,1
2023HU1449249,3,320,2,1
2023HU1449249,4,320,2,1
2023HU1449249,5,320,2,1
2023HU1449249,6,320,2,1
2023HU1449301,1,385,1,1
2023HU1449363,1,475,2,1
2023HU1449363,2,475,2,1
2023HU1449363,3,475,2,1
2023HU1449363,4,475,2,1
2023HU1449386,1,430,3,1
2023HU1449386,2,430,3,1
2023HU1449386,3,430,3,1
2023HU1449452,1,175,3,1
2023HU1449509,1,157,2,1
2023HU1449509,2,157,2,1
2023HU1449543,1,417,2,1
2023HU1449543,2,417,2,1
2023HU1449543,3,417,2,1
2023HU1449543,4,417,2,1
2023HU1449751,1,501,1,1
2023HU1449751,2,501,1,1
2023HU1449751,3,501,1,1
2023HU1450032,1,186,2,1
2023HU1450585,1,501,1,1
2023HU1450585,2,501,1,1
2023HU1450585,3,501,1,1
2023HU1450600,1,470,2,1
2023HU1450723,1,291,3,1
2023HU1450723,2,291,3,1
2023HU1450832,1,482,3,1
2023HU1450832,2,482,3,1
2023HU1451275,1,0,2,1
2023HU1451275,2,0,2,1
2023HU1451459,1,145,3,1
2023HU1451459,2,225,3,1
2023HU1451459,3,145,3,1
2023HU1451583,1,391,1,1
2023HU1451583,2,391,1,1
2023HU1451583,3,391,1,1
2023HU1451583,4,391,1,1
2023HU1451583,5,391,1,1
2023HU1451637,1,501,2,1
2023HU1451637,2,501,2,1
2023HU1451637,3,446,2,1
2023HU1451646,1,272,3,1
2023HU1451646,2,272,3,1
2023HU1451646,3,272,3,1
2023HU1451646,4,272,3,1
2023HU1451767,1,352,3,1
2023HU1451854,1,193,3,1
2023HU1451854,2,501,3,1
2023HU1452294,1,262,2,1
2023HU1452294,2,354,2,1
2023HU1452294,3,308,2,1
2023HU1452871,1,0,2,1
2023HU1452871,2,0,2,1
2023HU1452871,3,0,2,1
2023HU1452981,1,112,1,1
2023HU1452981,2,112,1,1
2023HU1452991,1,156,3,1
2023HU1452991,2,156,3,1
2023HU1452991,3,156,3,1
2023HU1453354,1,140,3,1
2023HU1453354,2,140,3,1
2023HU1453354,3,140,3,1
2023HU1453545,1,501,1,1
2023HU1453552,1,195,1,1
2023HU1453552,2,195,1,1
2023HU1453954,1,331,1,1
2023HU1453954,2,331,1,1
2023HU1454267,1,333,1,1
2023HU1454615,1,180,3,1
2023HU1454615,2,180,3,1
2023HU1454615,3,180,3,1
2023HU1454615,4,180,3,1
2023HU1454615,5,255,3,1
2023HU1454805,1,179,2,1
2023HU1454833,1,303,1,1
2023HU1454833,2,303,1,1
2023HU1455010,1,234,1,1
2023HU1455010,2,225,1,1
2023HU1455010,3,234,1,1
2023HU1455010,4,234,1,1
2023HU1455010,5,234,1,1
2023HU1455216,1,56,3,1
2023HU1455226,1,293,3,1
2023HU1455226,2,293,3,1
2023HU1455226,3,293,3,1
2023HU1455423,1,501,2,1
2023HU1455423,2,501,2,1
2023HU1455423,3,501,2,1
2023HU1455439,1,235,3,1
2023HU1455439,2,235,3,1
2023HU1455439,3,235,3,1
2023HU1455439,4,235,3,1
2023HU1455439,5,235,3,1
2023HU1455621,1,501,2,1
2023HU1455621,2,501,2,1
2023HU1455621,3,501,2,1
2023HU1455794,1,470,1,1
2023HU1455794,2,470,1,1
2023HU1455794,3,470,1,1
2023HU1455864,1,245,2,1
2023HU1456235,1,501,2,1
2023HU1456235,2,501,2,1
2023HU1456408,1,501,1,1
2023HU1456408,2,501,1,1
2023HU1456547,1,351,2,1
2023HU1456547,2,351,2,1
2023HU1456687,1,501,3,1
2023HU1456705,1,226,3,1
2023HU1456705,2,0,3,1
2023HU1456705,3,226,3,1
2023HU1456705,4,226,3,1
2023HU1457154,1,133,2,1
2023HU1457154,2,192,2,1
2023HU1457154,3,133,2,1
2023HU1457154,4,133,2,1
2023HU1457154,5,133,2,1
2023HU1457186,1,93,3,1
2023HU1457186,2,93,3,1
2023HU1457199,1,204,1,1
2023HU1457199,2,204,1,1
2023HU1457199,3,204,1,1
2023HU1457199,4,204,1,1
2023HU1457199,5,204,1,1
2023HU1457199,6,204,1,1
2023HU1457199,7,204,1,1
2023HU1457199,8,204,1,1
2023HU1457199,9,204,1,1
2023HU1457199,10,204,1,1
2023HU1457322,1,163,3,1
2023HU1457482,1,501,2,1
2023HU1457482,2,501,2,1
2023HU1457482,3,501,2,1
2023HU1457504,1,501,1,1
2023HU1457504,2,501,1,1
2023HU1457549,1,17,2,1
2023HU1457549,2,0,2,1
2023HU1457978,1,501,1,1
2023HU1458200,1,501,3,1
2023HU1458302,1,200,1,1
2023HU1458302,2,200,1,1
2023HU1458302,3,200,1,1
2023HU1458302,4,200,1,1
2023HU1458464,1,421,2,1
2023HU1458464,2,421,2,1
2023HU1458464,3,421,2,1
2023HU1458464,4,421,2,1
2023HU1458545,1,390,3,1
2023HU1458545,2,390,3,1
2023HU1458545,3,390,3,1
2023HU1458545,4,390,3,1
2023HU1458545,5,390,3,1
2023HU1458566,1,501,3,1
2023HU1458800,1,501,3,1
2023HU1458800,2,501,3,1
2023HU1458907,1,92,1,1
2023HU1459446,1,182,3,1
2023HU1459446,2,182,3,1
2023HU1459506,1,391,4,1
2023HU1459506,2,391,4,1
2023HU1459506,3,391,4,1
2023HU1459545,1,20,3,1
2023HU1459545,2,20,3,1
2023HU1459545,3,20,3,1
2023HU1459634,1,452,1,1
2023HU1459634,2,452,1,1
2023HU1459634,3,452,1,1
2023HU1459634,4,452,1,1
2023HU1459910,1,197,2,1
2023HU1459910,2,320,2,1
2023HU1459910,3,197,2,1
